MatchId,LeagueId,KickoffUtc,HomeTeamId,AwayTeamId,HomeGoals,AwayGoals,Actual,HomeProbability,DrawProbability,AwayProbability,Argmax,Correct,LogLoss,Brier,ModelVersion,ConfigHash,DataCutUtc,OuterFold
103521,203,2025-02-02T10:30:00.0000000Z,7044,4226,3,5,A,0.367376,0.240324,0.392300,A,1,0.935729,0.562020,formax-outcome-4.0,6d861e191d14ee4741a5969b1d2ffbfc,2025-02-02T10:30:00.0000000Z,1
106285,135,2025-02-02T11:30:00.0000000Z,2013,1849,4,1,H,0.522193,0.260447,0.217359,H,1,0.649717,0.343377,formax-outcome-4.0,6d861e191d14ee4741a5969b1d2ffbfc,2025-02-02T11:30:00.0000000Z,1
103908,140,2025-02-02T13:00:00.0000000Z,4005,759,1,0,H,0.714878,0.174614,0.110508,H,1,0.335644,0.123997,formax-outcome-4.0,6d861e191d14ee4741a5969b1d2ffbfc,2025-02-02T13:00:00.0000000Z,1
104180,203,2025-02-02T13:00:00.0000000Z,2549,6847,0,1,A,0.633481,0.197923,0.168595,H,0,1.780254,1.131706,formax-outcome-4.0,6d861e191d14ee4741a5969b1d2ffbfc,2025-02-02T13:00:00.0000000Z,1
83372,88,2025-02-02T13:30:00.0000000Z,1580,3707,2,2,D,0.478700,0.236825,0.284474,H,0,1.440433,0.892516,formax-outcome-4.0,6d861e191d14ee4741a5969b1d2ffbfc,2025-02-02T13:30:00.0000000Z,1
88215,88,2025-02-02T13:30:00.0000000Z,2530,2516,2,1,H,0.464453,0.234374,0.301172,H,1,0.766894,0.432446,formax-outcome-4.0,6d861e191d14ee4741a5969b1d2ffbfc,2025-02-02T13:30:00.0000000Z,1
102958,39,2025-02-02T14:00:00.0000000Z,5807,2355,0,2,A,0.364978,0.236330,0.398691,A,1,0.919568,0.550633,formax-outcome-4.0,6d861e191d14ee4741a5969b1d2ffbfc,2025-02-02T14:00:00.0000000Z,1
103127,39,2025-02-02T14:00:00.0000000Z,4266,1486,0,2,A,0.386398,0.260500,0.353103,H,0,1.040997,0.635640,formax-outcome-4.0,6d861e191d14ee4741a5969b1d2ffbfc,2025-02-02T14:00:00.0000000Z,1
106771,135,2025-02-02T14:00:00.0000000Z,1503,1649,2,1,H,0.554701,0.238933,0.206366,H,1,0.589325,0.297966,formax-outcome-4.0,6d861e191d14ee4741a5969b1d2ffbfc,2025-02-02T14:00:00.0000000Z,1
106867,61,2025-02-02T14:00:00.0000000Z,1872,3851,1,1,D,0.406041,0.266995,0.326964,H,0,1.320525,0.809071,formax-outcome-4.0,6d861e191d14ee4741a5969b1d2ffbfc,2025-02-02T14:00:00.0000000Z,1
72604,78,2025-02-02T14:30:00.0000000Z,4472,5353,1,1,D,0.511784,0.219746,0.268470,H,0,1.515282,0.942795,formax-outcome-4.0,6d861e191d14ee4741a5969b1d2ffbfc,2025-02-02T14:30:00.0000000Z,1
105595,140,2025-02-02T15:15:00.0000000Z,2030,1904,2,1,H,0.376622,0.282070,0.341308,H,1,0.976513,0.584654,formax-outcome-4.0,6d861e191d14ee4741a5969b1d2ffbfc,2025-02-02T15:15:00.0000000Z,1
97530,88,2025-02-02T15:45:00.0000000Z,1162,1301,1,0,H,0.496512,0.257274,0.246214,H,1,0.700148,0.380312,formax-outcome-4.0,6d861e191d14ee4741a5969b1d2ffbfc,2025-02-02T15:45:00.0000000Z,1
42833,203,2025-02-02T16:00:00.0000000Z,3588,1845,3,2,H,0.805754,0.124011,0.070234,H,1,0.215977,0.058043,formax-outcome-4.0,6d861e191d14ee4741a5969b1d2ffbfc,2025-02-02T16:00:00.0000000Z,1
103295,61,2025-02-02T16:15:00.0000000Z,1257,1823,1,1,D,0.567918,0.239810,0.192271,H,0,1.427907,0.937388,formax-outcome-4.0,6d861e191d14ee4741a5969b1d2ffbfc,2025-02-02T16:15:00.0000000Z,1
104910,61,2025-02-02T16:15:00.0000000Z,1781,1911,1,0,H,0.357705,0.253856,0.388439,A,0,1.028047,0.627871,formax-outcome-4.0,6d861e191d14ee4741a5969b1d2ffbfc,2025-02-02T16:15:00.0000000Z,1
102157,78,2025-02-02T16:30:00.0000000Z,1260,3573,3,1,H,0.672420,0.175992,0.151588,H,1,0.396872,0.161261,formax-outcome-4.0,6d861e191d14ee4741a5969b1d2ffbfc,2025-02-02T16:30:00.0000000Z,1
104771,39,2025-02-02T16:30:00.0000000Z,4559,4166,5,1,H,0.339783,0.250806,0.409411,A,0,1.079449,0.666408,formax-outcome-4.0,6d861e191d14ee4741a5969b1d2ffbfc,2025-02-02T16:30:00.0000000Z,1
103193,135,2025-02-02T17:00:00.0000000Z,1488,2685,1,1,D,0.231659,0.245042,0.523298,A,0,1.406324,0.897468,formax-outcome-4.0,6d861e191d14ee4741a5969b1d2ffbfc,2025-02-02T17:00:00.0000000Z,1
101798,140,2025-02-02T17:30:00.0000000Z,3599,1830,2,1,H,0.367239,0.300936,0.331825,H,1,1.001743,0.601057,formax-outcome-4.0,6d861e191d14ee4741a5969b1d2ffbfc,2025-02-02T17:30:00.0000000Z,1
103059,88,2025-02-02T19:00:00.0000000Z,1088,1271,0,2,A,0.338400,0.257162,0.404438,A,1,0.905257,0.535341,formax-outcome-4.0,6d861e191d14ee4741a5969b1d2ffbfc,2025-02-02T19:00:00.0000000Z,1
53949,61,2025-02-02T19:45:00.0000000Z,5071,3589,3,2,H,0.455397,0.257568,0.287035,H,1,0.786585,0.445322,formax-outcome-4.0,6d861e191d14ee4741a5969b1d2ffbfc,2025-02-02T19:45:00.0000000Z,1
106924,135,2025-02-02T19:45:00.0000000Z,2799,2845,1,1,D,0.323586,0.266884,0.409530,A,0,1.320941,0.809881,formax-outcome-4.0,6d861e191d14ee4741a5969b1d2ffbfc,2025-02-02T19:45:00.0000000Z,1
106140,140,2025-02-02T20:00:00.0000000Z,2033,1906,2,2,D,0.348080,0.295614,0.356306,A,0,1.218702,0.744274,formax-outcome-4.0,6d861e191d14ee4741a5969b1d2ffbfc,2025-02-02T20:00:00.0000000Z,1
98919,203,2025-02-03T17:00:00.0000000Z,4926,3309,0,1,A,0.336249,0.233633,0.430118,A,1,0.843695,0.492413,formax-outcome-4.0,6d861e191d14ee4741a5969b1d2ffbfc,2025-02-03T17:00:00.0000000Z,1
105541,135,2025-02-03T19:45:00.0000000Z,3394,2837,1,2,A,0.242980,0.247559,0.509461,A,1,0.674402,0.360953,formax-outcome-4.0,6d861e191d14ee4741a5969b1d2ffbfc,2025-02-03T19:45:00.0000000Z,1
101868,39,2025-02-03T20:00:00.0000000Z,3373,2751,2,1,H,0.605539,0.208427,0.186034,H,1,0.501636,0.233650,formax-outcome-4.0,6d861e191d14ee4741a5969b1d2ffbfc,2025-02-03T20:00:00.0000000Z,1
102823,40,2025-02-03T20:00:00.0000000Z,4380,2209,2,3,A,0.431179,0.274502,0.294319,H,0,1.223090,0.759252,formax-outcome-4.0,6d861e191d14ee4741a5969b1d2ffbfc,2025-02-03T20:00:00.0000000Z,1
105236,140,2025-02-03T20:00:00.0000000Z,758,1923,2,1,H,0.476310,0.274114,0.249576,H,1,0.741687,0.411678,formax-outcome-4.0,6d861e191d14ee4741a5969b1d2ffbfc,2025-02-03T20:00:00.0000000Z,1
99624,40,2025-02-04T19:45:00.0000000Z,1502,1912,2,1,H,0.430810,0.288989,0.280201,H,1,0.842089,0.486005,formax-outcome-4.0,6d861e191d14ee4741a5969b1d2ffbfc,2025-02-04T19:45:00.0000000Z,1
104968,40,2025-02-04T19:45:00.0000000Z,2531,1476,1,0,H,0.635603,0.237255,0.127143,H,1,0.453182,0.205240,formax-outcome-4.0,6d861e191d14ee4741a5969b1d2ffbfc,2025-02-04T19:45:00.0000000Z,1
98308,40,2025-02-05T19:45:00.0000000Z,5841,2269,0,2,A,0.253259,0.261794,0.484947,A,1,0.723716,0.397956,formax-outcome-4.0,6d861e191d14ee4741a5969b1d2ffbfc,2025-02-05T19:45:00.0000000Z,1
106636,135,2025-02-06T19:45:00.0000000Z,1503,2685,3,0,H,0.298638,0.257428,0.443934,A,0,1.208524,0.755256,formax-outcome-4.0,6d861e191d14ee4741a5969b1d2ffbfc,2025-02-06T19:45:00.0000000Z,1
105684,203,2025-02-07T17:00:00.0000000Z,1176,7043,2,0,H,0.685003,0.183932,0.131065,H,1,0.378332,0.150232,formax-outcome-4.0,6d861e191d14ee4741a5969b1d2ffbfc,2025-02-07T17:00:00.0000000Z,1
107096,61,2025-02-07T18:00:00.0000000Z,1668,4558,0,2,A,0.370836,0.264231,0.364933,H,0,1.008042,0.610648,formax-outcome-4.0,6d861e191d14ee4741a5969b1d2ffbfc,2025-02-07T18:00:00.0000000Z,1
101598,78,2025-02-07T19:30:00.0000000Z,1328,966,3,0,H,0.641434,0.186071,0.172495,H,1,0.444048,0.192946,formax-outcome-4.0,6d861e191d14ee4741a5969b1d2ffbfc,2025-02-07T19:30:00.0000000Z,1
106576,135,2025-02-07T19:45:00.0000000Z,5356,2013,1,2,A,0.279368,0.264584,0.456048,A,1,0.785157,0.443935,formax-outcome-4.0,6d861e191d14ee4741a5969b1d2ffbfc,2025-02-07T19:45:00.0000000Z,1
104364,140,2025-02-07T20:00:00.0000000Z,2517,1913,1,0,H,0.594037,0.239556,0.166407,H,1,0.520814,0.249884,formax-outcome-4.0,6d861e191d14ee4741a5969b1d2ffbfc,2025-02-07T20:00:00.0000000Z,1
98390,61,2025-02-07T20:05:00.0000000Z,5284,2085,4,1,H,0.628274,0.201162,0.170564,H,1,0.464779,0.207738,formax-outcome-4.0,6d861e191d14ee4741a5969b1d2ffbfc,2025-02-07T20:05:00.0000000Z,1
102442,40,2025-02-08T12:30:00.0000000Z,1531,4169,2,1,H,0.474317,0.263193,0.262490,H,1,0.745880,0.414515,formax-outcome-4.0,6d861e191d14ee4741a5969b1d2ffbfc,2025-02-08T12:30:00.0000000Z,1
104546,40,2025-02-08T12:30:00.0000000Z,2209,1253,2,2,D,0.559877,0.246630,0.193493,H,0,1.399866,0.918468,formax-outcome-4.0,6d861e191d14ee4741a5969b1d2ffbfc,2025-02-08T12:30:00.0000000Z,1
103379,203,2025-02-08T13:00:00.0000000Z,6025,1717,3,2,H,0.348039,0.254593,0.397367,A,0,1.055440,0.647771,formax-outcome-4.0,6d861e191d14ee4741a5969b1d2ffbfc,2025-02-08T13:00:00.0000000Z,1
105594,140,2025-02-08T13:00:00.0000000Z,1904,2033,3,2,H,0.478952,0.272732,0.248316,H,1,0.736155,0.407535,formax-outcome-4.0,6d861e191d14ee4741a5969b1d2ffbfc,2025-02-08T13:00:00.0000000Z,1
105469,135,2025-02-08T14:00:00.0000000Z,1719,4702,0,5,A,0.132204,0.182601,0.685195,A,1,0.378052,0.149923,formax-outcome-4.0,6d861e191d14ee4741a5969b1d2ffbfc,2025-02-08T14:00:00.0000000Z,1
102156,78,2025-02-08T14:30:00.0000000Z,5353,1260,0,0,D,0.414242,0.231237,0.354521,H,0,1.464312,0.888278,formax-outcome-4.0,6d861e191d14ee4741a5969b1d2ffbfc,2025-02-08T14:30:00.0000000Z,1
106087,78,2025-02-08T14:30:00.0000000Z,5685,4330,1,0,H,0.556221,0.220710,0.223070,H,1,0.586590,0.295413,formax-outcome-4.0,6d861e191d14ee4741a5969b1d2ffbfc,2025-02-08T14:30:00.0000000Z,1
106699,78,2025-02-08T14:30:00.0000000Z,989,1278,1,2,A,0.491407,0.228006,0.280586,H,0,1.270873,0.811024,formax-outcome-4.0,6d861e191d14ee4741a5969b1d2ffbfc,2025-02-08T14:30:00.0000000Z,1
102516,40,2025-02-08T15:00:00.0000000Z,1460,1654,2,1,H,0.558769,0.242038,0.199193,H,1,0.582019,0.292945,formax-outcome-4.0,6d861e191d14ee4741a5969b1d2ffbfc,2025-02-08T15:00:00.0000000Z,1
102582,40,2025-02-08T15:00:00.0000000Z,4379,3380,1,1,D,0.553503,0.243069,0.203427,H,0,1.414409,0.920693,formax-outcome-4.0,6d861e191d14ee4741a5969b1d2ffbfc,2025-02-08T15:00:00.0000000Z,1
105235,140,2025-02-08T15:15:00.0000000Z,1906,758,3,0,H,0.574574,0.246711,0.178715,H,1,0.554127,0.273793,formax-outcome-4.0,6d861e191d14ee4741a5969b1d2ffbfc,2025-02-08T15:15:00.0000000Z,1
104584,88,2025-02-08T15:30:00.0000000Z,4157,1580,4,2,H,0.270915,0.244386,0.484699,A,0,1.305952,0.826224,formax-outcome-4.0,6d861e191d14ee4741a5969b1d2ffbfc,2025-02-08T15:30:00.0000000Z,1
82527,203,2025-02-08T16:00:00.0000000Z,5813,3673,0,2,A,0.377742,0.264872,0.357386,H,0,1.028939,0.625799,formax-outcome-4.0,6d861e191d14ee4741a5969b1d2ffbfc,2025-02-08T16:00:00.0000000Z,1
107059,61,2025-02-08T16:00:00.0000000Z,3851,886,2,0,H,0.376388,0.270555,0.353057,H,1,0.977135,0.586741,formax-outcome-4.0,6d861e191d14ee4741a5969b1d2ffbfc,2025-02-08T16:00:00.0000000Z,1
103192,135,2025-02-08T17:00:00.0000000Z,1849,1488,0,2,A,0.253675,0.253849,0.492476,A,1,0.708309,0.386371,formax-outcome-4.0,6d861e191d14ee4741a5969b1d2ffbfc,2025-02-08T17:00:00.0000000Z,1
72603,78,2025-02-08T17:30:00.0000000Z,1051,4472,1,1,D,0.403176,0.252445,0.344378,H,0,1.376560,0.839985,formax-outcome-4.0,6d861e191d14ee4741a5969b1d2ffbfc,2025-02-08T17:30:00.0000000Z,1
104843,140,2025-02-08T17:30:00.0000000Z,1923,1776,1,2,A,0.372746,0.268012,0.359242,H,0,1.023759,0.621341,formax-outcome-4.0,6d861e191d14ee4741a5969b1d2ffbfc,2025-02-08T17:30:00.0000000Z,1
103058,88,2025-02-08T17:45:00.0000000Z,1775,1088,1,1,D,0.768736,0.140564,0.090700,H,0,1.962092,1.337812,formax-outcome-4.0,6d861e191d14ee4741a5969b1d2ffbfc,2025-02-08T17:45:00.0000000Z,1
102887,61,2025-02-08T18:00:00.0000000Z,4470,1823,1,2,A,0.754415,0.158911,0.086674,H,0,2.445599,1.428558,formax-outcome-4.0,6d861e191d14ee4741a5969b1d2ffbfc,2025-02-08T18:00:00.0000000Z,1
38733,88,2025-02-08T19:00:00.0000000Z,1301,1080,2,1,H,0.352955,0.262567,0.384478,A,0,1.041416,0.635433,formax-outcome-4.0,6d861e191d14ee4741a5969b1d2ffbfc,2025-02-08T19:00:00.0000000Z,1
106770,135,2025-02-08T19:45:00.0000000Z,1652,1649,1,1,D,0.389931,0.283184,0.326885,H,0,1.261660,0.772726,formax-outcome-4.0,6d861e191d14ee4741a5969b1d2ffbfc,2025-02-08T19:45:00.0000000Z,1
97529,88,2025-02-08T20:00:00.0000000Z,2516,1162,3,0,H,0.621707,0.204304,0.173989,H,1,0.475286,0.215118,formax-outcome-4.0,6d861e191d14ee4741a5969b1d2ffbfc,2025-02-08T20:00:00.0000000Z,1
105902,140,2025-02-08T20:00:00.0000000Z,4521,4267,1,1,D,0.594120,0.226515,0.179365,H,0,1.484945,0.983430,formax-outcome-4.0,6d861e191d14ee4741a5969b1d2ffbfc,2025-02-08T20:00:00.0000000Z,1
107391,61,2025-02-08T20:05:00.0000000Z,3538,1781,0,2,A,0.322911,0.258131,0.418958,A,1,0.869985,0.508513,formax-outcome-4.0,6d861e191d14ee4741a5969b1d2ffbfc,2025-02-08T20:05:00.0000000Z,1
103448,203,2025-02-09T10:30:00.0000000Z,4226,1845,3,2,H,0.540767,0.219981,0.239253,H,1,0.614767,0.316529,formax-outcome-4.0,6d861e191d14ee4741a5969b1d2ffbfc,2025-02-09T10:30:00.0000000Z,1
103819,88,2025-02-09T11:15:00.0000000Z,4678,958,0,1,A,0.659736,0.190749,0.149515,H,0,1.900358,1.194961,formax-outcome-4.0,6d861e191d14ee4741a5969b1d2ffbfc,2025-02-09T11:15:00.0000000Z,1
107300,135,2025-02-09T11:30:00.0000000Z,3310,2799,0,1,A,0.224822,0.241447,0.533731,A,1,0.627863,0.326248,formax-outcome-4.0,6d861e191d14ee4741a5969b1d2ffbfc,2025-02-09T11:30:00.0000000Z,1
102660,40,2025-02-09T12:00:00.0000000Z,1053,3467,0,1,A,0.587223,0.233615,0.179162,H,0,1.719466,1.073182,formax-outcome-4.0,6d861e191d14ee4741a5969b1d2ffbfc,2025-02-09T12:00:00.0000000Z,1
42831,203,2025-02-09T13:00:00.0000000Z,6847,3588,0,2,A,0.274674,0.232344,0.492982,A,1,0.707282,0.386496,formax-outcome-4.0,6d861e191d14ee4741a5969b1d2ffbfc,2025-02-09T13:00:00.0000000Z,1
103907,140,2025-02-09T13:00:00.0000000Z,759,1914,0,1,A,0.415931,0.298609,0.285460,H,0,1.253654,0.772734,formax-outcome-4.0,6d861e191d14ee4741a5969b1d2ffbfc,2025-02-09T13:00:00.0000000Z,1
88214,88,2025-02-09T13:30:00.0000000Z,1079,2530,0,2,A,0.249799,0.242703,0.507498,A,1,0.678263,0.363863,formax-outcome-4.0,6d861e191d14ee4741a5969b1d2ffbfc,2025-02-09T13:30:00.0000000Z,1
53948,61,2025-02-09T14:00:00.0000000Z,3589,1068,4,0,H,0.464589,0.264282,0.271129,H,1,0.766602,0.430021,formax-outcome-4.0,6d861e191d14ee4741a5969b1d2ffbfc,2025-02-09T14:00:00.0000000Z,1
105540,135,2025-02-09T14:00:00.0000000Z,2837,3659,5,1,H,0.565156,0.239683,0.195161,H,1,0.570653,0.284625,formax-outcome-4.0,6d861e191d14ee4741a5969b1d2ffbfc,2025-02-09T14:00:00.0000000Z,1
106972,135,2025-02-09T14:00:00.0000000Z,3394,3648,2,1,H,0.397882,0.257573,0.344544,H,1,0.921599,0.547601,formax-outcome-4.0,6d861e191d14ee4741a5969b1d2ffbfc,2025-02-09T14:00:00.0000000Z,1
105352,140,2025-02-09T15:15:00.0000000Z,2030,4408,2,0,H,0.440573,0.279279,0.280147,H,1,0.819679,0.469438,formax-outcome-4.0,6d861e191d14ee4741a5969b1d2ffbfc,2025-02-09T15:15:00.0000000Z,1
83371,88,2025-02-09T15:45:00.0000000Z,990,3707,3,3,D,0.294031,0.248825,0.457145,A,0,1.391007,0.859700,formax-outcome-4.0,6d861e191d14ee4741a5969b1d2ffbfc,2025-02-09T15:45:00.0000000Z,1
103766,88,2025-02-09T15:45:00.0000000Z,1271,2612,2,0,H,0.610141,0.213893,0.175966,H,1,0.494066,0.228705,formax-outcome-4.0,6d861e191d14ee4741a5969b1d2ffbfc,2025-02-09T15:45:00.0000000Z,1
98917,203,2025-02-09T16:00:00.0000000Z,3309,7044,1,0,H,0.898372,0.068871,0.032758,H,1,0.107171,0.016145,formax-outcome-4.0,6d861e191d14ee4741a5969b1d2ffbfc,2025-02-09T16:00:00.0000000Z,1
105073,203,2025-02-09T16:00:00.0000000Z,5867,3661,0,0,D,0.250152,0.223261,0.526588,A,0,1.499416,0.943195,formax-outcome-4.0,6d861e191d14ee4741a5969b1d2ffbfc,2025-02-09T16:00:00.0000000Z,1
60479,61,2025-02-09T16:15:00.0000000Z,1815,1872,2,2,D,0.428379,0.270431,0.301190,H,0,1.307737,0.806494,formax-outcome-4.0,6d861e191d14ee4741a5969b1d2ffbfc,2025-02-09T16:15:00.0000000Z,1
104909,61,2025-02-09T16:15:00.0000000Z,1911,1835,2,0,H,0.538190,0.236109,0.225701,H,1,0.619544,0.319957,formax-outcome-4.0,6d861e191d14ee4741a5969b1d2ffbfc,2025-02-09T16:15:00.0000000Z,1
101913,78,2025-02-09T16:30:00.0000000Z,821,4528,2,0,H,0.534274,0.237472,0.228254,H,1,0.626846,0.325393,formax-outcome-4.0,6d861e191d14ee4741a5969b1d2ffbfc,2025-02-09T16:30:00.0000000Z,1
105812,135,2025-02-09T17:00:00.0000000Z,1584,1520,0,0,D,0.213322,0.242231,0.544447,A,0,1.417863,0.916142,formax-outcome-4.0,6d861e191d14ee4741a5969b1d2ffbfc,2025-02-09T17:00:00.0000000Z,1
101797,140,2025-02-09T17:30:00.0000000Z,1830,762,2,1,H,0.576837,0.255628,0.167535,H,1,0.550196,0.272481,formax-outcome-4.0,6d861e191d14ee4741a5969b1d2ffbfc,2025-02-09T17:30:00.0000000Z,1
103294,61,2025-02-09T19:45:00.0000000Z,1257,5071,0,2,A,0.300998,0.259583,0.439420,A,1,0.822301,0.472233,formax-outcome-4.0,6d861e191d14ee4741a5969b1d2ffbfc,2025-02-09T19:45:00.0000000Z,1
106923,135,2025-02-09T19:45:00.0000000Z,2845,3405,1,1,D,0.566028,0.241259,0.192713,H,0,1.421885,0.933214,formax-outcome-4.0,6d861e191d14ee4741a5969b1d2ffbfc,2025-02-09T19:45:00.0000000Z,1
104434,140,2025-02-09T20:00:00.0000000Z,3049,4005,1,4,A,0.293151,0.264805,0.442044,A,1,0.816346,0.467375,formax-outcome-4.0,6d861e191d14ee4741a5969b1d2ffbfc,2025-02-09T20:00:00.0000000Z,1
103594,203,2025-02-10T17:00:00.0000000Z,5068,6991,1,0,H,0.472857,0.252444,0.274699,H,1,0.748963,0.417068,formax-outcome-4.0,6d861e191d14ee4741a5969b1d2ffbfc,2025-02-10T17:00:00.0000000Z,1
103642,203,2025-02-10T17:00:00.0000000Z,6023,2549,0,0,D,0.313413,0.264673,0.421914,A,0,1.329261,0.816945,formax-outcome-4.0,6d861e191d14ee4741a5969b1d2ffbfc,2025-02-10T17:00:00.0000000Z,1
106635,135,2025-02-10T19:45:00.0000000Z,2685,1503,2,1,H,0.436698,0.259088,0.304214,H,1,0.828513,0.476982,formax-outcome-4.0,6d861e191d14ee4741a5969b1d2ffbfc,2025-02-10T19:45:00.0000000Z,1
105635,140,2025-02-10T20:00:00.0000000Z,1925,3599,1,1,D,0.405916,0.286333,0.307751,H,0,1.250601,0.768800,formax-outcome-4.0,6d861e191d14ee4741a5969b1d2ffbfc,2025-02-10T20:00:00.0000000Z,1
107095,2,2025-02-11T17:45:00.0000000Z,4558,5284,0,3,A,0.203723,0.200764,0.595513,A,1,0.518333,0.245419,formax-outcome-4.0,6d861e191d14ee4741a5969b1d2ffbfc,2025-02-11T17:45:00.0000000Z,1
98306,40,2025-02-11T19:45:00.0000000Z,5841,1502,1,0,H,0.445476,0.271885,0.282638,H,1,0.808611,0.461303,formax-outcome-4.0,6d861e191d14ee4741a5969b1d2ffbfc,2025-02-11T19:45:00.0000000Z,1
102515,40,2025-02-11T19:45:00.0000000Z,1654,1386,2,1,H,0.484408,0.253996,0.261596,H,1,0.724829,0.398782,formax-outcome-4.0,6d861e191d14ee4741a5969b1d2ffbfc,2025-02-11T19:45:00.0000000Z,1
102581,40,2025-02-11T19:45:00.0000000Z,3380,1476,0,0,D,0.458064,0.278985,0.262952,H,0,1.276599,0.798829,formax-outcome-4.0,6d861e191d14ee4741a5969b1d2ffbfc,2025-02-11T19:45:00.0000000Z,1
104545,40,2025-02-11T19:45:00.0000000Z,1253,2269,0,4,A,0.177534,0.230565,0.591901,A,1,0.524415,0.251223,formax-outcome-4.0,6d861e191d14ee4741a5969b1d2ffbfc,2025-02-11T19:45:00.0000000Z,1
99898,2,2025-02-11T20:00:00.0000000Z,2084,989,0,3,A,0.537787,0.228039,0.234175,H,0,1.451689,0.927705,formax-outcome-4.0,6d861e191d14ee4741a5969b1d2ffbfc,2025-02-11T20:00:00.0000000Z,1
101710,40,2025-02-11T20:00:00.0000000Z,4379,1499,0,1,A,0.428211,0.276815,0.294974,H,0,1.220867,0.757052,formax-outcome-4.0,6d861e191d14ee4741a5969b1d2ffbfc,2025-02-11T20:00:00.0000000Z,1
104034,2,2025-02-11T20:00:00.0000000Z,2013,1775,2,1,H,0.542911,0.221276,0.235813,H,1,0.610811,0.313502,formax-outcome-4.0,6d861e191d14ee4741a5969b1d2ffbfc,2025-02-11T20:00:00.0000000Z,1
104770,2,2025-02-11T20:00:00.0000000Z,4166,4521,2,3,A,0.477147,0.221257,0.301596,H,0,1.198667,0.764392,formax-outcome-4.0,6d861e191d14ee4741a5969b1d2ffbfc,2025-02-11T20:00:00.0000000Z,1
71238,39,2025-02-12T19:30:00.0000000Z,1482,2208,2,2,D,0.220984,0.237831,0.541185,A,0,1.436196,0.922618,formax-outcome-4.0,6d861e191d14ee4741a5969b1d2ffbfc,2025-02-12T19:30:00.0000000Z,1
102371,40,2025-02-12T19:45:00.0000000Z,1380,1511,5,1,H,0.259348,0.282627,0.458025,A,0,1.349584,0.838230,formax-outcome-4.0,6d861e191d14ee4741a5969b1d2ffbfc,2025-02-12T19:45:00.0000000Z,1
102659,40,2025-02-12T19:45:00.0000000Z,3467,4169,0,1,A,0.330753,0.266931,0.402316,A,1,0.910518,0.537876,formax-outcome-4.0,6d861e191d14ee4741a5969b1d2ffbfc,2025-02-12T19:45:00.0000000Z,1
102718,40,2025-02-12T19:45:00.0000000Z,1053,3483,2,0,H,0.471947,0.286551,0.241502,H,1,0.750889,0.419275,formax-outcome-4.0,6d861e191d14ee4741a5969b1d2ffbfc,2025-02-12T19:45:00.0000000Z,1
104967,40,2025-02-12T19:45:00.0000000Z,2531,1718,2,0,H,0.566491,0.270415,0.163095,H,1,0.568295,0.287655,formax-outcome-4.0,6d861e191d14ee4741a5969b1d2ffbfc,2025-02-12T19:45:00.0000000Z,1
106370,40,2025-02-12T19:45:00.0000000Z,2209,774,2,0,H,0.551194,0.254434,0.194372,H,1,0.595669,0.303944,formax-outcome-4.0,6d861e191d14ee4741a5969b1d2ffbfc,2025-02-12T19:45:00.0000000Z,1
88406,2,2025-02-12T20:00:00.0000000Z,2085,3711,0,1,A,0.426083,0.231465,0.342451,H,0,1.071625,0.667493,formax-outcome-4.0,6d861e191d14ee4741a5969b1d2ffbfc,2025-02-12T20:00:00.0000000Z,1
99623,40,2025-02-12T20:00:00.0000000Z,1531,1912,0,2,A,0.506708,0.276821,0.216470,H,0,1.530302,0.947302,formax-outcome-4.0,6d861e191d14ee4741a5969b1d2ffbfc,2025-02-12T20:00:00.0000000Z,1
102060,2,2025-02-12T20:00:00.0000000Z,1487,1328,1,2,A,0.473737,0.228264,0.297998,H,0,1.210667,0.769338,formax-outcome-4.0,6d861e191d14ee4741a5969b1d2ffbfc,2025-02-12T20:00:00.0000000Z,1
102822,40,2025-02-12T20:00:00.0000000Z,1460,4380,3,1,H,0.512525,0.255667,0.231807,H,1,0.668405,0.356732,formax-outcome-4.0,6d861e191d14ee4741a5969b1d2ffbfc,2025-02-12T20:00:00.0000000Z,1
103191,2,2025-02-12T20:00:00.0000000Z,2516,1488,1,0,H,0.349246,0.234229,0.416525,A,0,1.051979,0.651837,formax-outcome-4.0,6d861e191d14ee4741a5969b1d2ffbfc,2025-02-12T20:00:00.0000000Z,1
82424,848,2025-02-13T20:00:00.0000000Z,3559,3680,1,1,D,0.613063,0.220458,0.166478,H,0,1.512046,1.011247,formax-outcome-4.0,6d861e191d14ee4741a5969b1d2ffbfc,2025-02-13T20:00:00.0000000Z,1
87651,848,2025-02-13T20:00:00.0000000Z,3700,2033,0,3,A,0.533145,0.241278,0.225577,H,0,1.489096,0.942191,formax-outcome-4.0,6d861e191d14ee4741a5969b1d2ffbfc,2025-02-13T20:00:00.0000000Z,1
98916,3,2025-02-13T20:00:00.0000000Z,1271,3309,4,1,H,0.478763,0.261971,0.259266,H,1,0.736550,0.407536,formax-outcome-4.0,6d861e191d14ee4741a5969b1d2ffbfc,2025-02-13T20:00:00.0000000Z,1
104310,3,2025-02-13T20:00:00.0000000Z,2108,2799,1,1,D,0.380047,0.279780,0.340173,H,0,1.273752,0.778871,formax-outcome-4.0,6d861e191d14ee4741a5969b1d2ffbfc,2025-02-13T20:00:00.0000000Z,1
106718,203,2025-02-14T17:00:00.0000000Z,7044,5867,1,1,D,0.406510,0.256420,0.337070,H,0,1.360940,0.831779,formax-outcome-4.0,6d861e191d14ee4741a5969b1d2ffbfc,2025-02-14T17:00:00.0000000Z,1
97528,88,2025-02-14T19:00:00.0000000Z,1580,1162,1,0,H,0.556248,0.232018,0.211735,H,1,0.586542,0.295580,formax-outcome-4.0,6d861e191d14ee4741a5969b1d2ffbfc,2025-02-14T19:00:00.0000000Z,1
101912,78,2025-02-14T19:30:00.0000000Z,1109,821,0,0,D,0.368866,0.252062,0.379072,A,0,1.378081,0.839170,formax-outcome-4.0,6d861e191d14ee4741a5969b1d2ffbfc,2025-02-14T19:30:00.0000000Z,1
60478,61,2025-02-14T19:45:00.0000000Z,4558,1815,2,2,D,0.415232,0.258914,0.325853,H,0,1.351258,0.827806,formax-outcome-4.0,6d861e191d14ee4741a5969b1d2ffbfc,2025-02-14T19:45:00.0000000Z,1
107359,135,2025-02-14T19:45:00.0000000Z,1520,1652,3,2,H,0.435581,0.280086,0.284332,H,1,0.831074,0.477862,formax-outcome-4.0,6d861e191d14ee4741a5969b1d2ffbfc,2025-02-14T19:45:00.0000000Z,1
101867,39,2025-02-14T20:00:00.0000000Z,873,3373,3,0,H,0.238177,0.228655,0.533167,A,0,1.434739,0.916924,formax-outcome-4.0,6d861e191d14ee4741a5969b1d2ffbfc,2025-02-14T20:00:00.0000000Z,1
102283,40,2025-02-14T20:00:00.0000000Z,1502,3380,4,0,H,0.482170,0.278577,0.239254,H,1,0.729459,0.402996,formax-outcome-4.0,6d861e191d14ee4741a5969b1d2ffbfc,2025-02-14T20:00:00.0000000Z,1
103978,140,2025-02-14T20:00:00.0000000Z,758,1914,1,2,A,0.393440,0.305285,0.301275,H,0,1.199731,0.736210,formax-outcome-4.0,6d861e191d14ee4741a5969b1d2ffbfc,2025-02-14T20:00:00.0000000Z,1
104121,203,2025-02-15T10:30:00.0000000Z,4926,5813,2,1,H,0.554544,0.239855,0.205601,H,1,0.589610,0.298234,formax-outcome-4.0,6d861e191d14ee4741a5969b1d2ffbfc,2025-02-15T10:30:00.0000000Z,1
101709,40,2025-02-15T12:30:00.0000000Z,1499,2531,0,0,D,0.326514,0.322196,0.351290,A,0,1.132596,0.689435,formax-outcome-4.0,6d861e191d14ee4741a5969b1d2ffbfc,2025-02-15T12:30:00.0000000Z,1
102514,40,2025-02-15T12:30:00.0000000Z,1476,1654,0,2,A,0.426257,0.276930,0.296812,H,0,1.214655,0.752858,formax-outcome-4.0,6d861e191d14ee4741a5969b1d2ffbfc,2025-02-15T12:30:00.0000000Z,1
103016,40,2025-02-15T12:30:00.0000000Z,1386,1053,1,1,D,0.364831,0.283189,0.351980,H,0,1.261640,0.770809,formax-outcome-4.0,6d861e191d14ee4741a5969b1d2ffbfc,2025-02-15T12:30:00.0000000Z,1
106491,39,2025-02-15T12:30:00.0000000Z,1910,4559,0,2,A,0.132007,0.186445,0.681548,A,1,0.383389,0.153599,formax-outcome-4.0,6d861e191d14ee4741a5969b1d2ffbfc,2025-02-15T12:30:00.0000000Z,1
103641,203,2025-02-15T13:00:00.0000000Z,3661,6023,0,1,A,0.691455,0.192307,0.116238,H,0,2.152114,1.296127,formax-outcome-4.0,6d861e191d14ee4741a5969b1d2ffbfc,2025-02-15T13:00:00.0000000Z,1
103906,140,2025-02-15T13:00:00.0000000Z,4408,759,3,3,D,0.421194,0.282432,0.296374,H,0,1.264317,0.780145,formax-outcome-4.0,6d861e191d14ee4741a5969b1d2ffbfc,2025-02-15T13:00:00.0000000Z,1
106026,135,2025-02-15T14:00:00.0000000Z,4702,3394,0,0,D,0.703719,0.176559,0.119722,H,0,1.734102,1.187610,formax-outcome-4.0,6d861e191d14ee4741a5969b1d2ffbfc,2025-02-15T14:00:00.0000000Z,1
101990,78,2025-02-15T14:30:00.0000000Z,4180,1051,1,2,A,0.423840,0.264262,0.311898,H,0,1.165081,0.722960,formax-outcome-4.0,6d861e191d14ee4741a5969b1d2ffbfc,2025-02-15T14:30:00.0000000Z,1
106086,78,2025-02-15T14:30:00.0000000Z,4528,5685,0,1,A,0.502914,0.251077,0.246008,H,0,1.402389,0.884466,formax-outcome-4.0,6d861e191d14ee4741a5969b1d2ffbfc,2025-02-15T14:30:00.0000000Z,1
106698,78,2025-02-15T14:30:00.0000000Z,967,989,2,0,H,0.301730,0.250098,0.448172,A,0,1.198223,0.750988,formax-outcome-4.0,6d861e191d14ee4741a5969b1d2ffbfc,2025-02-15T14:30:00.0000000Z,1
71147,39,2025-02-15T15:00:00.0000000Z,4166,1013,4,0,H,0.299477,0.230510,0.470013,A,0,1.205719,0.764780,formax-outcome-4.0,6d861e191d14ee4741a5969b1d2ffbfc,2025-02-15T15:00:00.0000000Z,1
98305,40,2025-02-15T15:00:00.0000000Z,4169,5841,1,2,A,0.473515,0.265864,0.260620,H,0,1.344690,0.841583,formax-outcome-4.0,6d861e191d14ee4741a5969b1d2ffbfc,2025-02-15T15:00:00.0000000Z,1
99622,40,2025-02-15T15:00:00.0000000Z,1912,1380,2,0,H,0.574918,0.245552,0.179530,H,1,0.553528,0.273222,formax-outcome-4.0,6d861e191d14ee4741a5969b1d2ffbfc,2025-02-15T15:00:00.0000000Z,1
102110,39,2025-02-15T15:00:00.0000000Z,2109,3598,1,1,D,0.511887,0.238245,0.249869,H,0,1.434458,0.904734,formax-outcome-4.0,6d861e191d14ee4741a5969b1d2ffbfc,2025-02-15T15:00:00.0000000Z,1
102370,40,2025-02-15T15:00:00.0000000Z,1511,1531,1,1,D,0.383312,0.299602,0.317086,H,0,1.205301,0.738029,formax-outcome-4.0,6d861e191d14ee4741a5969b1d2ffbfc,2025-02-15T15:00:00.0000000Z,1
102658,40,2025-02-15T15:00:00.0000000Z,3483,3467,3,1,H,0.464185,0.278154,0.257661,H,1,0.767473,0.430857,formax-outcome-4.0,6d861e191d14ee4741a5969b1d2ffbfc,2025-02-15T15:00:00.0000000Z,1
102772,40,2025-02-15T15:00:00.0000000Z,1718,4379,1,1,D,0.380630,0.282247,0.337123,H,0,1.264974,0.773701,formax-outcome-4.0,6d861e191d14ee4741a5969b1d2ffbfc,2025-02-15T15:00:00.0000000Z,1
102821,40,2025-02-15T15:00:00.0000000Z,4380,1253,0,1,A,0.546530,0.238999,0.214471,H,0,1.539583,0.972872,formax-outcome-4.0,6d861e191d14ee4741a5969b1d2ffbfc,2025-02-15T15:00:00.0000000Z,1
102957,39,2025-02-15T15:00:00.0000000Z,2751,5807,0,1,A,0.264353,0.235775,0.499872,A,1,0.693403,0.375600,formax-outcome-4.0,6d861e191d14ee4741a5969b1d2ffbfc,2025-02-15T15:00:00.0000000Z,1
103688,40,2025-02-15T15:00:00.0000000Z,774,1460,0,1,A,0.287883,0.284349,0.427768,A,1,0.849174,0.491180,formax-outcome-4.0,6d861e191d14ee4741a5969b1d2ffbfc,2025-02-15T15:00:00.0000000Z,1
104703,39,2025-02-15T15:00:00.0000000Z,4290,3646,1,3,A,0.127713,0.182966,0.689321,A,1,0.372048,0.146309,formax-outcome-4.0,6d861e191d14ee4741a5969b1d2ffbfc,2025-02-15T15:00:00.0000000Z,1
106430,39,2025-02-15T15:00:00.0000000Z,4928,2480,2,1,H,0.307267,0.255059,0.437674,A,0,1.180039,0.736493,formax-outcome-4.0,6d861e191d14ee4741a5969b1d2ffbfc,2025-02-15T15:00:00.0000000Z,1
105634,140,2025-02-15T15:15:00.0000000Z,3599,4521,1,1,D,0.234028,0.247165,0.518807,A,0,1.397701,0.890692,formax-outcome-4.0,6d861e191d14ee4741a5969b1d2ffbfc,2025-02-15T15:15:00.0000000Z,1
103818,88,2025-02-15T15:30:00.0000000Z,1775,4678,2,2,D,0.654000,0.186999,0.159001,H,0,1.676652,1.113968,formax-outcome-4.0,6d861e191d14ee4741a5969b1d2ffbfc,2025-02-15T15:30:00.0000000Z,1
82526,203,2025-02-15T16:00:00.0000000Z,3673,5068,2,1,H,0.460779,0.268722,0.270500,H,1,0.774837,0.436141,formax-outcome-4.0,6d861e191d14ee4741a5969b1d2ffbfc,2025-02-15T16:00:00.0000000Z,1
106187,61,2025-02-15T16:00:00.0000000Z,5071,3538,5,1,H,0.714091,0.173177,0.112733,H,1,0.336745,0.124443,formax-outcome-4.0,6d861e191d14ee4741a5969b1d2ffbfc,2025-02-15T16:00:00.0000000Z,1
105539,135,2025-02-15T17:00:00.0000000Z,2837,2845,2,2,D,0.378472,0.269917,0.351611,H,0,1.309639,0.799892,formax-outcome-4.0,6d861e191d14ee4741a5969b1d2ffbfc,2025-02-15T17:00:00.0000000Z,1
71237,39,2025-02-15T17:30:00.0000000Z,1486,1482,1,2,A,0.358826,0.276981,0.364193,A,1,1.010071,0.609725,formax-outcome-4.0,6d861e191d14ee4741a5969b1d2ffbfc,2025-02-15T17:30:00.0000000Z,1
102059,78,2025-02-15T17:30:00.0000000Z,1260,1328,0,0,D,0.475377,0.243039,0.281584,H,0,1.414533,0.878262,formax-outcome-4.0,6d861e191d14ee4741a5969b1d2ffbfc,2025-02-15T17:30:00.0000000Z,1
105593,140,2025-02-15T17:30:00.0000000Z,4267,1904,1,1,D,0.601546,0.225451,0.173003,H,0,1.489650,0.991712,formax-outcome-4.0,6d861e191d14ee4741a5969b1d2ffbfc,2025-02-15T17:30:00.0000000Z,1
104621,88,2025-02-15T17:45:00.0000000Z,1378,2516,0,0,D,0.281156,0.228379,0.490465,A,0,1.476749,0.915004,formax-outcome-4.0,6d861e191d14ee4741a5969b1d2ffbfc,2025-02-15T17:45:00.0000000Z,1
98389,61,2025-02-15T18:00:00.0000000Z,2085,1668,7,1,H,0.584833,0.225083,0.190085,H,1,0.536429,0.259158,formax-outcome-4.0,6d861e191d14ee4741a5969b1d2ffbfc,2025-02-15T18:00:00.0000000Z,1
103190,135,2025-02-15T19:45:00.0000000Z,1488,1719,1,0,H,0.628397,0.211966,0.159637,H,1,0.464583,0.208503,formax-outcome-4.0,6d861e191d14ee4741a5969b1d2ffbfc,2025-02-15T19:45:00.0000000Z,1
103057,88,2025-02-15T20:00:00.0000000Z,1088,1301,1,3,A,0.481088,0.266586,0.252326,H,0,1.377033,0.861530,formax-outcome-4.0,6d861e191d14ee4741a5969b1d2ffbfc,2025-02-15T20:00:00.0000000Z,1
104842,140,2025-02-15T20:00:00.0000000Z,1776,2030,1,1,D,0.644997,0.205192,0.149811,H,0,1.583808,1.070184,formax-outcome-4.0,6d861e191d14ee4741a5969b1d2ffbfc,2025-02-15T20:00:00.0000000Z,1
106866,61,2025-02-15T20:05:00.0000000Z,1872,5284,0,1,A,0.200876,0.221332,0.577792,A,1,0.548542,0.267599,formax-outcome-4.0,6d861e191d14ee4741a5969b1d2ffbfc,2025-02-15T20:05:00.0000000Z,1
104179,203,2025-02-16T10:30:00.0000000Z,7043,6847,1,0,H,0.360893,0.268615,0.370492,A,0,1.019172,0.617875,formax-outcome-4.0,6d861e191d14ee4741a5969b1d2ffbfc,2025-02-16T10:30:00.0000000Z,1
38732,88,2025-02-16T11:15:00.0000000Z,1080,958,2,2,D,0.523587,0.240936,0.235478,H,0,1.423226,0.905772,formax-outcome-4.0,6d861e191d14ee4741a5969b1d2ffbfc,2025-02-16T11:15:00.0000000Z,1
106575,135,2025-02-16T11:30:00.0000000Z,1503,5356,0,2,A,0.606176,0.218149,0.175674,H,0,1.739123,1.094551,formax-outcome-4.0,6d861e191d14ee4741a5969b1d2ffbfc,2025-02-16T11:30:00.0000000Z,1
103378,203,2025-02-16T13:00:00.0000000Z,1717,1176,0,1,A,0.388596,0.271610,0.339795,H,0,1.079414,0.660650,formax-outcome-4.0,6d861e191d14ee4741a5969b1d2ffbfc,2025-02-16T13:00:00.0000000Z,1
105158,203,2025-02-16T13:00:00.0000000Z,6991,6025,1,1,D,0.744085,0.164780,0.091135,H,0,1.803144,1.259560,formax-outcome-4.0,6d861e191d14ee4741a5969b1d2ffbfc,2025-02-16T13:00:00.0000000Z,1
105290,140,2025-02-16T13:00:00.0000000Z,762,1906,1,1,D,0.272418,0.274310,0.453272,A,0,1.293496,0.806293,formax-outcome-4.0,6d861e191d14ee4741a5969b1d2ffbfc,2025-02-16T13:00:00.0000000Z,1
83369,88,2025-02-16T13:30:00.0000000Z,3707,902,2,0,H,0.614555,0.205745,0.179700,H,1,0.486857,0.223191,formax-outcome-4.0,6d861e191d14ee4741a5969b1d2ffbfc,2025-02-16T13:30:00.0000000Z,1
104647,88,2025-02-16T13:30:00.0000000Z,2612,990,1,1,D,0.462803,0.250375,0.286822,H,0,1.384795,0.858391,formax-outcome-4.0,6d861e191d14ee4741a5969b1d2ffbfc,2025-02-16T13:30:00.0000000Z,1
53947,61,2025-02-16T14:00:00.0000000Z,1835,3589,1,4,A,0.286201,0.247606,0.466193,A,1,0.763157,0.428170,formax-outcome-4.0,6d861e191d14ee4741a5969b1d2ffbfc,2025-02-16T14:00:00.0000000Z,1
99509,39,2025-02-16T14:00:00.0000000Z,2208,1829,2,1,H,0.634518,0.196391,0.169091,H,1,0.454889,0.200738,formax-outcome-4.0,6d861e191d14ee4741a5969b1d2ffbfc,2025-02-16T14:00:00.0000000Z,1
105811,135,2025-02-16T14:00:00.0000000Z,3659,1584,0,0,D,0.390501,0.277878,0.331621,H,0,1.280572,0.783923,formax-outcome-4.0,6d861e191d14ee4741a5969b1d2ffbfc,2025-02-16T14:00:00.0000000Z,1
106284,135,2025-02-16T14:00:00.0000000Z,3405,1849,3,0,H,0.474001,0.264698,0.261302,H,1,0.746547,0.415019,formax-outcome-4.0,6d861e191d14ee4741a5969b1d2ffbfc,2025-02-16T14:00:00.0000000Z,1
101597,78,2025-02-16T14:30:00.0000000Z,966,3573,1,3,A,0.508270,0.233367,0.258363,H,0,1.353390,0.862824,formax-outcome-4.0,6d861e191d14ee4741a5969b1d2ffbfc,2025-02-16T14:30:00.0000000Z,1
104433,140,2025-02-16T15:15:00.0000000Z,1913,3049,0,4,A,0.396161,0.279001,0.324838,H,0,1.124429,0.690629,formax-outcome-4.0,6d861e191d14ee4741a5969b1d2ffbfc,2025-02-16T15:15:00.0000000Z,1
88212,88,2025-02-16T15:45:00.0000000Z,2530,4157,4,0,H,0.691988,0.187222,0.120789,H,1,0.368186,0.144513,formax-outcome-4.0,6d861e191d14ee4741a5969b1d2ffbfc,2025-02-16T15:45:00.0000000Z,1
42829,203,2025-02-16T16:00:00.0000000Z,3588,4226,3,1,H,0.818090,0.115914,0.065995,H,1,0.200783,0.050883,formax-outcome-4.0,6d861e191d14ee4741a5969b1d2ffbfc,2025-02-16T16:00:00.0000000Z,1
103293,61,2025-02-16T16:15:00.0000000Z,1068,1257,0,1,A,0.463072,0.262343,0.274585,H,0,1.292495,0.809487,formax-outcome-4.0,6d861e191d14ee4741a5969b1d2ffbfc,2025-02-16T16:15:00.0000000Z,1
104908,61,2025-02-16T16:15:00.0000000Z,886,1911,0,2,A,0.444276,0.261516,0.294208,H,0,1.223468,0.763914,formax-outcome-4.0,6d861e191d14ee4741a5969b1d2ffbfc,2025-02-16T16:15:00.0000000Z,1
107058,61,2025-02-16T16:15:00.0000000Z,1823,3851,1,3,A,0.273239,0.248510,0.478250,A,1,0.737621,0.408640,formax-outcome-4.0,6d861e191d14ee4741a5969b1d2ffbfc,2025-02-16T16:15:00.0000000Z,1
72602,78,2025-02-16T16:30:00.0000000Z,4472,1282,3,1,H,0.565633,0.225074,0.209292,H,1,0.569809,0.283136,formax-outcome-4.0,6d861e191d14ee4741a5969b1d2ffbfc,2025-02-16T16:30:00.0000000Z,1
103126,39,2025-02-16T16:30:00.0000000Z,2355,4266,1,0,H,0.444582,0.246838,0.308580,H,1,0.810620,0.464639,formax-outcome-4.0,6d861e191d14ee4741a5969b1d2ffbfc,2025-02-16T16:30:00.0000000Z,1
107015,135,2025-02-16T17:00:00.0000000Z,3648,2799,0,1,A,0.229099,0.244200,0.526701,A,1,0.641122,0.336132,formax-outcome-4.0,6d861e191d14ee4741a5969b1d2ffbfc,2025-02-16T17:00:00.0000000Z,1
107160,78,2025-02-16T18:30:00.0000000Z,4330,1281,0,2,A,0.356493,0.268478,0.375029,A,1,0.980751,0.589756,formax-outcome-4.0,6d861e191d14ee4741a5969b1d2ffbfc,2025-02-16T18:30:00.0000000Z,1
102886,61,2025-02-16T19:45:00.0000000Z,1781,4470,0,2,A,0.296136,0.250461,0.453403,A,1,0.790975,0.449196,formax-outcome-4.0,6d861e191d14ee4741a5969b1d2ffbfc,2025-02-16T19:45:00.0000000Z,1
106634,135,2025-02-16T19:45:00.0000000Z,2013,2685,1,0,H,0.306334,0.279575,0.414091,A,0,1.183080,0.730807,formax-outcome-4.0,6d861e191d14ee4741a5969b1d2ffbfc,2025-02-16T19:45:00.0000000Z,1
101796,140,2025-02-16T20:00:00.0000000Z,2033,1830,3,0,H,0.361891,0.287113,0.350995,H,1,1.016411,0.612814,formax-outcome-4.0,6d861e191d14ee4741a5969b1d2ffbfc,2025-02-16T20:00:00.0000000Z,1
98915,203,2025-02-17T17:00:00.0000000Z,1845,3309,1,2,A,0.308771,0.253213,0.438016,A,1,0.825500,0.475282,formax-outcome-4.0,6d861e191d14ee4741a5969b1d2ffbfc,2025-02-17T17:00:00.0000000Z,1
106769,135,2025-02-17T19:45:00.0000000Z,1649,3310,2,0,H,0.455012,0.277977,0.267011,H,1,0.787433,0.445579,formax-outcome-4.0,6d861e191d14ee4741a5969b1d2ffbfc,2025-02-17T19:45:00.0000000Z,1
104363,140,2025-02-17T20:00:00.0000000Z,4005,2517,1,0,H,0.627227,0.212552,0.160221,H,1,0.466447,0.209809,formax-outcome-4.0,6d861e191d14ee4741a5969b1d2ffbfc,2025-02-17T20:00:00.0000000Z,1
106369,40,2025-02-17T20:00:00.0000000Z,2269,2209,2,1,H,0.659315,0.213295,0.127389,H,1,0.416553,0.177789,formax-outcome-4.0,6d861e191d14ee4741a5969b1d2ffbfc,2025-02-17T20:00:00.0000000Z,1
103189,2,2025-02-18T17:45:00.0000000Z,1488,2516,1,1,D,0.466291,0.243474,0.290235,H,0,1.412746,0.873996,formax-outcome-4.0,6d861e191d14ee4741a5969b1d2ffbfc,2025-02-18T17:45:00.0000000Z,1
101708,40,2025-02-18T19:45:00.0000000Z,1499,1511,1,1,D,0.494585,0.289323,0.216091,H,0,1.240210,0.796371,formax-outcome-4.0,6d861e191d14ee4741a5969b1d2ffbfc,2025-02-18T19:45:00.0000000Z,1
88404,2,2025-02-18T20:00:00.0000000Z,3711,2085,3,3,D,0.427985,0.239074,0.332940,H,0,1.430981,0.873028,formax-outcome-4.0,6d861e191d14ee4741a5969b1d2ffbfc,2025-02-18T20:00:00.0000000Z,1
102058,2,2025-02-18T20:00:00.0000000Z,1328,1487,1,1,D,0.480035,0.235362,0.284603,H,0,1.446630,0.896103,formax-outcome-4.0,6d861e191d14ee4741a5969b1d2ffbfc,2025-02-18T20:00:00.0000000Z,1
106025,2,2025-02-18T20:00:00.0000000Z,4702,1782,1,3,A,0.696928,0.169421,0.133650,H,0,2.012528,1.264974,formax-outcome-4.0,6d861e191d14ee4741a5969b1d2ffbfc,2025-02-18T20:00:00.0000000Z,1
99896,2,2025-02-19T17:45:00.0000000Z,989,2084,0,0,D,0.452333,0.245470,0.302197,H,0,1.404581,0.865244,formax-outcome-4.0,6d861e191d14ee4741a5969b1d2ffbfc,2025-02-19T17:45:00.0000000Z,1
102109,39,2025-02-19T19:30:00.0000000Z,2109,2208,2,2,D,0.220894,0.226822,0.552284,A,0,1.483589,0.951616,formax-outcome-4.0,6d861e191d14ee4741a5969b1d2ffbfc,2025-02-19T19:30:00.0000000Z,1
107525,40,2025-02-19T19:45:00.0000000Z,774,1380,1,1,D,0.487838,0.265235,0.246928,H,0,1.327140,0.838839,formax-outcome-4.0,6d861e191d14ee4741a5969b1d2ffbfc,2025-02-19T19:45:00.0000000Z,1
104033,2,2025-02-19T20:00:00.0000000Z,1775,2013,3,1,H,0.361060,0.247841,0.391098,A,0,1.018711,0.622628,formax-outcome-4.0,6d861e191d14ee4741a5969b1d2ffbfc,2025-02-19T20:00:00.0000000Z,1
104769,2,2025-02-19T20:00:00.0000000Z,4521,4166,3,1,H,0.435423,0.229075,0.335502,H,1,0.831437,0.483784,formax-outcome-4.0,6d861e191d14ee4741a5969b1d2ffbfc,2025-02-19T20:00:00.0000000Z,1
107094,2,2025-02-19T20:00:00.0000000Z,5284,4558,7,0,H,0.763708,0.142312,0.093981,H,1,0.269570,0.084919,formax-outcome-4.0,6d861e191d14ee4741a5969b1d2ffbfc,2025-02-19T20:00:00.0000000Z,1
82422,848,2025-02-20T17:45:00.0000000Z,3680,3559,2,1,H,0.421120,0.268955,0.309925,H,1,0.864838,0.503493,formax-outcome-4.0,6d861e191d14ee4741a5969b1d2ffbfc,2025-02-20T17:45:00.0000000Z,1
87649,848,2025-02-20T17:45:00.0000000Z,2033,3700,0,1,A,0.656196,0.198525,0.145278,H,0,1.929105,1.200555,formax-outcome-4.0,6d861e191d14ee4741a5969b1d2ffbfc,2025-02-20T17:45:00.0000000Z,1
98914,3,2025-02-20T17:45:00.0000000Z,3309,1271,2,2,D,0.469385,0.257642,0.272973,H,0,1.356186,0.845933,formax-outcome-4.0,6d861e191d14ee4741a5969b1d2ffbfc,2025-02-20T17:45:00.0000000Z,1
104309,3,2025-02-20T17:45:00.0000000Z,2799,2108,3,2,H,0.614081,0.227634,0.158285,H,1,0.487629,0.225805,formax-outcome-4.0,6d861e191d14ee4741a5969b1d2ffbfc,2025-02-20T17:45:00.0000000Z,1
42828,3,2025-02-20T20:00:00.0000000Z,3705,3588,2,2,D,0.330952,0.256259,0.412788,A,0,1.361565,0.833074,formax-outcome-4.0,6d861e191d14ee4741a5969b1d2ffbfc,2025-02-20T20:00:00.0000000Z,1
88211,3,2025-02-20T20:00:00.0000000Z,2530,3977,1,2,A,0.698730,0.187397,0.113873,H,0,2.172668,1.308561,formax-outcome-4.0,6d861e191d14ee4741a5969b1d2ffbfc,2025-02-20T20:00:00.0000000Z,1
82525,203,2025-02-21T17:00:00.0000000Z,6991,3673,1,3,A,0.459137,0.278491,0.262372,H,0,1.337992,0.832459,formax-outcome-4.0,6d861e191d14ee4741a5969b1d2ffbfc,2025-02-21T17:00:00.0000000Z,1
103640,203,2025-02-21T17:00:00.0000000Z,6023,7043,1,0,H,0.489281,0.272960,0.237759,H,1,0.714818,0.391870,formax-outcome-4.0,6d861e191d14ee4741a5969b1d2ffbfc,2025-02-21T17:00:00.0000000Z,1
101596,78,2025-02-21T19:30:00.0000000Z,5685,966,5,0,H,0.454774,0.253112,0.292114,H,1,0.787954,0.446667,formax-outcome-4.0,6d861e191d14ee4741a5969b1d2ffbfc,2025-02-21T19:30:00.0000000Z,1
102820,40,2025-02-21T19:45:00.0000000Z,1053,4380,2,1,H,0.481529,0.271794,0.246677,H,1,0.730789,0.403534,formax-outcome-4.0,6d861e191d14ee4741a5969b1d2ffbfc,2025-02-21T19:45:00.0000000Z,1
105810,135,2025-02-21T19:45:00.0000000Z,1584,3405,0,1,A,0.275136,0.281223,0.443641,A,1,0.812740,0.464322,formax-outcome-4.0,6d861e191d14ee4741a5969b1d2ffbfc,2025-02-21T19:45:00.0000000Z,1
107390,61,2025-02-21T19:45:00.0000000Z,1781,1068,1,0,H,0.428516,0.264276,0.307208,H,1,0.847427,0.490812,formax-outcome-4.0,6d861e191d14ee4741a5969b1d2ffbfc,2025-02-21T19:45:00.0000000Z,1
102956,39,2025-02-21T20:00:00.0000000Z,1910,5807,0,4,A,0.206054,0.224996,0.568950,A,1,0.563962,0.278885,formax-outcome-4.0,6d861e191d14ee4741a5969b1d2ffbfc,2025-02-21T20:00:00.0000000Z,1
104966,40,2025-02-21T20:00:00.0000000Z,2531,4169,4,0,H,0.568460,0.266944,0.164596,H,1,0.564825,0.284578,formax-outcome-4.0,6d861e191d14ee4741a5969b1d2ffbfc,2025-02-21T20:00:00.0000000Z,1
105592,140,2025-02-21T20:00:00.0000000Z,1904,3599,1,0,H,0.455492,0.268141,0.276367,H,1,0.786378,0.444768,formax-outcome-4.0,6d861e191d14ee4741a5969b1d2ffbfc,2025-02-21T20:00:00.0000000Z,1
103377,203,2025-02-22T10:30:00.0000000Z,5813,1717,1,1,D,0.418881,0.270025,0.311094,H,0,1.309241,0.805104,formax-outcome-4.0,6d861e191d14ee4741a5969b1d2ffbfc,2025-02-22T10:30:00.0000000Z,1
71236,39,2025-02-22T12:30:00.0000000Z,1482,4266,2,2,D,0.393859,0.276318,0.329823,H,0,1.286203,0.787624,formax-outcome-4.0,6d861e191d14ee4741a5969b1d2ffbfc,2025-02-22T12:30:00.0000000Z,1
102369,40,2025-02-22T12:30:00.0000000Z,3380,1511,0,1,A,0.393823,0.302202,0.303975,H,0,1.190808,0.730873,formax-outcome-4.0,6d861e191d14ee4741a5969b1d2ffbfc,2025-02-22T12:30:00.0000000Z,1
105734,40,2025-02-22T12:30:00.0000000Z,1380,1386,1,1,D,0.422898,0.266730,0.310372,H,0,1.321517,0.812858,formax-outcome-4.0,6d861e191d14ee4741a5969b1d2ffbfc,2025-02-22T12:30:00.0000000Z,1
106253,40,2025-02-22T12:30:00.0000000Z,2209,1718,0,1,A,0.585881,0.245872,0.168247,H,0,1.782325,1.095524,formax-outcome-4.0,6d861e191d14ee4741a5969b1d2ffbfc,2025-02-22T12:30:00.0000000Z,1
103520,203,2025-02-22T13:00:00.0000000Z,5867,4226,2,1,H,0.379149,0.251434,0.369416,H,1,0.969825,0.585143,formax-outcome-4.0,6d861e191d14ee4741a5969b1d2ffbfc,2025-02-22T13:00:00.0000000Z,1
103905,140,2025-02-22T13:00:00.0000000Z,759,762,0,1,A,0.461265,0.272094,0.266641,H,0,1.321852,0.824616,formax-outcome-4.0,6d861e191d14ee4741a5969b1d2ffbfc,2025-02-22T13:00:00.0000000Z,1
105538,135,2025-02-22T14:00:00.0000000Z,3310,2837,0,0,D,0.197972,0.243297,0.558731,A,0,1.413473,0.923973,formax-outcome-4.0,6d861e191d14ee4741a5969b1d2ffbfc,2025-02-22T14:00:00.0000000Z,1
107014,135,2025-02-22T14:00:00.0000000Z,3648,1520,2,0,H,0.245774,0.260728,0.493498,A,0,1.403343,0.880376,formax-outcome-4.0,6d861e191d14ee4741a5969b1d2ffbfc,2025-02-22T14:00:00.0000000Z,1
101989,78,2025-02-22T14:30:00.0000000Z,1051,1109,0,3,A,0.552791,0.235739,0.211470,H,0,1.553674,0.982931,formax-outcome-4.0,6d861e191d14ee4741a5969b1d2ffbfc,2025-02-22T14:30:00.0000000Z,1
102155,78,2025-02-22T14:30:00.0000000Z,1282,1260,0,2,A,0.316166,0.249008,0.434827,A,1,0.832808,0.481387,formax-outcome-4.0,6d861e191d14ee4741a5969b1d2ffbfc,2025-02-22T14:30:00.0000000Z,1
98304,40,2025-02-22T15:00:00.0000000Z,5841,1499,2,1,H,0.425741,0.292638,0.281621,H,1,0.853925,0.494721,formax-outcome-4.0,6d861e191d14ee4741a5969b1d2ffbfc,2025-02-22T15:00:00.0000000Z,1
99508,39,2025-02-22T15:00:00.0000000Z,3646,1829,0,1,A,0.570312,0.224260,0.205427,H,0,1.582663,1.006894,formax-outcome-4.0,6d861e191d14ee4741a5969b1d2ffbfc,2025-02-22T15:00:00.0000000Z,1
99621,40,2025-02-22T15:00:00.0000000Z,3467,1912,3,0,H,0.330741,0.297362,0.371898,A,0,1.106421,0.674640,formax-outcome-4.0,6d861e191d14ee4741a5969b1d2ffbfc,2025-02-22T15:00:00.0000000Z,1
102282,40,2025-02-22T15:00:00.0000000Z,1654,1502,2,1,H,0.417770,0.281527,0.300703,H,1,0.872824,0.508671,formax-outcome-4.0,6d861e191d14ee4741a5969b1d2ffbfc,2025-02-22T15:00:00.0000000Z,1
102441,40,2025-02-22T15:00:00.0000000Z,1531,1476,2,0,H,0.555039,0.262855,0.182106,H,1,0.588717,0.300246,formax-outcome-4.0,6d861e191d14ee4741a5969b1d2ffbfc,2025-02-22T15:00:00.0000000Z,1
102717,40,2025-02-22T15:00:00.0000000Z,4379,3483,4,2,H,0.523401,0.266322,0.210278,H,1,0.647408,0.342291,formax-outcome-4.0,6d861e191d14ee4741a5969b1d2ffbfc,2025-02-22T15:00:00.0000000Z,1
104702,39,2025-02-22T15:00:00.0000000Z,4290,873,0,4,A,0.200098,0.221371,0.578531,A,1,0.547263,0.266680,formax-outcome-4.0,6d861e191d14ee4741a5969b1d2ffbfc,2025-02-22T15:00:00.0000000Z,1
105021,39,2025-02-22T15:00:00.0000000Z,4559,2751,0,1,A,0.614784,0.215723,0.169493,H,0,1.774946,1.114239,formax-outcome-4.0,6d861e191d14ee4741a5969b1d2ffbfc,2025-02-22T15:00:00.0000000Z,1
106337,39,2025-02-22T15:00:00.0000000Z,4928,1486,0,2,A,0.404861,0.262796,0.332343,H,0,1.101587,0.678740,formax-outcome-4.0,6d861e191d14ee4741a5969b1d2ffbfc,2025-02-22T15:00:00.0000000Z,1
106451,39,2025-02-22T15:00:00.0000000Z,3598,2355,1,4,A,0.197418,0.216537,0.586044,A,1,0.534360,0.257222,formax-outcome-4.0,6d861e191d14ee4741a5969b1d2ffbfc,2025-02-22T15:00:00.0000000Z,1
104362,140,2025-02-22T15:15:00.0000000Z,2517,1776,0,1,A,0.378667,0.280524,0.340809,H,0,1.076434,0.656616,formax-outcome-4.0,6d861e191d14ee4741a5969b1d2ffbfc,2025-02-22T15:15:00.0000000Z,1
98388,61,2025-02-22T16:00:00.0000000Z,4470,2085,2,1,H,0.486474,0.240921,0.272605,H,1,0.720572,0.396065,formax-outcome-4.0,6d861e191d14ee4741a5969b1d2ffbfc,2025-02-22T16:00:00.0000000Z,1
103447,203,2025-02-22T16:00:00.0000000Z,1176,1845,2,3,A,0.591147,0.233888,0.174965,H,0,1.743167,1.084840,formax-outcome-4.0,6d861e191d14ee4741a5969b1d2ffbfc,2025-02-22T16:00:00.0000000Z,1
103188,135,2025-02-22T17:00:00.0000000Z,1652,1488,2,1,H,0.343236,0.303337,0.353427,A,0,1.069338,0.648264,formax-outcome-4.0,6d861e191d14ee4741a5969b1d2ffbfc,2025-02-22T17:00:00.0000000Z,1
101866,39,2025-02-22T17:30:00.0000000Z,2109,3373,2,1,H,0.251930,0.240105,0.507965,A,0,1.378606,0.875289,formax-outcome-4.0,6d861e191d14ee4741a5969b1d2ffbfc,2025-02-22T17:30:00.0000000Z,1
105901,140,2025-02-22T17:30:00.0000000Z,2030,4267,0,3,A,0.266620,0.274953,0.458428,A,1,0.779953,0.439986,formax-outcome-4.0,6d861e191d14ee4741a5969b1d2ffbfc,2025-02-22T17:30:00.0000000Z,1
106697,78,2025-02-22T17:30:00.0000000Z,989,4180,6,0,H,0.555154,0.240832,0.204014,H,1,0.588511,0.297510,formax-outcome-4.0,6d861e191d14ee4741a5969b1d2ffbfc,2025-02-22T17:30:00.0000000Z,1
103292,61,2025-02-22T18:00:00.0000000Z,3538,1257,3,3,D,0.291613,0.260150,0.448236,A,0,1.346495,0.833331,formax-outcome-4.0,6d861e191d14ee4741a5969b1d2ffbfc,2025-02-22T18:00:00.0000000Z,1
104620,88,2025-02-22T19:00:00.0000000Z,2516,958,2,1,H,0.702044,0.178093,0.119862,H,1,0.353759,0.134862,formax-outcome-4.0,6d861e191d14ee4741a5969b1d2ffbfc,2025-02-22T19:00:00.0000000Z,1
106633,135,2025-02-22T19:45:00.0000000Z,2685,1649,1,0,H,0.602141,0.239915,0.157944,H,1,0.507264,0.240797,formax-outcome-4.0,6d861e191d14ee4741a5969b1d2ffbfc,2025-02-22T19:45:00.0000000Z,1
107448,140,2025-02-22T20:00:00.0000000Z,1923,4005,0,2,A,0.209061,0.237427,0.553512,A,1,0.591471,0.299429,formax-outcome-4.0,6d861e191d14ee4741a5969b1d2ffbfc,2025-02-22T20:00:00.0000000Z,1
60477,61,2025-02-22T20:05:00.0000000Z,1815,5071,3,0,H,0.278425,0.236563,0.485013,A,0,1.278607,0.811870,formax-outcome-4.0,6d861e191d14ee4741a5969b1d2ffbfc,2025-02-22T20:05:00.0000000Z,1
105157,203,2025-02-23T10:30:00.0000000Z,6025,2549,1,0,H,0.251286,0.248247,0.500467,A,0,1.381163,0.872666,formax-outcome-4.0,6d861e191d14ee4741a5969b1d2ffbfc,2025-02-23T10:30:00.0000000Z,1
106574,135,2025-02-23T11:30:00.0000000Z,5356,2845,2,1,H,0.269349,0.281177,0.449474,A,0,1.311747,0.814938,formax-outcome-4.0,6d861e191d14ee4741a5969b1d2ffbfc,2025-02-23T11:30:00.0000000Z,1
104544,40,2025-02-23T12:00:00.0000000Z,1253,774,2,0,H,0.535141,0.257539,0.207320,H,1,0.625225,0.325402,formax-outcome-4.0,6d861e191d14ee4741a5969b1d2ffbfc,2025-02-23T12:00:00.0000000Z,1
104178,203,2025-02-23T13:00:00.0000000Z,6847,7044,3,2,H,0.667468,0.201399,0.131133,H,1,0.404264,0.168335,formax-outcome-4.0,6d861e191d14ee4741a5969b1d2ffbfc,2025-02-23T13:00:00.0000000Z,1
106139,140,2025-02-23T13:00:00.0000000Z,1906,1913,7,1,H,0.655709,0.212935,0.131357,H,1,0.422039,0.181132,formax-outcome-4.0,6d861e191d14ee4741a5969b1d2ffbfc,2025-02-23T13:00:00.0000000Z,1
38731,88,2025-02-23T13:30:00.0000000Z,3707,1080,2,0,H,0.553343,0.220914,0.225742,H,1,0.591777,0.299265,formax-outcome-4.0,6d861e191d14ee4741a5969b1d2ffbfc,2025-02-23T13:30:00.0000000Z,1
88210,88,2025-02-23T13:30:00.0000000Z,2530,1580,2,0,H,0.584543,0.223433,0.192024,H,1,0.536925,0.259400,formax-outcome-4.0,6d861e191d14ee4741a5969b1d2ffbfc,2025-02-23T13:30:00.0000000Z,1
71146,39,2025-02-23T14:00:00.0000000Z,1013,2480,4,3,H,0.338042,0.252308,0.409650,A,0,1.084586,0.669661,formax-outcome-4.0,6d861e191d14ee4741a5969b1d2ffbfc,2025-02-23T14:00:00.0000000Z,1
105468,135,2025-02-23T14:00:00.0000000Z,1719,1503,1,0,H,0.182376,0.234660,0.582964,A,0,1.701683,1.063420,formax-outcome-4.0,6d861e191d14ee4741a5969b1d2ffbfc,2025-02-23T14:00:00.0000000Z,1
107534,61,2025-02-23T14:00:00.0000000Z,1668,886,3,1,H,0.288646,0.264160,0.447194,A,0,1.242555,0.775788,formax-outcome-4.0,6d861e191d14ee4741a5969b1d2ffbfc,2025-02-23T14:00:00.0000000Z,1
101911,78,2025-02-23T14:30:00.0000000Z,821,4330,2,2,D,0.680270,0.189905,0.129824,H,0,1.661231,1.135876,formax-outcome-4.0,6d861e191d14ee4741a5969b1d2ffbfc,2025-02-23T14:30:00.0000000Z,1
105234,140,2025-02-23T15:15:00.0000000Z,4521,758,2,0,H,0.711172,0.180875,0.107953,H,1,0.340841,0.127791,formax-outcome-4.0,6d861e191d14ee4741a5969b1d2ffbfc,2025-02-23T15:15:00.0000000Z,1
103765,88,2025-02-23T15:45:00.0000000Z,1271,1079,1,0,H,0.722348,0.170758,0.106894,H,1,0.325248,0.117675,formax-outcome-4.0,6d861e191d14ee4741a5969b1d2ffbfc,2025-02-23T15:45:00.0000000Z,1
103593,203,2025-02-23T16:00:00.0000000Z,5068,4926,3,2,H,0.570136,0.235767,0.194097,H,1,0.561881,0.278043,formax-outcome-4.0,6d861e191d14ee4741a5969b1d2ffbfc,2025-02-23T16:00:00.0000000Z,1
104907,61,2025-02-23T16:15:00.0000000Z,1911,4558,0,0,D,0.577032,0.220271,0.202697,H,0,1.512897,0.982030,formax-outcome-4.0,6d861e191d14ee4741a5969b1d2ffbfc,2025-02-23T16:15:00.0000000Z,1
106865,61,2025-02-23T16:15:00.0000000Z,1823,1872,1,4,A,0.274380,0.265710,0.459910,A,1,0.776725,0.437584,formax-outcome-4.0,6d861e191d14ee4741a5969b1d2ffbfc,2025-02-23T16:15:00.0000000Z,1
107057,61,2025-02-23T16:15:00.0000000Z,3851,1835,2,0,H,0.613351,0.207383,0.179266,H,1,0.488818,0.224641,formax-outcome-4.0,6d861e191d14ee4741a5969b1d2ffbfc,2025-02-23T16:15:00.0000000Z,1
72601,78,2025-02-23T16:30:00.0000000Z,1328,4472,4,0,H,0.564166,0.226246,0.209588,H,1,0.572406,0.285065,formax-outcome-4.0,6d861e191d14ee4741a5969b1d2ffbfc,2025-02-23T16:30:00.0000000Z,1
104768,39,2025-02-23T16:30:00.0000000Z,4166,2208,0,2,A,0.268746,0.221749,0.509505,A,1,0.674315,0.361982,formax-outcome-4.0,6d861e191d14ee4741a5969b1d2ffbfc,2025-02-23T16:30:00.0000000Z,1
106024,135,2025-02-23T17:00:00.0000000Z,1849,4702,0,5,A,0.188080,0.246755,0.565165,A,1,0.570638,0.285344,formax-outcome-4.0,6d861e191d14ee4741a5969b1d2ffbfc,2025-02-23T17:00:00.0000000Z,1
103977,140,2025-02-23T17:30:00.0000000Z,1914,2033,1,2,A,0.439150,0.294156,0.266695,H,0,1.321651,0.817117,formax-outcome-4.0,6d861e191d14ee4741a5969b1d2ffbfc,2025-02-23T17:30:00.0000000Z,1
53946,61,2025-02-23T19:45:00.0000000Z,3589,5284,2,3,A,0.228402,0.219523,0.552075,A,1,0.594072,0.300995,formax-outcome-4.0,6d861e191d14ee4741a5969b1d2ffbfc,2025-02-23T19:45:00.0000000Z,1
106971,135,2025-02-23T19:45:00.0000000Z,3394,2013,0,1,A,0.251603,0.281997,0.466400,A,1,0.762711,0.427555,formax-outcome-4.0,6d861e191d14ee4741a5969b1d2ffbfc,2025-02-23T19:45:00.0000000Z,1
101795,140,2025-02-23T20:00:00.0000000Z,1830,4408,3,0,H,0.561902,0.247381,0.190717,H,1,0.576428,0.289501,formax-outcome-4.0,6d861e191d14ee4741a5969b1d2ffbfc,2025-02-23T20:00:00.0000000Z,1
42827,203,2025-02-24T17:00:00.0000000Z,3309,3588,0,0,D,0.352192,0.240670,0.407138,A,0,1.424331,0.866384,formax-outcome-4.0,6d861e191d14ee4741a5969b1d2ffbfc,2025-02-24T17:00:00.0000000Z,1
107477,135,2025-02-24T19:45:00.0000000Z,2799,3659,4,0,H,0.589062,0.243686,0.167253,H,1,0.529225,0.256227,formax-outcome-4.0,6d861e191d14ee4741a5969b1d2ffbfc,2025-02-24T19:45:00.0000000Z,1
103687,40,2025-02-24T20:00:00.0000000Z,1460,2269,1,3,A,0.300619,0.282593,0.416788,A,1,0.875177,0.510367,formax-outcome-4.0,6d861e191d14ee4741a5969b1d2ffbfc,2025-02-24T20:00:00.0000000Z,1
104432,140,2025-02-24T20:00:00.0000000Z,3049,1925,1,1,D,0.498904,0.266841,0.234255,H,0,1.321102,0.841302,formax-outcome-4.0,6d861e191d14ee4741a5969b1d2ffbfc,2025-02-24T20:00:00.0000000Z,1
99507,39,2025-02-25T19:30:00.0000000Z,1829,4928,1,2,A,0.270415,0.249902,0.479683,A,1,0.734630,0.406305,formax-outcome-4.0,6d861e191d14ee4741a5969b1d2ffbfc,2025-02-25T19:30:00.0000000Z,1
102108,39,2025-02-25T19:30:00.0000000Z,1486,2109,4,1,H,0.331732,0.260796,0.407472,A,0,1.103428,0.680630,formax-outcome-4.0,6d861e191d14ee4741a5969b1d2ffbfc,2025-02-25T19:30:00.0000000Z,1
105945,39,2025-02-25T19:30:00.0000000Z,873,3646,2,1,H,0.254142,0.244712,0.501146,A,0,1.369863,0.867336,formax-outcome-4.0,6d861e191d14ee4741a5969b1d2ffbfc,2025-02-25T19:30:00.0000000Z,1
102716,40,2025-02-25T19:45:00.0000000Z,3483,4380,1,3,A,0.429345,0.269654,0.301001,H,0,1.200640,0.745649,formax-outcome-4.0,6d861e191d14ee4741a5969b1d2ffbfc,2025-02-25T19:45:00.0000000Z,1
105733,40,2025-02-25T19:45:00.0000000Z,1386,1718,1,0,H,0.442126,0.276411,0.281463,H,1,0.816161,0.466848,formax-outcome-4.0,6d861e191d14ee4741a5969b1d2ffbfc,2025-02-25T19:45:00.0000000Z,1
101865,39,2025-02-25T20:15:00.0000000Z,3373,4290,4,0,H,0.635216,0.199037,0.165747,H,1,0.453790,0.200155,formax-outcome-4.0,6d861e191d14ee4741a5969b1d2ffbfc,2025-02-25T20:15:00.0000000Z,1
71235,39,2025-02-26T19:30:00.0000000Z,5807,1482,1,1,D,0.373215,0.261740,0.365045,H,0,1.340403,0.817575,formax-outcome-4.0,6d861e191d14ee4741a5969b1d2ffbfc,2025-02-26T19:30:00.0000000Z,1
103125,39,2025-02-26T19:30:00.0000000Z,4266,3598,3,2,H,0.501562,0.242083,0.256355,H,1,0.690028,0.372762,formax-outcome-4.0,6d861e191d14ee4741a5969b1d2ffbfc,2025-02-26T19:30:00.0000000Z,1
104767,39,2025-02-26T19:30:00.0000000Z,2355,4166,0,1,A,0.374365,0.235828,0.389807,A,1,0.942103,0.568099,formax-outcome-4.0,6d861e191d14ee4741a5969b1d2ffbfc,2025-02-26T19:30:00.0000000Z,1
106429,39,2025-02-26T19:30:00.0000000Z,2480,4559,0,0,D,0.315454,0.253500,0.431046,A,0,1.372391,0.842574,formax-outcome-4.0,6d861e191d14ee4741a5969b1d2ffbfc,2025-02-26T19:30:00.0000000Z,1
71145,39,2025-02-26T20:15:00.0000000Z,2208,1013,2,0,H,0.435591,0.239345,0.325064,H,1,0.831051,0.481509,formax-outcome-4.0,6d861e191d14ee4741a5969b1d2ffbfc,2025-02-26T20:15:00.0000000Z,1
103187,135,2025-02-27T19:45:00.0000000Z,1520,1488,2,1,H,0.398616,0.292177,0.309207,H,1,0.919757,0.542640,formax-outcome-4.0,6d861e191d14ee4741a5969b1d2ffbfc,2025-02-27T19:45:00.0000000Z,1
105020,39,2025-02-27T20:00:00.0000000Z,2751,1910,2,0,H,0.487536,0.250544,0.261920,H,1,0.718391,0.393994,formax-outcome-4.0,6d861e191d14ee4741a5969b1d2ffbfc,2025-02-27T20:00:00.0000000Z,1
104259,88,2025-02-28T19:00:00.0000000Z,902,1079,1,2,A,0.493660,0.251381,0.254959,H,0,1.366653,0.861979,formax-outcome-4.0,6d861e191d14ee4741a5969b1d2ffbfc,2025-02-28T19:00:00.0000000Z,1
102057,78,2025-02-28T19:30:00.0000000Z,1278,1328,1,3,A,0.373372,0.245453,0.381175,A,1,0.964496,0.582598,formax-outcome-4.0,6d861e191d14ee4741a5969b1d2ffbfc,2025-02-28T19:30:00.0000000Z,1
98387,61,2025-02-28T19:45:00.0000000Z,2085,1068,3,0,H,0.559777,0.229859,0.210364,H,1,0.580217,0.290885,formax-outcome-4.0,6d861e191d14ee4741a5969b1d2ffbfc,2025-02-28T19:45:00.0000000Z,1
105809,135,2025-02-28T19:45:00.0000000Z,1503,1584,1,0,H,0.638961,0.223796,0.137243,H,1,0.447912,0.199269,formax-outcome-4.0,6d861e191d14ee4741a5969b1d2ffbfc,2025-02-28T19:45:00.0000000Z,1
106368,40,2025-02-28T20:00:00.0000000Z,4169,2209,1,2,A,0.389991,0.277451,0.332559,H,0,1.100939,0.674550,formax-outcome-4.0,6d861e191d14ee4741a5969b1d2ffbfc,2025-02-28T20:00:00.0000000Z,1
98303,40,2025-03-01T12:30:00.0000000Z,1476,5841,2,3,A,0.329367,0.286362,0.384270,A,1,0.956409,0.569609,formax-outcome-4.0,6d861e191d14ee4741a5969b1d2ffbfc,2025-03-01T12:30:00.0000000Z,1
99620,40,2025-03-01T12:30:00.0000000Z,1912,4379,1,1,D,0.409865,0.283277,0.306857,H,0,1.261329,0.775843,formax-outcome-4.0,6d861e191d14ee4741a5969b1d2ffbfc,2025-03-01T12:30:00.0000000Z,1
102440,40,2025-03-01T12:30:00.0000000Z,2269,1531,1,1,D,0.732203,0.174250,0.093547,H,0,1.747264,1.226735,formax-outcome-4.0,6d861e191d14ee4741a5969b1d2ffbfc,2025-03-01T12:30:00.0000000Z,1
103639,203,2025-03-01T13:00:00.0000000Z,7044,6023,0,0,D,0.333115,0.282739,0.384147,A,0,1.263232,0.772998,formax-outcome-4.0,6d861e191d14ee4741a5969b1d2ffbfc,2025-03-01T13:00:00.0000000Z,1
105233,140,2025-03-01T13:00:00.0000000Z,758,1904,2,2,D,0.394883,0.278553,0.326563,H,0,1.278145,0.783061,formax-outcome-4.0,6d861e191d14ee4741a5969b1d2ffbfc,2025-03-01T13:00:00.0000000Z,1
106023,135,2025-03-01T14:00:00.0000000Z,4702,3310,0,0,D,0.705457,0.189042,0.105502,H,0,1.665789,1.166453,formax-outcome-4.0,6d861e191d14ee4741a5969b1d2ffbfc,2025-03-01T14:00:00.0000000Z,1
101595,78,2025-03-01T14:30:00.0000000Z,966,5353,1,2,A,0.347528,0.239231,0.413242,A,1,0.883722,0.522292,formax-outcome-4.0,6d861e191d14ee4741a5969b1d2ffbfc,2025-03-01T14:30:00.0000000Z,1
101910,78,2025-03-01T14:30:00.0000000Z,821,1281,1,2,A,0.479602,0.255566,0.264832,H,0,1.328658,0.835803,formax-outcome-4.0,6d861e191d14ee4741a5969b1d2ffbfc,2025-03-01T14:30:00.0000000Z,1
101988,78,2025-03-01T14:30:00.0000000Z,4330,1051,0,3,A,0.377537,0.255564,0.366900,H,0,1.002667,0.608663,formax-outcome-4.0,6d861e191d14ee4741a5969b1d2ffbfc,2025-03-01T14:30:00.0000000Z,1
106696,78,2025-03-01T14:30:00.0000000Z,4528,989,0,2,A,0.345065,0.264125,0.390810,A,1,0.939534,0.559944,formax-outcome-4.0,6d861e191d14ee4741a5969b1d2ffbfc,2025-03-01T14:30:00.0000000Z,1
102281,40,2025-03-01T15:00:00.0000000Z,1502,1460,1,2,A,0.387955,0.282293,0.329752,H,0,1.109415,0.679431,formax-outcome-4.0,6d861e191d14ee4741a5969b1d2ffbfc,2025-03-01T15:00:00.0000000Z,1
102513,40,2025-03-01T15:00:00.0000000Z,774,1654,1,0,H,0.348223,0.276680,0.375097,A,0,1.054912,0.642063,formax-outcome-4.0,6d861e191d14ee4741a5969b1d2ffbfc,2025-03-01T15:00:00.0000000Z,1
102580,40,2025-03-01T15:00:00.0000000Z,4380,3380,1,0,H,0.568901,0.237869,0.193230,H,1,0.564050,0.279766,formax-outcome-4.0,6d861e191d14ee4741a5969b1d2ffbfc,2025-03-01T15:00:00.0000000Z,1
102715,40,2025-03-01T15:00:00.0000000Z,3483,1253,0,0,D,0.396485,0.275817,0.327698,H,0,1.288019,0.789028,formax-outcome-4.0,6d861e191d14ee4741a5969b1d2ffbfc,2025-03-01T15:00:00.0000000Z,1
104361,140,2025-03-01T15:15:00.0000000Z,2517,3049,1,1,D,0.474872,0.274486,0.250643,H,0,1.292856,0.814696,formax-outcome-4.0,6d861e191d14ee4741a5969b1d2ffbfc,2025-03-01T15:15:00.0000000Z,1
103817,88,2025-03-01T15:30:00.0000000Z,4678,1378,1,0,H,0.572723,0.223706,0.203571,H,1,0.557353,0.274051,formax-outcome-4.0,6d861e191d14ee4741a5969b1d2ffbfc,2025-03-01T15:30:00.0000000Z,1
107056,61,2025-03-01T16:00:00.0000000Z,3538,3851,1,3,A,0.231700,0.226227,0.542073,A,1,0.612354,0.314560,formax-outcome-4.0,6d861e191d14ee4741a5969b1d2ffbfc,2025-03-01T16:00:00.0000000Z,1
106632,135,2025-03-01T17:00:00.0000000Z,2845,2685,1,1,D,0.356889,0.296632,0.346479,H,0,1.215262,0.742143,formax-outcome-4.0,6d861e191d14ee4741a5969b1d2ffbfc,2025-03-01T17:00:00.0000000Z,1
72600,78,2025-03-01T17:30:00.0000000Z,4472,1260,1,4,A,0.331583,0.259558,0.408859,A,1,0.894386,0.526766,formax-outcome-4.0,6d861e191d14ee4741a5969b1d2ffbfc,2025-03-01T17:30:00.0000000Z,1
82523,203,2025-03-01T17:30:00.0000000Z,3673,6025,2,0,H,0.696515,0.191820,0.111665,H,1,0.361666,0.141367,formax-outcome-4.0,6d861e191d14ee4741a5969b1d2ffbfc,2025-03-01T17:30:00.0000000Z,1
106235,140,2025-03-01T17:30:00.0000000Z,2033,4521,2,1,H,0.252423,0.257986,0.489591,A,0,1.376650,0.865128,formax-outcome-4.0,6d861e191d14ee4741a5969b1d2ffbfc,2025-03-01T17:30:00.0000000Z,1
104032,88,2025-03-01T17:45:00.0000000Z,1580,1775,3,2,H,0.321990,0.245322,0.432688,A,0,1.133235,0.707099,formax-outcome-4.0,6d861e191d14ee4741a5969b1d2ffbfc,2025-03-01T17:45:00.0000000Z,1
107243,61,2025-03-01T18:00:00.0000000Z,886,1823,3,4,A,0.604621,0.223648,0.171732,H,0,1.761823,1.101613,formax-outcome-4.0,6d861e191d14ee4741a5969b1d2ffbfc,2025-03-01T18:00:00.0000000Z,1
83367,88,2025-03-01T19:00:00.0000000Z,1301,3707,1,1,D,0.359398,0.265202,0.375400,A,0,1.327264,0.810021,formax-outcome-4.0,6d861e191d14ee4741a5969b1d2ffbfc,2025-03-01T19:00:00.0000000Z,1
107013,135,2025-03-01T19:45:00.0000000Z,3405,3648,1,0,H,0.519916,0.263334,0.216750,H,1,0.654089,0.346806,formax-outcome-4.0,6d861e191d14ee4741a5969b1d2ffbfc,2025-03-01T19:45:00.0000000Z,1
38730,88,2025-03-01T20:00:00.0000000Z,2516,1080,0,0,D,0.664294,0.193012,0.142694,H,0,1.645004,1.112878,formax-outcome-4.0,6d861e191d14ee4741a5969b1d2ffbfc,2025-03-01T20:00:00.0000000Z,1
105900,140,2025-03-01T20:00:00.0000000Z,4267,1906,1,0,H,0.443272,0.267364,0.289364,H,1,0.813571,0.465160,formax-outcome-4.0,6d861e191d14ee4741a5969b1d2ffbfc,2025-03-01T20:00:00.0000000Z,1
102885,61,2025-03-01T20:05:00.0000000Z,5284,4470,4,1,H,0.648243,0.189263,0.162494,H,1,0.433490,0.185958,formax-outcome-4.0,6d861e191d14ee4741a5969b1d2ffbfc,2025-03-01T20:05:00.0000000Z,1
103446,203,2025-03-02T10:30:00.0000000Z,1845,6847,3,1,H,0.442861,0.268287,0.288852,H,1,0.814500,0.465818,formax-outcome-4.0,6d861e191d14ee4741a5969b1d2ffbfc,2025-03-02T10:30:00.0000000Z,1
103764,88,2025-03-02T11:15:00.0000000Z,990,1271,3,1,H,0.277411,0.263383,0.459206,A,0,1.282255,0.802376,formax-outcome-4.0,6d861e191d14ee4741a5969b1d2ffbfc,2025-03-02T11:15:00.0000000Z,1
107358,135,2025-03-02T11:30:00.0000000Z,3659,1652,0,2,A,0.273323,0.297444,0.429233,A,1,0.845755,0.488953,formax-outcome-4.0,6d861e191d14ee4741a5969b1d2ffbfc,2025-03-02T11:30:00.0000000Z,1
98912,203,2025-03-02T13:00:00.0000000Z,4226,3309,3,3,D,0.333519,0.246848,0.419632,A,0,1.398980,0.854564,formax-outcome-4.0,6d861e191d14ee4741a5969b1d2ffbfc,2025-03-02T13:00:00.0000000Z,1
103976,140,2025-03-02T13:00:00.0000000Z,4408,1914,1,0,H,0.325011,0.298686,0.376303,A,0,1.123897,0.686428,formax-outcome-4.0,6d861e191d14ee4741a5969b1d2ffbfc,2025-03-02T13:00:00.0000000Z,1
88209,88,2025-03-02T13:30:00.0000000Z,958,2530,0,1,A,0.248148,0.263611,0.488241,A,1,0.716946,0.392965,formax-outcome-4.0,6d861e191d14ee4741a5969b1d2ffbfc,2025-03-02T13:30:00.0000000Z,1
104646,88,2025-03-02T13:30:00.0000000Z,4157,2612,4,2,H,0.444816,0.261977,0.293207,H,1,0.810094,0.462831,formax-outcome-4.0,6d861e191d14ee4741a5969b1d2ffbfc,2025-03-02T13:30:00.0000000Z,1
53945,61,2025-03-02T14:00:00.0000000Z,3589,4558,2,1,H,0.637942,0.196275,0.165783,H,1,0.449508,0.197094,formax-outcome-4.0,6d861e191d14ee4741a5969b1d2ffbfc,2025-03-02T14:00:00.0000000Z,1
106283,135,2025-03-02T14:00:00.0000000Z,1649,1849,1,1,D,0.543763,0.266108,0.190129,H,0,1.323852,0.870424,formax-outcome-4.0,6d861e191d14ee4741a5969b1d2ffbfc,2025-03-02T14:00:00.0000000Z,1
106970,135,2025-03-02T14:00:00.0000000Z,1520,3394,2,1,H,0.502409,0.275881,0.221710,H,1,0.688340,0.372862,formax-outcome-4.0,6d861e191d14ee4741a5969b1d2ffbfc,2025-03-02T14:00:00.0000000Z,1
101794,140,2025-03-02T15:15:00.0000000Z,4005,1830,4,0,H,0.597247,0.226947,0.175806,H,1,0.515425,0.244623,formax-outcome-4.0,6d861e191d14ee4741a5969b1d2ffbfc,2025-03-02T15:15:00.0000000Z,1
97527,88,2025-03-02T15:45:00.0000000Z,1162,1088,4,0,H,0.479832,0.271681,0.248487,H,1,0.734320,0.406131,formax-outcome-4.0,6d861e191d14ee4741a5969b1d2ffbfc,2025-03-02T15:45:00.0000000Z,1
60476,61,2025-03-02T16:15:00.0000000Z,1815,1911,0,1,A,0.427905,0.247872,0.324224,H,0,1.126322,0.701217,formax-outcome-4.0,6d861e191d14ee4741a5969b1d2ffbfc,2025-03-02T16:15:00.0000000Z,1
103291,61,2025-03-02T16:15:00.0000000Z,1257,1872,0,4,A,0.362172,0.265511,0.372317,A,1,0.988009,0.595650,formax-outcome-4.0,6d861e191d14ee4741a5969b1d2ffbfc,2025-03-02T16:15:00.0000000Z,1
107389,61,2025-03-02T16:15:00.0000000Z,1835,1781,0,4,A,0.329740,0.249471,0.420789,A,1,0.865624,0.506450,formax-outcome-4.0,6d861e191d14ee4741a5969b1d2ffbfc,2025-03-02T16:15:00.0000000Z,1
106085,78,2025-03-02T16:30:00.0000000Z,1109,5685,0,0,D,0.397422,0.256042,0.346536,H,0,1.362415,0.831506,formax-outcome-4.0,6d861e191d14ee4741a5969b1d2ffbfc,2025-03-02T16:30:00.0000000Z,1
106573,135,2025-03-02T17:00:00.0000000Z,2799,5356,2,1,H,0.518519,0.262911,0.218571,H,1,0.656779,0.348719,formax-outcome-4.0,6d861e191d14ee4741a5969b1d2ffbfc,2025-03-02T17:00:00.0000000Z,1
42825,203,2025-03-02T17:30:00.0000000Z,3588,5867,3,0,H,0.848056,0.104576,0.047368,H,1,0.164809,0.036267,formax-outcome-4.0,6d861e191d14ee4741a5969b1d2ffbfc,2025-03-02T17:30:00.0000000Z,1
103904,140,2025-03-02T17:30:00.0000000Z,1925,759,1,1,D,0.452605,0.279155,0.268240,H,0,1.275990,0.796423,formax-outcome-4.0,6d861e191d14ee4741a5969b1d2ffbfc,2025-03-02T17:30:00.0000000Z,1
103186,135,2025-03-02T19:45:00.0000000Z,1488,2837,1,2,A,0.327465,0.292264,0.380272,A,1,0.966869,0.576714,formax-outcome-4.0,6d861e191d14ee4741a5969b1d2ffbfc,2025-03-02T19:45:00.0000000Z,1
106186,61,2025-03-02T19:45:00.0000000Z,5071,1668,2,0,H,0.648307,0.190941,0.160753,H,1,0.433391,0.185988,formax-outcome-4.0,6d861e191d14ee4741a5969b1d2ffbfc,2025-03-02T19:45:00.0000000Z,1
105633,140,2025-03-02T20:00:00.0000000Z,3599,2030,3,3,D,0.529443,0.258453,0.212104,H,0,1.353042,0.875190,formax-outcome-4.0,6d861e191d14ee4741a5969b1d2ffbfc,2025-03-02T20:00:00.0000000Z,1
103376,203,2025-03-03T13:00:00.0000000Z,1717,5068,1,0,H,0.372664,0.272247,0.355090,H,1,0.987078,0.593757,formax-outcome-4.0,6d861e191d14ee4741a5969b1d2ffbfc,2025-03-03T13:00:00.0000000Z,1
104120,203,2025-03-03T13:00:00.0000000Z,4926,6991,3,1,H,0.398576,0.272368,0.329056,H,1,0.919856,0.544172,formax-outcome-4.0,6d861e191d14ee4741a5969b1d2ffbfc,2025-03-03T13:00:00.0000000Z,1
105072,203,2025-03-03T17:30:00.0000000Z,3661,5813,1,0,H,0.688293,0.189974,0.121733,H,1,0.373540,0.148070,formax-outcome-4.0,6d861e191d14ee4741a5969b1d2ffbfc,2025-03-03T17:30:00.0000000Z,1
105683,203,2025-03-03T17:30:00.0000000Z,2549,1176,2,2,D,0.495982,0.258065,0.245953,H,0,1.354543,0.856958,formax-outcome-4.0,6d861e191d14ee4741a5969b1d2ffbfc,2025-03-03T17:30:00.0000000Z,1
105467,135,2025-03-03T19:45:00.0000000Z,2013,1719,2,0,H,0.644660,0.223772,0.131568,H,1,0.439032,0.193651,formax-outcome-4.0,6d861e191d14ee4741a5969b1d2ffbfc,2025-03-03T19:45:00.0000000Z,1
102107,2,2025-03-04T17:45:00.0000000Z,1782,2109,1,3,A,0.386239,0.248021,0.365740,H,0,1.005832,0.612980,formax-outcome-4.0,6d861e191d14ee4741a5969b1d2ffbfc,2025-03-04T17:45:00.0000000Z,1
101707,40,2025-03-04T19:45:00.0000000Z,1499,3467,0,0,D,0.549388,0.254978,0.195634,H,0,1.366579,0.895158,formax-outcome-4.0,6d861e191d14ee4741a5969b1d2ffbfc,2025-03-04T19:45:00.0000000Z,1
102368,40,2025-03-04T19:45:00.0000000Z,1511,1053,0,2,A,0.380427,0.308401,0.311172,H,0,1.167410,0.714320,formax-outcome-4.0,6d861e191d14ee4741a5969b1d2ffbfc,2025-03-04T19:45:00.0000000Z,1
104965,40,2025-03-04T19:45:00.0000000Z,1386,2531,1,2,A,0.216231,0.292086,0.491684,A,1,0.709920,0.390455,formax-outcome-4.0,6d861e191d14ee4741a5969b1d2ffbfc,2025-03-04T19:45:00.0000000Z,1
106252,40,2025-03-04T19:45:00.0000000Z,1718,1380,2,0,H,0.536774,0.255667,0.207559,H,1,0.622178,0.323025,formax-outcome-4.0,6d861e191d14ee4741a5969b1d2ffbfc,2025-03-04T19:45:00.0000000Z,1
102884,2,2025-03-04T20:00:00.0000000Z,989,4470,1,1,D,0.387567,0.247554,0.364879,H,0,1.396127,0.849520,formax-outcome-4.0,6d861e191d14ee4741a5969b1d2ffbfc,2025-03-04T20:00:00.0000000Z,1
104031,2,2025-03-04T20:00:00.0000000Z,1775,4559,1,7,A,0.298345,0.236786,0.464869,A,1,0.765999,0.431442,formax-outcome-4.0,6d861e191d14ee4741a5969b1d2ffbfc,2025-03-04T20:00:00.0000000Z,1
105899,2,2025-03-04T20:00:00.0000000Z,4521,4267,2,1,H,0.539056,0.220762,0.240182,H,1,0.617935,0.318892,formax-outcome-4.0,6d861e191d14ee4741a5969b1d2ffbfc,2025-03-04T20:00:00.0000000Z,1
104619,2,2025-03-05T17:45:00.0000000Z,2516,2685,0,2,A,0.254585,0.230559,0.514856,A,1,0.663868,0.353335,formax-outcome-4.0,6d861e191d14ee4741a5969b1d2ffbfc,2025-03-05T17:45:00.0000000Z,1
88402,2,2025-03-05T20:00:00.0000000Z,3711,4005,0,1,A,0.234936,0.204904,0.560160,A,1,0.579534,0.290640,formax-outcome-4.0,6d861e191d14ee4741a5969b1d2ffbfc,2025-03-05T20:00:00.0000000Z,1
102056,2,2025-03-05T20:00:00.0000000Z,1328,1260,3,0,H,0.443199,0.241740,0.315061,H,1,0.813736,0.467728,formax-outcome-4.0,6d861e191d14ee4741a5969b1d2ffbfc,2025-03-05T20:00:00.0000000Z,1
107275,2,2025-03-05T20:00:00.0000000Z,5284,2208,0,1,A,0.443003,0.224143,0.332853,H,0,1.100053,0.691577,formax-outcome-4.0,6d861e191d14ee4741a5969b1d2ffbfc,2025-03-05T20:00:00.0000000Z,1
42824,3,2025-03-06T17:45:00.0000000Z,3588,2750,1,3,A,0.570935,0.222283,0.206782,H,0,1.576089,1.004571,formax-outcome-4.0,6d861e191d14ee4741a5969b1d2ffbfc,2025-03-06T17:45:00.0000000Z,1
99972,848,2025-03-06T17:45:00.0000000Z,2033,2479,2,2,D,0.521975,0.253293,0.224731,H,0,1.373207,0.880533,formax-outcome-4.0,6d861e191d14ee4741a5969b1d2ffbfc,2025-03-06T17:45:00.0000000Z,1
101793,3,2025-03-06T17:45:00.0000000Z,1830,4266,1,1,D,0.463850,0.258332,0.277818,H,0,1.353511,0.842412,formax-outcome-4.0,6d861e191d14ee4741a5969b1d2ffbfc,2025-03-06T17:45:00.0000000Z,1
103763,3,2025-03-06T17:45:00.0000000Z,1271,2355,1,0,H,0.320121,0.258800,0.421079,A,0,1.139057,0.706521,formax-outcome-4.0,6d861e191d14ee4741a5969b1d2ffbfc,2025-03-06T17:45:00.0000000Z,1
72599,3,2025-03-06T20:00:00.0000000Z,2530,4472,1,2,A,0.602571,0.226215,0.171215,H,0,1.764837,1.101149,formax-outcome-4.0,6d861e191d14ee4741a5969b1d2ffbfc,2025-03-06T20:00:00.0000000Z,1
105537,3,2025-03-06T20:00:00.0000000Z,1631,2837,1,2,A,0.356403,0.249226,0.394372,A,1,0.930462,0.555922,formax-outcome-4.0,6d861e191d14ee4741a5969b1d2ffbfc,2025-03-06T20:00:00.0000000Z,1
106138,3,2025-03-06T20:00:00.0000000Z,2799,1906,2,1,H,0.444025,0.253399,0.302576,H,1,0.811875,0.464872,formax-outcome-4.0,6d861e191d14ee4741a5969b1d2ffbfc,2025-03-06T20:00:00.0000000Z,1
103519,203,2025-03-07T17:30:00.0000000Z,6023,4226,1,0,H,0.448185,0.265103,0.286712,H,1,0.802549,0.456983,formax-outcome-4.0,6d861e191d14ee4741a5969b1d2ffbfc,2025-03-07T17:30:00.0000000Z,1
97526,88,2025-03-07T19:00:00.0000000Z,1378,1162,1,1,D,0.474046,0.264940,0.261014,H,0,1.328253,0.833162,formax-outcome-4.0,6d861e191d14ee4741a5969b1d2ffbfc,2025-03-07T19:00:00.0000000Z,1
101987,78,2025-03-07T19:30:00.0000000Z,1051,1281,1,3,A,0.373585,0.266121,0.360294,H,0,1.020835,0.619610,formax-outcome-4.0,6d861e191d14ee4741a5969b1d2ffbfc,2025-03-07T19:30:00.0000000Z,1
98386,61,2025-03-07T19:45:00.0000000Z,1872,2085,1,1,D,0.369943,0.250143,0.379915,A,0,1.385724,0.843479,formax-outcome-4.0,6d861e191d14ee4741a5969b1d2ffbfc,2025-03-07T19:45:00.0000000Z,1
106768,135,2025-03-07T19:45:00.0000000Z,3394,1649,1,1,D,0.361178,0.303335,0.335487,H,0,1.192917,0.728343,formax-outcome-4.0,6d861e191d14ee4741a5969b1d2ffbfc,2025-03-07T19:45:00.0000000Z,1
102771,40,2025-03-07T20:00:00.0000000Z,4379,1476,1,1,D,0.587462,0.241443,0.171095,H,0,1.421124,0.949795,formax-outcome-4.0,6d861e191d14ee4741a5969b1d2ffbfc,2025-03-07T20:00:00.0000000Z,1
105071,203,2025-03-08T10:30:00.0000000Z,6025,3661,3,1,H,0.277121,0.262473,0.460406,A,0,1.283300,0.803419,formax-outcome-4.0,6d861e191d14ee4741a5969b1d2ffbfc,2025-03-08T10:30:00.0000000Z,1
98302,40,2025-03-08T12:30:00.0000000Z,5841,3483,3,2,H,0.561761,0.250788,0.187451,H,1,0.576680,0.290087,formax-outcome-4.0,6d861e191d14ee4741a5969b1d2ffbfc,2025-03-08T12:30:00.0000000Z,1
102367,40,2025-03-08T12:30:00.0000000Z,1253,1511,1,2,A,0.426871,0.297610,0.275519,H,0,1.289099,0.795663,formax-outcome-4.0,6d861e191d14ee4741a5969b1d2ffbfc,2025-03-08T12:30:00.0000000Z,1
104766,39,2025-03-08T12:30:00.0000000Z,2480,4166,1,0,H,0.370992,0.251591,0.377417,A,0,0.991575,0.601393,formax-outcome-4.0,6d861e191d14ee4741a5969b1d2ffbfc,2025-03-08T12:30:00.0000000Z,1
103445,203,2025-03-08T13:00:00.0000000Z,5867,1845,2,1,H,0.415402,0.266867,0.317731,H,1,0.878510,0.513927,formax-outcome-4.0,6d861e191d14ee4741a5969b1d2ffbfc,2025-03-08T13:00:00.0000000Z,1
105351,140,2025-03-08T13:00:00.0000000Z,1904,4408,2,1,H,0.567217,0.239684,0.193099,H,1,0.567012,0.282036,formax-outcome-4.0,6d861e191d14ee4741a5969b1d2ffbfc,2025-03-08T13:00:00.0000000Z,1
106572,135,2025-03-08T14:00:00.0000000Z,5356,3310,1,1,D,0.487465,0.280558,0.231976,H,0,1.270974,0.809032,formax-outcome-4.0,6d861e191d14ee4741a5969b1d2ffbfc,2025-03-08T14:00:00.0000000Z,1
107012,135,2025-03-08T14:00:00.0000000Z,3648,1652,2,2,D,0.310798,0.293687,0.395515,A,0,1.225241,0.751906,formax-outcome-4.0,6d861e191d14ee4741a5969b1d2ffbfc,2025-03-08T14:00:00.0000000Z,1
101594,78,2025-03-08T14:30:00.0000000Z,1260,966,0,2,A,0.688689,0.181210,0.130102,H,0,2.039440,1.263852,formax-outcome-4.0,6d861e191d14ee4741a5969b1d2ffbfc,2025-03-08T14:30:00.0000000Z,1
102055,78,2025-03-08T14:30:00.0000000Z,1328,967,2,3,A,0.763281,0.147897,0.088822,H,0,2.421122,1.434717,formax-outcome-4.0,6d861e191d14ee4741a5969b1d2ffbfc,2025-03-08T14:30:00.0000000Z,1
106695,78,2025-03-08T14:30:00.0000000Z,989,1109,0,1,A,0.555419,0.233959,0.210622,H,0,1.557691,0.986345,formax-outcome-4.0,6d861e191d14ee4741a5969b1d2ffbfc,2025-03-08T14:30:00.0000000Z,1
99619,40,2025-03-08T15:00:00.0000000Z,3380,1912,2,1,H,0.338853,0.308308,0.352839,A,0,1.082188,0.656664,formax-outcome-4.0,6d861e191d14ee4741a5969b1d2ffbfc,2025-03-08T15:00:00.0000000Z,1
101706,40,2025-03-08T15:00:00.0000000Z,1460,1499,1,0,H,0.483092,0.282264,0.234644,H,1,0.727548,0.401925,formax-outcome-4.0,6d861e191d14ee4741a5969b1d2ffbfc,2025-03-08T15:00:00.0000000Z,1
102280,40,2025-03-08T15:00:00.0000000Z,1531,1502,1,0,H,0.474185,0.277221,0.248594,H,1,0.746158,0.415132,formax-outcome-4.0,6d861e191d14ee4741a5969b1d2ffbfc,2025-03-08T15:00:00.0000000Z,1
102657,40,2025-03-08T15:00:00.0000000Z,3467,4380,1,0,H,0.363897,0.270248,0.365854,A,0,1.010883,0.611510,formax-outcome-4.0,6d861e191d14ee4741a5969b1d2ffbfc,2025-03-08T15:00:00.0000000Z,1
103015,40,2025-03-08T15:00:00.0000000Z,1053,1718,1,1,D,0.497838,0.280631,0.221531,H,0,1.270714,0.814410,formax-outcome-4.0,6d861e191d14ee4741a5969b1d2ffbfc,2025-03-08T15:00:00.0000000Z,1
104701,39,2025-03-08T15:00:00.0000000Z,2208,4290,3,1,H,0.811553,0.124421,0.064027,H,1,0.208806,0.055092,formax-outcome-4.0,6d861e191d14ee4741a5969b1d2ffbfc,2025-03-08T15:00:00.0000000Z,1
104964,40,2025-03-08T15:00:00.0000000Z,2531,774,4,0,H,0.673644,0.223871,0.102485,H,1,0.395054,0.167130,formax-outcome-4.0,6d861e191d14ee4741a5969b1d2ffbfc,2025-03-08T15:00:00.0000000Z,1
105732,40,2025-03-08T15:00:00.0000000Z,2209,1386,2,1,H,0.570240,0.246334,0.183426,H,1,0.561697,0.279019,formax-outcome-4.0,6d861e191d14ee4741a5969b1d2ffbfc,2025-03-08T15:00:00.0000000Z,1
105944,39,2025-03-08T15:00:00.0000000Z,873,4928,2,1,H,0.408731,0.263858,0.327411,H,1,0.894698,0.526418,formax-outcome-4.0,6d861e191d14ee4741a5969b1d2ffbfc,2025-03-08T15:00:00.0000000Z,1
106336,39,2025-03-08T15:00:00.0000000Z,1486,3598,1,0,H,0.587453,0.223730,0.188818,H,1,0.531960,0.255902,formax-outcome-4.0,6d861e191d14ee4741a5969b1d2ffbfc,2025-03-08T15:00:00.0000000Z,1
107521,40,2025-03-08T15:00:00.0000000Z,1380,4169,0,3,A,0.335245,0.266594,0.398161,A,1,0.920899,0.545672,formax-outcome-4.0,6d861e191d14ee4741a5969b1d2ffbfc,2025-03-08T15:00:00.0000000Z,1
103903,140,2025-03-08T15:15:00.0000000Z,759,1776,1,0,H,0.320392,0.264275,0.415333,A,0,1.138211,0.704210,formax-outcome-4.0,6d861e191d14ee4741a5969b1d2ffbfc,2025-03-08T15:15:00.0000000Z,1
104258,88,2025-03-08T15:30:00.0000000Z,1079,4157,1,0,H,0.505740,0.247482,0.246778,H,1,0.681732,0.366439,formax-outcome-4.0,6d861e191d14ee4741a5969b1d2ffbfc,2025-03-08T15:30:00.0000000Z,1
107388,61,2025-03-08T16:00:00.0000000Z,1781,5284,1,4,A,0.132472,0.174348,0.693180,A,1,0.366466,0.142085,formax-outcome-4.0,6d861e191d14ee4741a5969b1d2ffbfc,2025-03-08T16:00:00.0000000Z,1
103185,135,2025-03-08T17:00:00.0000000Z,1584,1488,2,3,A,0.266315,0.300015,0.433670,A,1,0.835471,0.481662,formax-outcome-4.0,6d861e191d14ee4741a5969b1d2ffbfc,2025-03-08T17:00:00.0000000Z,1
101909,78,2025-03-08T17:30:00.0000000Z,5685,821,0,0,D,0.371256,0.263030,0.365714,H,0,1.335489,0.814703,formax-outcome-4.0,6d861e191d14ee4741a5969b1d2ffbfc,2025-03-08T17:30:00.0000000Z,1
102106,39,2025-03-08T17:30:00.0000000Z,5807,2109,0,1,A,0.443288,0.252893,0.303819,H,0,1.191322,0.745126,formax-outcome-4.0,6d861e191d14ee4741a5969b1d2ffbfc,2025-03-08T17:30:00.0000000Z,1
103592,203,2025-03-08T17:30:00.0000000Z,5068,7043,1,2,A,0.692082,0.190294,0.117624,H,0,2.140262,1.293777,formax-outcome-4.0,6d861e191d14ee4741a5969b1d2ffbfc,2025-03-08T17:30:00.0000000Z,1
106651,140,2025-03-08T17:30:00.0000000Z,2030,1913,2,1,H,0.586530,0.229340,0.184129,H,1,0.533531,0.257458,formax-outcome-4.0,6d861e191d14ee4741a5969b1d2ffbfc,2025-03-08T17:30:00.0000000Z,1
102883,61,2025-03-08T18:00:00.0000000Z,4470,1835,1,0,H,0.698351,0.176048,0.125601,H,1,0.359033,0.137761,formax-outcome-4.0,6d861e191d14ee4741a5969b1d2ffbfc,2025-03-08T18:00:00.0000000Z,1
104030,88,2025-03-08T19:00:00.0000000Z,1775,990,2,1,H,0.734786,0.159616,0.105598,H,1,0.308176,0.106967,formax-outcome-4.0,6d861e191d14ee4741a5969b1d2ffbfc,2025-03-08T19:00:00.0000000Z,1
106631,135,2025-03-08T19:45:00.0000000Z,2685,3659,3,2,H,0.754820,0.168447,0.076733,H,1,0.281276,0.094375,formax-outcome-4.0,6d861e191d14ee4741a5969b1d2ffbfc,2025-03-08T19:45:00.0000000Z,1
71234,39,2025-03-08T20:00:00.0000000Z,1829,1482,1,1,D,0.318155,0.277316,0.404530,A,0,1.282598,0.787139,formax-outcome-4.0,6d861e191d14ee4741a5969b1d2ffbfc,2025-03-08T20:00:00.0000000Z,1
106185,61,2025-03-08T20:05:00.0000000Z,5071,886,0,1,A,0.551439,0.229393,0.219168,H,0,1.517915,0.966403,formax-outcome-4.0,6d861e191d14ee4741a5969b1d2ffbfc,2025-03-08T20:05:00.0000000Z,1
105100,203,2025-03-09T10:30:00.0000000Z,5813,2549,3,1,H,0.358812,0.274211,0.366978,A,0,1.024958,0.620987,formax-outcome-4.0,6d861e191d14ee4741a5969b1d2ffbfc,2025-03-09T10:30:00.0000000Z,1
103056,88,2025-03-09T11:15:00.0000000Z,1088,4678,2,3,A,0.345207,0.267874,0.386919,A,1,0.949541,0.566793,formax-outcome-4.0,6d861e191d14ee4741a5969b1d2ffbfc,2025-03-09T11:15:00.0000000Z,1
105466,135,2025-03-09T11:30:00.0000000Z,1719,1520,1,2,A,0.236523,0.261895,0.501582,A,1,0.689989,0.372953,formax-outcome-4.0,6d861e191d14ee4741a5969b1d2ffbfc,2025-03-09T11:30:00.0000000Z,1
102512,40,2025-03-09T12:00:00.0000000Z,1654,2269,1,0,H,0.183115,0.238541,0.578344,A,0,1.697642,1.058686,formax-outcome-4.0,6d861e191d14ee4741a5969b1d2ffbfc,2025-03-09T12:00:00.0000000Z,1
103375,203,2025-03-09T13:00:00.0000000Z,6991,1717,2,1,H,0.553862,0.250201,0.195937,H,1,0.590839,0.300030,formax-outcome-4.0,6d861e191d14ee4741a5969b1d2ffbfc,2025-03-09T13:00:00.0000000Z,1
103975,140,2025-03-09T13:00:00.0000000Z,1914,4267,2,1,H,0.327690,0.301607,0.370704,A,0,1.115689,0.680389,formax-outcome-4.0,6d861e191d14ee4741a5969b1d2ffbfc,2025-03-09T13:00:00.0000000Z,1
105682,203,2025-03-09T13:00:00.0000000Z,1176,7044,3,2,H,0.765039,0.153104,0.081857,H,1,0.267829,0.085348,formax-outcome-4.0,6d861e191d14ee4741a5969b1d2ffbfc,2025-03-09T13:00:00.0000000Z,1
38729,88,2025-03-09T13:30:00.0000000Z,1080,1580,2,3,A,0.425593,0.258600,0.315806,H,0,1.152626,0.716125,formax-outcome-4.0,6d861e191d14ee4741a5969b1d2ffbfc,2025-03-09T13:30:00.0000000Z,1
88208,88,2025-03-09T13:30:00.0000000Z,2612,2530,0,1,A,0.255775,0.257562,0.486662,A,1,0.720185,0.395275,formax-outcome-4.0,6d861e191d14ee4741a5969b1d2ffbfc,2025-03-09T13:30:00.0000000Z,1
101864,39,2025-03-09T14:00:00.0000000Z,3373,1910,1,0,H,0.706881,0.178414,0.114705,H,1,0.346893,0.130908,formax-outcome-4.0,6d861e191d14ee4741a5969b1d2ffbfc,2025-03-09T14:00:00.0000000Z,1
103290,61,2025-03-09T14:00:00.0000000Z,4558,1257,2,0,H,0.412432,0.256789,0.330779,H,1,0.885685,0.520592,formax-outcome-4.0,6d861e191d14ee4741a5969b1d2ffbfc,2025-03-09T14:00:00.0000000Z,1
106922,135,2025-03-09T14:00:00.0000000Z,2845,1503,2,1,H,0.449595,0.275510,0.274894,H,1,0.799407,0.454418,formax-outcome-4.0,6d861e191d14ee4741a5969b1d2ffbfc,2025-03-09T14:00:00.0000000Z,1
107200,39,2025-03-09T14:00:00.0000000Z,2355,3646,2,2,D,0.345930,0.267746,0.386325,A,0,1.317718,0.805110,formax-outcome-4.0,6d861e191d14ee4741a5969b1d2ffbfc,2025-03-09T14:00:00.0000000Z,1
72598,78,2025-03-09T14:30:00.0000000Z,4472,4180,1,2,A,0.559526,0.232700,0.207774,H,0,1.571307,0.994842,formax-outcome-4.0,6d861e191d14ee4741a5969b1d2ffbfc,2025-03-09T14:30:00.0000000Z,1
104360,140,2025-03-09T15:15:00.0000000Z,4521,2517,2,1,H,0.675405,0.203481,0.121114,H,1,0.392443,0.161435,formax-outcome-4.0,6d861e191d14ee4741a5969b1d2ffbfc,2025-03-09T15:15:00.0000000Z,1
83366,88,2025-03-09T15:45:00.0000000Z,3707,958,1,0,H,0.623521,0.213201,0.163279,H,1,0.472373,0.213851,formax-outcome-4.0,6d861e191d14ee4741a5969b1d2ffbfc,2025-03-09T15:45:00.0000000Z,1
60475,61,2025-03-09T16:15:00.0000000Z,1068,1815,0,2,A,0.304145,0.261703,0.434152,A,1,0.834360,0.481177,formax-outcome-4.0,6d861e191d14ee4741a5969b1d2ffbfc,2025-03-09T16:15:00.0000000Z,1
104906,61,2025-03-09T16:15:00.0000000Z,1668,1911,0,1,A,0.235809,0.242043,0.522149,A,1,0.649803,0.342532,formax-outcome-4.0,6d861e191d14ee4741a5969b1d2ffbfc,2025-03-09T16:15:00.0000000Z,1
107242,61,2025-03-09T16:15:00.0000000Z,1823,3538,1,1,D,0.407826,0.245115,0.347059,H,0,1.406026,0.856622,formax-outcome-4.0,6d861e191d14ee4741a5969b1d2ffbfc,2025-03-09T16:15:00.0000000Z,1
103124,39,2025-03-09T16:30:00.0000000Z,4266,4559,1,1,D,0.244588,0.260502,0.494910,A,0,1.345145,0.851617,formax-outcome-4.0,6d861e191d14ee4741a5969b1d2ffbfc,2025-03-09T16:30:00.0000000Z,1
107159,78,2025-03-09T16:30:00.0000000Z,3573,4330,1,1,D,0.573904,0.217780,0.208317,H,0,1.524270,0.984629,formax-outcome-4.0,6d861e191d14ee4741a5969b1d2ffbfc,2025-03-09T16:30:00.0000000Z,1
106282,135,2025-03-09T17:00:00.0000000Z,1849,2799,0,1,A,0.176976,0.235811,0.587213,A,1,0.532367,0.257320,formax-outcome-4.0,6d861e191d14ee4741a5969b1d2ffbfc,2025-03-09T17:00:00.0000000Z,1
98911,203,2025-03-09T17:30:00.0000000Z,6847,3309,1,2,A,0.360741,0.261231,0.378028,A,1,0.972787,0.585225,formax-outcome-4.0,6d861e191d14ee4741a5969b1d2ffbfc,2025-03-09T17:30:00.0000000Z,1
106137,140,2025-03-09T17:30:00.0000000Z,1906,1925,1,1,D,0.676393,0.204286,0.119321,H,0,1.588235,1.104906,formax-outcome-4.0,6d861e191d14ee4741a5969b1d2ffbfc,2025-03-09T17:30:00.0000000Z,1
106234,140,2025-03-09T17:30:00.0000000Z,2033,1923,1,0,H,0.567126,0.241920,0.190955,H,1,0.567174,0.282369,formax-outcome-4.0,6d861e191d14ee4741a5969b1d2ffbfc,2025-03-09T17:30:00.0000000Z,1
53943,61,2025-03-09T19:45:00.0000000Z,3851,3589,0,2,A,0.312077,0.246819,0.441104,A,1,0.818476,0.470677,formax-outcome-4.0,6d861e191d14ee4741a5969b1d2ffbfc,2025-03-09T19:45:00.0000000Z,1
106022,135,2025-03-09T19:45:00.0000000Z,2013,4702,0,4,A,0.344351,0.287741,0.367908,A,1,0.999922,0.600912,formax-outcome-4.0,6d861e191d14ee4741a5969b1d2ffbfc,2025-03-09T19:45:00.0000000Z,1
101792,140,2025-03-09T20:00:00.0000000Z,1830,3049,0,1,A,0.534605,0.256348,0.209048,H,0,1.565192,0.977121,formax-outcome-4.0,6d861e191d14ee4741a5969b1d2ffbfc,2025-03-09T20:00:00.0000000Z,1
82522,203,2025-03-10T17:30:00.0000000Z,3673,4926,1,2,A,0.622259,0.220424,0.157317,H,0,1.849493,1.145908,formax-outcome-4.0,6d861e191d14ee4741a5969b1d2ffbfc,2025-03-10T17:30:00.0000000Z,1
105536,135,2025-03-10T19:45:00.0000000Z,2837,3405,1,1,D,0.502286,0.263432,0.234281,H,0,1.333958,0.849711,formax-outcome-4.0,6d861e191d14ee4741a5969b1d2ffbfc,2025-03-10T19:45:00.0000000Z,1
71143,39,2025-03-10T20:00:00.0000000Z,2751,1013,0,1,A,0.250328,0.250276,0.499396,A,1,0.694356,0.375907,formax-outcome-4.0,6d861e191d14ee4741a5969b1d2ffbfc,2025-03-10T20:00:00.0000000Z,1
105232,140,2025-03-10T20:00:00.0000000Z,762,758,1,1,D,0.456477,0.280638,0.262885,H,0,1.270691,0.794962,formax-outcome-4.0,6d861e191d14ee4741a5969b1d2ffbfc,2025-03-10T20:00:00.0000000Z,1
88400,2,2025-03-11T17:45:00.0000000Z,4005,3711,3,1,H,0.621761,0.195825,0.182414,H,1,0.475199,0.214687,formax-outcome-4.0,6d861e191d14ee4741a5969b1d2ffbfc,2025-03-11T17:45:00.0000000Z,1
98301,40,2025-03-11T19:45:00.0000000Z,3380,5841,2,0,H,0.329999,0.286571,0.383431,A,0,1.108667,0.678044,formax-outcome-4.0,6d861e191d14ee4741a5969b1d2ffbfc,2025-03-11T19:45:00.0000000Z,1
101705,40,2025-03-11T19:45:00.0000000Z,2209,1499,1,1,D,0.484547,0.289271,0.226181,H,0,1.240391,0.791080,formax-outcome-4.0,6d861e191d14ee4741a5969b1d2ffbfc,2025-03-11T19:45:00.0000000Z,1
102279,40,2025-03-11T19:45:00.0000000Z,4380,1502,2,1,H,0.454142,0.275259,0.270599,H,1,0.789346,0.446953,formax-outcome-4.0,6d861e191d14ee4741a5969b1d2ffbfc,2025-03-11T19:45:00.0000000Z,1
102439,40,2025-03-11T19:45:00.0000000Z,2531,1531,1,1,D,0.576272,0.269573,0.154154,H,0,1.310915,0.889377,formax-outcome-4.0,6d861e191d14ee4741a5969b1d2ffbfc,2025-03-11T19:45:00.0000000Z,1
102770,40,2025-03-11T19:45:00.0000000Z,4379,4169,2,3,A,0.495991,0.257854,0.246155,H,0,1.401794,0.880778,formax-outcome-4.0,6d861e191d14ee4741a5969b1d2ffbfc,2025-03-11T19:45:00.0000000Z,1
105731,40,2025-03-11T19:45:00.0000000Z,1386,774,1,2,A,0.508395,0.268069,0.223536,H,0,1.498185,0.933224,formax-outcome-4.0,6d861e191d14ee4741a5969b1d2ffbfc,2025-03-11T19:45:00.0000000Z,1
102054,2,2025-03-11T20:00:00.0000000Z,1260,1328,0,2,A,0.344199,0.248194,0.407608,A,1,0.897450,0.531001,formax-outcome-4.0,6d861e191d14ee4741a5969b1d2ffbfc,2025-03-11T20:00:00.0000000Z,1
103014,40,2025-03-11T20:00:00.0000000Z,1460,1053,1,1,D,0.475059,0.282416,0.242525,H,0,1.264374,0.799426,formax-outcome-4.0,6d861e191d14ee4741a5969b1d2ffbfc,2025-03-11T20:00:00.0000000Z,1
104618,2,2025-03-11T20:00:00.0000000Z,2685,2516,2,1,H,0.640092,0.199014,0.160894,H,1,0.446144,0.195028,formax-outcome-4.0,6d861e191d14ee4741a5969b1d2ffbfc,2025-03-11T20:00:00.0000000Z,1
107274,2,2025-03-11T20:00:00.0000000Z,2208,5284,0,1,A,0.440370,0.231829,0.327801,H,0,1.115350,0.699523,formax-outcome-4.0,6d861e191d14ee4741a5969b1d2ffbfc,2025-03-11T20:00:00.0000000Z,1
102882,2,2025-03-12T17:45:00.0000000Z,4470,989,1,2,A,0.488554,0.247677,0.263769,H,0,1.332681,0.842065,formax-outcome-4.0,6d861e191d14ee4741a5969b1d2ffbfc,2025-03-12T17:45:00.0000000Z,1
102366,40,2025-03-12T19:45:00.0000000Z,2269,1511,2,0,H,0.718851,0.188801,0.092348,H,1,0.330101,0.123219,formax-outcome-4.0,6d861e191d14ee4741a5969b1d2ffbfc,2025-03-12T19:45:00.0000000Z,1
102511,40,2025-03-12T19:45:00.0000000Z,1654,1380,1,2,A,0.629742,0.217724,0.152534,H,0,1.880369,1.162178,formax-outcome-4.0,6d861e191d14ee4741a5969b1d2ffbfc,2025-03-12T19:45:00.0000000Z,1
102656,40,2025-03-12T19:45:00.0000000Z,1253,3467,1,0,H,0.457798,0.273716,0.268486,H,1,0.781327,0.440988,formax-outcome-4.0,6d861e191d14ee4741a5969b1d2ffbfc,2025-03-12T19:45:00.0000000Z,1
106251,40,2025-03-12T19:45:00.0000000Z,1718,1476,2,1,H,0.508794,0.276755,0.214451,H,1,0.675712,0.363866,formax-outcome-4.0,6d861e191d14ee4741a5969b1d2ffbfc,2025-03-12T19:45:00.0000000Z,1
99618,40,2025-03-12T20:00:00.0000000Z,3483,1912,1,0,H,0.374927,0.300680,0.324393,H,1,0.981024,0.586355,formax-outcome-4.0,6d861e191d14ee4741a5969b1d2ffbfc,2025-03-12T20:00:00.0000000Z,1
102105,2,2025-03-12T20:00:00.0000000Z,2109,1782,3,0,H,0.540062,0.229941,0.229996,H,1,0.616070,0.317314,formax-outcome-4.0,6d861e191d14ee4741a5969b1d2ffbfc,2025-03-12T20:00:00.0000000Z,1
104029,2,2025-03-12T20:00:00.0000000Z,4559,1775,2,2,D,0.688298,0.176139,0.135564,H,0,1.736484,1.170879,formax-outcome-4.0,6d861e191d14ee4741a5969b1d2ffbfc,2025-03-12T20:00:00.0000000Z,1
105898,2,2025-03-12T20:00:00.0000000Z,4267,4521,1,0,H,0.328433,0.241781,0.429786,A,0,1.113423,0.694177,formax-outcome-4.0,6d861e191d14ee4741a5969b1d2ffbfc,2025-03-12T20:00:00.0000000Z,1
72597,3,2025-03-13T17:45:00.0000000Z,4472,2530,4,1,H,0.390319,0.271941,0.337740,H,1,0.940790,0.559730,formax-outcome-4.0,6d861e191d14ee4741a5969b1d2ffbfc,2025-03-13T17:45:00.0000000Z,1
105535,3,2025-03-13T17:45:00.0000000Z,2837,1631,1,1,D,0.673338,0.186935,0.139728,H,0,1.676996,1.133983,formax-outcome-4.0,6d861e191d14ee4741a5969b1d2ffbfc,2025-03-13T17:45:00.0000000Z,1
106136,3,2025-03-13T17:45:00.0000000Z,1906,2799,3,1,H,0.526625,0.240659,0.232716,H,1,0.641266,0.336157,formax-outcome-4.0,6d861e191d14ee4741a5969b1d2ffbfc,2025-03-13T17:45:00.0000000Z,1
42823,3,2025-03-13T20:00:00.0000000Z,2750,3588,0,2,A,0.544916,0.227191,0.227893,H,0,1.478879,0.944698,formax-outcome-4.0,6d861e191d14ee4741a5969b1d2ffbfc,2025-03-13T20:00:00.0000000Z,1
99970,848,2025-03-13T20:00:00.0000000Z,2479,2033,0,4,A,0.469220,0.258905,0.271875,H,0,1.302413,0.817365,formax-outcome-4.0,6d861e191d14ee4741a5969b1d2ffbfc,2025-03-13T20:00:00.0000000Z,1
101791,3,2025-03-13T20:00:00.0000000Z,4266,1830,4,1,H,0.586646,0.229852,0.183502,H,1,0.533333,0.257366,formax-outcome-4.0,6d861e191d14ee4741a5969b1d2ffbfc,2025-03-13T20:00:00.0000000Z,1
103762,3,2025-03-13T20:00:00.0000000Z,2355,1271,3,1,H,0.691282,0.186002,0.122717,H,1,0.369208,0.144963,formax-outcome-4.0,6d861e191d14ee4741a5969b1d2ffbfc,2025-03-13T20:00:00.0000000Z,1
98910,203,2025-03-14T17:30:00.0000000Z,3309,5867,4,0,H,0.748453,0.158086,0.093461,H,1,0.289747,0.097002,formax-outcome-4.0,6d861e191d14ee4741a5969b1d2ffbfc,2025-03-14T17:30:00.0000000Z,1
60474,61,2025-03-14T19:45:00.0000000Z,3851,1815,1,1,D,0.380840,0.258030,0.361130,H,0,1.354681,0.825975,formax-outcome-4.0,6d861e191d14ee4741a5969b1d2ffbfc,2025-03-14T19:45:00.0000000Z,1
105808,135,2025-03-14T19:45:00.0000000Z,1649,1584,2,1,H,0.489608,0.280993,0.229399,H,1,0.714151,0.392081,formax-outcome-4.0,6d861e191d14ee4741a5969b1d2ffbfc,2025-03-14T19:45:00.0000000Z,1
102769,40,2025-03-14T20:00:00.0000000Z,1053,4379,2,1,H,0.494260,0.270977,0.234762,H,1,0.704693,0.384315,formax-outcome-4.0,6d861e191d14ee4741a5969b1d2ffbfc,2025-03-14T20:00:00.0000000Z,1
103902,140,2025-03-14T20:00:00.0000000Z,1923,759,2,2,D,0.454916,0.277392,0.267692,H,0,1.282323,0.800769,formax-outcome-4.0,6d861e191d14ee4741a5969b1d2ffbfc,2025-03-14T20:00:00.0000000Z,1
104119,203,2025-03-15T10:30:00.0000000Z,4926,6025,1,0,H,0.649473,0.202370,0.148156,H,1,0.431593,0.185773,formax-outcome-4.0,6d861e191d14ee4741a5969b1d2ffbfc,2025-03-15T10:30:00.0000000Z,1
102278,40,2025-03-15T12:30:00.0000000Z,1502,2269,2,2,D,0.206824,0.262673,0.530503,A,0,1.336847,0.867862,formax-outcome-4.0,6d861e191d14ee4741a5969b1d2ffbfc,2025-03-15T12:30:00.0000000Z,1
102365,40,2025-03-15T12:30:00.0000000Z,1511,3483,1,0,H,0.491994,0.285115,0.222891,H,1,0.709289,0.389041,formax-outcome-4.0,6d861e191d14ee4741a5969b1d2ffbfc,2025-03-15T12:30:00.0000000Z,1
103518,203,2025-03-15T13:00:00.0000000Z,4226,6847,2,1,H,0.532370,0.231653,0.235977,H,1,0.630417,0.328027,formax-outcome-4.0,6d861e191d14ee4741a5969b1d2ffbfc,2025-03-15T13:00:00.0000000Z,1
105591,140,2025-03-15T13:00:00.0000000Z,1913,1904,0,1,A,0.290598,0.265508,0.443895,A,1,0.812167,0.464194,formax-outcome-4.0,6d861e191d14ee4741a5969b1d2ffbfc,2025-03-15T13:00:00.0000000Z,1
105465,135,2025-03-15T14:00:00.0000000Z,3405,1719,0,1,A,0.566634,0.246149,0.187217,H,0,1.675488,1.042280,formax-outcome-4.0,6d861e191d14ee4741a5969b1d2ffbfc,2025-03-15T14:00:00.0000000Z,1
107011,135,2025-03-15T14:00:00.0000000Z,3659,3648,1,1,D,0.320381,0.275098,0.404521,A,0,1.290629,0.791765,formax-outcome-4.0,6d861e191d14ee4741a5969b1d2ffbfc,2025-03-15T14:00:00.0000000Z,1
101593,78,2025-03-15T14:30:00.0000000Z,966,1051,2,4,A,0.359927,0.254766,0.385307,A,1,0.953716,0.572301,formax-outcome-4.0,6d861e191d14ee4741a5969b1d2ffbfc,2025-03-15T14:30:00.0000000Z,1
102053,78,2025-03-15T14:30:00.0000000Z,4180,1328,1,1,D,0.131156,0.188252,0.680592,A,0,1.669975,1.139343,formax-outcome-4.0,6d861e191d14ee4741a5969b1d2ffbfc,2025-03-15T14:30:00.0000000Z,1
106084,78,2025-03-15T14:30:00.0000000Z,1281,5685,2,2,D,0.446112,0.268497,0.285391,H,0,1.314916,0.815561,formax-outcome-4.0,6d861e191d14ee4741a5969b1d2ffbfc,2025-03-15T14:30:00.0000000Z,1
71233,39,2025-03-15T15:00:00.0000000Z,1482,2751,1,1,D,0.468228,0.280045,0.251726,H,0,1.272804,0.800939,formax-outcome-4.0,6d861e191d14ee4741a5969b1d2ffbfc,2025-03-15T15:00:00.0000000Z,1
98300,40,2025-03-15T15:00:00.0000000Z,5841,2209,3,0,H,0.412683,0.280860,0.306457,H,1,0.885075,0.517739,formax-outcome-4.0,6d861e191d14ee4741a5969b1d2ffbfc,2025-03-15T15:00:00.0000000Z,1
99505,39,2025-03-15T15:00:00.0000000Z,4290,1829,1,2,A,0.212934,0.240138,0.546928,A,1,0.603438,0.308281,formax-outcome-4.0,6d861e191d14ee4741a5969b1d2ffbfc,2025-03-15T15:00:00.0000000Z,1
99617,40,2025-03-15T15:00:00.0000000Z,1912,1386,1,2,A,0.498157,0.276807,0.225036,H,0,1.491493,0.925351,formax-outcome-4.0,6d861e191d14ee4741a5969b1d2ffbfc,2025-03-15T15:00:00.0000000Z,1
101704,40,2025-03-15T15:00:00.0000000Z,1499,1654,2,1,H,0.485045,0.282056,0.232899,H,1,0.723513,0.398976,formax-outcome-4.0,6d861e191d14ee4741a5969b1d2ffbfc,2025-03-15T15:00:00.0000000Z,1
102438,40,2025-03-15T15:00:00.0000000Z,1531,1718,1,1,D,0.527700,0.271756,0.200544,H,0,1.302849,0.849024,formax-outcome-4.0,6d861e191d14ee4741a5969b1d2ffbfc,2025-03-15T15:00:00.0000000Z,1
102579,40,2025-03-15T15:00:00.0000000Z,1380,3380,2,3,A,0.381834,0.287066,0.331100,H,0,1.105336,0.675632,formax-outcome-4.0,6d861e191d14ee4741a5969b1d2ffbfc,2025-03-15T15:00:00.0000000Z,1
102655,40,2025-03-15T15:00:00.0000000Z,3467,2531,0,2,A,0.206677,0.289706,0.503617,A,1,0.685939,0.373041,formax-outcome-4.0,6d861e191d14ee4741a5969b1d2ffbfc,2025-03-15T15:00:00.0000000Z,1
102819,40,2025-03-15T15:00:00.0000000Z,774,4380,0,0,D,0.345452,0.283518,0.371031,A,0,1.260481,0.770348,formax-outcome-4.0,6d861e191d14ee4741a5969b1d2ffbfc,2025-03-15T15:00:00.0000000Z,1
104543,40,2025-03-15T15:00:00.0000000Z,1476,1253,1,0,H,0.384790,0.293779,0.321431,H,1,0.955058,0.568108,formax-outcome-4.0,6d861e191d14ee4741a5969b1d2ffbfc,2025-03-15T15:00:00.0000000Z,1
104765,39,2025-03-15T15:00:00.0000000Z,4166,873,2,2,D,0.389981,0.262581,0.347438,H,0,1.337197,0.816586,formax-outcome-4.0,6d861e191d14ee4741a5969b1d2ffbfc,2025-03-15T15:00:00.0000000Z,1
106428,39,2025-03-15T15:00:00.0000000Z,3598,2480,2,4,A,0.185207,0.231827,0.582966,A,1,0.539627,0.261963,formax-outcome-4.0,6d861e191d14ee4741a5969b1d2ffbfc,2025-03-15T15:00:00.0000000Z,1
105289,140,2025-03-15T15:15:00.0000000Z,1925,762,2,1,H,0.438815,0.292449,0.268736,H,1,0.823678,0.472674,formax-outcome-4.0,6d861e191d14ee4741a5969b1d2ffbfc,2025-03-15T15:15:00.0000000Z,1
38728,88,2025-03-15T15:30:00.0000000Z,4678,1080,0,1,A,0.581621,0.225208,0.193172,H,0,1.644176,1.039973,formax-outcome-4.0,6d861e191d14ee4741a5969b1d2ffbfc,2025-03-15T15:30:00.0000000Z,1
102881,61,2025-03-15T16:00:00.0000000Z,1668,4470,1,0,H,0.177993,0.225331,0.596676,A,0,1.726010,1.082491,formax-outcome-4.0,6d861e191d14ee4741a5969b1d2ffbfc,2025-03-15T16:00:00.0000000Z,1
103184,135,2025-03-15T17:00:00.0000000Z,1488,5356,2,1,H,0.415746,0.279870,0.304384,H,1,0.877680,0.512329,formax-outcome-4.0,6d861e191d14ee4741a5969b1d2ffbfc,2025-03-15T17:00:00.0000000Z,1
82521,203,2025-03-15T17:30:00.0000000Z,1717,3673,1,0,H,0.387276,0.284894,0.327831,H,1,0.948618,0.564068,formax-outcome-4.0,6d861e191d14ee4741a5969b1d2ffbfc,2025-03-15T17:30:00.0000000Z,1
101908,78,2025-03-15T17:30:00.0000000Z,821,989,2,0,H,0.306333,0.261980,0.431687,A,0,1.183081,0.736160,formax-outcome-4.0,6d861e191d14ee4741a5969b1d2ffbfc,2025-03-15T17:30:00.0000000Z,1
102955,39,2025-03-15T17:30:00.0000000Z,3646,5807,1,2,A,0.432091,0.264234,0.303675,H,0,1.191797,0.741391,formax-outcome-4.0,6d861e191d14ee4741a5969b1d2ffbfc,2025-03-15T17:30:00.0000000Z,1
103591,203,2025-03-15T17:30:00.0000000Z,3661,5068,0,3,A,0.534981,0.241395,0.223624,H,0,1.497790,0.947236,formax-outcome-4.0,6d861e191d14ee4741a5969b1d2ffbfc,2025-03-15T17:30:00.0000000Z,1
104841,140,2025-03-15T17:30:00.0000000Z,1776,4521,1,2,A,0.351172,0.271208,0.377620,A,1,0.973866,0.584232,formax-outcome-4.0,6d861e191d14ee4741a5969b1d2ffbfc,2025-03-15T17:30:00.0000000Z,1
97525,88,2025-03-15T17:45:00.0000000Z,1162,2612,1,1,D,0.544431,0.251718,0.203851,H,0,1.379446,0.897886,formax-outcome-4.0,6d861e191d14ee4741a5969b1d2ffbfc,2025-03-15T17:45:00.0000000Z,1
98385,61,2025-03-15T18:00:00.0000000Z,1257,2085,0,2,A,0.203086,0.229457,0.567457,A,1,0.566590,0.280988,formax-outcome-4.0,6d861e191d14ee4741a5969b1d2ffbfc,2025-03-15T18:00:00.0000000Z,1
104028,88,2025-03-15T19:00:00.0000000Z,902,1775,0,3,A,0.231635,0.229930,0.538435,A,1,0.619089,0.319565,formax-outcome-4.0,6d861e191d14ee4741a5969b1d2ffbfc,2025-03-15T19:00:00.0000000Z,1
106281,135,2025-03-15T19:45:00.0000000Z,1652,1849,1,0,H,0.549927,0.257147,0.192926,H,1,0.597970,0.305911,formax-outcome-4.0,6d861e191d14ee4741a5969b1d2ffbfc,2025-03-15T19:45:00.0000000Z,1
104788,88,2025-03-15T20:00:00.0000000Z,990,4157,1,1,D,0.503463,0.252257,0.244280,H,0,1.377308,0.872268,formax-outcome-4.0,6d861e191d14ee4741a5969b1d2ffbfc,2025-03-15T20:00:00.0000000Z,1
105231,140,2025-03-15T20:00:00.0000000Z,758,2030,1,1,D,0.493102,0.263402,0.243496,H,0,1.334072,0.845016,formax-outcome-4.0,6d861e191d14ee4741a5969b1d2ffbfc,2025-03-15T20:00:00.0000000Z,1
107387,61,2025-03-15T20:05:00.0000000Z,886,1781,1,0,H,0.341166,0.273460,0.385374,A,0,1.075387,0.657356,formax-outcome-4.0,6d861e191d14ee4741a5969b1d2ffbfc,2025-03-15T20:05:00.0000000Z,1
103444,203,2025-03-16T10:30:00.0000000Z,1845,6023,0,2,A,0.518321,0.266658,0.215021,H,0,1.537019,0.955955,formax-outcome-4.0,6d861e191d14ee4741a5969b1d2ffbfc,2025-03-16T10:30:00.0000000Z,1
103055,88,2025-03-16T11:15:00.0000000Z,1580,1088,1,0,H,0.639648,0.207261,0.153091,H,1,0.446837,0.196247,formax-outcome-4.0,6d861e191d14ee4741a5969b1d2ffbfc,2025-03-16T11:15:00.0000000Z,1
106921,135,2025-03-16T11:30:00.0000000Z,3310,2845,0,0,D,0.202958,0.271627,0.525415,A,0,1.303326,0.847780,formax-outcome-4.0,6d861e191d14ee4741a5969b1d2ffbfc,2025-03-16T11:30:00.0000000Z,1
103686,40,2025-03-16T12:30:00.0000000Z,4169,1460,0,1,A,0.376707,0.279602,0.343691,H,0,1.068011,0.650826,formax-outcome-4.0,6d861e191d14ee4741a5969b1d2ffbfc,2025-03-16T12:30:00.0000000Z,1
105099,203,2025-03-16T13:00:00.0000000Z,7043,5813,3,2,H,0.465488,0.265082,0.269429,H,1,0.764669,0.428564,formax-outcome-4.0,6d861e191d14ee4741a5969b1d2ffbfc,2025-03-16T13:00:00.0000000Z,1
105350,140,2025-03-16T13:00:00.0000000Z,4408,2033,2,3,A,0.293667,0.279189,0.427144,A,1,0.850634,0.492350,formax-outcome-4.0,6d861e191d14ee4741a5969b1d2ffbfc,2025-03-16T13:00:00.0000000Z,1
105414,203,2025-03-16T13:00:00.0000000Z,2549,6991,1,1,D,0.479450,0.258942,0.261607,H,0,1.351150,0.847477,formax-outcome-4.0,6d861e191d14ee4741a5969b1d2ffbfc,2025-03-16T13:00:00.0000000Z,1
83365,88,2025-03-16T13:30:00.0000000Z,3707,2516,2,6,A,0.402479,0.263796,0.333725,H,0,1.097438,0.675500,formax-outcome-4.0,6d861e191d14ee4741a5969b1d2ffbfc,2025-03-16T13:30:00.0000000Z,1
101863,39,2025-03-16T13:30:00.0000000Z,4559,3373,1,0,H,0.428692,0.269165,0.302143,H,1,0.847017,0.490133,formax-outcome-4.0,6d861e191d14ee4741a5969b1d2ffbfc,2025-03-16T13:30:00.0000000Z,1
104257,88,2025-03-16T13:30:00.0000000Z,1301,1079,1,0,H,0.462110,0.278120,0.259770,H,1,0.771953,0.434157,formax-outcome-4.0,6d861e191d14ee4741a5969b1d2ffbfc,2025-03-16T13:30:00.0000000Z,1
107498,39,2025-03-16T13:30:00.0000000Z,4928,2355,2,0,H,0.326937,0.263731,0.409333,A,0,1.117989,0.690122,formax-outcome-4.0,6d861e191d14ee4741a5969b1d2ffbfc,2025-03-16T13:30:00.0000000Z,1
53941,61,2025-03-16T14:00:00.0000000Z,3589,1823,4,2,H,0.731292,0.166338,0.102370,H,1,0.312942,0.110352,formax-outcome-4.0,6d861e191d14ee4741a5969b1d2ffbfc,2025-03-16T14:00:00.0000000Z,1
105534,135,2025-03-16T14:00:00.0000000Z,1520,2837,5,0,H,0.325842,0.285821,0.388336,A,0,1.121342,0.686988,formax-outcome-4.0,6d861e191d14ee4741a5969b1d2ffbfc,2025-03-16T14:00:00.0000000Z,1
106969,135,2025-03-16T15:00:00.0000000Z,2799,3394,1,0,H,0.586813,0.241602,0.171585,H,1,0.533050,0.258537,formax-outcome-4.0,6d861e191d14ee4741a5969b1d2ffbfc,2025-03-16T15:00:00.0000000Z,1
104431,140,2025-03-16T15:15:00.0000000Z,3049,1906,0,1,A,0.315023,0.276171,0.408806,A,1,0.894514,0.525020,formax-outcome-4.0,6d861e191d14ee4741a5969b1d2ffbfc,2025-03-16T15:15:00.0000000Z,1
72596,78,2025-03-16T15:20:00.0000000Z,967,4472,1,3,A,0.275156,0.243859,0.480985,A,1,0.731920,0.404555,formax-outcome-4.0,6d861e191d14ee4741a5969b1d2ffbfc,2025-03-16T15:20:00.0000000Z,1
88207,88,2025-03-16T15:45:00.0000000Z,2530,1271,2,2,D,0.457062,0.268814,0.274124,H,0,1.313736,0.818683,formax-outcome-4.0,6d861e191d14ee4741a5969b1d2ffbfc,2025-03-16T15:45:00.0000000Z,1
104905,61,2025-03-16T16:15:00.0000000Z,1911,1872,2,1,H,0.366529,0.280494,0.352977,H,1,1.003676,0.604554,formax-outcome-4.0,6d861e191d14ee4741a5969b1d2ffbfc,2025-03-16T16:15:00.0000000Z,1
107093,61,2025-03-16T16:15:00.0000000Z,4558,1068,0,0,D,0.419035,0.272978,0.307988,H,0,1.298366,0.799008,formax-outcome-4.0,6d861e191d14ee4741a5969b1d2ffbfc,2025-03-16T16:15:00.0000000Z,1
107158,78,2025-03-16T16:30:00.0000000Z,4330,1282,3,1,H,0.291579,0.242920,0.465501,A,0,1.232443,0.777561,formax-outcome-4.0,6d861e191d14ee4741a5969b1d2ffbfc,2025-03-16T16:30:00.0000000Z,1
107330,135,2025-03-16T17:00:00.0000000Z,1503,2013,3,0,H,0.426806,0.285655,0.287539,H,1,0.851427,0.492829,formax-outcome-4.0,6d861e191d14ee4741a5969b1d2ffbfc,2025-03-16T17:00:00.0000000Z,1
42822,203,2025-03-16T17:30:00.0000000Z,3588,1176,0,0,D,0.727511,0.169284,0.103205,H,0,1.776175,1.230011,formax-outcome-4.0,6d861e191d14ee4741a5969b1d2ffbfc,2025-03-16T17:30:00.0000000Z,1
101790,140,2025-03-16T17:30:00.0000000Z,2517,1830,2,2,D,0.438379,0.288019,0.273601,H,0,1.244727,0.773950,formax-outcome-4.0,6d861e191d14ee4741a5969b1d2ffbfc,2025-03-16T17:30:00.0000000Z,1
103974,140,2025-03-16T17:30:00.0000000Z,3599,1914,1,2,A,0.384248,0.298899,0.316853,H,0,1.149318,0.703677,formax-outcome-4.0,6d861e191d14ee4741a5969b1d2ffbfc,2025-03-16T17:30:00.0000000Z,1
102154,78,2025-03-16T18:30:00.0000000Z,1278,1260,3,4,A,0.331878,0.253125,0.414998,A,1,0.879483,0.516443,formax-outcome-4.0,6d861e191d14ee4741a5969b1d2ffbfc,2025-03-16T18:30:00.0000000Z,1
103123,39,2025-03-16T19:00:00.0000000Z,1910,4266,0,3,A,0.177146,0.230657,0.592198,A,1,0.523915,0.250886,formax-outcome-4.0,6d861e191d14ee4741a5969b1d2ffbfc,2025-03-16T19:00:00.0000000Z,1
106021,135,2025-03-16T19:45:00.0000000Z,4702,2685,0,2,A,0.449324,0.274280,0.276396,H,0,1.285920,0.800724,formax-outcome-4.0,6d861e191d14ee4741a5969b1d2ffbfc,2025-03-16T19:45:00.0000000Z,1
106184,61,2025-03-16T19:45:00.0000000Z,5284,5071,3,1,H,0.668940,0.189779,0.141281,H,1,0.402062,0.165578,formax-outcome-4.0,6d861e191d14ee4741a5969b1d2ffbfc,2025-03-16T19:45:00.0000000Z,1
105897,140,2025-03-16T20:00:00.0000000Z,4267,4005,2,4,A,0.348401,0.270087,0.381512,A,1,0.963613,0.576857,formax-outcome-4.0,6d861e191d14ee4741a5969b1d2ffbfc,2025-03-16T20:00:00.0000000Z,1
105632,140,2025-03-27T20:00:00.0000000Z,4005,3599,3,0,H,0.738991,0.161774,0.099235,H,1,0.302470,0.104144,formax-outcome-4.0,6d861e191d14ee4741a5969b1d2ffbfc,2025-03-27T20:00:00.0000000Z,1
104177,203,2025-03-28T13:00:00.0000000Z,5867,6847,2,1,H,0.391624,0.273537,0.334839,H,1,0.937454,0.557062,formax-outcome-4.0,6d861e191d14ee4741a5969b1d2ffbfc,2025-03-28T13:00:00.0000000Z,1
105156,203,2025-03-28T13:00:00.0000000Z,6025,7043,5,0,H,0.447102,0.264794,0.288104,H,1,0.804969,0.458816,formax-outcome-4.0,6d861e191d14ee4741a5969b1d2ffbfc,2025-03-28T13:00:00.0000000Z,1
42821,203,2025-03-28T17:30:00.0000000Z,6023,3588,2,4,A,0.220516,0.271888,0.507595,A,1,0.678070,0.365013,formax-outcome-4.0,6d861e191d14ee4741a5969b1d2ffbfc,2025-03-28T17:30:00.0000000Z,1
103374,203,2025-03-28T17:30:00.0000000Z,1717,4926,1,0,H,0.480276,0.265834,0.253890,H,1,0.733394,0.405241,formax-outcome-4.0,6d861e191d14ee4741a5969b1d2ffbfc,2025-03-28T17:30:00.0000000Z,1
102153,78,2025-03-28T19:30:00.0000000Z,1260,967,3,1,H,0.602655,0.214003,0.183342,H,1,0.506411,0.237295,formax-outcome-4.0,6d861e191d14ee4741a5969b1d2ffbfc,2025-03-28T19:30:00.0000000Z,1
53940,61,2025-03-28T19:45:00.0000000Z,1911,3589,4,2,H,0.287875,0.257032,0.455093,A,0,1.245230,0.780298,formax-outcome-4.0,6d861e191d14ee4741a5969b1d2ffbfc,2025-03-28T19:45:00.0000000Z,1
98299,40,2025-03-28T20:00:00.0000000Z,1460,5841,3,1,H,0.494806,0.269044,0.236150,H,1,0.703590,0.383373,formax-outcome-4.0,6d861e191d14ee4741a5969b1d2ffbfc,2025-03-28T20:00:00.0000000Z,1
105098,203,2025-03-29T10:30:00.0000000Z,5813,7044,5,1,H,0.625618,0.212360,0.162022,H,1,0.469015,0.211510,formax-outcome-4.0,6d861e191d14ee4741a5969b1d2ffbfc,2025-03-29T10:30:00.0000000Z,1
104542,40,2025-03-29T12:30:00.0000000Z,1253,1380,0,0,D,0.567123,0.243360,0.189516,H,0,1.413212,0.930049,formax-outcome-4.0,6d861e191d14ee4741a5969b1d2ffbfc,2025-03-29T12:30:00.0000000Z,1
106250,40,2025-03-29T12:30:00.0000000Z,1718,774,0,1,A,0.528661,0.273116,0.198223,H,0,1.618365,0.996922,formax-outcome-4.0,6d861e191d14ee4741a5969b1d2ffbfc,2025-03-29T12:30:00.0000000Z,1
101789,140,2025-03-29T13:00:00.0000000Z,1830,1913,2,1,H,0.638309,0.212409,0.149282,H,1,0.448933,0.198223,formax-outcome-4.0,6d861e191d14ee4741a5969b1d2ffbfc,2025-03-29T13:00:00.0000000Z,1
103517,203,2025-03-29T13:00:00.0000000Z,1176,4226,0,2,A,0.634638,0.201193,0.164169,H,0,1.806858,1.141857,formax-outcome-4.0,6d861e191d14ee4741a5969b1d2ffbfc,2025-03-29T13:00:00.0000000Z,1
103590,203,2025-03-29T13:00:00.0000000Z,5068,2549,1,1,D,0.579908,0.227134,0.192958,H,0,1.482216,0.970849,formax-outcome-4.0,6d861e191d14ee4741a5969b1d2ffbfc,2025-03-29T13:00:00.0000000Z,1
106280,135,2025-03-29T14:00:00.0000000Z,5356,1849,1,1,D,0.563350,0.250480,0.186170,H,0,1.384376,0.913803,formax-outcome-4.0,6d861e191d14ee4741a5969b1d2ffbfc,2025-03-29T14:00:00.0000000Z,1
107299,135,2025-03-29T14:00:00.0000000Z,3310,1520,0,1,A,0.260484,0.288097,0.451419,A,1,0.795360,0.451793,formax-outcome-4.0,6d861e191d14ee4741a5969b1d2ffbfc,2025-03-29T14:00:00.0000000Z,1
101592,78,2025-03-29T14:30:00.0000000Z,1282,966,0,3,A,0.407372,0.235871,0.356757,H,0,1.030701,0.635349,formax-outcome-4.0,6d861e191d14ee4741a5969b1d2ffbfc,2025-03-29T14:30:00.0000000Z,1
101907,78,2025-03-29T14:30:00.0000000Z,1051,821,1,0,H,0.344720,0.253932,0.401349,A,0,1.065024,0.654954,formax-outcome-4.0,6d861e191d14ee4741a5969b1d2ffbfc,2025-03-29T14:30:00.0000000Z,1
102052,78,2025-03-29T14:30:00.0000000Z,1328,4528,3,2,H,0.674010,0.190806,0.135184,H,1,0.394510,0.160951,formax-outcome-4.0,6d861e191d14ee4741a5969b1d2ffbfc,2025-03-29T14:30:00.0000000Z,1
107157,78,2025-03-29T14:30:00.0000000Z,5353,4330,0,1,A,0.610442,0.204833,0.184725,H,0,1.688889,1.079270,formax-outcome-4.0,6d861e191d14ee4741a5969b1d2ffbfc,2025-03-29T14:30:00.0000000Z,1
99616,40,2025-03-29T15:00:00.0000000Z,1654,1912,1,0,H,0.454356,0.291543,0.254100,H,1,0.788873,0.447291,formax-outcome-4.0,6d861e191d14ee4741a5969b1d2ffbfc,2025-03-29T15:00:00.0000000Z,1
102277,40,2025-03-29T15:00:00.0000000Z,3483,1502,3,1,H,0.348968,0.298273,0.352759,A,0,1.052776,0.637249,formax-outcome-4.0,6d861e191d14ee4741a5969b1d2ffbfc,2025-03-29T15:00:00.0000000Z,1
102364,40,2025-03-29T15:00:00.0000000Z,2209,1511,1,0,H,0.482558,0.293719,0.223723,H,1,0.728653,0.404068,formax-outcome-4.0,6d861e191d14ee4741a5969b1d2ffbfc,2025-03-29T15:00:00.0000000Z,1
102437,40,2025-03-29T15:00:00.0000000Z,4379,1531,1,0,H,0.390247,0.287909,0.321844,H,1,0.940975,0.558273,formax-outcome-4.0,6d861e191d14ee4741a5969b1d2ffbfc,2025-03-29T15:00:00.0000000Z,1
102654,40,2025-03-29T15:00:00.0000000Z,2269,3467,2,2,D,0.771676,0.157442,0.070883,H,0,1.848701,1.310413,formax-outcome-4.0,6d861e191d14ee4741a5969b1d2ffbfc,2025-03-29T15:00:00.0000000Z,1
102818,40,2025-03-29T15:00:00.0000000Z,4380,1476,2,1,H,0.538588,0.263555,0.197857,H,1,0.618804,0.321510,formax-outcome-4.0,6d861e191d14ee4741a5969b1d2ffbfc,2025-03-29T15:00:00.0000000Z,1
103013,40,2025-03-29T15:00:00.0000000Z,2531,1053,1,0,H,0.566004,0.278186,0.155809,H,1,0.569154,0.290017,formax-outcome-4.0,6d861e191d14ee4741a5969b1d2ffbfc,2025-03-29T15:00:00.0000000Z,1
105730,40,2025-03-29T15:00:00.0000000Z,1386,4169,1,1,D,0.379502,0.277065,0.343433,H,0,1.283502,0.784603,formax-outcome-4.0,6d861e191d14ee4741a5969b1d2ffbfc,2025-03-29T15:00:00.0000000Z,1
105288,140,2025-03-29T15:15:00.0000000Z,762,4267,1,1,D,0.258528,0.267718,0.473754,A,0,1.317820,0.827516,formax-outcome-4.0,6d861e191d14ee4741a5969b1d2ffbfc,2025-03-29T15:15:00.0000000Z,1
104483,88,2025-03-29T15:30:00.0000000Z,1378,1301,1,1,D,0.448278,0.273320,0.278402,H,0,1.297112,0.806525,formax-outcome-4.0,6d861e191d14ee4741a5969b1d2ffbfc,2025-03-29T15:30:00.0000000Z,1
106183,61,2025-03-29T16:00:00.0000000Z,1068,5071,3,1,H,0.234669,0.254495,0.510836,A,0,1.449578,0.911452,formax-outcome-4.0,6d861e191d14ee4741a5969b1d2ffbfc,2025-03-29T16:00:00.0000000Z,1
106767,135,2025-03-29T17:00:00.0000000Z,2013,1649,1,0,H,0.459517,0.294077,0.246407,H,1,0.777580,0.439319,formax-outcome-4.0,6d861e191d14ee4741a5969b1d2ffbfc,2025-03-29T17:00:00.0000000Z,1
72594,78,2025-03-29T17:30:00.0000000Z,4472,1278,1,0,H,0.425103,0.235832,0.339064,H,1,0.855423,0.501088,formax-outcome-4.0,6d861e191d14ee4741a5969b1d2ffbfc,2025-03-29T17:30:00.0000000Z,1
82519,203,2025-03-29T17:30:00.0000000Z,3673,3309,2,1,H,0.414821,0.266151,0.319028,H,1,0.879908,0.515050,formax-outcome-4.0,6d861e191d14ee4741a5969b1d2ffbfc,2025-03-29T17:30:00.0000000Z,1
103901,140,2025-03-29T17:30:00.0000000Z,759,2517,0,2,A,0.377568,0.282743,0.339689,H,0,1.079724,0.658511,formax-outcome-4.0,6d861e191d14ee4741a5969b1d2ffbfc,2025-03-29T17:30:00.0000000Z,1
97523,88,2025-03-29T17:45:00.0000000Z,1079,1162,0,3,A,0.357604,0.286429,0.355967,H,0,1.032917,0.624700,formax-outcome-4.0,6d861e191d14ee4741a5969b1d2ffbfc,2025-03-29T17:45:00.0000000Z,1
103054,88,2025-03-29T17:45:00.0000000Z,1088,958,0,2,A,0.400594,0.278989,0.320417,H,0,1.138132,0.700143,formax-outcome-4.0,6d861e191d14ee4741a5969b1d2ffbfc,2025-03-29T17:45:00.0000000Z,1
107433,61,2025-03-29T18:00:00.0000000Z,3538,5284,1,6,A,0.040392,0.085926,0.873683,A,1,0.135038,0.024971,formax-outcome-4.0,6d861e191d14ee4741a5969b1d2ffbfc,2025-03-29T18:00:00.0000000Z,1
105807,135,2025-03-29T19:45:00.0000000Z,1584,2799,0,1,A,0.198987,0.268833,0.532181,A,1,0.630772,0.330721,formax-outcome-4.0,6d861e191d14ee4741a5969b1d2ffbfc,2025-03-29T19:45:00.0000000Z,1
38727,88,2025-03-29T20:00:00.0000000Z,1080,1271,3,3,D,0.297710,0.265172,0.437119,A,0,1.327378,0.819677,formax-outcome-4.0,6d861e191d14ee4741a5969b1d2ffbfc,2025-03-29T20:00:00.0000000Z,1
104645,88,2025-03-29T20:00:00.0000000Z,2612,902,2,0,H,0.449450,0.262077,0.288473,H,1,0.799731,0.455006,formax-outcome-4.0,6d861e191d14ee4741a5969b1d2ffbfc,2025-03-29T20:00:00.0000000Z,1
105349,140,2025-03-29T20:00:00.0000000Z,4521,4408,3,2,H,0.745085,0.163682,0.091233,H,1,0.294257,0.100097,formax-outcome-4.0,6d861e191d14ee4741a5969b1d2ffbfc,2025-03-29T20:00:00.0000000Z,1
98384,61,2025-03-29T20:05:00.0000000Z,2085,3851,2,1,H,0.460376,0.243179,0.296445,H,1,0.775712,0.438210,formax-outcome-4.0,6d861e191d14ee4741a5969b1d2ffbfc,2025-03-29T20:05:00.0000000Z,1
103816,88,2025-03-30T10:15:00.0000000Z,4678,990,2,0,H,0.523600,0.244653,0.231747,H,1,0.647027,0.340518,formax-outcome-4.0,6d861e191d14ee4741a5969b1d2ffbfc,2025-03-30T10:15:00.0000000Z,1
106968,135,2025-03-30T10:30:00.0000000Z,3394,3659,3,0,H,0.490006,0.282420,0.227575,H,1,0.713339,0.391646,formax-outcome-4.0,6d861e191d14ee4741a5969b1d2ffbfc,2025-03-30T10:30:00.0000000Z,1
103973,140,2025-03-30T12:00:00.0000000Z,1914,1776,1,2,A,0.375101,0.282452,0.342447,H,0,1.071639,0.652857,formax-outcome-4.0,6d861e191d14ee4741a5969b1d2ffbfc,2025-03-30T12:00:00.0000000Z,1
83363,88,2025-03-30T12:30:00.0000000Z,4157,3707,2,1,H,0.321061,0.252682,0.426258,A,0,1.136126,0.706502,formax-outcome-4.0,6d861e191d14ee4741a5969b1d2ffbfc,2025-03-30T12:30:00.0000000Z,1
88206,88,2025-03-30T12:30:00.0000000Z,1775,2530,0,2,A,0.486644,0.243157,0.270199,H,0,1.308598,0.828558,formax-outcome-4.0,6d861e191d14ee4741a5969b1d2ffbfc,2025-03-30T12:30:00.0000000Z,1
106020,135,2025-03-30T13:00:00.0000000Z,1503,4702,1,0,H,0.359141,0.280201,0.360658,A,0,1.024042,0.619288,formax-outcome-4.0,6d861e191d14ee4741a5969b1d2ffbfc,2025-03-30T13:00:00.0000000Z,1
106864,61,2025-03-30T13:00:00.0000000Z,1872,4558,2,4,A,0.480476,0.257248,0.262276,H,0,1.338359,0.841271,formax-outcome-4.0,6d861e191d14ee4741a5969b1d2ffbfc,2025-03-30T13:00:00.0000000Z,1
106083,78,2025-03-30T13:30:00.0000000Z,5685,4180,1,2,A,0.474319,0.259111,0.266570,H,0,1.322119,0.830037,formax-outcome-4.0,6d861e191d14ee4741a5969b1d2ffbfc,2025-03-30T13:30:00.0000000Z,1
105230,140,2025-03-30T14:15:00.0000000Z,4005,758,4,1,H,0.754341,0.155592,0.090068,H,1,0.281911,0.092670,formax-outcome-4.0,6d861e191d14ee4741a5969b1d2ffbfc,2025-03-30T14:15:00.0000000Z,1
104583,88,2025-03-30T14:45:00.0000000Z,2516,1580,3,2,H,0.518060,0.239730,0.242210,H,1,0.657664,0.348402,formax-outcome-4.0,6d861e191d14ee4741a5969b1d2ffbfc,2025-03-30T14:45:00.0000000Z,1
60473,61,2025-03-30T15:15:00.0000000Z,1815,1835,1,0,H,0.585086,0.220333,0.194581,H,1,0.535997,0.258562,formax-outcome-4.0,6d861e191d14ee4741a5969b1d2ffbfc,2025-03-30T15:15:00.0000000Z,1
103289,61,2025-03-30T15:15:00.0000000Z,1257,1781,0,3,A,0.279402,0.253521,0.467077,A,1,0.761261,0.426346,formax-outcome-4.0,6d861e191d14ee4741a5969b1d2ffbfc,2025-03-30T15:15:00.0000000Z,1
107241,61,2025-03-30T15:15:00.0000000Z,1823,1668,3,2,H,0.308000,0.249815,0.442185,A,0,1.177655,0.736799,formax-outcome-4.0,6d861e191d14ee4741a5969b1d2ffbfc,2025-03-30T15:15:00.0000000Z,1
106694,78,2025-03-30T15:30:00.0000000Z,989,1281,3,1,H,0.396266,0.264630,0.339104,H,1,0.925670,0.549515,formax-outcome-4.0,6d861e191d14ee4741a5969b1d2ffbfc,2025-03-30T15:30:00.0000000Z,1
106630,135,2025-03-30T16:00:00.0000000Z,2685,3405,2,1,H,0.613569,0.244173,0.142258,H,1,0.488463,0.229187,formax-outcome-4.0,6d861e191d14ee4741a5969b1d2ffbfc,2025-03-30T16:00:00.0000000Z,1
105631,140,2025-03-30T16:30:00.0000000Z,1906,3599,0,0,D,0.634029,0.213045,0.152926,H,0,1.546251,1.044677,formax-outcome-4.0,6d861e191d14ee4741a5969b1d2ffbfc,2025-03-30T16:30:00.0000000Z,1
106650,140,2025-03-30T16:30:00.0000000Z,2030,1925,1,0,H,0.415234,0.271901,0.312866,H,1,0.878914,0.513766,formax-outcome-4.0,6d861e191d14ee4741a5969b1d2ffbfc,2025-03-30T16:30:00.0000000Z,1
102880,61,2025-03-30T18:45:00.0000000Z,4470,886,1,0,H,0.462882,0.262131,0.274987,H,1,0.770284,0.432827,formax-outcome-4.0,6d861e191d14ee4741a5969b1d2ffbfc,2025-03-30T18:45:00.0000000Z,1
103183,135,2025-03-30T18:45:00.0000000Z,2845,1488,2,1,H,0.513400,0.277791,0.208809,H,1,0.666699,0.357548,formax-outcome-4.0,6d861e191d14ee4741a5969b1d2ffbfc,2025-03-30T18:45:00.0000000Z,1
104430,140,2025-03-30T19:00:00.0000000Z,2033,3049,2,1,H,0.533386,0.250369,0.216245,H,1,0.628509,0.327175,formax-outcome-4.0,6d861e191d14ee4741a5969b1d2ffbfc,2025-03-30T19:00:00.0000000Z,1
105464,135,2025-03-31T16:30:00.0000000Z,1719,3648,0,0,D,0.393718,0.285151,0.321132,H,0,1.254738,0.769149,formax-outcome-4.0,6d861e191d14ee4741a5969b1d2ffbfc,2025-03-31T16:30:00.0000000Z,1
105070,203,2025-03-31T17:00:00.0000000Z,6991,3661,1,3,A,0.515494,0.249147,0.235359,H,0,1.446644,0.912484,formax-outcome-4.0,6d861e191d14ee4741a5969b1d2ffbfc,2025-03-31T17:00:00.0000000Z,1
105533,135,2025-03-31T18:45:00.0000000Z,2837,1652,1,1,D,0.475037,0.284952,0.240011,H,0,1.255435,0.794559,formax-outcome-4.0,6d861e191d14ee4741a5969b1d2ffbfc,2025-03-31T18:45:00.0000000Z,1
105590,140,2025-03-31T19:00:00.0000000Z,1904,1923,1,1,D,0.517425,0.252429,0.230146,H,0,1.376627,0.879559,formax-outcome-4.0,6d861e191d14ee4741a5969b1d2ffbfc,2025-03-31T19:00:00.0000000Z,1
103761,88,2025-04-01T18:00:00.0000000Z,1271,902,2,2,D,0.682006,0.190403,0.127591,H,0,1.658611,1.136859,formax-outcome-4.0,6d861e191d14ee4741a5969b1d2ffbfc,2025-04-01T18:00:00.0000000Z,1
99504,39,2025-04-01T18:45:00.0000000Z,1829,2751,1,0,H,0.398571,0.275243,0.326186,H,1,0.919869,0.543872,formax-outcome-4.0,6d861e191d14ee4741a5969b1d2ffbfc,2025-04-01T18:45:00.0000000Z,1
106490,39,2025-04-01T18:45:00.0000000Z,4559,4928,2,1,H,0.453483,0.274903,0.271614,H,1,0.790797,0.448027,formax-outcome-4.0,6d861e191d14ee4741a5969b1d2ffbfc,2025-04-01T18:45:00.0000000Z,1
103122,39,2025-04-01T19:00:00.0000000Z,2480,4266,1,0,H,0.423935,0.266250,0.309815,H,1,0.858175,0.498725,formax-outcome-4.0,6d861e191d14ee4741a5969b1d2ffbfc,2025-04-01T19:00:00.0000000Z,1
104482,88,2025-04-02T18:00:00.0000000Z,2516,1301,4,1,H,0.624164,0.217612,0.158224,H,1,0.471342,0.213642,formax-outcome-4.0,6d861e191d14ee4741a5969b1d2ffbfc,2025-04-02T18:00:00.0000000Z,1
71141,39,2025-04-02T18:45:00.0000000Z,1013,5807,2,1,H,0.438308,0.261115,0.300577,H,1,0.824833,0.474025,formax-outcome-4.0,6d861e191d14ee4741a5969b1d2ffbfc,2025-04-02T18:45:00.0000000Z,1
101703,40,2025-04-02T18:45:00.0000000Z,3380,1499,2,0,H,0.364687,0.315239,0.320073,H,1,1.008715,0.605445,formax-outcome-4.0,6d861e191d14ee4741a5969b1d2ffbfc,2025-04-02T18:45:00.0000000Z,1
102104,39,2025-04-02T18:45:00.0000000Z,873,2109,0,3,A,0.410578,0.268313,0.321109,H,0,1.135976,0.701460,formax-outcome-4.0,6d861e191d14ee4741a5969b1d2ffbfc,2025-04-02T18:45:00.0000000Z,1
104700,39,2025-04-02T18:45:00.0000000Z,4290,1486,1,1,D,0.150136,0.216080,0.633784,A,0,1.532107,1.038754,formax-outcome-4.0,6d861e191d14ee4741a5969b1d2ffbfc,2025-04-02T18:45:00.0000000Z,1
104764,39,2025-04-02T18:45:00.0000000Z,4166,1910,2,0,H,0.688646,0.190348,0.121006,H,1,0.373028,0.147816,formax-outcome-4.0,6d861e191d14ee4741a5969b1d2ffbfc,2025-04-02T18:45:00.0000000Z,1
106450,39,2025-04-02T18:45:00.0000000Z,3646,3598,1,2,A,0.622831,0.218125,0.159043,H,0,1.838579,1.142706,formax-outcome-4.0,6d861e191d14ee4741a5969b1d2ffbfc,2025-04-02T18:45:00.0000000Z,1
71232,39,2025-04-02T19:00:00.0000000Z,2208,1482,1,0,H,0.490411,0.273562,0.236028,H,1,0.712512,0.390226,formax-outcome-4.0,6d861e191d14ee4741a5969b1d2ffbfc,2025-04-02T19:00:00.0000000Z,1
101862,39,2025-04-03T19:00:00.0000000Z,3373,2355,1,0,H,0.393344,0.272705,0.333951,H,1,0.933070,0.553922,formax-outcome-4.0,6d861e191d14ee4741a5969b1d2ffbfc,2025-04-03T19:00:00.0000000Z,1
105155,203,2025-04-04T17:00:00.0000000Z,7044,6025,0,2,A,0.346331,0.254204,0.399465,A,1,0.917629,0.545207,formax-outcome-4.0,6d861e191d14ee4741a5969b1d2ffbfc,2025-04-04T17:00:00.0000000Z,1
103053,88,2025-04-04T18:00:00.0000000Z,990,1088,3,1,H,0.490056,0.255999,0.253945,H,1,0.713235,0.390066,formax-outcome-4.0,6d861e191d14ee4741a5969b1d2ffbfc,2025-04-04T18:00:00.0000000Z,1
102051,78,2025-04-04T18:30:00.0000000Z,1109,1328,1,3,A,0.192624,0.221377,0.585999,A,1,0.534437,0.257508,formax-outcome-4.0,6d861e191d14ee4741a5969b1d2ffbfc,2025-04-04T18:30:00.0000000Z,1
106766,135,2025-04-04T18:45:00.0000000Z,1649,3405,1,0,H,0.389230,0.313671,0.297098,H,1,0.943584,0.559696,formax-outcome-4.0,6d861e191d14ee4741a5969b1d2ffbfc,2025-04-04T18:45:00.0000000Z,1
107055,61,2025-04-04T18:45:00.0000000Z,3851,1668,1,2,A,0.541918,0.234241,0.223841,H,0,1.496818,0.950966,formax-outcome-4.0,6d861e191d14ee4741a5969b1d2ffbfc,2025-04-04T18:45:00.0000000Z,1
99615,40,2025-04-04T19:00:00.0000000Z,1912,4380,0,2,A,0.400864,0.302990,0.296146,H,0,1.216902,0.747905,formax-outcome-4.0,6d861e191d14ee4741a5969b1d2ffbfc,2025-04-04T19:00:00.0000000Z,1
104359,140,2025-04-04T19:00:00.0000000Z,2517,762,0,4,A,0.515735,0.267647,0.216618,H,0,1.529619,0.951304,formax-outcome-4.0,6d861e191d14ee4741a5969b1d2ffbfc,2025-04-04T19:00:00.0000000Z,1
103443,203,2025-04-05T10:30:00.0000000Z,1845,5813,1,1,D,0.481989,0.248275,0.269736,H,0,1.393220,0.870162,formax-outcome-4.0,6d861e191d14ee4741a5969b1d2ffbfc,2025-04-05T10:30:00.0000000Z,1
71231,39,2025-04-05T11:30:00.0000000Z,1482,4559,1,1,D,0.256615,0.293701,0.449684,A,0,1.225192,0.766925,formax-outcome-4.0,6d861e191d14ee4741a5969b1d2ffbfc,2025-04-05T11:30:00.0000000Z,1
98298,40,2025-04-05T11:30:00.0000000Z,5841,2531,1,2,A,0.263993,0.305900,0.430107,A,1,0.843721,0.488045,formax-outcome-4.0,6d861e191d14ee4741a5969b1d2ffbfc,2025-04-05T11:30:00.0000000Z,1
102436,40,2025-04-05T11:30:00.0000000Z,1531,2209,0,1,A,0.448001,0.299819,0.252180,H,0,1.377612,0.849831,formax-outcome-4.0,6d861e191d14ee4741a5969b1d2ffbfc,2025-04-05T11:30:00.0000000Z,1
106398,40,2025-04-05T11:30:00.0000000Z,774,2269,1,1,D,0.166503,0.255493,0.578004,A,0,1.364560,0.916102,formax-outcome-4.0,6d861e191d14ee4741a5969b1d2ffbfc,2025-04-05T11:30:00.0000000Z,1
103900,140,2025-04-05T12:00:00.0000000Z,758,759,0,1,A,0.422176,0.271250,0.306573,H,0,1.182299,0.732650,formax-outcome-4.0,6d861e191d14ee4741a5969b1d2ffbfc,2025-04-05T12:00:00.0000000Z,1
103373,203,2025-04-05T13:00:00.0000000Z,3661,1717,1,0,H,0.536672,0.247444,0.215884,H,1,0.622369,0.322508,formax-outcome-4.0,6d861e191d14ee4741a5969b1d2ffbfc,2025-04-05T13:00:00.0000000Z,1
106571,135,2025-04-05T13:00:00.0000000Z,3659,5356,1,3,A,0.282886,0.292961,0.424153,A,1,0.857662,0.497451,formax-outcome-4.0,6d861e191d14ee4741a5969b1d2ffbfc,2025-04-05T13:00:00.0000000Z,1
101906,78,2025-04-05T13:30:00.0000000Z,821,3573,3,1,H,0.434296,0.249751,0.315952,H,1,0.834029,0.482223,formax-outcome-4.0,6d861e191d14ee4741a5969b1d2ffbfc,2025-04-05T13:30:00.0000000Z,1
102152,78,2025-04-05T13:30:00.0000000Z,4330,1260,0,1,A,0.179133,0.216134,0.604733,A,1,0.502969,0.235039,formax-outcome-4.0,6d861e191d14ee4741a5969b1d2ffbfc,2025-04-05T13:30:00.0000000Z,1
106082,78,2025-04-05T13:30:00.0000000Z,5685,989,1,4,A,0.279049,0.253933,0.467018,A,1,0.761388,0.426420,formax-outcome-4.0,6d861e191d14ee4741a5969b1d2ffbfc,2025-04-05T13:30:00.0000000Z,1
99503,39,2025-04-05T14:00:00.0000000Z,3598,1829,1,2,A,0.276102,0.267547,0.456350,A,1,0.784494,0.443369,formax-outcome-4.0,6d861e191d14ee4741a5969b1d2ffbfc,2025-04-05T14:00:00.0000000Z,1
101702,40,2025-04-05T14:00:00.0000000Z,1499,3483,1,1,D,0.495807,0.290528,0.213665,H,0,1.236054,0.794827,formax-outcome-4.0,6d861e191d14ee4741a5969b1d2ffbfc,2025-04-05T14:00:00.0000000Z,1
102276,40,2025-04-05T14:00:00.0000000Z,1502,1386,0,0,D,0.493829,0.272941,0.233230,H,0,1.298499,0.826878,formax-outcome-4.0,6d861e191d14ee4741a5969b1d2ffbfc,2025-04-05T14:00:00.0000000Z,1
102363,40,2025-04-05T14:00:00.0000000Z,1511,1654,2,1,H,0.411149,0.307442,0.281409,H,1,0.888800,0.520457,formax-outcome-4.0,6d861e191d14ee4741a5969b1d2ffbfc,2025-04-05T14:00:00.0000000Z,1
102578,40,2025-04-05T14:00:00.0000000Z,3467,3380,1,0,H,0.415732,0.296931,0.287337,H,1,0.877715,0.512100,formax-outcome-4.0,6d861e191d14ee4741a5969b1d2ffbfc,2025-04-05T14:00:00.0000000Z,1
102768,40,2025-04-05T14:00:00.0000000Z,1380,4379,2,1,H,0.292467,0.276353,0.431181,A,0,1.229405,0.762891,formax-outcome-4.0,6d861e191d14ee4741a5969b1d2ffbfc,2025-04-05T14:00:00.0000000Z,1
103012,40,2025-04-05T14:00:00.0000000Z,1053,1253,2,1,H,0.526765,0.281634,0.191601,H,1,0.641001,0.339980,formax-outcome-4.0,6d861e191d14ee4741a5969b1d2ffbfc,2025-04-05T14:00:00.0000000Z,1
103685,40,2025-04-05T14:00:00.0000000Z,1476,1460,1,0,H,0.247740,0.296107,0.456153,A,0,1.395375,0.861650,formax-outcome-4.0,6d861e191d14ee4741a5969b1d2ffbfc,2025-04-05T14:00:00.0000000Z,1
105019,39,2025-04-05T14:00:00.0000000Z,2751,3646,2,2,D,0.246951,0.277810,0.475239,A,0,1.280817,0.808395,formax-outcome-4.0,6d861e191d14ee4741a5969b1d2ffbfc,2025-04-05T14:00:00.0000000Z,1
105943,39,2025-04-05T14:00:00.0000000Z,1486,873,2,1,H,0.373550,0.282069,0.344381,H,1,0.984703,0.590600,formax-outcome-4.0,6d861e191d14ee4741a5969b1d2ffbfc,2025-04-05T14:00:00.0000000Z,1
106249,40,2025-04-05T14:00:00.0000000Z,4169,1718,0,1,A,0.466047,0.284748,0.249205,H,0,1.389479,0.861974,formax-outcome-4.0,6d861e191d14ee4741a5969b1d2ffbfc,2025-04-05T14:00:00.0000000Z,1
106649,140,2025-04-05T14:15:00.0000000Z,4521,2030,1,2,A,0.699336,0.184565,0.116100,H,0,2.153304,1.304414,formax-outcome-4.0,6d861e191d14ee4741a5969b1d2ffbfc,2025-04-05T14:15:00.0000000Z,1
103760,88,2025-04-05T14:30:00.0000000Z,1271,2516,0,1,A,0.374344,0.248149,0.377508,A,1,0.974164,0.589208,formax-outcome-4.0,6d861e191d14ee4741a5969b1d2ffbfc,2025-04-05T14:30:00.0000000Z,1
103288,61,2025-04-05T15:00:00.0000000Z,5284,1257,1,0,H,0.880540,0.082655,0.036805,H,1,0.127220,0.022457,formax-outcome-4.0,6d861e191d14ee4741a5969b1d2ffbfc,2025-04-05T15:00:00.0000000Z,1
105681,203,2025-04-05T16:00:00.0000000Z,5867,1176,2,1,H,0.324783,0.272387,0.402830,A,0,1.124597,0.692384,formax-outcome-4.0,6d861e191d14ee4741a5969b1d2ffbfc,2025-04-05T16:00:00.0000000Z,1
106629,135,2025-04-05T16:00:00.0000000Z,3648,2685,2,2,D,0.168487,0.250843,0.580670,A,0,1.382928,0.926802,formax-outcome-4.0,6d861e191d14ee4741a5969b1d2ffbfc,2025-04-05T16:00:00.0000000Z,1
72593,78,2025-04-05T16:30:00.0000000Z,966,4472,2,0,H,0.261918,0.231208,0.506873,A,0,1.339723,0.855143,formax-outcome-4.0,6d861e191d14ee4741a5969b1d2ffbfc,2025-04-05T16:30:00.0000000Z,1
102103,39,2025-04-05T16:30:00.0000000Z,2109,2480,2,1,H,0.342574,0.276472,0.380954,A,0,1.071268,0.653772,formax-outcome-4.0,6d861e191d14ee4741a5969b1d2ffbfc,2025-04-05T16:30:00.0000000Z,1
105589,140,2025-04-05T16:30:00.0000000Z,1925,1904,1,2,A,0.335743,0.283766,0.380492,A,1,0.966291,0.577037,formax-outcome-4.0,6d861e191d14ee4741a5969b1d2ffbfc,2025-04-05T16:30:00.0000000Z,1
83362,88,2025-04-05T16:45:00.0000000Z,3707,1079,1,1,D,0.578023,0.224022,0.197955,H,0,1.496010,0.975438,formax-outcome-4.0,6d861e191d14ee4741a5969b1d2ffbfc,2025-04-05T16:45:00.0000000Z,1
98383,61,2025-04-05T17:00:00.0000000Z,4558,2085,2,1,H,0.258639,0.238131,0.503230,A,0,1.352322,0.859563,formax-outcome-4.0,6d861e191d14ee4741a5969b1d2ffbfc,2025-04-05T17:00:00.0000000Z,1
104027,88,2025-04-05T18:00:00.0000000Z,1301,1775,1,3,A,0.231324,0.238763,0.529913,A,1,0.635042,0.331500,formax-outcome-4.0,6d861e191d14ee4741a5969b1d2ffbfc,2025-04-05T18:00:00.0000000Z,1
103182,135,2025-04-05T18:45:00.0000000Z,1488,1503,2,2,D,0.330706,0.290218,0.379076,A,0,1.237124,0.756857,formax-outcome-4.0,6d861e191d14ee4741a5969b1d2ffbfc,2025-04-05T18:45:00.0000000Z,1
104644,88,2025-04-05T19:00:00.0000000Z,958,2612,2,2,D,0.430444,0.269677,0.299879,H,0,1.310530,0.808581,formax-outcome-4.0,6d861e191d14ee4741a5969b1d2ffbfc,2025-04-05T19:00:00.0000000Z,1
106233,140,2025-04-05T19:00:00.0000000Z,4005,2033,1,1,D,0.617814,0.210448,0.171738,H,0,1.558518,1.034581,formax-outcome-4.0,6d861e191d14ee4741a5969b1d2ffbfc,2025-04-05T19:00:00.0000000Z,1
53939,61,2025-04-05T19:05:00.0000000Z,3589,4470,2,1,H,0.449135,0.249337,0.301527,H,1,0.800431,0.456539,formax-outcome-4.0,6d861e191d14ee4741a5969b1d2ffbfc,2025-04-05T19:05:00.0000000Z,1
103638,203,2025-04-06T10:30:00.0000000Z,6847,6023,0,1,A,0.473158,0.278200,0.248643,H,0,1.391739,0.865811,formax-outcome-4.0,6d861e191d14ee4741a5969b1d2ffbfc,2025-04-06T10:30:00.0000000Z,1
105806,135,2025-04-06T10:30:00.0000000Z,1584,3310,1,1,D,0.339688,0.316696,0.343616,A,0,1.149811,0.700363,formax-outcome-4.0,6d861e191d14ee4741a5969b1d2ffbfc,2025-04-06T10:30:00.0000000Z,1
101788,140,2025-04-06T12:00:00.0000000Z,1923,1830,1,3,A,0.343956,0.275990,0.380055,A,1,0.967440,0.578808,formax-outcome-4.0,6d861e191d14ee4741a5969b1d2ffbfc,2025-04-06T12:00:00.0000000Z,1
38726,88,2025-04-06T12:30:00.0000000Z,1162,1080,2,0,H,0.433916,0.267280,0.298805,H,1,0.834905,0.481174,formax-outcome-4.0,6d861e191d14ee4741a5969b1d2ffbfc,2025-04-06T12:30:00.0000000Z,1
103815,88,2025-04-06T12:30:00.0000000Z,1580,4678,2,2,D,0.434334,0.250306,0.315360,H,0,1.385071,0.850139,formax-outcome-4.0,6d861e191d14ee4741a5969b1d2ffbfc,2025-04-06T12:30:00.0000000Z,1
101861,39,2025-04-06T13:00:00.0000000Z,5807,3373,0,0,D,0.350757,0.278683,0.370560,A,0,1.277680,0.780643,formax-outcome-4.0,6d861e191d14ee4741a5969b1d2ffbfc,2025-04-06T13:00:00.0000000Z,1
104699,39,2025-04-06T13:00:00.0000000Z,2355,4290,3,1,H,0.639720,0.212104,0.148176,H,1,0.446725,0.196746,formax-outcome-4.0,6d861e191d14ee4741a5969b1d2ffbfc,2025-04-06T13:00:00.0000000Z,1
105413,203,2025-04-06T13:00:00.0000000Z,7043,6991,0,1,A,0.329233,0.267993,0.402774,A,1,0.909380,0.536894,formax-outcome-4.0,6d861e191d14ee4741a5969b1d2ffbfc,2025-04-06T13:00:00.0000000Z,1
105463,135,2025-04-06T13:00:00.0000000Z,1652,1719,1,1,D,0.562562,0.260552,0.176886,H,0,1.344951,0.894547,formax-outcome-4.0,6d861e191d14ee4741a5969b1d2ffbfc,2025-04-06T13:00:00.0000000Z,1
106279,135,2025-04-06T13:00:00.0000000Z,1849,3394,0,0,D,0.314371,0.299665,0.385964,A,0,1.205089,0.738266,formax-outcome-4.0,6d861e191d14ee4741a5969b1d2ffbfc,2025-04-06T13:00:00.0000000Z,1
107273,39,2025-04-06T13:00:00.0000000Z,4928,2208,3,2,H,0.262488,0.273646,0.463865,A,0,1.337548,0.833976,formax-outcome-4.0,6d861e191d14ee4741a5969b1d2ffbfc,2025-04-06T13:00:00.0000000Z,1
107533,61,2025-04-06T13:00:00.0000000Z,886,3538,1,0,H,0.581856,0.226489,0.191654,H,1,0.541532,0.262873,formax-outcome-4.0,6d861e191d14ee4741a5969b1d2ffbfc,2025-04-06T13:00:00.0000000Z,1
101986,78,2025-04-06T13:30:00.0000000Z,4528,1051,1,1,D,0.311495,0.260207,0.428298,A,0,1.346278,0.827762,formax-outcome-4.0,6d861e191d14ee4741a5969b1d2ffbfc,2025-04-06T13:30:00.0000000Z,1
104429,140,2025-04-06T14:15:00.0000000Z,3049,4267,1,2,A,0.264956,0.266902,0.468142,A,1,0.758984,0.424311,formax-outcome-4.0,6d861e191d14ee4741a5969b1d2ffbfc,2025-04-06T14:15:00.0000000Z,1
88205,88,2025-04-06T14:45:00.0000000Z,2530,1378,3,1,H,0.621327,0.217544,0.161130,H,1,0.475898,0.216681,formax-outcome-4.0,6d861e191d14ee4741a5969b1d2ffbfc,2025-04-06T14:45:00.0000000Z,1
60472,61,2025-04-06T15:15:00.0000000Z,1781,1815,0,1,A,0.374616,0.264647,0.360736,H,0,1.019608,0.619033,formax-outcome-4.0,6d861e191d14ee4741a5969b1d2ffbfc,2025-04-06T15:15:00.0000000Z,1
104904,61,2025-04-06T15:15:00.0000000Z,1068,1911,0,1,A,0.249439,0.262442,0.488119,A,1,0.717197,0.393118,formax-outcome-4.0,6d861e191d14ee4741a5969b1d2ffbfc,2025-04-06T15:15:00.0000000Z,1
107240,61,2025-04-06T15:15:00.0000000Z,1835,1823,0,2,A,0.407592,0.255240,0.337168,H,0,1.087174,0.670625,formax-outcome-4.0,6d861e191d14ee4741a5969b1d2ffbfc,2025-04-06T15:15:00.0000000Z,1
103121,39,2025-04-06T15:30:00.0000000Z,4266,4166,0,0,D,0.354997,0.272257,0.372746,A,0,1.301010,0.794573,formax-outcome-4.0,6d861e191d14ee4741a5969b1d2ffbfc,2025-04-06T15:30:00.0000000Z,1
42819,203,2025-04-06T16:00:00.0000000Z,3588,5068,4,1,H,0.663515,0.199758,0.136727,H,1,0.410204,0.171820,formax-outcome-4.0,6d861e191d14ee4741a5969b1d2ffbfc,2025-04-06T16:00:00.0000000Z,1
105532,135,2025-04-06T16:00:00.0000000Z,4702,2837,0,1,A,0.534991,0.258621,0.206388,H,0,1.577996,0.982919,formax-outcome-4.0,6d861e191d14ee4741a5969b1d2ffbfc,2025-04-06T16:00:00.0000000Z,1
103972,140,2025-04-06T16:30:00.0000000Z,1913,1914,0,4,A,0.209214,0.259419,0.531367,A,1,0.632303,0.330686,formax-outcome-4.0,6d861e191d14ee4741a5969b1d2ffbfc,2025-04-06T16:30:00.0000000Z,1
106182,61,2025-04-06T18:45:00.0000000Z,5071,1872,3,2,H,0.412086,0.262757,0.325157,H,1,0.886523,0.520411,formax-outcome-4.0,6d861e191d14ee4741a5969b1d2ffbfc,2025-04-06T18:45:00.0000000Z,1
107329,135,2025-04-06T18:45:00.0000000Z,2799,2013,1,1,D,0.445080,0.299354,0.255566,H,0,1.206127,0.754314,formax-outcome-4.0,6d861e191d14ee4741a5969b1d2ffbfc,2025-04-06T18:45:00.0000000Z,1
104840,140,2025-04-06T19:00:00.0000000Z,1776,1906,0,0,D,0.327824,0.265629,0.406547,A,0,1.325655,0.812050,formax-outcome-4.0,6d861e191d14ee4741a5969b1d2ffbfc,2025-04-06T19:00:00.0000000Z,1
82517,203,2025-04-07T17:00:00.0000000Z,4226,3673,1,1,D,0.417643,0.259487,0.322870,H,0,1.349049,0.827030,formax-outcome-4.0,6d861e191d14ee4741a5969b1d2ffbfc,2025-04-07T17:00:00.0000000Z,1
104118,203,2025-04-07T17:00:00.0000000Z,2549,4926,1,1,D,0.539006,0.244004,0.216990,H,0,1.410571,0.909142,formax-outcome-4.0,6d861e191d14ee4741a5969b1d2ffbfc,2025-04-07T17:00:00.0000000Z,1
106920,135,2025-04-07T18:45:00.0000000Z,1520,2845,1,1,D,0.369486,0.303067,0.327447,H,0,1.193800,0.729456,formax-outcome-4.0,6d861e191d14ee4741a5969b1d2ffbfc,2025-04-07T18:45:00.0000000Z,1
71140,39,2025-04-07T19:00:00.0000000Z,1910,1013,0,3,A,0.122910,0.199601,0.677489,A,1,0.389363,0.158961,formax-outcome-4.0,6d861e191d14ee4741a5969b1d2ffbfc,2025-04-07T19:00:00.0000000Z,1
105348,140,2025-04-07T19:00:00.0000000Z,4408,3599,1,1,D,0.314728,0.271514,0.413758,A,0,1.303742,0.800942,formax-outcome-4.0,6d861e191d14ee4741a5969b1d2ffbfc,2025-04-07T19:00:00.0000000Z,1
99614,40,2025-04-08T18:45:00.0000000Z,1912,4169,2,2,D,0.376648,0.311286,0.312066,H,0,1.167044,0.713576,formax-outcome-4.0,6d861e191d14ee4741a5969b1d2ffbfc,2025-04-08T18:45:00.0000000Z,1
101701,40,2025-04-08T18:45:00.0000000Z,1499,1386,2,2,D,0.493740,0.293110,0.213149,H,0,1.227206,0.788905,formax-outcome-4.0,6d861e191d14ee4741a5969b1d2ffbfc,2025-04-08T18:45:00.0000000Z,1
102362,40,2025-04-08T18:45:00.0000000Z,1460,1511,0,1,A,0.533322,0.287862,0.178816,H,0,1.721397,1.041639,formax-outcome-4.0,6d861e191d14ee4741a5969b1d2ffbfc,2025-04-08T18:45:00.0000000Z,1
102435,40,2025-04-08T18:45:00.0000000Z,1053,1531,2,1,H,0.442886,0.311712,0.245402,H,1,0.814444,0.467763,formax-outcome-4.0,6d861e191d14ee4741a5969b1d2ffbfc,2025-04-08T18:45:00.0000000Z,1
102577,40,2025-04-08T18:45:00.0000000Z,3380,2531,0,0,D,0.198236,0.312756,0.489008,A,0,1.162332,0.750731,formax-outcome-4.0,6d861e191d14ee4741a5969b1d2ffbfc,2025-04-08T18:45:00.0000000Z,1
102714,40,2025-04-08T18:45:00.0000000Z,3483,774,1,1,D,0.450819,0.304292,0.244890,H,0,1.189769,0.747219,formax-outcome-4.0,6d861e191d14ee4741a5969b1d2ffbfc,2025-04-08T18:45:00.0000000Z,1
102767,40,2025-04-08T18:45:00.0000000Z,4379,2209,0,0,D,0.392517,0.299519,0.307964,H,0,1.205578,0.739586,formax-outcome-4.0,6d861e191d14ee4741a5969b1d2ffbfc,2025-04-08T18:45:00.0000000Z,1
104541,40,2025-04-08T18:45:00.0000000Z,1253,1718,1,0,H,0.387075,0.318311,0.294615,H,1,0.949137,0.563797,formax-outcome-4.0,6d861e191d14ee4741a5969b1d2ffbfc,2025-04-08T18:45:00.0000000Z,1
102050,2,2025-04-08T19:00:00.0000000Z,1328,2685,1,2,A,0.394284,0.247138,0.358577,H,0,1.025611,0.627961,formax-outcome-4.0,6d861e191d14ee4741a5969b1d2ffbfc,2025-04-08T19:00:00.0000000Z,1
102817,40,2025-04-08T19:00:00.0000000Z,4380,2269,0,1,A,0.247646,0.285096,0.467258,A,1,0.760874,0.426422,formax-outcome-4.0,6d861e191d14ee4741a5969b1d2ffbfc,2025-04-08T19:00:00.0000000Z,1
106489,2,2025-04-08T19:00:00.0000000Z,4559,4521,3,0,H,0.512280,0.238849,0.248872,H,1,0.668885,0.356857,formax-outcome-4.0,6d861e191d14ee4741a5969b1d2ffbfc,2025-04-08T19:00:00.0000000Z,1
102275,40,2025-04-09T18:45:00.0000000Z,1476,1502,1,3,A,0.356801,0.320358,0.322841,H,0,1.130596,0.688481,formax-outcome-4.0,6d861e191d14ee4741a5969b1d2ffbfc,2025-04-09T18:45:00.0000000Z,1
102653,40,2025-04-09T18:45:00.0000000Z,3467,1380,3,0,H,0.510827,0.276884,0.212289,H,1,0.671725,0.361022,formax-outcome-4.0,6d861e191d14ee4741a5969b1d2ffbfc,2025-04-09T18:45:00.0000000Z,1
98297,40,2025-04-09T19:00:00.0000000Z,5841,1654,1,0,H,0.486658,0.272835,0.240506,H,1,0.720193,0.395802,formax-outcome-4.0,6d861e191d14ee4741a5969b1d2ffbfc,2025-04-09T19:00:00.0000000Z,1
102102,2,2025-04-09T19:00:00.0000000Z,5284,2109,3,1,H,0.565944,0.217855,0.216202,H,1,0.569261,0.282609,formax-outcome-4.0,6d861e191d14ee4741a5969b1d2ffbfc,2025-04-09T19:00:00.0000000Z,1
106693,2,2025-04-09T19:00:00.0000000Z,4005,989,4,0,H,0.684807,0.176724,0.138468,H,1,0.378618,0.149751,formax-outcome-4.0,6d861e191d14ee4741a5969b1d2ffbfc,2025-04-09T19:00:00.0000000Z,1
105531,3,2025-04-10T16:45:00.0000000Z,2705,2837,2,0,H,0.469410,0.243576,0.287014,H,1,0.756280,0.423233,formax-outcome-4.0,6d861e191d14ee4741a5969b1d2ffbfc,2025-04-10T16:45:00.0000000Z,1
53938,3,2025-04-10T19:00:00.0000000Z,3589,4266,2,2,D,0.490908,0.244149,0.264943,H,0,1.409977,0.882496,formax-outcome-4.0,6d861e191d14ee4741a5969b1d2ffbfc,2025-04-10T19:00:00.0000000Z,1
70798,848,2025-04-10T19:00:00.0000000Z,1182,3002,0,1,A,0.682519,0.187267,0.130214,H,0,2.038576,1.257429,formax-outcome-4.0,6d861e191d14ee4741a5969b1d2ffbfc,2025-04-10T19:00:00.0000000Z,1
72592,3,2025-04-10T19:00:00.0000000Z,2355,4472,1,1,D,0.730831,0.165903,0.103266,H,0,1.796353,1.240496,formax-outcome-4.0,6d861e191d14ee4741a5969b1d2ffbfc,2025-04-10T19:00:00.0000000Z,1
87849,3,2025-04-10T19:00:00.0000000Z,2750,1906,0,0,D,0.467049,0.248594,0.284357,H,0,1.391936,0.863605,formax-outcome-4.0,6d861e191d14ee4741a5969b1d2ffbfc,2025-04-10T19:00:00.0000000Z,1
98909,203,2025-04-11T17:00:00.0000000Z,1176,3309,0,2,A,0.334059,0.267449,0.398491,A,1,0.920069,0.544937,formax-outcome-4.0,6d861e191d14ee4741a5969b1d2ffbfc,2025-04-11T17:00:00.0000000Z,1
38725,88,2025-04-11T18:00:00.0000000Z,1080,902,2,1,H,0.551998,0.233602,0.214400,H,1,0.594210,0.301243,formax-outcome-4.0,6d861e191d14ee4741a5969b1d2ffbfc,2025-04-11T18:00:00.0000000Z,1
101905,78,2025-04-11T18:30:00.0000000Z,5353,821,2,3,A,0.377943,0.258344,0.363714,H,0,1.011388,0.614442,formax-outcome-4.0,6d861e191d14ee4741a5969b1d2ffbfc,2025-04-11T18:30:00.0000000Z,1
103181,135,2025-04-11T18:45:00.0000000Z,3405,1488,0,4,A,0.366936,0.306009,0.327055,H,0,1.117628,0.681139,formax-outcome-4.0,6d861e191d14ee4741a5969b1d2ffbfc,2025-04-11T18:45:00.0000000Z,1
107532,61,2025-04-11T18:45:00.0000000Z,886,1068,0,2,A,0.413040,0.290117,0.296843,H,0,1.214550,0.749199,formax-outcome-4.0,6d861e191d14ee4741a5969b1d2ffbfc,2025-04-11T18:45:00.0000000Z,1
102766,40,2025-04-11T19:00:00.0000000Z,2531,4379,2,1,H,0.622482,0.253786,0.123732,H,1,0.474041,0.222237,formax-outcome-4.0,6d861e191d14ee4741a5969b1d2ffbfc,2025-04-11T19:00:00.0000000Z,1
104428,140,2025-04-11T19:00:00.0000000Z,2030,3049,1,0,H,0.343350,0.275569,0.381081,A,0,1.069006,0.652351,formax-outcome-4.0,6d861e191d14ee4741a5969b1d2ffbfc,2025-04-11T19:00:00.0000000Z,1
101700,40,2025-04-12T11:30:00.0000000Z,2269,1499,2,1,H,0.660017,0.227459,0.112524,H,1,0.415490,0.179988,formax-outcome-4.0,6d861e191d14ee4741a5969b1d2ffbfc,2025-04-12T11:30:00.0000000Z,1
103684,40,2025-04-12T11:30:00.0000000Z,1380,1460,2,1,H,0.231044,0.285556,0.483401,A,0,1.465147,0.906511,formax-outcome-4.0,6d861e191d14ee4741a5969b1d2ffbfc,2025-04-12T11:30:00.0000000Z,1
104763,39,2025-04-12T11:30:00.0000000Z,4166,1486,5,2,H,0.401996,0.279843,0.318161,H,1,0.911313,0.537147,formax-outcome-4.0,6d861e191d14ee4741a5969b1d2ffbfc,2025-04-12T11:30:00.0000000Z,1
101787,140,2025-04-12T12:00:00.0000000Z,1830,1925,0,2,A,0.456285,0.276769,0.266946,H,0,1.320710,0.822166,formax-outcome-4.0,6d861e191d14ee4741a5969b1d2ffbfc,2025-04-12T12:00:00.0000000Z,1
103372,203,2025-04-12T13:00:00.0000000Z,1717,2549,1,0,H,0.391268,0.282692,0.326040,H,1,0.938363,0.556772,formax-outcome-4.0,6d861e191d14ee4741a5969b1d2ffbfc,2025-04-12T13:00:00.0000000Z,1
107298,135,2025-04-12T13:00:00.0000000Z,3310,3659,1,0,H,0.486522,0.290582,0.222896,H,1,0.720473,0.397780,formax-outcome-4.0,6d861e191d14ee4741a5969b1d2ffbfc,2025-04-12T13:00:00.0000000Z,1
101985,78,2025-04-12T13:30:00.0000000Z,1051,5685,1,2,A,0.420475,0.254381,0.325144,H,0,1.123487,0.696939,formax-outcome-4.0,6d861e191d14ee4741a5969b1d2ffbfc,2025-04-12T13:30:00.0000000Z,1
102151,78,2025-04-12T13:30:00.0000000Z,1260,4180,0,0,D,0.583191,0.227168,0.189642,H,0,1.482067,0.973345,formax-outcome-4.0,6d861e191d14ee4741a5969b1d2ffbfc,2025-04-12T13:30:00.0000000Z,1
71230,39,2025-04-12T14:00:00.0000000Z,2480,1482,0,1,A,0.447472,0.281855,0.270673,H,0,1.306844,0.811592,formax-outcome-4.0,6d861e191d14ee4741a5969b1d2ffbfc,2025-04-12T14:00:00.0000000Z,1
99613,40,2025-04-12T14:00:00.0000000Z,774,1912,0,1,A,0.415831,0.321122,0.263047,H,0,1.335423,0.819135,formax-outcome-4.0,6d861e191d14ee4741a5969b1d2ffbfc,2025-04-12T14:00:00.0000000Z,1
102101,39,2025-04-12T14:00:00.0000000Z,4290,2109,0,3,A,0.152147,0.211848,0.636005,A,1,0.452549,0.200520,formax-outcome-4.0,6d861e191d14ee4741a5969b1d2ffbfc,2025-04-12T14:00:00.0000000Z,1
102274,40,2025-04-12T14:00:00.0000000Z,1502,1053,1,1,D,0.375287,0.309230,0.315483,H,0,1.173670,0.717533,formax-outcome-4.0,6d861e191d14ee4741a5969b1d2ffbfc,2025-04-12T14:00:00.0000000Z,1
102361,40,2025-04-12T14:00:00.0000000Z,1511,4380,1,0,H,0.403862,0.312490,0.283648,H,1,0.906683,0.533487,formax-outcome-4.0,6d861e191d14ee4741a5969b1d2ffbfc,2025-04-12T14:00:00.0000000Z,1
102434,40,2025-04-12T14:00:00.0000000Z,1531,1253,2,1,H,0.507348,0.291285,0.201367,H,1,0.678558,0.368102,formax-outcome-4.0,6d861e191d14ee4741a5969b1d2ffbfc,2025-04-12T14:00:00.0000000Z,1
102510,40,2025-04-12T14:00:00.0000000Z,1654,3380,2,2,D,0.451197,0.299242,0.249560,H,0,1.206502,0.756921,formax-outcome-4.0,6d861e191d14ee4741a5969b1d2ffbfc,2025-04-12T14:00:00.0000000Z,1
102652,40,2025-04-12T14:00:00.0000000Z,2209,3467,0,1,A,0.516484,0.284208,0.199308,H,0,1.612902,0.988636,formax-outcome-4.0,6d861e191d14ee4741a5969b1d2ffbfc,2025-04-12T14:00:00.0000000Z,1
102713,40,2025-04-12T14:00:00.0000000Z,1386,3483,0,1,A,0.452348,0.290656,0.256997,H,0,1.358692,0.841153,formax-outcome-4.0,6d861e191d14ee4741a5969b1d2ffbfc,2025-04-12T14:00:00.0000000Z,1
105942,39,2025-04-12T14:00:00.0000000Z,873,1910,2,2,D,0.677849,0.197952,0.124199,H,0,1.619729,1.118185,formax-outcome-4.0,6d861e191d14ee4741a5969b1d2ffbfc,2025-04-12T14:00:00.0000000Z,1
107520,40,2025-04-12T14:00:00.0000000Z,4169,1476,0,1,A,0.541676,0.265855,0.192469,H,0,1.647818,1.016197,formax-outcome-4.0,6d861e191d14ee4741a5969b1d2ffbfc,2025-04-12T14:00:00.0000000Z,1
103971,140,2025-04-12T14:15:00.0000000Z,1914,1923,1,3,A,0.466075,0.280619,0.253305,H,0,1.373159,0.853526,formax-outcome-4.0,6d861e191d14ee4741a5969b1d2ffbfc,2025-04-12T14:15:00.0000000Z,1
104256,88,2025-04-12T14:30:00.0000000Z,1079,2516,0,2,A,0.183404,0.220009,0.596587,A,1,0.516530,0.244783,formax-outcome-4.0,6d861e191d14ee4741a5969b1d2ffbfc,2025-04-12T14:30:00.0000000Z,1
98382,61,2025-04-12T15:00:00.0000000Z,2085,5071,3,0,H,0.395489,0.249959,0.354551,H,1,0.927632,0.553620,formax-outcome-4.0,6d861e191d14ee4741a5969b1d2ffbfc,2025-04-12T15:00:00.0000000Z,1
82516,203,2025-04-12T16:00:00.0000000Z,3673,3661,0,2,A,0.470378,0.270426,0.259196,H,0,1.350172,0.843177,formax-outcome-4.0,6d861e191d14ee4741a5969b1d2ffbfc,2025-04-12T16:00:00.0000000Z,1
103637,203,2025-04-12T16:00:00.0000000Z,6023,5867,0,0,D,0.503404,0.275181,0.221414,H,0,1.290325,0.827802,formax-outcome-4.0,6d861e191d14ee4741a5969b1d2ffbfc,2025-04-12T16:00:00.0000000Z,1
106628,135,2025-04-12T16:00:00.0000000Z,2685,3394,3,1,H,0.633970,0.234283,0.131747,H,1,0.455753,0.206224,formax-outcome-4.0,6d861e191d14ee4741a5969b1d2ffbfc,2025-04-12T16:00:00.0000000Z,1
102049,78,2025-04-12T16:30:00.0000000Z,1328,989,2,2,D,0.492611,0.239527,0.267862,H,0,1.429089,0.892735,formax-outcome-4.0,6d861e191d14ee4741a5969b1d2ffbfc,2025-04-12T16:30:00.0000000Z,1
102954,39,2025-04-12T16:30:00.0000000Z,4559,5807,1,1,D,0.491975,0.267202,0.240823,H,0,1.319751,0.837028,formax-outcome-4.0,6d861e191d14ee4741a5969b1d2ffbfc,2025-04-12T16:30:00.0000000Z,1
105287,140,2025-04-12T16:30:00.0000000Z,1904,762,0,2,A,0.380062,0.277777,0.342161,H,0,1.072475,0.654360,formax-outcome-4.0,6d861e191d14ee4741a5969b1d2ffbfc,2025-04-12T16:30:00.0000000Z,1
97522,88,2025-04-12T16:45:00.0000000Z,1162,990,3,1,H,0.502568,0.259318,0.238114,H,1,0.688025,0.371383,formax-outcome-4.0,6d861e191d14ee4741a5969b1d2ffbfc,2025-04-12T16:45:00.0000000Z,1
102879,61,2025-04-12T17:00:00.0000000Z,1872,4470,1,2,A,0.312184,0.270983,0.416832,A,1,0.875071,0.510975,formax-outcome-4.0,6d861e191d14ee4741a5969b1d2ffbfc,2025-04-12T17:00:00.0000000Z,1
104026,88,2025-04-12T18:00:00.0000000Z,1775,958,5,0,H,0.686562,0.182170,0.131268,H,1,0.376058,0.148660,formax-outcome-4.0,6d861e191d14ee4741a5969b1d2ffbfc,2025-04-12T18:00:00.0000000Z,1
105805,135,2025-04-12T18:45:00.0000000Z,2013,1584,2,1,H,0.579792,0.262275,0.157933,H,1,0.545086,0.270306,formax-outcome-4.0,6d861e191d14ee4741a5969b1d2ffbfc,2025-04-12T18:45:00.0000000Z,1
104582,88,2025-04-12T19:00:00.0000000Z,1378,1580,1,1,D,0.359569,0.251339,0.389092,A,0,1.380952,0.841176,formax-outcome-4.0,6d861e191d14ee4741a5969b1d2ffbfc,2025-04-12T19:00:00.0000000Z,1
105347,140,2025-04-12T19:00:00.0000000Z,4408,4005,0,1,A,0.081196,0.146521,0.772283,A,1,0.258404,0.079916,formax-outcome-4.0,6d861e191d14ee4741a5969b1d2ffbfc,2025-04-12T19:00:00.0000000Z,1
104903,61,2025-04-12T19:05:00.0000000Z,1911,3851,2,2,D,0.448877,0.261558,0.289565,H,0,1.341099,0.830635,formax-outcome-4.0,6d861e191d14ee4741a5969b1d2ffbfc,2025-04-12T19:05:00.0000000Z,1
103814,88,2025-04-13T10:15:00.0000000Z,4678,1301,3,1,H,0.598221,0.225556,0.176223,H,1,0.513795,0.243357,formax-outcome-4.0,6d861e191d14ee4741a5969b1d2ffbfc,2025-04-13T10:15:00.0000000Z,1
106019,135,2025-04-13T10:30:00.0000000Z,4702,1520,2,0,H,0.462847,0.279692,0.257461,H,1,0.770358,0.433046,formax-outcome-4.0,6d861e191d14ee4741a5969b1d2ffbfc,2025-04-13T10:30:00.0000000Z,1
105229,140,2025-04-13T12:00:00.0000000Z,3599,758,2,1,H,0.363568,0.286646,0.349786,H,1,1.011788,0.609562,formax-outcome-4.0,6d861e191d14ee4741a5969b1d2ffbfc,2025-04-13T12:00:00.0000000Z,1
83361,88,2025-04-13T12:30:00.0000000Z,2612,3707,1,1,D,0.399342,0.250072,0.350586,H,0,1.386008,0.844777,formax-outcome-4.0,6d861e191d14ee4741a5969b1d2ffbfc,2025-04-13T12:30:00.0000000Z,1
103759,88,2025-04-13T12:30:00.0000000Z,4157,1271,1,0,H,0.302130,0.254027,0.443843,A,0,1.196899,0.748550,formax-outcome-4.0,6d861e191d14ee4741a5969b1d2ffbfc,2025-04-13T12:30:00.0000000Z,1
99502,39,2025-04-13T13:00:00.0000000Z,1829,2355,4,2,H,0.331019,0.273625,0.395356,A,0,1.105579,0.678713,formax-outcome-4.0,6d861e191d14ee4741a5969b1d2ffbfc,2025-04-13T13:00:00.0000000Z,1
101859,39,2025-04-13T13:00:00.0000000Z,3373,3598,2,2,D,0.610213,0.226102,0.163685,H,0,1.486767,0.998070,formax-outcome-4.0,6d861e191d14ee4741a5969b1d2ffbfc,2025-04-13T13:00:00.0000000Z,1
103516,203,2025-04-13T13:00:00.0000000Z,6025,4226,1,0,H,0.401980,0.259854,0.338166,H,1,0.911354,0.539509,formax-outcome-4.0,6d861e191d14ee4741a5969b1d2ffbfc,2025-04-13T13:00:00.0000000Z,1
104117,203,2025-04-13T13:00:00.0000000Z,4926,7043,2,1,H,0.587967,0.235487,0.176547,H,1,0.531085,0.256394,formax-outcome-4.0,6d861e191d14ee4741a5969b1d2ffbfc,2025-04-13T13:00:00.0000000Z,1
105018,39,2025-04-13T13:00:00.0000000Z,2208,2751,2,1,H,0.594170,0.235687,0.170144,H,1,0.520590,0.249195,formax-outcome-4.0,6d861e191d14ee4741a5969b1d2ffbfc,2025-04-13T13:00:00.0000000Z,1
105462,135,2025-04-13T13:00:00.0000000Z,1719,1649,0,0,D,0.297219,0.305721,0.397060,A,0,1.185082,0.728019,formax-outcome-4.0,6d861e191d14ee4741a5969b1d2ffbfc,2025-04-13T13:00:00.0000000Z,1
107010,135,2025-04-13T13:00:00.0000000Z,1503,3648,0,0,D,0.639865,0.220532,0.139603,H,0,1.511714,1.036487,formax-outcome-4.0,6d861e191d14ee4741a5969b1d2ffbfc,2025-04-13T13:00:00.0000000Z,1
107092,61,2025-04-13T13:00:00.0000000Z,3538,4558,3,3,D,0.204883,0.226004,0.569113,A,0,1.487201,0.964936,formax-outcome-4.0,6d861e191d14ee4741a5969b1d2ffbfc,2025-04-13T13:00:00.0000000Z,1
101591,78,2025-04-13T13:30:00.0000000Z,1278,966,1,2,A,0.438298,0.239638,0.322064,H,0,1.133005,0.709129,formax-outcome-4.0,6d861e191d14ee4741a5969b1d2ffbfc,2025-04-13T13:30:00.0000000Z,1
103899,140,2025-04-13T14:15:00.0000000Z,759,4521,0,1,A,0.175119,0.231328,0.593552,A,1,0.521630,0.249379,formax-outcome-4.0,6d861e191d14ee4741a5969b1d2ffbfc,2025-04-13T14:15:00.0000000Z,1
88204,88,2025-04-13T14:45:00.0000000Z,1088,2530,1,2,A,0.190063,0.234620,0.575317,A,1,0.552835,0.271527,formax-outcome-4.0,6d861e191d14ee4741a5969b1d2ffbfc,2025-04-13T14:45:00.0000000Z,1
103287,61,2025-04-13T15:15:00.0000000Z,1257,1835,2,0,H,0.426271,0.269151,0.304578,H,1,0.852681,0.494376,formax-outcome-4.0,6d861e191d14ee4741a5969b1d2ffbfc,2025-04-13T15:15:00.0000000Z,1
107239,61,2025-04-13T15:15:00.0000000Z,1823,1781,1,5,A,0.235022,0.238028,0.526950,A,1,0.640651,0.335670,formax-outcome-4.0,6d861e191d14ee4741a5969b1d2ffbfc,2025-04-13T15:15:00.0000000Z,1
71139,39,2025-04-13T15:30:00.0000000Z,1013,4266,4,1,H,0.473108,0.258503,0.268390,H,1,0.748432,0.416472,formax-outcome-4.0,6d861e191d14ee4741a5969b1d2ffbfc,2025-04-13T15:30:00.0000000Z,1
72591,78,2025-04-13T15:30:00.0000000Z,4472,4330,3,0,H,0.546927,0.236003,0.217071,H,1,0.603441,0.308092,formax-outcome-4.0,6d861e191d14ee4741a5969b1d2ffbfc,2025-04-13T15:30:00.0000000Z,1
42818,203,2025-04-13T16:00:00.0000000Z,5813,3588,1,3,A,0.176598,0.227311,0.596090,A,1,0.517363,0.246001,formax-outcome-4.0,6d861e191d14ee4741a5969b1d2ffbfc,2025-04-13T16:00:00.0000000Z,1
103442,203,2025-04-13T16:00:00.0000000Z,5068,1845,2,0,H,0.577303,0.236590,0.186107,H,1,0.549388,0.269283,formax-outcome-4.0,6d861e191d14ee4741a5969b1d2ffbfc,2025-04-13T16:00:00.0000000Z,1
106570,135,2025-04-13T16:00:00.0000000Z,5356,1652,1,0,H,0.384031,0.304971,0.310998,H,1,0.957031,0.569144,formax-outcome-4.0,6d861e191d14ee4741a5969b1d2ffbfc,2025-04-13T16:00:00.0000000Z,1
104839,140,2025-04-13T16:30:00.0000000Z,2033,1776,1,2,A,0.357711,0.275953,0.366336,A,1,1.004203,0.605636,formax-outcome-4.0,6d861e191d14ee4741a5969b1d2ffbfc,2025-04-13T16:30:00.0000000Z,1
53937,61,2025-04-13T18:45:00.0000000Z,1815,3589,1,3,A,0.268760,0.239493,0.491747,A,1,0.709790,0.387909,formax-outcome-4.0,6d861e191d14ee4741a5969b1d2ffbfc,2025-04-13T18:45:00.0000000Z,1
105530,135,2025-04-13T18:45:00.0000000Z,2837,2799,1,1,D,0.369586,0.305042,0.325372,H,0,1.187306,0.725427,formax-outcome-4.0,6d861e191d14ee4741a5969b1d2ffbfc,2025-04-13T18:45:00.0000000Z,1
104358,140,2025-04-13T19:00:00.0000000Z,1906,2517,3,1,H,0.456592,0.288300,0.255108,H,1,0.783965,0.443489,formax-outcome-4.0,6d861e191d14ee4741a5969b1d2ffbfc,2025-04-13T19:00:00.0000000Z,1
105412,203,2025-04-14T17:00:00.0000000Z,6991,7044,6,0,H,0.714898,0.181611,0.103492,H,1,0.335616,0.124976,formax-outcome-4.0,6d861e191d14ee4741a5969b1d2ffbfc,2025-04-14T17:00:00.0000000Z,1
106278,135,2025-04-14T18:45:00.0000000Z,2845,1849,3,0,H,0.660742,0.228721,0.110537,H,1,0.414392,0.179628,formax-outcome-4.0,6d861e191d14ee4741a5969b1d2ffbfc,2025-04-14T18:45:00.0000000Z,1
98296,40,2025-04-14T19:00:00.0000000Z,1718,5841,1,1,D,0.369944,0.309065,0.320991,H,0,1.174204,0.717285,formax-outcome-4.0,6d861e191d14ee4741a5969b1d2ffbfc,2025-04-14T19:00:00.0000000Z,1
105896,140,2025-04-14T19:00:00.0000000Z,4267,1913,4,2,H,0.693670,0.190331,0.115999,H,1,0.365759,0.143520,formax-outcome-4.0,6d861e191d14ee4741a5969b1d2ffbfc,2025-04-14T19:00:00.0000000Z,1
107199,39,2025-04-14T19:00:00.0000000Z,3646,4928,1,0,H,0.409186,0.268258,0.322556,H,1,0.893584,0.525065,formax-outcome-4.0,6d861e191d14ee4741a5969b1d2ffbfc,2025-04-14T19:00:00.0000000Z,1
102100,2,2025-04-15T19:00:00.0000000Z,2109,5284,3,2,H,0.342670,0.241171,0.416159,A,0,1.070987,0.663434,formax-outcome-4.0,6d861e191d14ee4741a5969b1d2ffbfc,2025-04-15T19:00:00.0000000Z,1
106692,2,2025-04-15T19:00:00.0000000Z,989,4005,3,1,H,0.205719,0.211691,0.582590,A,0,1.581246,1.015107,formax-outcome-4.0,6d861e191d14ee4741a5969b1d2ffbfc,2025-04-15T19:00:00.0000000Z,1
71138,39,2025-04-16T18:30:00.0000000Z,1013,1486,5,0,H,0.544535,0.237181,0.218284,H,1,0.607823,0.311351,formax-outcome-4.0,6d861e191d14ee4741a5969b1d2ffbfc,2025-04-16T18:30:00.0000000Z,1
102048,2,2025-04-16T19:00:00.0000000Z,2685,1328,2,2,D,0.553128,0.220119,0.226754,H,0,1.513588,0.965582,formax-outcome-4.0,6d861e191d14ee4741a5969b1d2ffbfc,2025-04-16T19:00:00.0000000Z,1
106488,2,2025-04-16T19:00:00.0000000Z,4521,4559,1,2,A,0.330038,0.252400,0.417562,A,1,0.873323,0.511865,formax-outcome-4.0,6d861e191d14ee4741a5969b1d2ffbfc,2025-04-16T19:00:00.0000000Z,1
53936,3,2025-04-17T19:00:00.0000000Z,4266,3589,5,4,H,0.567732,0.224436,0.207832,H,1,0.566106,0.280421,formax-outcome-4.0,6d861e191d14ee4741a5969b1d2ffbfc,2025-04-17T19:00:00.0000000Z,1
70796,848,2025-04-17T19:00:00.0000000Z,3002,1182,1,4,A,0.384717,0.268706,0.346577,H,0,1.059651,0.647172,formax-outcome-4.0,6d861e191d14ee4741a5969b1d2ffbfc,2025-04-17T19:00:00.0000000Z,1
72590,3,2025-04-17T19:00:00.0000000Z,4472,2355,0,1,A,0.397019,0.259640,0.343341,H,0,1.069030,0.656237,formax-outcome-4.0,6d861e191d14ee4741a5969b1d2ffbfc,2025-04-17T19:00:00.0000000Z,1
87847,3,2025-04-17T19:00:00.0000000Z,1906,2750,2,0,H,0.636676,0.207516,0.155808,H,1,0.451494,0.199343,formax-outcome-4.0,6d861e191d14ee4741a5969b1d2ffbfc,2025-04-17T19:00:00.0000000Z,1
105529,3,2025-04-17T19:00:00.0000000Z,2837,2705,3,1,H,0.566928,0.227923,0.205149,H,1,0.567523,0.281586,formax-outcome-4.0,6d861e191d14ee4741a5969b1d2ffbfc,2025-04-17T19:00:00.0000000Z,1
102576,40,2025-04-18T11:30:00.0000000Z,3380,774,0,1,A,0.450195,0.313037,0.236769,H,0,1.440672,0.883190,formax-outcome-4.0,6d861e191d14ee4741a5969b1d2ffbfc,2025-04-18T11:30:00.0000000Z,1
98295,40,2025-04-18T14:00:00.0000000Z,5841,1531,2,0,H,0.401218,0.303561,0.295220,H,1,0.913250,0.537844,formax-outcome-4.0,6d861e191d14ee4741a5969b1d2ffbfc,2025-04-18T14:00:00.0000000Z,1
99612,40,2025-04-18T14:00:00.0000000Z,1912,1511,4,1,H,0.332260,0.345710,0.322030,D,0,1.101837,0.669095,formax-outcome-4.0,6d861e191d14ee4741a5969b1d2ffbfc,2025-04-18T14:00:00.0000000Z,1
101699,40,2025-04-18T14:00:00.0000000Z,1499,1502,1,2,A,0.402674,0.315894,0.281433,H,0,1.267863,0.778274,formax-outcome-4.0,6d861e191d14ee4741a5969b1d2ffbfc,2025-04-18T14:00:00.0000000Z,1
102509,40,2025-04-18T14:00:00.0000000Z,4379,1654,3,5,A,0.445890,0.289291,0.264819,H,0,1.328709,0.822999,formax-outcome-4.0,6d861e191d14ee4741a5969b1d2ffbfc,2025-04-18T14:00:00.0000000Z,1
102651,40,2025-04-18T14:00:00.0000000Z,3467,1718,1,0,H,0.403979,0.319475,0.276547,H,1,0.906393,0.533783,formax-outcome-4.0,6d861e191d14ee4741a5969b1d2ffbfc,2025-04-18T14:00:00.0000000Z,1
102712,40,2025-04-18T14:00:00.0000000Z,3483,4169,2,0,H,0.382548,0.304306,0.313146,H,1,0.960902,0.571910,formax-outcome-4.0,6d861e191d14ee4741a5969b1d2ffbfc,2025-04-18T14:00:00.0000000Z,1
102816,40,2025-04-18T14:00:00.0000000Z,4380,1380,2,1,H,0.572649,0.253344,0.174006,H,1,0.557482,0.277090,formax-outcome-4.0,6d861e191d14ee4741a5969b1d2ffbfc,2025-04-18T14:00:00.0000000Z,1
103011,40,2025-04-18T14:00:00.0000000Z,1053,2209,2,1,H,0.413030,0.322900,0.264070,H,1,0.884236,0.518532,formax-outcome-4.0,6d861e191d14ee4741a5969b1d2ffbfc,2025-04-18T14:00:00.0000000Z,1
104540,40,2025-04-18T14:00:00.0000000Z,1253,2531,1,2,A,0.177387,0.308395,0.514218,A,1,0.665108,0.362558,formax-outcome-4.0,6d861e191d14ee4741a5969b1d2ffbfc,2025-04-18T14:00:00.0000000Z,1
103683,40,2025-04-18T16:30:00.0000000Z,1460,1386,2,0,H,0.565428,0.256332,0.178240,H,1,0.570173,0.286329,formax-outcome-4.0,6d861e191d14ee4741a5969b1d2ffbfc,2025-04-18T16:30:00.0000000Z,1
98908,203,2025-04-18T17:00:00.0000000Z,3309,6023,2,0,H,0.683420,0.204997,0.111583,H,1,0.380646,0.154698,formax-outcome-4.0,6d861e191d14ee4741a5969b1d2ffbfc,2025-04-18T17:00:00.0000000Z,1
103371,203,2025-04-18T17:00:00.0000000Z,7043,1717,2,3,A,0.345833,0.288131,0.366036,A,1,1.005022,0.604529,formax-outcome-4.0,6d861e191d14ee4741a5969b1d2ffbfc,2025-04-18T17:00:00.0000000Z,1
107386,61,2025-04-18T18:45:00.0000000Z,1781,1668,2,1,H,0.507406,0.243147,0.249447,H,1,0.678445,0.363994,formax-outcome-4.0,6d861e191d14ee4741a5969b1d2ffbfc,2025-04-18T18:45:00.0000000Z,1
103970,140,2025-04-18T19:00:00.0000000Z,762,1914,1,0,H,0.327590,0.291002,0.381408,A,0,1.115992,0.682289,formax-outcome-4.0,6d861e191d14ee4741a5969b1d2ffbfc,2025-04-18T19:00:00.0000000Z,1
106397,40,2025-04-18T19:00:00.0000000Z,1476,2269,0,1,A,0.162012,0.250093,0.587895,A,1,0.531208,0.258625,formax-outcome-4.0,6d861e191d14ee4741a5969b1d2ffbfc,2025-04-18T19:00:00.0000000Z,1
103515,203,2025-04-19T10:30:00.0000000Z,4226,5813,3,1,H,0.544531,0.233530,0.221938,H,1,0.607830,0.311245,formax-outcome-4.0,6d861e191d14ee4741a5969b1d2ffbfc,2025-04-19T10:30:00.0000000Z,1
104357,140,2025-04-19T12:00:00.0000000Z,2517,2030,1,1,D,0.360800,0.281726,0.357474,H,0,1.266822,0.773883,formax-outcome-4.0,6d861e191d14ee4741a5969b1d2ffbfc,2025-04-19T12:00:00.0000000Z,1
103589,203,2025-04-19T13:00:00.0000000Z,7044,5068,0,1,A,0.172670,0.216064,0.611265,A,1,0.492224,0.227613,formax-outcome-4.0,6d861e191d14ee4741a5969b1d2ffbfc,2025-04-19T13:00:00.0000000Z,1
105804,135,2025-04-19T13:00:00.0000000Z,1584,5356,0,3,A,0.285325,0.303835,0.410840,A,1,0.889551,0.520835,formax-outcome-4.0,6d861e191d14ee4741a5969b1d2ffbfc,2025-04-19T13:00:00.0000000Z,1
101590,78,2025-04-19T13:30:00.0000000Z,966,967,1,0,H,0.478439,0.241444,0.280117,H,1,0.737226,0.408786,formax-outcome-4.0,6d861e191d14ee4741a5969b1d2ffbfc,2025-04-19T13:30:00.0000000Z,1
101904,78,2025-04-19T13:30:00.0000000Z,821,1282,1,1,D,0.559080,0.226110,0.214809,H,0,1.486733,0.957620,formax-outcome-4.0,6d861e191d14ee4741a5969b1d2ffbfc,2025-04-19T13:30:00.0000000Z,1
102047,78,2025-04-19T13:30:00.0000000Z,4330,1328,0,4,A,0.111073,0.168202,0.720725,A,1,0.327497,0.118623,formax-outcome-4.0,6d861e191d14ee4741a5969b1d2ffbfc,2025-04-19T13:30:00.0000000Z,1
106081,78,2025-04-19T13:30:00.0000000Z,5685,3573,3,2,H,0.390734,0.248254,0.361012,H,1,0.939728,0.563164,formax-outcome-4.0,6d861e191d14ee4741a5969b1d2ffbfc,2025-04-19T13:30:00.0000000Z,1
71229,39,2025-04-19T14:00:00.0000000Z,1482,4166,0,2,A,0.352440,0.277513,0.370047,A,1,0.994124,0.598067,formax-outcome-4.0,6d861e191d14ee4741a5969b1d2ffbfc,2025-04-19T14:00:00.0000000Z,1
102953,39,2025-04-19T14:00:00.0000000Z,5807,873,4,2,H,0.455545,0.258328,0.286127,H,1,0.786261,0.445033,formax-outcome-4.0,6d861e191d14ee4741a5969b1d2ffbfc,2025-04-19T14:00:00.0000000Z,1
104698,39,2025-04-19T14:00:00.0000000Z,2751,4290,1,1,D,0.595546,0.227928,0.176526,H,0,1.478724,0.981931,formax-outcome-4.0,6d861e191d14ee4741a5969b1d2ffbfc,2025-04-19T14:00:00.0000000Z,1
106335,39,2025-04-19T14:00:00.0000000Z,1486,3646,0,0,D,0.340281,0.268371,0.391348,A,0,1.315386,0.804226,formax-outcome-4.0,6d861e191d14ee4741a5969b1d2ffbfc,2025-04-19T14:00:00.0000000Z,1
105588,140,2025-04-19T14:15:00.0000000Z,4005,1904,4,3,H,0.624555,0.213892,0.161553,H,1,0.470716,0.212808,formax-outcome-4.0,6d861e191d14ee4741a5969b1d2ffbfc,2025-04-19T14:15:00.0000000Z,1
107238,61,2025-04-19T15:00:00.0000000Z,5284,1823,2,1,H,0.899883,0.068912,0.031205,H,1,0.105490,0.015746,formax-outcome-4.0,6d861e191d14ee4741a5969b1d2ffbfc,2025-04-19T15:00:00.0000000Z,1
82515,203,2025-04-19T16:00:00.0000000Z,2549,3673,1,1,D,0.460927,0.275566,0.263508,H,0,1.288928,0.806694,formax-outcome-4.0,6d861e191d14ee4741a5969b1d2ffbfc,2025-04-19T16:00:00.0000000Z,1
106919,135,2025-04-19T16:00:00.0000000Z,3659,2845,0,1,A,0.134412,0.239194,0.626394,A,1,0.467776,0.214862,formax-outcome-4.0,6d861e191d14ee4741a5969b1d2ffbfc,2025-04-19T16:00:00.0000000Z,1
71137,39,2025-04-19T16:30:00.0000000Z,2109,1013,4,1,H,0.331968,0.255424,0.412609,A,0,1.102717,0.681754,formax-outcome-4.0,6d861e191d14ee4741a5969b1d2ffbfc,2025-04-19T16:30:00.0000000Z,1
105346,140,2025-04-19T16:30:00.0000000Z,1925,4408,0,0,D,0.387659,0.282045,0.330296,H,0,1.265689,0.774835,formax-outcome-4.0,6d861e191d14ee4741a5969b1d2ffbfc,2025-04-19T16:30:00.0000000Z,1
98381,61,2025-04-19T17:00:00.0000000Z,2085,1911,0,0,D,0.405386,0.253072,0.341542,H,0,1.374083,0.838891,formax-outcome-4.0,6d861e191d14ee4741a5969b1d2ffbfc,2025-04-19T17:00:00.0000000Z,1
104787,88,2025-04-19T18:00:00.0000000Z,990,958,2,1,H,0.481044,0.257679,0.261277,H,1,0.731797,0.403980,formax-outcome-4.0,6d861e191d14ee4741a5969b1d2ffbfc,2025-04-19T18:00:00.0000000Z,1
105461,135,2025-04-19T18:45:00.0000000Z,2799,1719,1,0,H,0.616474,0.244649,0.138877,H,1,0.483739,0.226232,formax-outcome-4.0,6d861e191d14ee4741a5969b1d2ffbfc,2025-04-19T18:45:00.0000000Z,1
105895,140,2025-04-19T19:00:00.0000000Z,1923,4267,1,0,H,0.208445,0.241404,0.550151,A,0,1.568080,0.987501,formax-outcome-4.0,6d861e191d14ee4741a5969b1d2ffbfc,2025-04-19T19:00:00.0000000Z,1
106181,61,2025-04-19T19:05:00.0000000Z,5071,1835,5,1,H,0.622425,0.209399,0.168177,H,1,0.474133,0.214694,formax-outcome-4.0,6d861e191d14ee4741a5969b1d2ffbfc,2025-04-19T19:05:00.0000000Z,1
88203,88,2025-04-20T10:15:00.0000000Z,4678,2530,4,0,H,0.365667,0.263412,0.370920,A,0,1.006031,0.609346,formax-outcome-4.0,6d861e191d14ee4741a5969b1d2ffbfc,2025-04-20T10:15:00.0000000Z,1
104116,203,2025-04-20T10:30:00.0000000Z,3661,4926,2,1,H,0.554547,0.243887,0.201566,H,1,0.589603,0.298538,formax-outcome-4.0,6d861e191d14ee4741a5969b1d2ffbfc,2025-04-20T10:30:00.0000000Z,1
105630,140,2025-04-20T12:00:00.0000000Z,1913,3599,2,3,A,0.203847,0.241633,0.554520,A,1,0.589652,0.298393,formax-outcome-4.0,6d861e191d14ee4741a5969b1d2ffbfc,2025-04-20T12:00:00.0000000Z,1
60471,61,2025-04-20T13:00:00.0000000Z,4470,1815,3,1,H,0.445233,0.262223,0.292544,H,1,0.809158,0.462109,formax-outcome-4.0,6d861e191d14ee4741a5969b1d2ffbfc,2025-04-20T13:00:00.0000000Z,1
99501,39,2025-04-20T13:00:00.0000000Z,4266,1829,0,1,A,0.456341,0.254799,0.288860,H,0,1.241813,0.778890,formax-outcome-4.0,6d861e191d14ee4741a5969b1d2ffbfc,2025-04-20T13:00:00.0000000Z,1
101857,39,2025-04-20T13:00:00.0000000Z,4928,3373,1,2,A,0.410696,0.274825,0.314479,H,0,1.156837,0.714138,formax-outcome-4.0,6d861e191d14ee4741a5969b1d2ffbfc,2025-04-20T13:00:00.0000000Z,1
103441,203,2025-04-20T13:00:00.0000000Z,1845,6991,1,0,H,0.345919,0.274392,0.379688,A,0,1.061550,0.647276,formax-outcome-4.0,6d861e191d14ee4741a5969b1d2ffbfc,2025-04-20T13:00:00.0000000Z,1
106277,135,2025-04-20T13:00:00.0000000Z,1849,3310,2,2,D,0.308860,0.329931,0.361209,A,0,1.108871,0.674859,formax-outcome-4.0,6d861e191d14ee4741a5969b1d2ffbfc,2025-04-20T13:00:00.0000000Z,1
106449,39,2025-04-20T13:00:00.0000000Z,3598,4559,0,4,A,0.170204,0.222940,0.606856,A,1,0.499464,0.233234,formax-outcome-4.0,6d861e191d14ee4741a5969b1d2ffbfc,2025-04-20T13:00:00.0000000Z,1
72589,78,2025-04-20T13:30:00.0000000Z,1109,4472,0,0,D,0.274149,0.255843,0.470008,A,0,1.363192,0.849835,formax-outcome-4.0,6d861e191d14ee4741a5969b1d2ffbfc,2025-04-20T13:30:00.0000000Z,1
101786,140,2025-04-20T14:15:00.0000000Z,1776,1830,2,2,D,0.466276,0.259792,0.273932,H,0,1.347874,0.840360,formax-outcome-4.0,6d861e191d14ee4741a5969b1d2ffbfc,2025-04-20T14:15:00.0000000Z,1
103286,61,2025-04-20T15:15:00.0000000Z,3851,1257,2,1,H,0.519406,0.244865,0.235729,H,1,0.655069,0.346497,formax-outcome-4.0,6d861e191d14ee4741a5969b1d2ffbfc,2025-04-20T15:15:00.0000000Z,1
106863,61,2025-04-20T15:15:00.0000000Z,1068,1872,1,0,H,0.332113,0.270688,0.397199,A,0,1.102280,0.677112,formax-outcome-4.0,6d861e191d14ee4741a5969b1d2ffbfc,2025-04-20T15:15:00.0000000Z,1
107091,61,2025-04-20T15:15:00.0000000Z,4558,886,1,3,A,0.407925,0.265403,0.326672,H,0,1.118798,0.690211,formax-outcome-4.0,6d861e191d14ee4741a5969b1d2ffbfc,2025-04-20T15:15:00.0000000Z,1
101984,78,2025-04-20T15:30:00.0000000Z,989,1051,3,2,H,0.519823,0.239895,0.240281,H,1,0.654267,0.345855,formax-outcome-4.0,6d861e191d14ee4741a5969b1d2ffbfc,2025-04-20T15:30:00.0000000Z,1
107272,39,2025-04-20T15:30:00.0000000Z,1910,2208,0,1,A,0.101180,0.174296,0.724524,A,1,0.322240,0.116503,formax-outcome-4.0,6d861e191d14ee4741a5969b1d2ffbfc,2025-04-20T15:30:00.0000000Z,1
42817,203,2025-04-20T16:00:00.0000000Z,3588,6025,3,3,D,0.809726,0.129445,0.060830,H,0,2.044500,1.417222,formax-outcome-4.0,6d861e191d14ee4741a5969b1d2ffbfc,2025-04-20T16:00:00.0000000Z,1
106627,135,2025-04-20T16:00:00.0000000Z,1520,2685,1,0,H,0.286319,0.296001,0.417680,A,0,1.250650,0.771415,formax-outcome-4.0,6d861e191d14ee4741a5969b1d2ffbfc,2025-04-20T16:00:00.0000000Z,1
103898,140,2025-04-20T16:30:00.0000000Z,3049,759,1,1,D,0.381299,0.280517,0.338184,H,0,1.271121,0.777413,formax-outcome-4.0,6d861e191d14ee4741a5969b1d2ffbfc,2025-04-20T16:30:00.0000000Z,1
102150,78,2025-04-20T17:30:00.0000000Z,4528,1260,1,1,D,0.215649,0.248904,0.535448,A,0,1.390688,0.897354,formax-outcome-4.0,6d861e191d14ee4741a5969b1d2ffbfc,2025-04-20T17:30:00.0000000Z,1
53935,61,2025-04-20T18:45:00.0000000Z,3538,3589,2,1,H,0.099999,0.140763,0.759238,A,0,2.302600,1.406260,formax-outcome-4.0,6d861e191d14ee4741a5969b1d2ffbfc,2025-04-20T18:45:00.0000000Z,1
103180,135,2025-04-20T18:45:00.0000000Z,1488,4702,0,1,A,0.312185,0.297599,0.390216,A,1,0.941055,0.557862,formax-outcome-4.0,6d861e191d14ee4741a5969b1d2ffbfc,2025-04-20T18:45:00.0000000Z,1
106135,140,2025-04-20T19:00:00.0000000Z,4521,1906,1,0,H,0.357171,0.279686,0.363143,A,0,1.029540,0.623326,formax-outcome-4.0,6d861e191d14ee4741a5969b1d2ffbfc,2025-04-20T19:00:00.0000000Z,1
98294,40,2025-04-21T14:00:00.0000000Z,1380,5841,3,1,H,0.267275,0.268098,0.464627,A,0,1.319476,0.824640,formax-outcome-4.0,6d861e191d14ee4741a5969b1d2ffbfc,2025-04-21T14:00:00.0000000Z,1
99611,40,2025-04-21T14:00:00.0000000Z,2209,1912,0,1,A,0.483435,0.296072,0.220493,H,0,1.511888,0.928998,formax-outcome-4.0,6d861e191d14ee4741a5969b1d2ffbfc,2025-04-21T14:00:00.0000000Z,1
101698,40,2025-04-21T14:00:00.0000000Z,1718,1499,2,1,H,0.398451,0.316271,0.285278,H,1,0.920170,0.543272,formax-outcome-4.0,6d861e191d14ee4741a5969b1d2ffbfc,2025-04-21T14:00:00.0000000Z,1
102273,40,2025-04-21T14:00:00.0000000Z,1502,3467,1,2,A,0.446503,0.288607,0.264890,H,0,1.328440,0.823045,formax-outcome-4.0,6d861e191d14ee4741a5969b1d2ffbfc,2025-04-21T14:00:00.0000000Z,1
102360,40,2025-04-21T14:00:00.0000000Z,1511,4379,3,1,H,0.425666,0.290658,0.283676,H,1,0.854100,0.494814,formax-outcome-4.0,6d861e191d14ee4741a5969b1d2ffbfc,2025-04-21T14:00:00.0000000Z,1
102433,40,2025-04-21T14:00:00.0000000Z,1531,3380,1,3,A,0.487825,0.291283,0.220892,H,0,1.510082,0.929828,formax-outcome-4.0,6d861e191d14ee4741a5969b1d2ffbfc,2025-04-21T14:00:00.0000000Z,1
102508,40,2025-04-21T14:00:00.0000000Z,1654,1253,1,0,H,0.489267,0.272517,0.238216,H,1,0.714847,0.391861,formax-outcome-4.0,6d861e191d14ee4741a5969b1d2ffbfc,2025-04-21T14:00:00.0000000Z,1
102711,40,2025-04-21T14:00:00.0000000Z,2269,3483,6,0,H,0.702918,0.198525,0.098557,H,1,0.352516,0.137384,formax-outcome-4.0,6d861e191d14ee4741a5969b1d2ffbfc,2025-04-21T14:00:00.0000000Z,1
102815,40,2025-04-21T14:00:00.0000000Z,4169,4380,2,1,H,0.383719,0.285666,0.330615,H,1,0.957844,0.570713,formax-outcome-4.0,6d861e191d14ee4741a5969b1d2ffbfc,2025-04-21T14:00:00.0000000Z,1
103010,40,2025-04-21T14:00:00.0000000Z,774,1053,3,1,H,0.286173,0.311417,0.402410,A,0,1.251159,0.768464,formax-outcome-4.0,6d861e191d14ee4741a5969b1d2ffbfc,2025-04-21T14:00:00.0000000Z,1
105729,40,2025-04-21T14:00:00.0000000Z,1386,1476,1,1,D,0.435340,0.296151,0.268510,H,0,1.216887,0.757022,formax-outcome-4.0,6d861e191d14ee4741a5969b1d2ffbfc,2025-04-21T14:00:00.0000000Z,1
103682,40,2025-04-21T16:30:00.0000000Z,2531,1460,2,1,H,0.595895,0.257421,0.146684,H,1,0.517690,0.251082,formax-outcome-4.0,6d861e191d14ee4741a5969b1d2ffbfc,2025-04-21T16:30:00.0000000Z,1
104176,203,2025-04-21T17:00:00.0000000Z,6847,1176,1,0,H,0.409719,0.279712,0.310569,H,1,0.892284,0.523124,formax-outcome-4.0,6d861e191d14ee4741a5969b1d2ffbfc,2025-04-21T17:00:00.0000000Z,1
105228,140,2025-04-21T19:00:00.0000000Z,758,2033,1,3,A,0.216027,0.253457,0.530516,A,1,0.633905,0.331323,formax-outcome-4.0,6d861e191d14ee4741a5969b1d2ffbfc,2025-04-21T19:00:00.0000000Z,1
106427,39,2025-04-21T19:00:00.0000000Z,2355,2480,1,2,A,0.335477,0.266926,0.397597,A,1,0.922315,0.546683,formax-outcome-4.0,6d861e191d14ee4741a5969b1d2ffbfc,2025-04-21T19:00:00.0000000Z,1
105286,140,2025-04-22T17:00:00.0000000Z,2030,762,1,1,D,0.314400,0.278270,0.407330,A,0,1.279165,0.785660,formax-outcome-4.0,6d861e191d14ee4741a5969b1d2ffbfc,2025-04-22T17:00:00.0000000Z,1
107432,61,2025-04-22T18:45:00.0000000Z,1668,5284,1,1,D,0.072663,0.129580,0.797756,A,0,2.043454,1.399325,formax-outcome-4.0,6d861e191d14ee4741a5969b1d2ffbfc,2025-04-22T18:45:00.0000000Z,1
102099,39,2025-04-22T19:00:00.0000000Z,4166,2109,2,1,H,0.395561,0.257601,0.346838,H,1,0.927450,0.552001,formax-outcome-4.0,6d861e191d14ee4741a5969b1d2ffbfc,2025-04-22T19:00:00.0000000Z,1
107447,140,2025-04-22T19:30:00.0000000Z,4005,1925,1,0,H,0.657949,0.205281,0.136770,H,1,0.418628,0.177845,formax-outcome-4.0,6d861e191d14ee4741a5969b1d2ffbfc,2025-04-22T19:30:00.0000000Z,1
105528,135,2025-04-23T16:30:00.0000000Z,1649,2837,0,2,A,0.314473,0.319677,0.365850,A,1,1.005532,0.603233,formax-outcome-4.0,6d861e191d14ee4741a5969b1d2ffbfc,2025-04-23T16:30:00.0000000Z,2
106967,135,2025-04-23T16:30:00.0000000Z,3394,1503,1,2,A,0.249179,0.296570,0.454251,A,1,0.789105,0.447886,formax-outcome-4.0,6d861e191d14ee4741a5969b1d2ffbfc,2025-04-23T16:30:00.0000000Z,2
107009,135,2025-04-23T16:30:00.0000000Z,3648,2013,1,0,H,0.278215,0.310486,0.411298,A,0,1.279360,0.786541,formax-outcome-4.0,6d861e191d14ee4741a5969b1d2ffbfc,2025-04-23T16:30:00.0000000Z,2
107357,135,2025-04-23T16:30:00.0000000Z,1652,3405,2,0,H,0.425574,0.316506,0.257920,H,1,0.854317,0.496665,formax-outcome-4.0,6d861e191d14ee4741a5969b1d2ffbfc,2025-04-23T16:30:00.0000000Z,2
104838,140,2025-04-23T17:00:00.0000000Z,1904,1776,3,0,H,0.278788,0.257176,0.464036,A,0,1.277302,0.801615,formax-outcome-4.0,6d861e191d14ee4741a5969b1d2ffbfc,2025-04-23T17:00:00.0000000Z,2
106134,140,2025-04-23T17:00:00.0000000Z,1906,1923,1,0,H,0.528584,0.261538,0.209879,H,1,0.637554,0.334684,formax-outcome-4.0,6d861e191d14ee4741a5969b1d2ffbfc,2025-04-23T17:00:00.0000000Z,2
104481,88,2025-04-23T18:00:00.0000000Z,1301,4157,4,1,H,0.441609,0.268039,0.290352,H,1,0.817330,0.467949,formax-outcome-4.0,6d861e191d14ee4741a5969b1d2ffbfc,2025-04-23T18:00:00.0000000Z,2
106334,39,2025-04-23T19:00:00.0000000Z,4559,1486,2,2,D,0.607230,0.228608,0.164162,H,0,1.475748,0.990723,formax-outcome-4.0,6d861e191d14ee4741a5969b1d2ffbfc,2025-04-23T19:00:00.0000000Z,2
101785,140,2025-04-23T19:30:00.0000000Z,759,1830,1,0,H,0.329034,0.279675,0.391290,A,0,1.111593,0.681521,formax-outcome-4.0,6d861e191d14ee4741a5969b1d2ffbfc,2025-04-23T19:30:00.0000000Z,2
103969,140,2025-04-23T19:30:00.0000000Z,1914,4521,0,1,A,0.250571,0.278057,0.471372,A,1,0.752107,0.419548,formax-outcome-4.0,6d861e191d14ee4741a5969b1d2ffbfc,2025-04-23T19:30:00.0000000Z,2
103758,88,2025-04-24T16:45:00.0000000Z,1271,1378,1,1,D,0.611572,0.216956,0.171472,H,0,1.528063,1.016582,formax-outcome-4.0,6d861e191d14ee4741a5969b1d2ffbfc,2025-04-24T16:45:00.0000000Z,2
104427,140,2025-04-24T17:00:00.0000000Z,3599,3049,1,0,H,0.377110,0.287566,0.335324,H,1,0.975218,0.583128,formax-outcome-4.0,6d861e191d14ee4741a5969b1d2ffbfc,2025-04-24T17:00:00.0000000Z,2
105227,140,2025-04-24T17:00:00.0000000Z,4408,758,1,1,D,0.389401,0.285735,0.324864,H,0,1.252690,0.767344,formax-outcome-4.0,6d861e191d14ee4741a5969b1d2ffbfc,2025-04-24T17:00:00.0000000Z,2
83360,88,2025-04-24T19:00:00.0000000Z,3707,1775,1,3,A,0.298000,0.230703,0.471298,A,1,0.752266,0.421554,formax-outcome-4.0,6d861e191d14ee4741a5969b1d2ffbfc,2025-04-24T19:00:00.0000000Z,2
104356,140,2025-04-24T19:30:00.0000000Z,4267,2517,3,0,H,0.515771,0.266978,0.217250,H,1,0.662092,0.352952,formax-outcome-4.0,6d861e191d14ee4741a5969b1d2ffbfc,2025-04-24T19:30:00.0000000Z,2
106232,140,2025-04-24T19:30:00.0000000Z,2033,1913,5,1,H,0.723140,0.175856,0.101004,H,1,0.324153,0.117779,formax-outcome-4.0,6d861e191d14ee4741a5969b1d2ffbfc,2025-04-24T19:30:00.0000000Z,2
103813,88,2025-04-25T16:45:00.0000000Z,902,4678,0,4,A,0.245944,0.239278,0.514778,A,1,0.664020,0.353183,formax-outcome-4.0,6d861e191d14ee4741a5969b1d2ffbfc,2025-04-25T16:45:00.0000000Z,2
82514,203,2025-04-25T17:00:00.0000000Z,3673,7043,5,1,H,0.669371,0.205034,0.125595,H,1,0.401416,0.167128,formax-outcome-4.0,6d861e191d14ee4741a5969b1d2ffbfc,2025-04-25T17:00:00.0000000Z,2
107156,78,2025-04-25T18:30:00.0000000Z,1278,4330,0,1,A,0.563351,0.226324,0.210326,H,0,1.559099,0.992172,formax-outcome-4.0,6d861e191d14ee4741a5969b1d2ffbfc,2025-04-25T18:30:00.0000000Z,2
107054,61,2025-04-25T18:45:00.0000000Z,5284,3851,1,3,A,0.710242,0.170871,0.118887,H,0,2.129585,1.310002,formax-outcome-4.0,6d861e191d14ee4741a5969b1d2ffbfc,2025-04-25T18:45:00.0000000Z,2
102710,40,2025-04-25T19:00:00.0000000Z,3483,1460,0,2,A,0.319585,0.287794,0.392621,A,1,0.934912,0.553870,formax-outcome-4.0,6d861e191d14ee4741a5969b1d2ffbfc,2025-04-25T19:00:00.0000000Z,2
104617,88,2025-04-25T19:00:00.0000000Z,2516,2612,4,0,H,0.730997,0.163844,0.105159,H,1,0.313346,0.110266,formax-outcome-4.0,6d861e191d14ee4741a5969b1d2ffbfc,2025-04-25T19:00:00.0000000Z,2
71228,39,2025-04-26T11:30:00.0000000Z,3373,1482,1,0,H,0.429728,0.286640,0.283632,H,1,0.844602,0.487819,formax-outcome-4.0,6d861e191d14ee4741a5969b1d2ffbfc,2025-04-26T11:30:00.0000000Z,2
98293,40,2025-04-26T11:30:00.0000000Z,774,5841,1,0,H,0.379465,0.282643,0.337892,H,1,0.968994,0.579122,formax-outcome-4.0,6d861e191d14ee4741a5969b1d2ffbfc,2025-04-26T11:30:00.0000000Z,2
102272,40,2025-04-26T11:30:00.0000000Z,1502,2531,0,5,A,0.232749,0.288623,0.478627,A,1,0.736833,0.409305,formax-outcome-4.0,6d861e191d14ee4741a5969b1d2ffbfc,2025-04-26T11:30:00.0000000Z,2
105097,203,2025-04-26T13:00:00.0000000Z,5813,5867,2,0,H,0.535671,0.245970,0.218359,H,1,0.624235,0.323783,formax-outcome-4.0,6d861e191d14ee4741a5969b1d2ffbfc,2025-04-26T13:00:00.0000000Z,2
101983,78,2025-04-26T13:30:00.0000000Z,1282,1051,4,3,H,0.290320,0.244329,0.465351,A,0,1.236772,0.779894,formax-outcome-4.0,6d861e191d14ee4741a5969b1d2ffbfc,2025-04-26T13:30:00.0000000Z,2
102046,78,2025-04-26T13:30:00.0000000Z,1328,1281,3,0,H,0.575469,0.223757,0.200774,H,1,0.552569,0.270603,formax-outcome-4.0,6d861e191d14ee4741a5969b1d2ffbfc,2025-04-26T13:30:00.0000000Z,2
102149,78,2025-04-26T13:30:00.0000000Z,1260,1109,2,0,H,0.493786,0.261001,0.245213,H,1,0.705653,0.384503,formax-outcome-4.0,6d861e191d14ee4741a5969b1d2ffbfc,2025-04-26T13:30:00.0000000Z,2
106080,78,2025-04-26T13:30:00.0000000Z,5353,5685,0,1,A,0.428339,0.251753,0.319909,H,0,1.139720,0.709378,formax-outcome-4.0,6d861e191d14ee4741a5969b1d2ffbfc,2025-04-26T13:30:00.0000000Z,2
106691,78,2025-04-26T13:30:00.0000000Z,3573,989,2,3,A,0.212430,0.217297,0.570273,A,1,0.561640,0.277010,formax-outcome-4.0,6d861e191d14ee4741a5969b1d2ffbfc,2025-04-26T13:30:00.0000000Z,2
71136,39,2025-04-26T14:00:00.0000000Z,1013,3598,3,0,H,0.749833,0.153668,0.096499,H,1,0.287904,0.095509,formax-outcome-4.0,6d861e191d14ee4741a5969b1d2ffbfc,2025-04-26T14:00:00.0000000Z,2
99500,39,2025-04-26T14:00:00.0000000Z,1829,1910,3,0,H,0.648109,0.211544,0.140347,H,1,0.433696,0.188275,formax-outcome-4.0,6d861e191d14ee4741a5969b1d2ffbfc,2025-04-26T14:00:00.0000000Z,2
99610,40,2025-04-26T14:00:00.0000000Z,1912,1253,2,1,H,0.466273,0.284819,0.248908,H,1,0.762984,0.427941,formax-outcome-4.0,6d861e191d14ee4741a5969b1d2ffbfc,2025-04-26T14:00:00.0000000Z,2
101697,40,2025-04-26T14:00:00.0000000Z,1499,1380,1,2,A,0.544267,0.249657,0.206076,H,0,1.579509,0.988870,formax-outcome-4.0,6d861e191d14ee4741a5969b1d2ffbfc,2025-04-26T14:00:00.0000000Z,2
102359,40,2025-04-26T14:00:00.0000000Z,1511,3467,1,0,H,0.410839,0.291454,0.297707,H,1,0.889554,0.520686,formax-outcome-4.0,6d861e191d14ee4741a5969b1d2ffbfc,2025-04-26T14:00:00.0000000Z,2
102432,40,2025-04-26T14:00:00.0000000Z,1386,1531,0,0,D,0.353641,0.284952,0.361407,A,0,1.255435,0.766971,formax-outcome-4.0,6d861e191d14ee4741a5969b1d2ffbfc,2025-04-26T14:00:00.0000000Z,2
102507,40,2025-04-26T14:00:00.0000000Z,4169,1654,1,1,D,0.415855,0.264841,0.319304,H,0,1.328627,0.815350,formax-outcome-4.0,6d861e191d14ee4741a5969b1d2ffbfc,2025-04-26T14:00:00.0000000Z,2
102575,40,2025-04-26T14:00:00.0000000Z,1718,3380,0,1,A,0.431215,0.291766,0.277019,H,0,1.283671,0.793776,formax-outcome-4.0,6d861e191d14ee4741a5969b1d2ffbfc,2025-04-26T14:00:00.0000000Z,2
102765,40,2025-04-26T14:00:00.0000000Z,4380,4379,0,0,D,0.500264,0.249535,0.250202,H,0,1.388158,0.876063,formax-outcome-4.0,6d861e191d14ee4741a5969b1d2ffbfc,2025-04-26T14:00:00.0000000Z,2
104697,39,2025-04-26T14:00:00.0000000Z,4290,4928,1,2,A,0.174372,0.226445,0.599184,A,1,0.512187,0.242336,formax-outcome-4.0,6d861e191d14ee4741a5969b1d2ffbfc,2025-04-26T14:00:00.0000000Z,2
105017,39,2025-04-26T14:00:00.0000000Z,873,2751,3,2,H,0.488795,0.256490,0.254715,H,1,0.715812,0.391997,formax-outcome-4.0,6d861e191d14ee4741a5969b1d2ffbfc,2025-04-26T14:00:00.0000000Z,2
106367,40,2025-04-26T14:00:00.0000000Z,1476,2209,2,0,H,0.321883,0.301226,0.376891,A,0,1.133567,0.692627,formax-outcome-4.0,6d861e191d14ee4741a5969b1d2ffbfc,2025-04-26T14:00:00.0000000Z,2
104902,61,2025-04-26T15:00:00.0000000Z,1911,3538,3,1,H,0.652167,0.198397,0.149436,H,1,0.427455,0.182681,formax-outcome-4.0,6d861e191d14ee4741a5969b1d2ffbfc,2025-04-26T15:00:00.0000000Z,2
42816,203,2025-04-26T16:00:00.0000000Z,4926,3588,1,3,A,0.251779,0.249347,0.498874,A,1,0.695401,0.376693,formax-outcome-4.0,6d861e191d14ee4741a5969b1d2ffbfc,2025-04-26T16:00:00.0000000Z,2
103636,203,2025-04-26T16:00:00.0000000Z,6023,1176,1,2,A,0.422064,0.302059,0.275876,H,0,1.287802,0.793733,formax-outcome-4.0,6d861e191d14ee4741a5969b1d2ffbfc,2025-04-26T16:00:00.0000000Z,2
72588,78,2025-04-26T16:30:00.0000000Z,4472,821,4,0,H,0.400899,0.267784,0.331317,H,1,0.914046,0.540401,formax-outcome-4.0,6d861e191d14ee4741a5969b1d2ffbfc,2025-04-26T16:30:00.0000000Z,2
98380,61,2025-04-26T17:00:00.0000000Z,1823,2085,1,1,D,0.157618,0.195177,0.647205,A,0,1.633850,1.091459,formax-outcome-4.0,6d861e191d14ee4741a5969b1d2ffbfc,2025-04-26T17:00:00.0000000Z,2
53934,61,2025-04-26T19:05:00.0000000Z,3589,1781,4,1,H,0.503814,0.229385,0.266802,H,1,0.685549,0.370001,formax-outcome-4.0,6d861e191d14ee4741a5969b1d2ffbfc,2025-04-26T19:05:00.0000000Z,2
103052,88,2025-04-27T10:15:00.0000000Z,1079,1088,1,0,H,0.490536,0.254174,0.255290,H,1,0.712257,0.389331,formax-outcome-4.0,6d861e191d14ee4741a5969b1d2ffbfc,2025-04-27T10:15:00.0000000Z,2
103179,135,2025-04-27T10:30:00.0000000Z,3310,1488,0,2,A,0.272460,0.314478,0.413062,A,1,0.884157,0.517627,formax-outcome-4.0,6d861e191d14ee4741a5969b1d2ffbfc,2025-04-27T10:30:00.0000000Z,2
106569,135,2025-04-27T10:30:00.0000000Z,5356,1649,1,0,H,0.440533,0.307669,0.251798,H,1,0.819770,0.471065,formax-outcome-4.0,6d861e191d14ee4741a5969b1d2ffbfc,2025-04-27T10:30:00.0000000Z,2
38724,88,2025-04-27T12:30:00.0000000Z,990,1080,1,0,H,0.430094,0.255496,0.314410,H,1,0.843750,0.488924,formax-outcome-4.0,6d861e191d14ee4741a5969b1d2ffbfc,2025-04-27T12:30:00.0000000Z,2
88202,88,2025-04-27T12:30:00.0000000Z,2530,1162,1,1,D,0.546677,0.246584,0.206739,H,0,1.400053,0.909233,formax-outcome-4.0,6d861e191d14ee4741a5969b1d2ffbfc,2025-04-27T12:30:00.0000000Z,2
102878,61,2025-04-27T13:00:00.0000000Z,1257,4470,0,2,A,0.211034,0.243476,0.545490,A,1,0.606071,0.310396,formax-outcome-4.0,6d861e191d14ee4741a5969b1d2ffbfc,2025-04-27T13:00:00.0000000Z,2
103120,39,2025-04-27T13:00:00.0000000Z,3646,4266,1,1,D,0.481336,0.259987,0.258677,H,0,1.347122,0.846217,formax-outcome-4.0,6d861e191d14ee4741a5969b1d2ffbfc,2025-04-27T13:00:00.0000000Z,2
103370,203,2025-04-27T13:00:00.0000000Z,1717,7044,3,1,H,0.739857,0.167029,0.093114,H,1,0.301298,0.104243,formax-outcome-4.0,6d861e191d14ee4741a5969b1d2ffbfc,2025-04-27T13:00:00.0000000Z,2
103588,203,2025-04-27T13:00:00.0000000Z,5068,6847,4,3,H,0.598338,0.231148,0.170514,H,1,0.513599,0.243837,formax-outcome-4.0,6d861e191d14ee4741a5969b1d2ffbfc,2025-04-27T13:00:00.0000000Z,2
106276,135,2025-04-27T13:00:00.0000000Z,1503,1849,2,1,H,0.662476,0.222600,0.114924,H,1,0.411771,0.176681,formax-outcome-4.0,6d861e191d14ee4741a5969b1d2ffbfc,2025-04-27T13:00:00.0000000Z,2
106626,135,2025-04-27T13:00:00.0000000Z,2685,2799,0,1,A,0.475898,0.296192,0.227910,H,0,1.478804,0.910331,formax-outcome-4.0,6d861e191d14ee4741a5969b1d2ffbfc,2025-04-27T13:00:00.0000000Z,2
104837,140,2025-04-27T14:15:00.0000000Z,1776,762,1,0,H,0.461992,0.271215,0.266792,H,1,0.772207,0.434188,formax-outcome-4.0,6d861e191d14ee4741a5969b1d2ffbfc,2025-04-27T14:15:00.0000000Z,2
104581,88,2025-04-27T14:45:00.0000000Z,958,1580,0,0,D,0.318615,0.261048,0.420336,A,0,1.343049,0.824248,formax-outcome-4.0,6d861e191d14ee4741a5969b1d2ffbfc,2025-04-27T14:45:00.0000000Z,2
60470,61,2025-04-27T15:15:00.0000000Z,886,1815,0,4,A,0.365746,0.271767,0.362487,H,0,1.014768,0.614051,formax-outcome-4.0,6d861e191d14ee4741a5969b1d2ffbfc,2025-04-27T15:15:00.0000000Z,2
106862,61,2025-04-27T15:15:00.0000000Z,1668,1872,0,0,D,0.316688,0.260720,0.422592,A,0,1.344307,0.825410,formax-outcome-4.0,6d861e191d14ee4741a5969b1d2ffbfc,2025-04-27T15:15:00.0000000Z,2
101589,78,2025-04-27T15:30:00.0000000Z,966,4528,0,0,D,0.453149,0.258746,0.288105,H,0,1.351909,0.837806,formax-outcome-4.0,6d861e191d14ee4741a5969b1d2ffbfc,2025-04-27T15:30:00.0000000Z,2
107271,39,2025-04-27T15:30:00.0000000Z,2208,2355,5,1,H,0.567920,0.234611,0.197469,H,1,0.565775,0.280730,formax-outcome-4.0,6d861e191d14ee4741a5969b1d2ffbfc,2025-04-27T15:30:00.0000000Z,2
98906,203,2025-04-27T16:00:00.0000000Z,6991,3309,1,5,A,0.334745,0.258279,0.406976,A,1,0.899002,0.530441,formax-outcome-4.0,6d861e191d14ee4741a5969b1d2ffbfc,2025-04-27T16:00:00.0000000Z,2
103440,203,2025-04-27T16:00:00.0000000Z,6025,1845,1,0,H,0.524233,0.244380,0.231386,H,1,0.645819,0.339615,formax-outcome-4.0,6d861e191d14ee4741a5969b1d2ffbfc,2025-04-27T16:00:00.0000000Z,2
107328,135,2025-04-27T16:00:00.0000000Z,2013,3659,2,0,H,0.610031,0.255047,0.134922,H,1,0.494246,0.235329,formax-outcome-4.0,6d861e191d14ee4741a5969b1d2ffbfc,2025-04-27T16:00:00.0000000Z,2
105803,135,2025-04-27T18:45:00.0000000Z,4702,1584,1,1,D,0.719131,0.196856,0.084013,H,0,1.625283,1.169248,formax-outcome-4.0,6d861e191d14ee4741a5969b1d2ffbfc,2025-04-27T18:45:00.0000000Z,2
106180,61,2025-04-27T18:45:00.0000000Z,5071,4558,4,1,H,0.508529,0.231047,0.260424,H,1,0.676233,0.362747,formax-outcome-4.0,6d861e191d14ee4741a5969b1d2ffbfc,2025-04-27T18:45:00.0000000Z,2
106918,135,2025-04-27T18:45:00.0000000Z,2845,1652,2,0,H,0.498446,0.302376,0.199178,H,1,0.696260,0.382659,formax-outcome-4.0,6d861e191d14ee4741a5969b1d2ffbfc,2025-04-27T18:45:00.0000000Z,2
107460,135,2025-04-28T16:30:00.0000000Z,3405,1520,0,0,D,0.268833,0.313261,0.417906,A,0,1.160718,0.718527,formax-outcome-4.0,6d861e191d14ee4741a5969b1d2ffbfc,2025-04-28T16:30:00.0000000Z,2
105069,203,2025-04-28T17:00:00.0000000Z,2549,3661,4,1,H,0.429269,0.258425,0.312305,H,1,0.845671,0.490052,formax-outcome-4.0,6d861e191d14ee4741a5969b1d2ffbfc,2025-04-28T17:00:00.0000000Z,2
105460,135,2025-04-28T18:45:00.0000000Z,1719,3394,0,2,A,0.334724,0.326260,0.339016,A,1,1.081707,0.655385,formax-outcome-4.0,6d861e191d14ee4741a5969b1d2ffbfc,2025-04-28T18:45:00.0000000Z,2
105527,135,2025-04-28T18:45:00.0000000Z,2837,3648,2,2,D,0.541685,0.277086,0.181230,H,0,1.283429,0.848872,formax-outcome-4.0,6d861e191d14ee4741a5969b1d2ffbfc,2025-04-28T18:45:00.0000000Z,2
103009,40,2025-04-28T19:00:00.0000000Z,2269,1053,4,0,H,0.670287,0.209848,0.119865,H,1,0.400049,0.167115,formax-outcome-4.0,6d861e191d14ee4741a5969b1d2ffbfc,2025-04-28T19:00:00.0000000Z,2
106487,2,2025-04-29T19:00:00.0000000Z,4559,5284,0,1,A,0.557681,0.223054,0.219265,H,0,1.517476,0.970309,formax-outcome-4.0,6d861e191d14ee4741a5969b1d2ffbfc,2025-04-29T19:00:00.0000000Z,2
106625,2,2025-04-30T19:00:00.0000000Z,4005,2685,3,3,D,0.551701,0.217934,0.230365,H,0,1.523563,0.969069,formax-outcome-4.0,6d861e191d14ee4741a5969b1d2ffbfc,2025-04-30T19:00:00.0000000Z,2
102952,39,2025-05-01T18:30:00.0000000Z,2480,5807,0,2,A,0.466081,0.256957,0.276962,H,0,1.283876,0.806043,formax-outcome-4.0,6d861e191d14ee4741a5969b1d2ffbfc,2025-05-01T18:30:00.0000000Z,2
101856,848,2025-05-01T19:00:00.0000000Z,1182,3373,1,4,A,0.214915,0.243072,0.542013,A,1,0.612466,0.315025,formax-outcome-4.0,6d861e191d14ee4741a5969b1d2ffbfc,2025-05-01T19:00:00.0000000Z,2
103119,3,2025-05-01T19:00:00.0000000Z,1906,4266,0,3,A,0.532332,0.247556,0.220112,H,0,1.513620,0.952887,formax-outcome-4.0,6d861e191d14ee4741a5969b1d2ffbfc,2025-05-01T19:00:00.0000000Z,2
105917,3,2025-05-01T19:00:00.0000000Z,2355,2705,3,1,H,0.667774,0.187543,0.144683,H,1,0.403805,0.166480,formax-outcome-4.0,6d861e191d14ee4741a5969b1d2ffbfc,2025-05-01T19:00:00.0000000Z,2
106231,848,2025-05-01T19:00:00.0000000Z,2033,1503,2,1,H,0.503665,0.241226,0.255108,H,1,0.685843,0.369618,formax-outcome-4.0,6d861e191d14ee4741a5969b1d2ffbfc,2025-05-01T19:00:00.0000000Z,2
103369,203,2025-05-02T17:00:00.0000000Z,5867,1717,1,0,H,0.386813,0.270967,0.342219,H,1,0.949813,0.566536,formax-outcome-4.0,6d861e191d14ee4741a5969b1d2ffbfc,2025-05-02T17:00:00.0000000Z,2
107155,78,2025-05-02T18:30:00.0000000Z,4330,967,0,0,D,0.362785,0.267340,0.369875,A,0,1.319234,0.805211,formax-outcome-4.0,6d861e191d14ee4741a5969b1d2ffbfc,2025-05-02T18:30:00.0000000Z,2
107053,61,2025-05-02T18:45:00.0000000Z,3851,1068,1,0,H,0.485205,0.257070,0.257726,H,1,0.723184,0.397521,formax-outcome-4.0,6d861e191d14ee4741a5969b1d2ffbfc,2025-05-02T18:45:00.0000000Z,2
107297,135,2025-05-02T18:45:00.0000000Z,1652,3310,1,1,D,0.458096,0.319909,0.221995,H,0,1.139717,0.721657,formax-outcome-4.0,6d861e191d14ee4741a5969b1d2ffbfc,2025-05-02T18:45:00.0000000Z,2
99499,39,2025-05-02T19:00:00.0000000Z,4166,1829,1,0,H,0.538991,0.237319,0.223690,H,1,0.618056,0.318887,formax-outcome-4.0,6d861e191d14ee4741a5969b1d2ffbfc,2025-05-02T19:00:00.0000000Z,2
103968,140,2025-05-02T19:00:00.0000000Z,2517,1914,1,0,H,0.349202,0.304623,0.346175,H,1,1.052104,0.636170,formax-outcome-4.0,6d861e191d14ee4741a5969b1d2ffbfc,2025-05-02T19:00:00.0000000Z,2
98292,40,2025-05-03T11:30:00.0000000Z,5841,4380,2,0,H,0.470474,0.271178,0.258348,H,1,0.754014,0.420679,formax-outcome-4.0,6d861e191d14ee4741a5969b1d2ffbfc,2025-05-03T11:30:00.0000000Z,2
99609,40,2025-05-03T11:30:00.0000000Z,1460,1912,1,1,D,0.546213,0.268832,0.184955,H,0,1.313670,0.867165,formax-outcome-4.0,6d861e191d14ee4741a5969b1d2ffbfc,2025-05-03T11:30:00.0000000Z,2
101696,40,2025-05-03T11:30:00.0000000Z,1053,1499,2,2,D,0.506707,0.276477,0.216815,H,0,1.285626,0.827246,formax-outcome-4.0,6d861e191d14ee4741a5969b1d2ffbfc,2025-05-03T11:30:00.0000000Z,2
102098,39,2025-05-03T11:30:00.0000000Z,2109,4928,1,0,H,0.521719,0.247022,0.231259,H,1,0.650626,0.343253,formax-outcome-4.0,6d861e191d14ee4741a5969b1d2ffbfc,2025-05-03T11:30:00.0000000Z,2
102271,40,2025-05-03T11:30:00.0000000Z,2209,1502,0,1,A,0.497747,0.275091,0.227162,H,0,1.482093,0.920706,formax-outcome-4.0,6d861e191d14ee4741a5969b1d2ffbfc,2025-05-03T11:30:00.0000000Z,2
102358,40,2025-05-03T11:30:00.0000000Z,2531,1511,3,1,H,0.687757,0.217256,0.094986,H,1,0.374319,0.153718,formax-outcome-4.0,6d861e191d14ee4741a5969b1d2ffbfc,2025-05-03T11:30:00.0000000Z,2
102431,40,2025-05-03T11:30:00.0000000Z,1531,774,5,3,H,0.483109,0.291565,0.225326,H,1,0.727513,0.402959,formax-outcome-4.0,6d861e191d14ee4741a5969b1d2ffbfc,2025-05-03T11:30:00.0000000Z,2
102506,40,2025-05-03T11:30:00.0000000Z,1654,1718,1,1,D,0.479811,0.280685,0.239505,H,0,1.270524,0.804996,formax-outcome-4.0,6d861e191d14ee4741a5969b1d2ffbfc,2025-05-03T11:30:00.0000000Z,2
102574,40,2025-05-03T11:30:00.0000000Z,3380,3483,0,0,D,0.525866,0.269487,0.204647,H,0,1.311234,0.852064,formax-outcome-4.0,6d861e191d14ee4741a5969b1d2ffbfc,2025-05-03T11:30:00.0000000Z,2
102650,40,2025-05-03T11:30:00.0000000Z,3467,1476,3,3,D,0.505513,0.280108,0.214379,H,0,1.272581,0.819747,formax-outcome-4.0,6d861e191d14ee4741a5969b1d2ffbfc,2025-05-03T11:30:00.0000000Z,2
102764,40,2025-05-03T11:30:00.0000000Z,4379,1386,4,2,H,0.517249,0.258789,0.223962,H,1,0.659231,0.350180,formax-outcome-4.0,6d861e191d14ee4741a5969b1d2ffbfc,2025-05-03T11:30:00.0000000Z,2
104539,40,2025-05-03T11:30:00.0000000Z,1253,4169,1,1,D,0.422066,0.284657,0.293277,H,0,1.256471,0.775867,formax-outcome-4.0,6d861e191d14ee4741a5969b1d2ffbfc,2025-05-03T11:30:00.0000000Z,2
106396,40,2025-05-03T11:30:00.0000000Z,1380,2269,1,2,A,0.117781,0.192130,0.690089,A,1,0.370934,0.146831,formax-outcome-4.0,6d861e191d14ee4741a5969b1d2ffbfc,2025-05-03T11:30:00.0000000Z,2
103897,140,2025-05-03T12:00:00.0000000Z,759,4267,0,0,D,0.260815,0.279667,0.459518,A,0,1.274156,0.798061,formax-outcome-4.0,6d861e191d14ee4741a5969b1d2ffbfc,2025-05-03T12:00:00.0000000Z,2
103439,203,2025-05-03T13:00:00.0000000Z,1845,4926,2,0,H,0.438327,0.261912,0.299761,H,1,0.824790,0.473931,formax-outcome-4.0,6d861e191d14ee4741a5969b1d2ffbfc,2025-05-03T13:00:00.0000000Z,2
104175,203,2025-05-03T13:00:00.0000000Z,6847,6025,1,1,D,0.465723,0.256453,0.277824,H,0,1.360810,0.846946,formax-outcome-4.0,6d861e191d14ee4741a5969b1d2ffbfc,2025-05-03T13:00:00.0000000Z,2
106568,135,2025-05-03T13:00:00.0000000Z,3648,5356,0,1,A,0.312944,0.306254,0.380802,A,1,0.965475,0.575131,formax-outcome-4.0,6d861e191d14ee4741a5969b1d2ffbfc,2025-05-03T13:00:00.0000000Z,2
106966,135,2025-05-03T13:00:00.0000000Z,3394,3405,1,2,A,0.387666,0.322752,0.289582,H,0,1.239317,0.759148,formax-outcome-4.0,6d861e191d14ee4741a5969b1d2ffbfc,2025-05-03T13:00:00.0000000Z,2
101588,78,2025-05-03T13:30:00.0000000Z,4180,966,2,2,D,0.336046,0.272493,0.391461,A,0,1.300143,0.795435,formax-outcome-4.0,6d861e191d14ee4741a5969b1d2ffbfc,2025-05-03T13:30:00.0000000Z,2
101903,78,2025-05-03T13:30:00.0000000Z,821,1328,3,3,D,0.190907,0.222810,0.586283,A,0,1.501437,0.984198,formax-outcome-4.0,6d861e191d14ee4741a5969b1d2ffbfc,2025-05-03T13:30:00.0000000Z,2
101982,78,2025-05-03T13:30:00.0000000Z,1051,3573,4,4,D,0.431398,0.240374,0.328228,H,0,1.425561,0.870870,formax-outcome-4.0,6d861e191d14ee4741a5969b1d2ffbfc,2025-05-03T13:30:00.0000000Z,2
71227,39,2025-05-03T14:00:00.0000000Z,1482,3598,2,2,D,0.599846,0.234882,0.165273,H,0,1.448673,0.972536,formax-outcome-4.0,6d861e191d14ee4741a5969b1d2ffbfc,2025-05-03T14:00:00.0000000Z,2
104696,39,2025-05-03T14:00:00.0000000Z,1910,4290,2,0,H,0.411992,0.271276,0.316732,H,1,0.886752,0.519663,formax-outcome-4.0,6d861e191d14ee4741a5969b1d2ffbfc,2025-05-03T14:00:00.0000000Z,2
104836,140,2025-05-03T14:15:00.0000000Z,1776,3599,4,2,H,0.502878,0.266948,0.230175,H,1,0.687409,0.371372,formax-outcome-4.0,6d861e191d14ee4741a5969b1d2ffbfc,2025-05-03T14:15:00.0000000Z,2
38723,88,2025-05-03T14:30:00.0000000Z,1080,1088,1,1,D,0.591152,0.229775,0.179073,H,0,1.470655,0.974775,formax-outcome-4.0,6d861e191d14ee4741a5969b1d2ffbfc,2025-05-03T14:30:00.0000000Z,2
104901,61,2025-05-03T15:00:00.0000000Z,1911,5284,2,1,H,0.217394,0.234441,0.548165,A,0,1.526044,0.967919,formax-outcome-4.0,6d861e191d14ee4741a5969b1d2ffbfc,2025-05-03T15:00:00.0000000Z,2
98905,203,2025-05-03T16:00:00.0000000Z,3309,5813,4,1,H,0.816025,0.120180,0.063795,H,1,0.203310,0.052360,formax-outcome-4.0,6d861e191d14ee4741a5969b1d2ffbfc,2025-05-03T16:00:00.0000000Z,2
105068,203,2025-05-03T16:00:00.0000000Z,7043,3661,2,4,A,0.273245,0.242757,0.483998,A,1,0.725675,0.399852,formax-outcome-4.0,6d861e191d14ee4741a5969b1d2ffbfc,2025-05-03T16:00:00.0000000Z,2
105802,135,2025-05-03T16:00:00.0000000Z,1584,2845,0,1,A,0.138599,0.262109,0.599292,A,1,0.512007,0.248478,formax-outcome-4.0,6d861e191d14ee4741a5969b1d2ffbfc,2025-05-03T16:00:00.0000000Z,2
106486,39,2025-05-03T16:30:00.0000000Z,4559,3646,1,2,A,0.536268,0.258108,0.205623,H,0,1.581709,0.985238,formax-outcome-4.0,6d861e191d14ee4741a5969b1d2ffbfc,2025-05-03T16:30:00.0000000Z,2
106648,140,2025-05-03T16:30:00.0000000Z,1923,2030,2,3,A,0.422641,0.282013,0.295346,H,0,1.219608,0.754694,formax-outcome-4.0,6d861e191d14ee4741a5969b1d2ffbfc,2025-05-03T16:30:00.0000000Z,2
106690,78,2025-05-03T16:30:00.0000000Z,989,5353,4,0,H,0.535074,0.226425,0.238501,H,1,0.625349,0.324307,formax-outcome-4.0,6d861e191d14ee4741a5969b1d2ffbfc,2025-05-03T16:30:00.0000000Z,2
104616,88,2025-05-03T16:45:00.0000000Z,4157,2516,1,4,A,0.194648,0.225693,0.579659,A,1,0.545316,0.265512,formax-outcome-4.0,6d861e191d14ee4741a5969b1d2ffbfc,2025-05-03T16:45:00.0000000Z,2
106861,61,2025-05-03T17:00:00.0000000Z,1872,1781,2,1,H,0.372539,0.263264,0.364197,H,1,0.987413,0.595655,formax-outcome-4.0,6d861e191d14ee4741a5969b1d2ffbfc,2025-05-03T17:00:00.0000000Z,2
104480,88,2025-05-03T18:00:00.0000000Z,1301,902,6,1,H,0.546449,0.243484,0.210067,H,1,0.604314,0.309121,formax-outcome-4.0,6d861e191d14ee4741a5969b1d2ffbfc,2025-05-03T18:00:00.0000000Z,2
105459,135,2025-05-03T18:45:00.0000000Z,2685,1719,1,0,H,0.685615,0.215372,0.099013,H,1,0.377438,0.155026,formax-outcome-4.0,6d861e191d14ee4741a5969b1d2ffbfc,2025-05-03T18:45:00.0000000Z,2
104025,88,2025-05-03T19:00:00.0000000Z,1775,1079,4,1,H,0.808503,0.124353,0.067144,H,1,0.212571,0.056643,formax-outcome-4.0,6d861e191d14ee4741a5969b1d2ffbfc,2025-05-03T19:00:00.0000000Z,2
107446,140,2025-05-03T19:00:00.0000000Z,1913,4005,1,2,A,0.071667,0.129698,0.798634,A,1,0.224852,0.062506,formax-outcome-4.0,6d861e191d14ee4741a5969b1d2ffbfc,2025-05-03T19:00:00.0000000Z,2
98379,61,2025-05-03T19:05:00.0000000Z,3538,2085,1,3,A,0.165371,0.201474,0.633155,A,1,0.457040,0.202515,formax-outcome-4.0,6d861e191d14ee4741a5969b1d2ffbfc,2025-05-03T19:05:00.0000000Z,2
104643,88,2025-05-04T10:15:00.0000000Z,1378,2612,1,3,A,0.544950,0.236947,0.218103,H,0,1.522790,0.964478,formax-outcome-4.0,6d861e191d14ee4741a5969b1d2ffbfc,2025-05-04T10:15:00.0000000Z,2
105526,135,2025-05-04T10:30:00.0000000Z,1849,2837,0,1,A,0.182780,0.277583,0.539637,A,1,0.616858,0.322395,formax-outcome-4.0,6d861e191d14ee4741a5969b1d2ffbfc,2025-05-04T10:30:00.0000000Z,2
105587,140,2025-05-04T12:00:00.0000000Z,4521,1904,3,2,H,0.560357,0.241471,0.198172,H,1,0.579181,0.290866,formax-outcome-4.0,6d861e191d14ee4741a5969b1d2ffbfc,2025-05-04T12:00:00.0000000Z,2
83359,88,2025-05-04T12:30:00.0000000Z,1162,3707,0,2,A,0.536721,0.239459,0.223820,H,0,1.496913,0.947865,formax-outcome-4.0,6d861e191d14ee4741a5969b1d2ffbfc,2025-05-04T12:30:00.0000000Z,2
103757,88,2025-05-04T12:30:00.0000000Z,1580,1271,0,3,A,0.466782,0.250174,0.283044,H,0,1.262152,0.794498,formax-outcome-4.0,6d861e191d14ee4741a5969b1d2ffbfc,2025-05-04T12:30:00.0000000Z,2
71135,39,2025-05-04T13:00:00.0000000Z,873,1013,1,1,D,0.282274,0.241611,0.476115,A,0,1.420428,0.881519,formax-outcome-4.0,6d861e191d14ee4741a5969b1d2ffbfc,2025-05-04T13:00:00.0000000Z,2
102951,39,2025-05-04T13:00:00.0000000Z,5807,4266,4,3,H,0.475961,0.257660,0.266379,H,1,0.742418,0.411963,formax-outcome-4.0,6d861e191d14ee4741a5969b1d2ffbfc,2025-05-04T13:00:00.0000000Z,2
103285,61,2025-05-04T13:00:00.0000000Z,1668,1257,0,1,A,0.423901,0.271630,0.304469,H,0,1.189185,0.737238,formax-outcome-4.0,6d861e191d14ee4741a5969b1d2ffbfc,2025-05-04T13:00:00.0000000Z,2
105016,39,2025-05-04T13:00:00.0000000Z,2751,2355,1,1,D,0.363903,0.268548,0.367548,A,0,1.314725,0.802539,formax-outcome-4.0,6d861e191d14ee4741a5969b1d2ffbfc,2025-05-04T13:00:00.0000000Z,2
105411,203,2025-05-04T13:00:00.0000000Z,1176,6991,3,0,H,0.477542,0.255706,0.266752,H,1,0.739102,0.409504,formax-outcome-4.0,6d861e191d14ee4741a5969b1d2ffbfc,2025-05-04T13:00:00.0000000Z,2
106018,135,2025-05-04T13:00:00.0000000Z,3659,4702,0,4,A,0.107874,0.227323,0.664803,A,1,0.408264,0.175669,formax-outcome-4.0,6d861e191d14ee4741a5969b1d2ffbfc,2025-05-04T13:00:00.0000000Z,2
104426,140,2025-05-04T14:15:00.0000000Z,3049,4408,2,2,D,0.453333,0.278367,0.268300,H,0,1.278816,0.798250,formax-outcome-4.0,6d861e191d14ee4741a5969b1d2ffbfc,2025-05-04T14:15:00.0000000Z,2
53933,61,2025-05-04T15:15:00.0000000Z,3589,886,1,2,A,0.615646,0.208832,0.175522,H,0,1.739990,1.102394,formax-outcome-4.0,6d861e191d14ee4741a5969b1d2ffbfc,2025-05-04T15:15:00.0000000Z,2
60469,61,2025-05-04T15:15:00.0000000Z,1815,1823,1,2,A,0.598244,0.217130,0.184626,H,0,1.689423,1.069876,formax-outcome-4.0,6d861e191d14ee4741a5969b1d2ffbfc,2025-05-04T15:15:00.0000000Z,2
107090,61,2025-05-04T15:15:00.0000000Z,4558,1835,1,0,H,0.566582,0.225299,0.208119,H,1,0.568134,0.281925,formax-outcome-4.0,6d861e191d14ee4741a5969b1d2ffbfc,2025-05-04T15:15:00.0000000Z,2
101855,39,2025-05-04T15:30:00.0000000Z,3373,2208,3,1,H,0.353964,0.270220,0.375816,A,0,1.038561,0.631620,formax-outcome-4.0,6d861e191d14ee4741a5969b1d2ffbfc,2025-05-04T15:30:00.0000000Z,2
102148,78,2025-05-04T15:30:00.0000000Z,5685,1260,2,2,D,0.290678,0.257133,0.452189,A,0,1.358161,0.840820,formax-outcome-4.0,6d861e191d14ee4741a5969b1d2ffbfc,2025-05-04T15:30:00.0000000Z,2
42815,203,2025-05-04T16:00:00.0000000Z,3588,3673,0,1,A,0.724204,0.167997,0.107799,H,0,2.227490,1.348718,formax-outcome-4.0,6d861e191d14ee4741a5969b1d2ffbfc,2025-05-04T16:00:00.0000000Z,2
105700,203,2025-05-04T16:00:00.0000000Z,7044,2549,1,2,A,0.181396,0.210471,0.608133,A,1,0.497361,0.230762,formax-outcome-4.0,6d861e191d14ee4741a5969b1d2ffbfc,2025-05-04T16:00:00.0000000Z,2
107476,135,2025-05-04T16:00:00.0000000Z,2799,1503,1,0,H,0.347917,0.314832,0.337251,H,1,1.055792,0.638070,formax-outcome-4.0,6d861e191d14ee4741a5969b1d2ffbfc,2025-05-04T16:00:00.0000000Z,2
105285,140,2025-05-04T16:30:00.0000000Z,762,2033,1,2,A,0.299464,0.275332,0.425204,A,1,0.855187,0.495877,formax-outcome-4.0,6d861e191d14ee4741a5969b1d2ffbfc,2025-05-04T16:30:00.0000000Z,2
72587,78,2025-05-04T17:30:00.0000000Z,1281,4472,1,1,D,0.328680,0.258417,0.412904,A,0,1.353181,0.828465,formax-outcome-4.0,6d861e191d14ee4741a5969b1d2ffbfc,2025-05-04T17:30:00.0000000Z,2
102877,61,2025-05-04T18:45:00.0000000Z,4470,5071,1,1,D,0.415150,0.254149,0.330701,H,0,1.369833,0.838006,formax-outcome-4.0,6d861e191d14ee4741a5969b1d2ffbfc,2025-05-04T18:45:00.0000000Z,2
107327,135,2025-05-04T18:45:00.0000000Z,1520,2013,1,1,D,0.372019,0.329569,0.298413,H,0,1.109971,0.676926,formax-outcome-4.0,6d861e191d14ee4741a5969b1d2ffbfc,2025-05-04T18:45:00.0000000Z,2
101784,140,2025-05-04T19:00:00.0000000Z,1830,1906,0,0,D,0.298124,0.283317,0.418559,A,0,1.261189,0.777704,formax-outcome-4.0,6d861e191d14ee4741a5969b1d2ffbfc,2025-05-04T19:00:00.0000000Z,2
103514,203,2025-05-05T17:00:00.0000000Z,4226,5068,1,1,D,0.432443,0.243250,0.324307,H,0,1.413665,0.864852,formax-outcome-4.0,6d861e191d14ee4741a5969b1d2ffbfc,2025-05-05T17:00:00.0000000Z,2
103178,135,2025-05-05T18:45:00.0000000Z,1649,1488,1,2,A,0.253436,0.321781,0.424784,A,1,0.856176,0.498647,formax-outcome-4.0,6d861e191d14ee4741a5969b1d2ffbfc,2025-05-05T18:45:00.0000000Z,2
105226,140,2025-05-05T19:00:00.0000000Z,758,1925,1,0,H,0.361856,0.295389,0.342755,H,1,1.016508,0.611963,formax-outcome-4.0,6d861e191d14ee4741a5969b1d2ffbfc,2025-05-05T19:00:00.0000000Z,2
106333,39,2025-05-05T19:00:00.0000000Z,1486,2480,1,1,D,0.369031,0.269034,0.361934,H,0,1.312916,0.801491,formax-outcome-4.0,6d861e191d14ee4741a5969b1d2ffbfc,2025-05-05T19:00:00.0000000Z,2
106624,2,2025-05-06T19:00:00.0000000Z,2685,4005,4,3,H,0.404626,0.235302,0.360072,H,1,0.904792,0.539489,formax-outcome-4.0,6d861e191d14ee4741a5969b1d2ffbfc,2025-05-06T19:00:00.0000000Z,2
106485,2,2025-05-07T19:00:00.0000000Z,5284,4559,2,1,H,0.398465,0.247822,0.353713,H,1,0.920136,0.548373,formax-outcome-4.0,6d861e191d14ee4741a5969b1d2ffbfc,2025-05-07T19:00:00.0000000Z,2
101854,848,2025-05-08T19:00:00.0000000Z,3373,1182,1,0,H,0.759617,0.151610,0.088773,H,1,0.274941,0.088650,formax-outcome-4.0,6d861e191d14ee4741a5969b1d2ffbfc,2025-05-08T19:00:00.0000000Z,2
103008,40,2025-05-08T19:00:00.0000000Z,1053,1460,0,3,A,0.390370,0.280037,0.329593,H,0,1.109896,0.680254,formax-outcome-4.0,6d861e191d14ee4741a5969b1d2ffbfc,2025-05-08T19:00:00.0000000Z,2
103118,3,2025-05-08T19:00:00.0000000Z,4266,1906,4,1,H,0.572894,0.232542,0.194564,H,1,0.557055,0.274351,formax-outcome-4.0,6d861e191d14ee4741a5969b1d2ffbfc,2025-05-08T19:00:00.0000000Z,2
105916,3,2025-05-08T19:00:00.0000000Z,2705,2355,0,2,A,0.396870,0.246737,0.356394,H,0,1.031719,0.632613,formax-outcome-4.0,6d861e191d14ee4741a5969b1d2ffbfc,2025-05-08T19:00:00.0000000Z,2
106230,848,2025-05-08T19:00:00.0000000Z,1503,2033,2,2,D,0.374889,0.254023,0.371088,H,0,1.370331,0.834730,formax-outcome-4.0,6d861e191d14ee4741a5969b1d2ffbfc,2025-05-08T19:00:00.0000000Z,2
42814,203,2025-05-09T17:00:00.0000000Z,3661,3588,1,4,A,0.303789,0.242133,0.454078,A,1,0.789486,0.448947,formax-outcome-4.0,6d861e191d14ee4741a5969b1d2ffbfc,2025-05-09T17:00:00.0000000Z,2
104115,203,2025-05-09T17:00:00.0000000Z,4926,6847,0,1,A,0.510234,0.248019,0.241746,H,0,1.419868,0.896802,formax-outcome-4.0,6d861e191d14ee4741a5969b1d2ffbfc,2025-05-09T17:00:00.0000000Z,2
103051,88,2025-05-09T18:00:00.0000000Z,1088,4157,1,2,A,0.419873,0.258331,0.321796,H,0,1.133838,0.702989,formax-outcome-4.0,6d861e191d14ee4741a5969b1d2ffbfc,2025-05-09T18:00:00.0000000Z,2
103177,135,2025-05-09T18:45:00.0000000Z,1488,1520,3,1,H,0.336928,0.314462,0.348610,A,0,1.087886,0.660080,formax-outcome-4.0,6d861e191d14ee4741a5969b1d2ffbfc,2025-05-09T18:45:00.0000000Z,2
98291,40,2025-05-09T19:00:00.0000000Z,5841,2209,1,2,A,0.481053,0.266255,0.252692,H,0,1.375586,0.860774,formax-outcome-4.0,6d861e191d14ee4741a5969b1d2ffbfc,2025-05-09T19:00:00.0000000Z,2
104355,140,2025-05-09T19:00:00.0000000Z,1923,2517,0,1,A,0.407596,0.282015,0.310390,H,0,1.169926,0.721229,formax-outcome-4.0,6d861e191d14ee4741a5969b1d2ffbfc,2025-05-09T19:00:00.0000000Z,2
103967,140,2025-05-10T12:00:00.0000000Z,2030,1914,3,0,H,0.381818,0.296429,0.321753,H,1,0.962810,0.573543,formax-outcome-4.0,6d861e191d14ee4741a5969b1d2ffbfc,2025-05-10T12:00:00.0000000Z,2
103368,203,2025-05-10T13:00:00.0000000Z,1717,1845,2,1,H,0.470616,0.263927,0.265457,H,1,0.753712,0.420372,formax-outcome-4.0,6d861e191d14ee4741a5969b1d2ffbfc,2025-05-10T13:00:00.0000000Z,2
103513,203,2025-05-10T13:00:00.0000000Z,6991,4226,0,3,A,0.471513,0.242594,0.285893,H,0,1.252137,0.791125,formax-outcome-4.0,6d861e191d14ee4741a5969b1d2ffbfc,2025-05-10T13:00:00.0000000Z,2
106567,135,2025-05-10T13:00:00.0000000Z,5356,3394,3,1,H,0.443416,0.301745,0.254839,H,1,0.813248,0.465779,formax-outcome-4.0,6d861e191d14ee4741a5969b1d2ffbfc,2025-05-10T13:00:00.0000000Z,2
101587,78,2025-05-10T13:30:00.0000000Z,966,821,0,0,D,0.385104,0.253332,0.361564,H,0,1.373054,0.836546,formax-outcome-4.0,6d861e191d14ee4741a5969b1d2ffbfc,2025-05-10T13:30:00.0000000Z,2
106079,78,2025-05-10T13:30:00.0000000Z,1282,5685,1,2,A,0.334844,0.243223,0.421933,A,1,0.862909,0.505440,formax-outcome-4.0,6d861e191d14ee4741a5969b1d2ffbfc,2025-05-10T13:30:00.0000000Z,2
107154,78,2025-05-10T13:30:00.0000000Z,4180,4330,0,3,A,0.475150,0.260459,0.264392,H,0,1.330323,0.834725,formax-outcome-4.0,6d861e191d14ee4741a5969b1d2ffbfc,2025-05-10T13:30:00.0000000Z,2
71226,39,2025-05-10T14:00:00.0000000Z,4928,1482,1,3,A,0.449420,0.282390,0.268191,H,0,1.316057,0.817267,formax-outcome-4.0,6d861e191d14ee4741a5969b1d2ffbfc,2025-05-10T14:00:00.0000000Z,2
99498,39,2025-05-10T14:00:00.0000000Z,1829,873,0,2,A,0.464526,0.254180,0.281294,H,0,1.268356,0.796931,formax-outcome-4.0,6d861e191d14ee4741a5969b1d2ffbfc,2025-05-10T14:00:00.0000000Z,2
102950,39,2025-05-10T14:00:00.0000000Z,3598,5807,0,1,A,0.212431,0.227411,0.560157,A,1,0.579537,0.290304,formax-outcome-4.0,6d861e191d14ee4741a5969b1d2ffbfc,2025-05-10T14:00:00.0000000Z,2
104695,39,2025-05-10T14:00:00.0000000Z,4290,4166,0,0,D,0.122532,0.184881,0.692587,A,0,1.688044,1.159110,formax-outcome-4.0,6d861e191d14ee4741a5969b1d2ffbfc,2025-05-10T14:00:00.0000000Z,2
104425,140,2025-05-10T14:15:00.0000000Z,1904,3049,3,2,H,0.497544,0.261485,0.240971,H,1,0.698072,0.378904,formax-outcome-4.0,6d861e191d14ee4741a5969b1d2ffbfc,2025-05-10T14:15:00.0000000Z,2
104786,88,2025-05-10T14:30:00.0000000Z,902,990,3,1,H,0.301272,0.250983,0.447745,A,0,1.199743,0.751690,formax-outcome-4.0,6d861e191d14ee4741a5969b1d2ffbfc,2025-05-10T14:30:00.0000000Z,2
98904,203,2025-05-10T16:00:00.0000000Z,5068,3309,0,2,A,0.270386,0.236634,0.492980,A,1,0.707287,0.386174,formax-outcome-4.0,6d861e191d14ee4741a5969b1d2ffbfc,2025-05-10T16:00:00.0000000Z,2
105525,135,2025-05-10T16:00:00.0000000Z,2837,2013,1,1,D,0.387288,0.313563,0.299149,H,0,1.159754,0.710677,formax-outcome-4.0,6d861e191d14ee4741a5969b1d2ffbfc,2025-05-10T16:00:00.0000000Z,2
101981,78,2025-05-10T16:30:00.0000000Z,1328,1051,2,0,H,0.714360,0.162099,0.123541,H,1,0.336368,0.123129,formax-outcome-4.0,6d861e191d14ee4741a5969b1d2ffbfc,2025-05-10T16:30:00.0000000Z,2
102097,39,2025-05-10T16:30:00.0000000Z,3646,2109,0,1,A,0.367077,0.276354,0.356569,H,0,1.031226,0.625120,formax-outcome-4.0,6d861e191d14ee4741a5969b1d2ffbfc,2025-05-10T16:30:00.0000000Z,2
104835,140,2025-05-10T16:30:00.0000000Z,758,1776,0,1,A,0.279515,0.265712,0.454773,A,1,0.787957,0.446004,formax-outcome-4.0,6d861e191d14ee4741a5969b1d2ffbfc,2025-05-10T16:30:00.0000000Z,2
104255,88,2025-05-10T16:45:00.0000000Z,1079,1378,1,0,H,0.386381,0.265587,0.348032,H,1,0.950932,0.568192,formax-outcome-4.0,6d861e191d14ee4741a5969b1d2ffbfc,2025-05-10T16:45:00.0000000Z,2
106275,135,2025-05-10T18:45:00.0000000Z,1849,3648,2,1,H,0.277795,0.308231,0.413973,A,0,1.280870,0.787960,formax-outcome-4.0,6d861e191d14ee4741a5969b1d2ffbfc,2025-05-10T18:45:00.0000000Z,2
53932,61,2025-05-10T19:00:00.0000000Z,2085,3589,2,0,H,0.372512,0.243989,0.383499,A,0,0.987486,0.600343,formax-outcome-4.0,6d861e191d14ee4741a5969b1d2ffbfc,2025-05-10T19:00:00.0000000Z,2
60468,61,2025-05-10T19:00:00.0000000Z,1815,1668,1,1,D,0.501892,0.255683,0.242425,H,0,1.363815,0.864672,formax-outcome-4.0,6d861e191d14ee4741a5969b1d2ffbfc,2025-05-10T19:00:00.0000000Z,2
97521,88,2025-05-10T19:00:00.0000000Z,958,1162,0,3,A,0.323885,0.281101,0.395013,A,1,0.928836,0.549928,formax-outcome-4.0,6d861e191d14ee4741a5969b1d2ffbfc,2025-05-10T19:00:00.0000000Z,2
101783,140,2025-05-10T19:00:00.0000000Z,4267,1830,4,0,H,0.555471,0.250737,0.193792,H,1,0.587939,0.298030,formax-outcome-4.0,6d861e191d14ee4741a5969b1d2ffbfc,2025-05-10T19:00:00.0000000Z,2
102876,61,2025-05-10T19:00:00.0000000Z,4558,4470,2,0,H,0.223306,0.242837,0.533857,A,0,1.499211,0.947226,formax-outcome-4.0,6d861e191d14ee4741a5969b1d2ffbfc,2025-05-10T19:00:00.0000000Z,2
103284,61,2025-05-10T19:00:00.0000000Z,1257,1911,2,1,H,0.192405,0.246124,0.561471,A,0,1.648152,1.028036,formax-outcome-4.0,6d861e191d14ee4741a5969b1d2ffbfc,2025-05-10T19:00:00.0000000Z,2
106179,61,2025-05-10T19:00:00.0000000Z,1823,5071,1,3,A,0.189717,0.211754,0.598530,A,1,0.513279,0.242010,formax-outcome-4.0,6d861e191d14ee4741a5969b1d2ffbfc,2025-05-10T19:00:00.0000000Z,2
106860,61,2025-05-10T19:00:00.0000000Z,1872,886,1,1,D,0.406862,0.278261,0.314877,H,0,1.279196,0.785591,formax-outcome-4.0,6d861e191d14ee4741a5969b1d2ffbfc,2025-05-10T19:00:00.0000000Z,2
107052,61,2025-05-10T19:00:00.0000000Z,1781,3851,2,0,H,0.332567,0.258345,0.409088,A,0,1.100913,0.679561,formax-outcome-4.0,6d861e191d14ee4741a5969b1d2ffbfc,2025-05-10T19:00:00.0000000Z,2
107431,61,2025-05-10T19:00:00.0000000Z,1835,5284,1,4,A,0.049218,0.107686,0.843097,A,1,0.170674,0.038637,formax-outcome-4.0,6d861e191d14ee4741a5969b1d2ffbfc,2025-05-10T19:00:00.0000000Z,2
104580,88,2025-05-11T10:15:00.0000000Z,2612,1580,1,1,D,0.352406,0.255693,0.391901,A,0,1.363779,0.831770,formax-outcome-4.0,6d861e191d14ee4741a5969b1d2ffbfc,2025-05-11T10:15:00.0000000Z,2
71134,39,2025-05-11T11:00:00.0000000Z,1013,3373,2,0,H,0.464622,0.261657,0.273722,H,1,0.766532,0.430018,formax-outcome-4.0,6d861e191d14ee4741a5969b1d2ffbfc,2025-05-11T11:00:00.0000000Z,2
105284,140,2025-05-11T12:00:00.0000000Z,4408,762,3,2,H,0.360682,0.289042,0.350276,H,1,1.019759,0.614966,formax-outcome-4.0,6d861e191d14ee4741a5969b1d2ffbfc,2025-05-11T12:00:00.0000000Z,2
83358,88,2025-05-11T12:30:00.0000000Z,3707,4678,2,0,H,0.313582,0.244717,0.441702,A,0,1.159695,0.726157,formax-outcome-4.0,6d861e191d14ee4741a5969b1d2ffbfc,2025-05-11T12:30:00.0000000Z,2
104024,88,2025-05-11T12:30:00.0000000Z,2516,1775,2,3,A,0.472896,0.228315,0.298789,H,0,1.208018,0.767455,formax-outcome-4.0,6d861e191d14ee4741a5969b1d2ffbfc,2025-05-11T12:30:00.0000000Z,2
103635,203,2025-05-11T13:00:00.0000000Z,5813,6023,0,0,D,0.434697,0.276636,0.288667,H,0,1.285053,0.795546,formax-outcome-4.0,6d861e191d14ee4741a5969b1d2ffbfc,2025-05-11T13:00:00.0000000Z,2
105458,135,2025-05-11T13:00:00.0000000Z,1719,1584,1,1,D,0.379960,0.322093,0.297947,H,0,1.132915,0.692700,formax-outcome-4.0,6d861e191d14ee4741a5969b1d2ffbfc,2025-05-11T13:00:00.0000000Z,2
103117,39,2025-05-11T13:15:00.0000000Z,4266,2751,0,2,A,0.568437,0.238073,0.193490,H,0,1.642529,1.030258,formax-outcome-4.0,6d861e191d14ee4741a5969b1d2ffbfc,2025-05-11T13:15:00.0000000Z,2
106332,39,2025-05-11T13:15:00.0000000Z,2355,1486,0,2,A,0.425834,0.268161,0.306004,H,0,1.184157,0.734876,formax-outcome-4.0,6d861e191d14ee4741a5969b1d2ffbfc,2025-05-11T13:15:00.0000000Z,2
106426,39,2025-05-11T13:15:00.0000000Z,2480,1910,2,2,D,0.699143,0.193245,0.107611,H,0,1.643794,1.151234,formax-outcome-4.0,6d861e191d14ee4741a5969b1d2ffbfc,2025-05-11T13:15:00.0000000Z,2
102147,78,2025-05-11T13:30:00.0000000Z,1260,989,2,4,A,0.356823,0.257206,0.385971,A,1,0.951992,0.570509,formax-outcome-4.0,6d861e191d14ee4741a5969b1d2ffbfc,2025-05-11T13:30:00.0000000Z,2
107128,140,2025-05-11T14:15:00.0000000Z,4005,4521,4,3,H,0.502530,0.242926,0.254544,H,1,0.688100,0.371282,formax-outcome-4.0,6d861e191d14ee4741a5969b1d2ffbfc,2025-05-11T14:15:00.0000000Z,2
38722,88,2025-05-11T14:45:00.0000000Z,2530,1080,0,3,A,0.595409,0.224282,0.180310,H,0,1.713080,1.076706,formax-outcome-4.0,6d861e191d14ee4741a5969b1d2ffbfc,2025-05-11T14:45:00.0000000Z,2
103756,88,2025-05-11T14:45:00.0000000Z,1271,1301,3,0,H,0.564122,0.233229,0.202649,H,1,0.572485,0.285452,formax-outcome-4.0,6d861e191d14ee4741a5969b1d2ffbfc,2025-05-11T14:45:00.0000000Z,2
72586,78,2025-05-11T15:30:00.0000000Z,4472,4528,2,2,D,0.546015,0.245166,0.208819,H,0,1.405818,0.911511,formax-outcome-4.0,6d861e191d14ee4741a5969b1d2ffbfc,2025-05-11T15:30:00.0000000Z,2
106484,39,2025-05-11T15:30:00.0000000Z,2208,4559,2,2,D,0.399024,0.278420,0.322556,H,0,1.278624,0.783940,formax-outcome-4.0,6d861e191d14ee4741a5969b1d2ffbfc,2025-05-11T15:30:00.0000000Z,2
82513,203,2025-05-11T16:00:00.0000000Z,3673,7044,4,1,H,0.810506,0.128049,0.061445,H,1,0.210097,0.056080,formax-outcome-4.0,6d861e191d14ee4741a5969b1d2ffbfc,2025-05-11T16:00:00.0000000Z,2
105699,203,2025-05-11T16:00:00.0000000Z,2549,7043,1,1,D,0.711881,0.171906,0.116213,H,0,1.760807,1.206019,formax-outcome-4.0,6d861e191d14ee4741a5969b1d2ffbfc,2025-05-11T16:00:00.0000000Z,2
106623,135,2025-05-11T16:00:00.0000000Z,1652,2685,0,2,A,0.210356,0.288860,0.500784,A,1,0.691581,0.376907,formax-outcome-4.0,6d861e191d14ee4741a5969b1d2ffbfc,2025-05-11T16:00:00.0000000Z,2
103896,140,2025-05-11T16:30:00.0000000Z,1906,759,1,0,H,0.551874,0.258637,0.189488,H,1,0.594435,0.303616,formax-outcome-4.0,6d861e191d14ee4741a5969b1d2ffbfc,2025-05-11T16:30:00.0000000Z,2
106765,135,2025-05-11T18:45:00.0000000Z,2845,1649,2,2,D,0.536276,0.290468,0.173256,H,0,1.236262,0.821045,formax-outcome-4.0,6d861e191d14ee4741a5969b1d2ffbfc,2025-05-11T18:45:00.0000000Z,2
105629,140,2025-05-11T19:00:00.0000000Z,2033,3599,1,1,D,0.637431,0.210053,0.152516,H,0,1.560394,1.053595,formax-outcome-4.0,6d861e191d14ee4741a5969b1d2ffbfc,2025-05-11T19:00:00.0000000Z,2
107296,135,2025-05-12T16:30:00.0000000Z,3310,1503,2,1,H,0.205003,0.286879,0.508119,A,0,1.584732,0.972504,formax-outcome-4.0,6d861e191d14ee4741a5969b1d2ffbfc,2025-05-12T16:30:00.0000000Z,2
105154,203,2025-05-12T17:00:00.0000000Z,6025,5867,3,1,H,0.529200,0.248436,0.222364,H,1,0.636388,0.332819,formax-outcome-4.0,6d861e191d14ee4741a5969b1d2ffbfc,2025-05-12T17:00:00.0000000Z,2
106017,135,2025-05-12T18:45:00.0000000Z,4702,2799,2,1,H,0.426820,0.301586,0.271593,H,1,0.851392,0.493252,formax-outcome-4.0,6d861e191d14ee4741a5969b1d2ffbfc,2025-05-12T18:45:00.0000000Z,2
103007,40,2025-05-12T19:00:00.0000000Z,1460,1053,3,0,H,0.564080,0.243318,0.192603,H,1,0.572560,0.286326,formax-outcome-4.0,6d861e191d14ee4741a5969b1d2ffbfc,2025-05-12T19:00:00.0000000Z,2
97893,88,2025-05-13T16:45:00.0000000Z,3539,3915,2,0,H,0.592131,0.216749,0.191120,H,1,0.524028,0.249864,formax-outcome-4.0,6d861e191d14ee4741a5969b1d2ffbfc,2025-05-13T16:45:00.0000000Z,2
105225,140,2025-05-13T17:00:00.0000000Z,1913,758,0,1,A,0.313393,0.264310,0.422297,A,1,0.862047,0.501816,formax-outcome-4.0,6d861e191d14ee4741a5969b1d2ffbfc,2025-05-13T17:00:00.0000000Z,2
101782,140,2025-05-13T18:00:00.0000000Z,1830,1904,0,1,A,0.380050,0.266140,0.353810,H,0,1.038994,0.632829,formax-outcome-4.0,6d861e191d14ee4741a5969b1d2ffbfc,2025-05-13T18:00:00.0000000Z,2
98290,40,2025-05-13T19:00:00.0000000Z,2209,5841,1,1,D,0.436642,0.272255,0.291103,H,0,1.301015,0.805009,formax-outcome-4.0,6d861e191d14ee4741a5969b1d2ffbfc,2025-05-13T19:00:00.0000000Z,2
104424,140,2025-05-13T19:30:00.0000000Z,3049,1923,1,0,H,0.444400,0.273109,0.282491,H,1,0.811029,0.463080,formax-outcome-4.0,6d861e191d14ee4741a5969b1d2ffbfc,2025-05-13T19:30:00.0000000Z,2
103895,140,2025-05-14T17:00:00.0000000Z,759,2030,1,0,H,0.386033,0.287177,0.326790,H,1,0.951831,0.566217,formax-outcome-4.0,6d861e191d14ee4741a5969b1d2ffbfc,2025-05-14T17:00:00.0000000Z,2
104834,140,2025-05-14T17:00:00.0000000Z,1776,4408,3,0,H,0.597931,0.228528,0.173541,H,1,0.514280,0.244001,formax-outcome-4.0,6d861e191d14ee4741a5969b1d2ffbfc,2025-05-14T17:00:00.0000000Z,2
38721,88,2025-05-14T18:00:00.0000000Z,1080,1378,3,0,H,0.518450,0.247368,0.234182,H,1,0.656912,0.347923,formax-outcome-4.0,6d861e191d14ee4741a5969b1d2ffbfc,2025-05-14T18:00:00.0000000Z,2
83357,88,2025-05-14T18:00:00.0000000Z,3707,1271,2,3,A,0.365438,0.260153,0.374409,A,1,0.982408,0.592590,formax-outcome-4.0,6d861e191d14ee4741a5969b1d2ffbfc,2025-05-14T18:00:00.0000000Z,2
88201,88,2025-05-14T18:00:00.0000000Z,1301,2530,2,2,D,0.314729,0.266096,0.419174,A,0,1.323896,0.813376,formax-outcome-4.0,6d861e191d14ee4741a5969b1d2ffbfc,2025-05-14T18:00:00.0000000Z,2
97520,88,2025-05-14T18:00:00.0000000Z,4678,1162,1,1,D,0.510781,0.251756,0.237462,H,0,1.379294,0.877155,formax-outcome-4.0,6d861e191d14ee4741a5969b1d2ffbfc,2025-05-14T18:00:00.0000000Z,2
103050,88,2025-05-14T18:00:00.0000000Z,1088,2612,1,2,A,0.356498,0.268008,0.375494,A,1,0.979513,0.588927,formax-outcome-4.0,6d861e191d14ee4741a5969b1d2ffbfc,2025-05-14T18:00:00.0000000Z,2
104023,88,2025-05-14T18:00:00.0000000Z,1775,4157,4,1,H,0.810575,0.119703,0.069721,H,1,0.210011,0.055072,formax-outcome-4.0,6d861e191d14ee4741a5969b1d2ffbfc,2025-05-14T18:00:00.0000000Z,2
104254,88,2025-05-14T18:00:00.0000000Z,958,1079,1,1,D,0.417052,0.278291,0.304657,H,0,1.279087,0.787611,formax-outcome-4.0,6d861e191d14ee4741a5969b1d2ffbfc,2025-05-14T18:00:00.0000000Z,2
104579,88,2025-05-14T18:00:00.0000000Z,1580,990,1,0,H,0.550885,0.235501,0.213614,H,1,0.596230,0.302797,formax-outcome-4.0,6d861e191d14ee4741a5969b1d2ffbfc,2025-05-14T18:00:00.0000000Z,2
104615,88,2025-05-14T18:00:00.0000000Z,2516,902,2,0,H,0.845003,0.103360,0.051636,H,1,0.168415,0.037374,formax-outcome-4.0,6d861e191d14ee4741a5969b1d2ffbfc,2025-05-14T18:00:00.0000000Z,2
107127,140,2025-05-14T19:30:00.0000000Z,4521,1925,2,1,H,0.657601,0.216451,0.125948,H,1,0.419157,0.179951,formax-outcome-4.0,6d861e191d14ee4741a5969b1d2ffbfc,2025-05-14T19:30:00.0000000Z,2
104354,140,2025-05-15T17:00:00.0000000Z,2517,2033,2,2,D,0.304623,0.282600,0.412776,A,0,1.263723,0.777843,formax-outcome-4.0,6d861e191d14ee4741a5969b1d2ffbfc,2025-05-15T17:00:00.0000000Z,2
105628,140,2025-05-15T17:00:00.0000000Z,3599,4267,2,0,H,0.283283,0.274986,0.441731,A,0,1.261310,0.784428,formax-outcome-4.0,6d861e191d14ee4741a5969b1d2ffbfc,2025-05-15T17:00:00.0000000Z,2
103966,140,2025-05-15T19:30:00.0000000Z,1914,1906,0,2,A,0.330546,0.313051,0.356403,A,1,1.031694,0.621479,formax-outcome-4.0,6d861e191d14ee4741a5969b1d2ffbfc,2025-05-15T19:30:00.0000000Z,2
105283,140,2025-05-15T19:30:00.0000000Z,762,4005,0,2,A,0.261676,0.252129,0.486194,A,1,0.721147,0.396040,formax-outcome-4.0,6d861e191d14ee4741a5969b1d2ffbfc,2025-05-15T19:30:00.0000000Z,2
102096,39,2025-05-16T18:30:00.0000000Z,2109,2355,2,0,H,0.548852,0.242086,0.209062,H,1,0.599927,0.305848,formax-outcome-4.0,6d861e191d14ee4741a5969b1d2ffbfc,2025-05-16T18:30:00.0000000Z,2
101853,39,2025-05-16T19:15:00.0000000Z,3373,4266,1,0,H,0.462128,0.264467,0.273405,H,1,0.771914,0.434000,formax-outcome-4.0,6d861e191d14ee4741a5969b1d2ffbfc,2025-05-16T19:15:00.0000000Z,2
72585,78,2025-05-17T13:30:00.0000000Z,5685,4472,1,3,A,0.303420,0.253847,0.442733,A,1,0.814789,0.467049,formax-outcome-4.0,6d861e191d14ee4741a5969b1d2ffbfc,2025-05-17T13:30:00.0000000Z,2
101586,78,2025-05-17T13:30:00.0000000Z,4330,966,1,4,A,0.299450,0.259513,0.441038,A,1,0.818625,0.469456,formax-outcome-4.0,6d861e191d14ee4741a5969b1d2ffbfc,2025-05-17T13:30:00.0000000Z,2
101902,78,2025-05-17T13:30:00.0000000Z,821,1278,2,3,A,0.421374,0.250687,0.327939,H,0,1.114928,0.692066,formax-outcome-4.0,6d861e191d14ee4741a5969b1d2ffbfc,2025-05-17T13:30:00.0000000Z,2
101980,78,2025-05-17T13:30:00.0000000Z,1051,5353,0,1,A,0.381712,0.241117,0.377172,H,0,0.975054,0.591756,formax-outcome-4.0,6d861e191d14ee4741a5969b1d2ffbfc,2025-05-17T13:30:00.0000000Z,2
102045,78,2025-05-17T13:30:00.0000000Z,3573,1328,0,4,A,0.143918,0.169321,0.686761,A,1,0.375770,0.147501,formax-outcome-4.0,6d861e191d14ee4741a5969b1d2ffbfc,2025-05-17T13:30:00.0000000Z,2
102146,78,2025-05-17T13:30:00.0000000Z,1281,1260,2,2,D,0.315921,0.257659,0.426420,A,0,1.356120,0.832711,formax-outcome-4.0,6d861e191d14ee4741a5969b1d2ffbfc,2025-05-17T13:30:00.0000000Z,2
106689,78,2025-05-17T13:30:00.0000000Z,989,1282,3,0,H,0.719517,0.160270,0.120213,H,1,0.329175,0.118808,formax-outcome-4.0,6d861e191d14ee4741a5969b1d2ffbfc,2025-05-17T13:30:00.0000000Z,2
97892,88,2025-05-17T14:30:00.0000000Z,3915,3539,0,1,A,0.308660,0.254189,0.437151,A,1,0.827478,0.476683,formax-outcome-4.0,6d861e191d14ee4741a5969b1d2ffbfc,2025-05-17T14:30:00.0000000Z,2
106016,135,2025-05-17T18:45:00.0000000Z,1649,4702,2,3,A,0.182946,0.272804,0.544250,A,1,0.608347,0.315599,formax-outcome-4.0,6d861e191d14ee4741a5969b1d2ffbfc,2025-05-17T18:45:00.0000000Z,2
53931,61,2025-05-17T19:00:00.0000000Z,3589,1257,2,0,H,0.606371,0.216191,0.177439,H,1,0.500264,0.233167,formax-outcome-4.0,6d861e191d14ee4741a5969b1d2ffbfc,2025-05-17T19:00:00.0000000Z,2
60467,61,2025-05-17T19:00:00.0000000Z,5284,1815,3,1,H,0.666913,0.194271,0.138817,H,1,0.405096,0.167958,formax-outcome-4.0,6d861e191d14ee4741a5969b1d2ffbfc,2025-05-17T19:00:00.0000000Z,2
98378,61,2025-05-17T19:00:00.0000000Z,886,2085,4,0,H,0.239397,0.259314,0.501288,A,0,1.429631,0.897051,formax-outcome-4.0,6d861e191d14ee4741a5969b1d2ffbfc,2025-05-17T19:00:00.0000000Z,2
102875,61,2025-05-17T19:00:00.0000000Z,4470,1068,2,1,H,0.501552,0.270829,0.227619,H,1,0.690048,0.373609,formax-outcome-4.0,6d861e191d14ee4741a5969b1d2ffbfc,2025-05-17T19:00:00.0000000Z,2
104900,61,2025-05-17T19:00:00.0000000Z,1911,1823,2,3,A,0.625233,0.213068,0.161699,H,0,1.822017,1.139062,formax-outcome-4.0,6d861e191d14ee4741a5969b1d2ffbfc,2025-05-17T19:00:00.0000000Z,2
106178,61,2025-05-17T19:00:00.0000000Z,5071,1781,4,2,H,0.472743,0.244334,0.282924,H,1,0.749204,0.417745,formax-outcome-4.0,6d861e191d14ee4741a5969b1d2ffbfc,2025-05-17T19:00:00.0000000Z,2
106859,61,2025-05-17T19:00:00.0000000Z,3538,1872,2,3,A,0.227967,0.239668,0.532365,A,1,0.630426,0.328092,formax-outcome-4.0,6d861e191d14ee4741a5969b1d2ffbfc,2025-05-17T19:00:00.0000000Z,2
107051,61,2025-05-17T19:00:00.0000000Z,3851,4558,6,0,H,0.468254,0.252383,0.279363,H,1,0.758744,0.424494,formax-outcome-4.0,6d861e191d14ee4741a5969b1d2ffbfc,2025-05-17T19:00:00.0000000Z,2
71225,39,2025-05-18T11:00:00.0000000Z,1482,4290,2,0,H,0.638971,0.226147,0.134882,H,1,0.447896,0.199678,formax-outcome-4.0,6d861e191d14ee4741a5969b1d2ffbfc,2025-05-18T11:00:00.0000000Z,2
38720,88,2025-05-18T12:30:00.0000000Z,4157,1080,1,2,A,0.327189,0.262363,0.410448,A,1,0.890506,0.523459,formax-outcome-4.0,6d861e191d14ee4741a5969b1d2ffbfc,2025-05-18T12:30:00.0000000Z,2
83356,88,2025-05-18T12:30:00.0000000Z,2530,3707,2,0,H,0.513071,0.244488,0.242441,H,1,0.667341,0.355652,formax-outcome-4.0,6d861e191d14ee4741a5969b1d2ffbfc,2025-05-18T12:30:00.0000000Z,2
97519,88,2025-05-18T12:30:00.0000000Z,1162,1775,1,3,A,0.281645,0.249639,0.468716,A,1,0.757759,0.423906,formax-outcome-4.0,6d861e191d14ee4741a5969b1d2ffbfc,2025-05-18T12:30:00.0000000Z,2
103049,88,2025-05-18T12:30:00.0000000Z,1378,1088,1,1,D,0.515534,0.253105,0.231362,H,0,1.373953,0.877156,formax-outcome-4.0,6d861e191d14ee4741a5969b1d2ffbfc,2025-05-18T12:30:00.0000000Z,2
103755,88,2025-05-18T12:30:00.0000000Z,1271,958,1,1,D,0.698439,0.188889,0.112672,H,0,1.666596,1.158413,formax-outcome-4.0,6d861e191d14ee4741a5969b1d2ffbfc,2025-05-18T12:30:00.0000000Z,2
103812,88,2025-05-18T12:30:00.0000000Z,1079,4678,0,0,D,0.245250,0.256768,0.497982,A,0,1.359584,0.860528,formax-outcome-4.0,6d861e191d14ee4741a5969b1d2ffbfc,2025-05-18T12:30:00.0000000Z,2
104479,88,2025-05-18T12:30:00.0000000Z,2612,1301,2,0,H,0.445242,0.261288,0.293470,H,1,0.809137,0.462152,formax-outcome-4.0,6d861e191d14ee4741a5969b1d2ffbfc,2025-05-18T12:30:00.0000000Z,2
104578,88,2025-05-18T12:30:00.0000000Z,902,1580,5,3,H,0.270825,0.253943,0.475232,A,0,1.306282,0.822029,formax-outcome-4.0,6d861e191d14ee4741a5969b1d2ffbfc,2025-05-18T12:30:00.0000000Z,2
104614,88,2025-05-18T12:30:00.0000000Z,990,2516,2,0,H,0.193788,0.228255,0.577957,A,0,1.640989,1.036112,formax-outcome-4.0,6d861e191d14ee4741a5969b1d2ffbfc,2025-05-18T12:30:00.0000000Z,2
105015,39,2025-05-18T13:15:00.0000000Z,2751,2480,1,2,A,0.303074,0.284024,0.412903,A,1,0.884543,0.517206,formax-outcome-4.0,6d861e191d14ee4741a5969b1d2ffbfc,2025-05-18T13:15:00.0000000Z,2
102949,39,2025-05-18T14:00:00.0000000Z,5807,4928,2,3,A,0.488919,0.263259,0.247822,H,0,1.395046,0.874120,formax-outcome-4.0,6d861e191d14ee4741a5969b1d2ffbfc,2025-05-18T14:00:00.0000000Z,2
106448,39,2025-05-18T14:00:00.0000000Z,1910,3598,2,0,H,0.343942,0.276334,0.379724,A,0,1.067282,0.650963,formax-outcome-4.0,6d861e191d14ee4741a5969b1d2ffbfc,2025-05-18T14:00:00.0000000Z,2
71133,39,2025-05-18T15:30:00.0000000Z,4559,1013,1,0,H,0.382303,0.273201,0.344497,H,1,0.961542,0.574866,formax-outcome-4.0,6d861e191d14ee4741a5969b1d2ffbfc,2025-05-18T15:30:00.0000000Z,2
42813,203,2025-05-18T16:00:00.0000000Z,3588,6991,2,1,H,0.791274,0.133935,0.074792,H,1,0.234112,0.067099,formax-outcome-4.0,6d861e191d14ee4741a5969b1d2ffbfc,2025-05-18T16:00:00.0000000Z,2
82512,203,2025-05-18T16:00:00.0000000Z,6847,3673,1,1,D,0.307085,0.271198,0.421717,A,0,1.304906,0.803298,formax-outcome-4.0,6d861e191d14ee4741a5969b1d2ffbfc,2025-05-18T16:00:00.0000000Z,2
98902,203,2025-05-18T16:00:00.0000000Z,3309,6025,3,0,H,0.766146,0.147226,0.086629,H,1,0.266383,0.083868,formax-outcome-4.0,6d861e191d14ee4741a5969b1d2ffbfc,2025-05-18T16:00:00.0000000Z,2
103438,203,2025-05-18T16:00:00.0000000Z,1845,2549,6,3,H,0.361731,0.266714,0.371555,A,0,1.016855,0.616577,formax-outcome-4.0,6d861e191d14ee4741a5969b1d2ffbfc,2025-05-18T16:00:00.0000000Z,2
103512,203,2025-05-18T16:00:00.0000000Z,4226,3661,2,3,A,0.463869,0.237651,0.298480,H,0,1.209053,0.763783,formax-outcome-4.0,6d861e191d14ee4741a5969b1d2ffbfc,2025-05-18T16:00:00.0000000Z,2
103587,203,2025-05-18T16:00:00.0000000Z,6023,5068,1,1,D,0.330224,0.291257,0.378518,A,0,1.233548,0.754640,formax-outcome-4.0,6d861e191d14ee4741a5969b1d2ffbfc,2025-05-18T16:00:00.0000000Z,2
104114,203,2025-05-18T16:00:00.0000000Z,5867,4926,0,0,D,0.379726,0.269593,0.350681,H,0,1.310840,0.800663,formax-outcome-4.0,6d861e191d14ee4741a5969b1d2ffbfc,2025-05-18T16:00:00.0000000Z,2
105096,203,2025-05-18T16:00:00.0000000Z,1176,5813,1,0,H,0.554366,0.238900,0.206734,H,1,0.589931,0.298402,formax-outcome-4.0,6d861e191d14ee4741a5969b1d2ffbfc,2025-05-18T16:00:00.0000000Z,2
101781,140,2025-05-18T17:00:00.0000000Z,1830,758,3,2,H,0.464314,0.280640,0.255046,H,1,0.767194,0.430766,formax-outcome-4.0,6d861e191d14ee4741a5969b1d2ffbfc,2025-05-18T17:00:00.0000000Z,2
103894,140,2025-05-18T17:00:00.0000000Z,1913,759,0,1,A,0.250726,0.270486,0.478788,A,1,0.736497,0.407688,formax-outcome-4.0,6d861e191d14ee4741a5969b1d2ffbfc,2025-05-18T17:00:00.0000000Z,2
103965,140,2025-05-18T17:00:00.0000000Z,1925,1914,1,2,A,0.403683,0.312002,0.284315,H,0,1.257674,0.772511,formax-outcome-4.0,6d861e191d14ee4741a5969b1d2ffbfc,2025-05-18T17:00:00.0000000Z,2
104353,140,2025-05-18T17:00:00.0000000Z,1904,2517,1,2,A,0.510635,0.259507,0.229858,H,0,1.470295,0.921211,formax-outcome-4.0,6d861e191d14ee4741a5969b1d2ffbfc,2025-05-18T17:00:00.0000000Z,2
104423,140,2025-05-18T17:00:00.0000000Z,3049,4521,0,2,A,0.255171,0.265143,0.479686,A,1,0.734624,0.406140,formax-outcome-4.0,6d861e191d14ee4741a5969b1d2ffbfc,2025-05-18T17:00:00.0000000Z,2
104833,140,2025-05-18T17:00:00.0000000Z,4005,1776,2,3,A,0.589007,0.220122,0.190871,H,0,1.656158,1.050073,formax-outcome-4.0,6d861e191d14ee4741a5969b1d2ffbfc,2025-05-18T17:00:00.0000000Z,2
105282,140,2025-05-18T17:00:00.0000000Z,3599,762,2,0,H,0.456855,0.278615,0.264530,H,1,0.783389,0.442609,formax-outcome-4.0,6d861e191d14ee4741a5969b1d2ffbfc,2025-05-18T17:00:00.0000000Z,2
105345,140,2025-05-18T17:00:00.0000000Z,1923,4408,0,1,A,0.458093,0.272988,0.268919,H,0,1.313344,0.818851,formax-outcome-4.0,6d861e191d14ee4741a5969b1d2ffbfc,2025-05-18T17:00:00.0000000Z,2
105894,140,2025-05-18T17:00:00.0000000Z,4267,2033,4,1,H,0.457739,0.267867,0.274394,H,1,0.781457,0.441092,formax-outcome-4.0,6d861e191d14ee4741a5969b1d2ffbfc,2025-05-18T17:00:00.0000000Z,2
106133,140,2025-05-18T17:00:00.0000000Z,2030,1906,0,1,A,0.326637,0.294161,0.379202,A,1,0.969686,0.578613,formax-outcome-4.0,6d861e191d14ee4741a5969b1d2ffbfc,2025-05-18T17:00:00.0000000Z,2
103176,135,2025-05-18T18:45:00.0000000Z,2799,1488,3,1,H,0.388788,0.295906,0.315306,H,1,0.944720,0.560558,formax-outcome-4.0,6d861e191d14ee4741a5969b1d2ffbfc,2025-05-18T18:45:00.0000000Z,2
105457,135,2025-05-18T18:45:00.0000000Z,1719,5356,1,1,D,0.204086,0.273014,0.522900,A,0,1.298232,0.843584,formax-outcome-4.0,6d861e191d14ee4741a5969b1d2ffbfc,2025-05-18T18:45:00.0000000Z,2
105524,135,2025-05-18T18:45:00.0000000Z,2685,2837,2,2,D,0.504444,0.271018,0.224538,H,0,1.305570,0.836295,formax-outcome-4.0,6d861e191d14ee4741a5969b1d2ffbfc,2025-05-18T18:45:00.0000000Z,2
105801,135,2025-05-18T18:45:00.0000000Z,1584,1652,1,0,H,0.237234,0.301578,0.461188,A,0,1.438707,0.885455,formax-outcome-4.0,6d861e191d14ee4741a5969b1d2ffbfc,2025-05-18T18:45:00.0000000Z,2
106274,135,2025-05-18T18:45:00.0000000Z,3659,1849,1,3,A,0.292773,0.297647,0.409580,A,1,0.892622,0.522905,formax-outcome-4.0,6d861e191d14ee4741a5969b1d2ffbfc,2025-05-18T18:45:00.0000000Z,2
106917,135,2025-05-18T18:45:00.0000000Z,3648,2845,0,0,D,0.182087,0.264276,0.553637,A,0,1.330761,0.880959,formax-outcome-4.0,6d861e191d14ee4741a5969b1d2ffbfc,2025-05-18T18:45:00.0000000Z,2
106965,135,2025-05-18T18:45:00.0000000Z,3394,3310,3,0,H,0.367928,0.309198,0.322875,H,1,0.999869,0.599367,formax-outcome-4.0,6d861e191d14ee4741a5969b1d2ffbfc,2025-05-18T18:45:00.0000000Z,2
107326,135,2025-05-18T18:45:00.0000000Z,2013,3405,2,0,H,0.455700,0.301938,0.242362,H,1,0.785921,0.446169,formax-outcome-4.0,6d861e191d14ee4741a5969b1d2ffbfc,2025-05-18T18:45:00.0000000Z,2
107459,135,2025-05-18T18:45:00.0000000Z,1503,1520,3,2,H,0.389684,0.291953,0.318363,H,1,0.942419,0.559077,formax-outcome-4.0,6d861e191d14ee4741a5969b1d2ffbfc,2025-05-18T18:45:00.0000000Z,2
105941,39,2025-05-19T19:00:00.0000000Z,873,2208,3,2,H,0.302727,0.261460,0.435813,A,0,1.194923,0.744483,formax-outcome-4.0,6d861e191d14ee4741a5969b1d2ffbfc,2025-05-19T19:00:00.0000000Z,2
97891,88,2025-05-20T18:00:00.0000000Z,3802,3539,0,0,D,0.337440,0.269172,0.393389,A,0,1.312406,0.802730,formax-outcome-4.0,6d861e191d14ee4741a5969b1d2ffbfc,2025-05-20T18:00:00.0000000Z,2
99497,39,2025-05-20T19:00:00.0000000Z,1486,1829,4,2,H,0.419477,0.277691,0.302832,H,1,0.868747,0.505827,formax-outcome-4.0,6d861e191d14ee4741a5969b1d2ffbfc,2025-05-20T19:00:00.0000000Z,2
104762,39,2025-05-20T19:00:00.0000000Z,4166,3646,3,1,H,0.460073,0.273862,0.266065,H,1,0.776370,0.437312,formax-outcome-4.0,6d861e191d14ee4741a5969b1d2ffbfc,2025-05-20T19:00:00.0000000Z,2
103116,3,2025-05-21T19:00:00.0000000Z,2355,4266,1,0,H,0.463010,0.244934,0.292056,H,1,0.770006,0.433647,formax-outcome-4.0,6d861e191d14ee4741a5969b1d2ffbfc,2025-05-21T19:00:00.0000000Z,2
103754,88,2025-05-22T16:45:00.0000000Z,1271,990,4,1,H,0.624048,0.220905,0.155047,H,1,0.471528,0.214178,formax-outcome-4.0,6d861e191d14ee4741a5969b1d2ffbfc,2025-05-22T16:45:00.0000000Z,2
38719,88,2025-05-22T19:00:00.0000000Z,3707,1080,3,2,H,0.456691,0.256693,0.286616,H,1,0.783748,0.443224,formax-outcome-4.0,6d861e191d14ee4741a5969b1d2ffbfc,2025-05-22T19:00:00.0000000Z,2
97890,88,2025-05-23T18:00:00.0000000Z,3539,3802,2,1,H,0.591146,0.231917,0.176937,H,1,0.525691,0.252253,formax-outcome-4.0,6d861e191d14ee4741a5969b1d2ffbfc,2025-05-23T18:00:00.0000000Z,2
106566,135,2025-05-23T18:45:00.0000000Z,5356,2685,0,2,A,0.259073,0.272278,0.468650,A,1,0.757900,0.423587,formax-outcome-4.0,6d861e191d14ee4741a5969b1d2ffbfc,2025-05-23T18:45:00.0000000Z,2
106916,135,2025-05-23T18:45:00.0000000Z,2845,3394,2,0,H,0.588897,0.249264,0.161839,H,1,0.529504,0.257330,formax-outcome-4.0,6d861e191d14ee4741a5969b1d2ffbfc,2025-05-23T18:45:00.0000000Z,2
106229,140,2025-05-23T19:00:00.0000000Z,2033,2030,1,1,D,0.534759,0.246279,0.218962,H,0,1.401291,0.902007,formax-outcome-4.0,6d861e191d14ee4741a5969b1d2ffbfc,2025-05-23T19:00:00.0000000Z,2
105410,203,2025-05-24T13:00:00.0000000Z,6991,5867,2,1,H,0.563067,0.237787,0.199146,H,1,0.574356,0.287112,formax-outcome-4.0,6d861e191d14ee4741a5969b1d2ffbfc,2025-05-24T13:00:00.0000000Z,2
103681,40,2025-05-24T14:01:00.0000000Z,1460,2209,1,2,A,0.573509,0.249562,0.176929,H,0,1.732007,1.068640,formax-outcome-4.0,6d861e191d14ee4741a5969b1d2ffbfc,2025-05-24T14:01:00.0000000Z,2
101780,140,2025-05-24T14:15:00.0000000Z,4521,1830,2,0,H,0.639675,0.212867,0.147458,H,1,0.446794,0.196890,formax-outcome-4.0,6d861e191d14ee4741a5969b1d2ffbfc,2025-05-24T14:15:00.0000000Z,2
98901,203,2025-05-24T16:00:00.0000000Z,2549,3309,0,2,A,0.216986,0.222748,0.560266,A,1,0.579344,0.290066,formax-outcome-4.0,6d861e191d14ee4741a5969b1d2ffbfc,2025-05-24T16:00:00.0000000Z,2
103511,203,2025-05-24T16:00:00.0000000Z,4926,4226,2,2,D,0.415712,0.254351,0.329937,H,0,1.369039,0.837666,formax-outcome-4.0,6d861e191d14ee4741a5969b1d2ffbfc,2025-05-24T16:00:00.0000000Z,2
106764,135,2025-05-24T16:00:00.0000000Z,1520,1649,1,3,A,0.503449,0.276409,0.220141,H,0,1.513485,0.938043,formax-outcome-4.0,6d861e191d14ee4741a5969b1d2ffbfc,2025-05-24T16:00:00.0000000Z,2
105281,140,2025-05-24T16:30:00.0000000Z,762,1923,2,0,H,0.452037,0.281863,0.266100,H,1,0.793991,0.450519,formax-outcome-4.0,6d861e191d14ee4741a5969b1d2ffbfc,2025-05-24T16:30:00.0000000Z,2
105344,140,2025-05-24T16:30:00.0000000Z,4408,1913,3,0,H,0.602691,0.226872,0.170436,H,1,0.506350,0.238374,formax-outcome-4.0,6d861e191d14ee4741a5969b1d2ffbfc,2025-05-24T16:30:00.0000000Z,2
103175,135,2025-05-24T18:45:00.0000000Z,1488,3659,2,0,H,0.740520,0.170870,0.088610,H,1,0.300402,0.104378,formax-outcome-4.0,6d861e191d14ee4741a5969b1d2ffbfc,2025-05-24T18:45:00.0000000Z,2
103893,140,2025-05-24T19:00:00.0000000Z,759,3599,1,1,D,0.391725,0.295340,0.312936,H,0,1.219630,0.747923,formax-outcome-4.0,6d861e191d14ee4741a5969b1d2ffbfc,2025-05-24T19:00:00.0000000Z,2
103964,140,2025-05-24T19:00:00.0000000Z,1914,1904,1,2,A,0.380978,0.285822,0.333200,H,0,1.099012,0.671461,formax-outcome-4.0,6d861e191d14ee4741a5969b1d2ffbfc,2025-05-24T19:00:00.0000000Z,2
104352,140,2025-05-24T19:00:00.0000000Z,2517,1925,0,0,D,0.478603,0.286663,0.234734,H,0,1.249448,0.793011,formax-outcome-4.0,6d861e191d14ee4741a5969b1d2ffbfc,2025-05-24T19:00:00.0000000Z,2
105224,140,2025-05-25T12:00:00.0000000Z,758,4267,0,4,A,0.213114,0.261127,0.525759,A,1,0.642913,0.338510,formax-outcome-4.0,6d861e191d14ee4741a5969b1d2ffbfc,2025-05-25T12:00:00.0000000Z,2
104422,140,2025-05-25T14:15:00.0000000Z,1776,3049,4,2,H,0.592754,0.234463,0.172783,H,1,0.522976,0.250676,formax-outcome-4.0,6d861e191d14ee4741a5969b1d2ffbfc,2025-05-25T14:15:00.0000000Z,2
71132,39,2025-05-25T15:00:00.0000000Z,1013,1482,0,1,A,0.564577,0.245041,0.190381,H,0,1.658726,1.034275,formax-outcome-4.0,6d861e191d14ee4741a5969b1d2ffbfc,2025-05-25T15:00:00.0000000Z,2
99496,39,2025-05-25T15:00:00.0000000Z,1829,5807,1,1,D,0.353233,0.265322,0.381445,A,0,1.326811,0.810026,formax-outcome-4.0,6d861e191d14ee4741a5969b1d2ffbfc,2025-05-25T15:00:00.0000000Z,2
101852,39,2025-05-25T15:00:00.0000000Z,2480,3373,0,1,A,0.389161,0.279270,0.331569,H,0,1.103918,0.676237,formax-outcome-4.0,6d861e191d14ee4741a5969b1d2ffbfc,2025-05-25T15:00:00.0000000Z,2
102095,39,2025-05-25T15:00:00.0000000Z,4266,2109,2,0,H,0.318628,0.266048,0.415324,A,0,1.143730,0.707542,formax-outcome-4.0,6d861e191d14ee4741a5969b1d2ffbfc,2025-05-25T15:00:00.0000000Z,2
104694,39,2025-05-25T15:00:00.0000000Z,4290,4559,1,2,A,0.116490,0.197840,0.685670,A,1,0.377359,0.151514,formax-outcome-4.0,6d861e191d14ee4741a5969b1d2ffbfc,2025-05-25T15:00:00.0000000Z,2
104761,39,2025-05-25T15:00:00.0000000Z,4928,4166,0,2,A,0.325776,0.267393,0.406831,A,1,0.899357,0.529478,formax-outcome-4.0,6d861e191d14ee4741a5969b1d2ffbfc,2025-05-25T15:00:00.0000000Z,2
105014,39,2025-05-25T15:00:00.0000000Z,3598,2751,1,3,A,0.326077,0.271215,0.402708,A,1,0.909543,0.536641,formax-outcome-4.0,6d861e191d14ee4741a5969b1d2ffbfc,2025-05-25T15:00:00.0000000Z,2
105940,39,2025-05-25T15:00:00.0000000Z,2355,873,1,4,A,0.367450,0.261588,0.370962,A,1,0.991656,0.599137,formax-outcome-4.0,6d861e191d14ee4741a5969b1d2ffbfc,2025-05-25T15:00:00.0000000Z,2
106331,39,2025-05-25T15:00:00.0000000Z,2208,1486,1,1,D,0.560751,0.232553,0.206696,H,0,1.458635,0.946139,formax-outcome-4.0,6d861e191d14ee4741a5969b1d2ffbfc,2025-05-25T15:00:00.0000000Z,2
107198,39,2025-05-25T15:00:00.0000000Z,3646,1910,2,0,H,0.677687,0.202390,0.119923,H,1,0.389070,0.159229,formax-outcome-4.0,6d861e191d14ee4741a5969b1d2ffbfc,2025-05-25T15:00:00.0000000Z,2
82511,203,2025-05-25T16:00:00.0000000Z,3673,1845,1,2,A,0.601255,0.223433,0.175312,H,0,1.741189,1.091541,formax-outcome-4.0,6d861e191d14ee4741a5969b1d2ffbfc,2025-05-25T16:00:00.0000000Z,2
83355,88,2025-05-25T16:00:00.0000000Z,1271,3707,3,2,H,0.613396,0.211066,0.175538,H,1,0.488744,0.224825,formax-outcome-4.0,6d861e191d14ee4741a5969b1d2ffbfc,2025-05-25T16:00:00.0000000Z,2
103367,203,2025-05-25T16:00:00.0000000Z,1717,6847,1,2,A,0.465500,0.264208,0.270292,H,0,1.308251,0.818969,formax-outcome-4.0,6d861e191d14ee4741a5969b1d2ffbfc,2025-05-25T16:00:00.0000000Z,2
103586,203,2025-05-25T16:00:00.0000000Z,5068,1176,2,2,D,0.468324,0.261988,0.269688,H,0,1.339455,0.836720,formax-outcome-4.0,6d861e191d14ee4741a5969b1d2ffbfc,2025-05-25T16:00:00.0000000Z,2
103634,203,2025-05-25T16:00:00.0000000Z,6025,6023,1,1,D,0.484024,0.274579,0.241397,H,0,1.292517,0.818788,formax-outcome-4.0,6d861e191d14ee4741a5969b1d2ffbfc,2025-05-25T16:00:00.0000000Z,2
105067,203,2025-05-25T16:00:00.0000000Z,3661,7044,2,3,A,0.836254,0.106760,0.056986,H,0,2.864953,1.599994,formax-outcome-4.0,6d861e191d14ee4741a5969b1d2ffbfc,2025-05-25T16:00:00.0000000Z,2
105456,135,2025-05-25T18:45:00.0000000Z,1849,1719,1,2,A,0.395027,0.297837,0.307136,H,0,1.180465,0.724814,formax-outcome-4.0,6d861e191d14ee4741a5969b1d2ffbfc,2025-05-25T18:45:00.0000000Z,2
105523,135,2025-05-25T18:45:00.0000000Z,2837,1584,0,1,A,0.632675,0.229694,0.137631,H,0,1.983181,1.196718,formax-outcome-4.0,6d861e191d14ee4741a5969b1d2ffbfc,2025-05-25T18:45:00.0000000Z,2
106015,135,2025-05-25T18:45:00.0000000Z,4702,3648,2,3,A,0.674307,0.206117,0.119576,H,0,2.123802,1.272320,formax-outcome-4.0,6d861e191d14ee4741a5969b1d2ffbfc,2025-05-25T18:45:00.0000000Z,2
107295,135,2025-05-25T18:45:00.0000000Z,3310,2013,2,3,A,0.239479,0.297472,0.463049,A,1,0.769922,0.434156,formax-outcome-4.0,6d861e191d14ee4741a5969b1d2ffbfc,2025-05-25T18:45:00.0000000Z,2
107356,135,2025-05-25T18:45:00.0000000Z,1652,2799,0,2,A,0.252588,0.294652,0.452761,A,1,0.792392,0.450091,formax-outcome-4.0,6d861e191d14ee4741a5969b1d2ffbfc,2025-05-25T18:45:00.0000000Z,2
107493,135,2025-05-25T18:45:00.0000000Z,3405,1503,2,3,A,0.258663,0.278983,0.462354,A,1,0.771425,0.433802,formax-outcome-4.0,6d861e191d14ee4741a5969b1d2ffbfc,2025-05-25T18:45:00.0000000Z,2
106132,140,2025-05-25T19:00:00.0000000Z,1906,4005,0,3,A,0.345619,0.271042,0.383339,A,1,0.958836,0.573188,formax-outcome-4.0,6d861e191d14ee4741a5969b1d2ffbfc,2025-05-25T19:00:00.0000000Z,2
42812,203,2025-05-26T17:00:00.0000000Z,7043,3588,4,2,H,0.084315,0.134816,0.780869,A,0,2.473196,1.466410,formax-outcome-4.0,6d861e191d14ee4741a5969b1d2ffbfc,2025-05-26T17:00:00.0000000Z,2
101851,848,2025-05-28T19:00:00.0000000Z,2033,3373,1,4,A,0.261444,0.253830,0.484726,A,1,0.724172,0.398290,formax-outcome-4.0,6d861e191d14ee4741a5969b1d2ffbfc,2025-05-28T19:00:00.0000000Z,2
97889,88,2025-05-29T18:00:00.0000000Z,3539,1088,2,2,D,0.755626,0.157244,0.087130,H,0,1.849954,1.288799,formax-outcome-4.0,6d861e191d14ee4741a5969b1d2ffbfc,2025-05-29T18:00:00.0000000Z,2
98900,203,2025-05-30T17:00:00.0000000Z,3309,3661,2,0,H,0.766925,0.140874,0.092201,H,1,0.265366,0.082671,formax-outcome-4.0,6d861e191d14ee4741a5969b1d2ffbfc,2025-05-30T17:00:00.0000000Z,2
103510,203,2025-05-30T17:00:00.0000000Z,4226,2549,1,2,A,0.475574,0.232815,0.291611,H,0,1.232335,0.782189,formax-outcome-4.0,6d861e191d14ee4741a5969b1d2ffbfc,2025-05-30T17:00:00.0000000Z,2
103585,203,2025-05-30T17:00:00.0000000Z,5867,5068,0,2,A,0.282247,0.254564,0.463189,A,1,0.769620,0.432632,formax-outcome-4.0,6d861e191d14ee4741a5969b1d2ffbfc,2025-05-30T17:00:00.0000000Z,2
42811,203,2025-05-31T13:00:00.0000000Z,3588,1717,2,1,H,0.723949,0.167223,0.108827,H,1,0.323034,0.116011,formax-outcome-4.0,6d861e191d14ee4741a5969b1d2ffbfc,2025-05-31T13:00:00.0000000Z,2
103437,203,2025-05-31T13:00:00.0000000Z,1845,7043,5,2,H,0.586669,0.211940,0.201390,H,1,0.533294,0.256319,formax-outcome-4.0,6d861e191d14ee4741a5969b1d2ffbfc,2025-05-31T13:00:00.0000000Z,2
104113,203,2025-05-31T16:00:00.0000000Z,7044,4926,2,2,D,0.246286,0.233552,0.520163,A,0,1.454352,0.918669,formax-outcome-4.0,6d861e191d14ee4741a5969b1d2ffbfc,2025-05-31T16:00:00.0000000Z,2
104174,203,2025-05-31T16:00:00.0000000Z,6847,5813,2,0,H,0.496157,0.245365,0.258478,H,1,0.700862,0.380872,formax-outcome-4.0,6d861e191d14ee4741a5969b1d2ffbfc,2025-05-31T16:00:00.0000000Z,2
106622,2,2025-05-31T19:00:00.0000000Z,5284,2685,5,0,H,0.541379,0.217115,0.241506,H,1,0.613636,0.315798,formax-outcome-4.0,6d861e191d14ee4741a5969b1d2ffbfc,2025-05-31T19:00:00.0000000Z,2
82510,203,2025-06-01T16:00:00.0000000Z,6023,3673,0,4,A,0.298329,0.286301,0.415369,A,1,0.878587,0.512762,formax-outcome-4.0,6d861e191d14ee4741a5969b1d2ffbfc,2025-06-01T16:00:00.0000000Z,2
97888,88,2025-06-01T16:00:00.0000000Z,1088,3539,1,3,A,0.244767,0.247299,0.507934,A,1,0.677404,0.363196,formax-outcome-4.0,6d861e191d14ee4741a5969b1d2ffbfc,2025-06-01T16:00:00.0000000Z,2
105153,203,2025-06-01T16:00:00.0000000Z,1176,6025,2,1,H,0.521220,0.243352,0.235428,H,1,0.651583,0.343877,formax-outcome-4.0,6d861e191d14ee4741a5969b1d2ffbfc,2025-06-01T16:00:00.0000000Z,2
36022,2,2025-07-23T17:00:00.0000000Z,2551,1810,1,4,A,0.655896,0.199299,0.144805,H,0,1.932365,1.201277,formax-outcome-4.0,6d861e191d14ee4741a5969b1d2ffbfc,2025-07-23T17:00:00.0000000Z,2
81172,848,2025-07-24T16:00:00.0000000Z,2499,1271,4,3,H,0.461573,0.251668,0.286758,H,1,0.773115,0.435471,formax-outcome-4.0,6d861e191d14ee4741a5969b1d2ffbfc,2025-07-24T16:00:00.0000000Z,2
88132,3,2025-07-24T18:00:00.0000000Z,3705,3255,1,0,H,0.519809,0.244551,0.235641,H,1,0.654295,0.345915,formax-outcome-4.0,6d861e191d14ee4741a5969b1d2ffbfc,2025-07-24T18:00:00.0000000Z,2
84074,2,2025-07-30T18:30:00.0000000Z,3303,2056,0,1,A,0.393012,0.246434,0.360554,H,0,1.020113,0.624079,formax-outcome-4.0,6d861e191d14ee4741a5969b1d2ffbfc,2025-07-30T18:30:00.0000000Z,2
36021,2,2025-07-30T18:45:00.0000000Z,1810,2551,1,1,D,0.527440,0.236052,0.236507,H,0,1.443701,0.917745,formax-outcome-4.0,6d861e191d14ee4741a5969b1d2ffbfc,2025-07-30T18:45:00.0000000Z,2
81171,848,2025-07-31T16:45:00.0000000Z,1271,2499,5,0,H,0.488771,0.241040,0.270188,H,1,0.715860,0.392457,formax-outcome-4.0,6d861e191d14ee4741a5969b1d2ffbfc,2025-07-31T16:45:00.0000000Z,2
88130,3,2025-07-31T17:00:00.0000000Z,3255,3705,2,1,H,0.498516,0.250505,0.250979,H,1,0.696121,0.377230,formax-outcome-4.0,6d861e191d14ee4741a5969b1d2ffbfc,2025-07-31T17:00:00.0000000Z,2
104718,3,2025-07-31T19:00:00.0000000Z,4680,1636,2,1,H,0.661511,0.196514,0.141975,H,1,0.413228,0.173349,formax-outcome-4.0,6d861e191d14ee4741a5969b1d2ffbfc,2025-07-31T19:00:00.0000000Z,2
69675,2,2025-08-05T17:00:00.0000000Z,2682,2667,0,0,D,0.475936,0.256395,0.267669,H,0,1.361036,0.851110,formax-outcome-4.0,6d861e191d14ee4741a5969b1d2ffbfc,2025-08-05T17:00:00.0000000Z,2
87836,2,2025-08-05T18:45:00.0000000Z,2750,1631,3,0,H,0.635451,0.204772,0.159777,H,1,0.453421,0.200357,formax-outcome-4.0,6d861e191d14ee4741a5969b1d2ffbfc,2025-08-05T18:45:00.0000000Z,2
81853,2,2025-08-06T17:00:00.0000000Z,1810,1782,0,1,A,0.318633,0.260860,0.420508,A,1,0.866292,0.505386,formax-outcome-4.0,6d861e191d14ee4741a5969b1d2ffbfc,2025-08-06T17:00:00.0000000Z,2
42805,2,2025-08-06T19:00:00.0000000Z,2516,3588,2,1,H,0.427307,0.259275,0.313418,H,1,0.850253,0.493432,formax-outcome-4.0,6d861e191d14ee4741a5969b1d2ffbfc,2025-08-06T19:00:00.0000000Z,2
88383,2,2025-08-06T19:00:00.0000000Z,3851,3711,0,2,A,0.361120,0.261071,0.377809,A,1,0.973366,0.585687,formax-outcome-4.0,6d861e191d14ee4741a5969b1d2ffbfc,2025-08-06T19:00:00.0000000Z,2
81935,848,2025-08-07T16:00:00.0000000Z,3257,2496,0,0,D,0.355222,0.261531,0.383247,A,0,1.341203,0.818398,formax-outcome-4.0,6d861e191d14ee4741a5969b1d2ffbfc,2025-08-07T16:00:00.0000000Z,2
83579,3,2025-08-07T16:00:00.0000000Z,3258,2519,1,3,A,0.402668,0.268885,0.328447,H,0,1.113380,0.685424,formax-outcome-4.0,6d861e191d14ee4741a5969b1d2ffbfc,2025-08-07T16:00:00.0000000Z,2
87947,848,2025-08-07T16:30:00.0000000Z,1636,2833,4,3,H,0.526313,0.236746,0.236942,H,1,0.641860,0.336569,formax-outcome-4.0,6d861e191d14ee4741a5969b1d2ffbfc,2025-08-07T16:30:00.0000000Z,2
36019,3,2025-08-07T17:00:00.0000000Z,3255,2551,0,2,A,0.535184,0.239065,0.225751,H,0,1.488323,0.943036,formax-outcome-4.0,6d861e191d14ee4741a5969b1d2ffbfc,2025-08-07T17:00:00.0000000Z,2
87723,848,2025-08-07T17:00:00.0000000Z,3282,1177,0,1,A,0.360417,0.247530,0.392053,A,1,0.936359,0.560772,formax-outcome-4.0,6d861e191d14ee4741a5969b1d2ffbfc,2025-08-07T17:00:00.0000000Z,2
105066,848,2025-08-07T17:00:00.0000000Z,2882,3661,1,3,A,0.512552,0.224041,0.263407,H,0,1.334054,0.855472,formax-outcome-4.0,6d861e191d14ee4741a5969b1d2ffbfc,2025-08-07T17:00:00.0000000Z,2
88077,3,2025-08-07T17:30:00.0000000Z,3690,4759,0,0,D,0.575500,0.228559,0.195941,H,0,1.475962,0.964715,formax-outcome-4.0,6d861e191d14ee4741a5969b1d2ffbfc,2025-08-07T17:30:00.0000000Z,2
42483,848,2025-08-07T18:00:00.0000000Z,2027,3491,4,1,H,0.478600,0.245005,0.276396,H,1,0.736891,0.408280,formax-outcome-4.0,6d861e191d14ee4741a5969b1d2ffbfc,2025-08-07T18:00:00.0000000Z,2
103811,3,2025-08-07T18:30:00.0000000Z,1791,4678,1,3,A,0.259783,0.252538,0.487680,A,1,0.718096,0.393734,formax-outcome-4.0,6d861e191d14ee4741a5969b1d2ffbfc,2025-08-07T18:30:00.0000000Z,2
84362,848,2025-08-07T18:45:00.0000000Z,3586,1780,3,0,H,0.512946,0.242004,0.245049,H,1,0.667584,0.355837,formax-outcome-4.0,6d861e191d14ee4741a5969b1d2ffbfc,2025-08-07T18:45:00.0000000Z,2
70781,848,2025-08-07T19:00:00.0000000Z,3002,1507,2,2,D,0.374658,0.252333,0.373009,H,0,1.377006,0.838510,formax-outcome-4.0,6d861e191d14ee4741a5969b1d2ffbfc,2025-08-07T19:00:00.0000000Z,2
103036,848,2025-08-07T19:00:00.0000000Z,3592,882,0,3,A,0.467265,0.267218,0.265518,H,0,1.326074,0.829206,formax-outcome-4.0,6d861e191d14ee4741a5969b1d2ffbfc,2025-08-07T19:00:00.0000000Z,2
104253,88,2025-08-08T18:00:00.0000000Z,1079,1580,2,2,D,0.363145,0.267427,0.369428,A,0,1.318910,0.805016,formax-outcome-4.0,6d861e191d14ee4741a5969b1d2ffbfc,2025-08-08T18:00:00.0000000Z,2
98894,203,2025-08-08T18:30:00.0000000Z,4926,3309,0,3,A,0.135692,0.186786,0.677522,A,1,0.389314,0.157294,formax-outcome-4.0,6d861e191d14ee4741a5969b1d2ffbfc,2025-08-08T18:30:00.0000000Z,2
98287,40,2025-08-09T11:30:00.0000000Z,5841,1718,0,0,D,0.482818,0.266957,0.250225,H,0,1.320667,0.833077,formax-outcome-4.0,6d861e191d14ee4741a5969b1d2ffbfc,2025-08-09T11:30:00.0000000Z,2
99605,40,2025-08-09T14:00:00.0000000Z,1531,1912,1,0,H,0.456939,0.279562,0.263499,H,1,0.783204,0.442501,formax-outcome-4.0,6d861e191d14ee4741a5969b1d2ffbfc,2025-08-09T14:00:00.0000000Z,2
101695,40,2025-08-09T14:00:00.0000000Z,1502,1499,1,1,D,0.443167,0.273569,0.283264,H,0,1.296200,0.804337,formax-outcome-4.0,6d861e191d14ee4741a5969b1d2ffbfc,2025-08-09T14:00:00.0000000Z,2
102357,40,2025-08-09T14:00:00.0000000Z,4379,1511,1,2,A,0.441120,0.269116,0.289764,H,0,1.238688,0.771445,formax-outcome-4.0,6d861e191d14ee4741a5969b1d2ffbfc,2025-08-09T14:00:00.0000000Z,2
102505,40,2025-08-09T14:00:00.0000000Z,1476,1654,0,1,A,0.388896,0.277006,0.334097,H,0,1.096323,0.671399,formax-outcome-4.0,6d861e191d14ee4741a5969b1d2ffbfc,2025-08-09T14:00:00.0000000Z,2
102573,40,2025-08-09T14:00:00.0000000Z,3483,3380,3,1,H,0.369946,0.292288,0.337766,H,1,0.994399,0.596487,formax-outcome-4.0,6d861e191d14ee4741a5969b1d2ffbfc,2025-08-09T14:00:00.0000000Z,2
102649,40,2025-08-09T14:00:00.0000000Z,4380,3467,1,0,H,0.439740,0.274024,0.286236,H,1,0.821572,0.470912,formax-outcome-4.0,6d861e191d14ee4741a5969b1d2ffbfc,2025-08-09T14:00:00.0000000Z,2
38714,88,2025-08-09T14:30:00.0000000Z,1080,4124,5,0,H,0.432091,0.242634,0.325276,H,1,0.839120,0.487196,formax-outcome-4.0,6d861e191d14ee4741a5969b1d2ffbfc,2025-08-09T14:30:00.0000000Z,2
103006,40,2025-08-09T16:30:00.0000000Z,1460,1053,1,4,A,0.592209,0.239023,0.168768,H,0,1.779230,1.098790,formax-outcome-4.0,6d861e191d14ee4741a5969b1d2ffbfc,2025-08-09T16:30:00.0000000Z,2
104613,88,2025-08-09T16:45:00.0000000Z,2516,1378,2,0,H,0.778679,0.141329,0.079992,H,1,0.250156,0.075355,formax-outcome-4.0,6d861e191d14ee4741a5969b1d2ffbfc,2025-08-09T16:45:00.0000000Z,2
104785,88,2025-08-09T18:00:00.0000000Z,990,4677,1,1,D,0.455088,0.253974,0.290938,H,0,1.370523,0.848304,formax-outcome-4.0,6d861e191d14ee4741a5969b1d2ffbfc,2025-08-09T18:00:00.0000000Z,2
103509,203,2025-08-09T18:30:00.0000000Z,5867,4226,2,1,H,0.292229,0.240945,0.466826,A,0,1.230217,0.776921,formax-outcome-4.0,6d861e191d14ee4741a5969b1d2ffbfc,2025-08-09T18:30:00.0000000Z,2
97514,88,2025-08-09T19:00:00.0000000Z,1775,1162,6,1,H,0.724118,0.165099,0.110783,H,1,0.322801,0.115641,formax-outcome-4.0,6d861e191d14ee4741a5969b1d2ffbfc,2025-08-09T19:00:00.0000000Z,2
83349,88,2025-08-10T10:15:00.0000000Z,2612,3707,1,0,H,0.457195,0.242988,0.299817,H,1,0.782645,0.443571,formax-outcome-4.0,6d861e191d14ee4741a5969b1d2ffbfc,2025-08-10T10:15:00.0000000Z,2
88196,88,2025-08-10T12:30:00.0000000Z,2530,3539,2,0,H,0.471091,0.253228,0.275681,H,1,0.752705,0.419870,formax-outcome-4.0,6d861e191d14ee4741a5969b1d2ffbfc,2025-08-10T12:30:00.0000000Z,2
103753,88,2025-08-10T12:30:00.0000000Z,1271,1301,4,1,H,0.773853,0.142367,0.083781,H,1,0.256374,0.078430,formax-outcome-4.0,6d861e191d14ee4741a5969b1d2ffbfc,2025-08-10T12:30:00.0000000Z,2
103810,88,2025-08-10T14:45:00.0000000Z,4678,4157,4,0,H,0.820274,0.117244,0.062482,H,1,0.198117,0.049952,formax-outcome-4.0,6d861e191d14ee4741a5969b1d2ffbfc,2025-08-10T14:45:00.0000000Z,2
107519,40,2025-08-10T15:30:00.0000000Z,1910,4169,2,1,H,0.263375,0.274115,0.462510,A,0,1.334178,0.831672,formax-outcome-4.0,6d861e191d14ee4741a5969b1d2ffbfc,2025-08-10T15:30:00.0000000Z,2
103436,203,2025-08-10T16:00:00.0000000Z,1845,2549,0,3,A,0.427150,0.242181,0.330669,H,0,1.106637,0.689113,formax-outcome-4.0,6d861e191d14ee4741a5969b1d2ffbfc,2025-08-10T16:00:00.0000000Z,2
103366,203,2025-08-10T18:30:00.0000000Z,6991,1717,1,4,A,0.423904,0.259696,0.316400,H,0,1.150747,0.714445,formax-outcome-4.0,6d861e191d14ee4741a5969b1d2ffbfc,2025-08-10T18:30:00.0000000Z,2
103584,203,2025-08-11T18:30:00.0000000Z,5068,6988,1,0,H,0.448878,0.247981,0.303142,H,1,0.801005,0.457125,formax-outcome-4.0,6d861e191d14ee4741a5969b1d2ffbfc,2025-08-11T18:30:00.0000000Z,2
42804,2,2025-08-12T17:00:00.0000000Z,3588,2516,5,2,H,0.484708,0.250116,0.265176,H,1,0.724208,0.398402,formax-outcome-4.0,6d861e191d14ee4741a5969b1d2ffbfc,2025-08-12T17:00:00.0000000Z,2
69673,2,2025-08-12T17:00:00.0000000Z,2667,2682,5,0,H,0.474327,0.266283,0.259390,H,1,0.745858,0.414521,formax-outcome-4.0,6d861e191d14ee4741a5969b1d2ffbfc,2025-08-12T17:00:00.0000000Z,2
87834,2,2025-08-12T17:00:00.0000000Z,1631,2750,2,1,H,0.307508,0.257881,0.434611,A,0,1.179254,0.734935,formax-outcome-4.0,6d861e191d14ee4741a5969b1d2ffbfc,2025-08-12T17:00:00.0000000Z,2
81851,2,2025-08-12T17:30:00.0000000Z,1782,1810,3,2,H,0.634962,0.207890,0.157148,H,1,0.454190,0.201166,formax-outcome-4.0,6d861e191d14ee4741a5969b1d2ffbfc,2025-08-12T17:30:00.0000000Z,2
88382,2,2025-08-12T19:00:00.0000000Z,3711,3851,2,0,H,0.695732,0.180891,0.123377,H,1,0.362791,0.140522,formax-outcome-4.0,6d861e191d14ee4741a5969b1d2ffbfc,2025-08-12T19:00:00.0000000Z,2
105065,848,2025-08-13T16:00:00.0000000Z,3661,2882,1,1,D,0.529027,0.222765,0.248208,H,0,1.501637,0.945571,formax-outcome-4.0,6d861e191d14ee4741a5969b1d2ffbfc,2025-08-13T16:00:00.0000000Z,2
42482,848,2025-08-14T16:00:00.0000000Z,3491,2027,1,2,A,0.417490,0.253128,0.329382,H,0,1.110537,0.688100,formax-outcome-4.0,6d861e191d14ee4741a5969b1d2ffbfc,2025-08-14T16:00:00.0000000Z,2
83577,3,2025-08-14T16:00:00.0000000Z,2519,3258,2,0,H,0.577385,0.231003,0.191612,H,1,0.549246,0.268681,formax-outcome-4.0,6d861e191d14ee4741a5969b1d2ffbfc,2025-08-14T16:00:00.0000000Z,2
36018,3,2025-08-14T17:00:00.0000000Z,2551,3255,0,1,A,0.468403,0.258814,0.272783,H,0,1.299077,0.815230,formax-outcome-4.0,6d861e191d14ee4741a5969b1d2ffbfc,2025-08-14T17:00:00.0000000Z,2
81933,848,2025-08-14T17:00:00.0000000Z,2496,3257,0,1,A,0.600103,0.226254,0.173642,H,0,1.750758,1.094182,formax-outcome-4.0,6d861e191d14ee4741a5969b1d2ffbfc,2025-08-14T17:00:00.0000000Z,2
87536,848,2025-08-14T17:00:00.0000000Z,2648,3256,2,0,H,0.187054,0.217141,0.595805,A,0,1.676357,1.063015,formax-outcome-4.0,6d861e191d14ee4741a5969b1d2ffbfc,2025-08-14T17:00:00.0000000Z,2
88076,3,2025-08-14T17:00:00.0000000Z,4759,3690,0,1,A,0.401480,0.272663,0.325858,H,0,1.121294,0.689999,formax-outcome-4.0,6d861e191d14ee4741a5969b1d2ffbfc,2025-08-14T17:00:00.0000000Z,2
84360,848,2025-08-14T17:30:00.0000000Z,1780,3586,4,0,H,0.440748,0.253990,0.305263,H,1,0.819283,0.470459,formax-outcome-4.0,6d861e191d14ee4741a5969b1d2ffbfc,2025-08-14T17:30:00.0000000Z,2
103809,3,2025-08-14T18:00:00.0000000Z,4678,1791,2,1,H,0.699764,0.182144,0.118091,H,1,0.357011,0.137263,formax-outcome-4.0,6d861e191d14ee4741a5969b1d2ffbfc,2025-08-14T18:00:00.0000000Z,2
87721,848,2025-08-14T18:15:00.0000000Z,1177,3282,2,2,D,0.650926,0.194147,0.154927,H,0,1.639139,1.097106,formax-outcome-4.0,6d861e191d14ee4741a5969b1d2ffbfc,2025-08-14T18:15:00.0000000Z,2
70780,848,2025-08-14T18:45:00.0000000Z,1507,3002,2,2,D,0.592859,0.211363,0.195778,H,0,1.554179,1.011760,formax-outcome-4.0,6d861e191d14ee4741a5969b1d2ffbfc,2025-08-14T18:45:00.0000000Z,2
87945,848,2025-08-14T19:00:00.0000000Z,2833,1636,1,1,D,0.437691,0.239661,0.322647,H,0,1.428528,0.873790,formax-outcome-4.0,6d861e191d14ee4741a5969b1d2ffbfc,2025-08-14T19:00:00.0000000Z,2
103035,848,2025-08-14T19:00:00.0000000Z,882,3592,0,0,D,0.544556,0.243800,0.211645,H,0,1.411408,0.913173,formax-outcome-4.0,6d861e191d14ee4741a5969b1d2ffbfc,2025-08-14T19:00:00.0000000Z,2
104351,140,2025-08-15T17:00:00.0000000Z,758,2517,1,3,A,0.308905,0.285293,0.405802,A,1,0.901891,0.529886,formax-outcome-4.0,6d861e191d14ee4741a5969b1d2ffbfc,2025-08-15T17:00:00.0000000Z,2
97882,88,2025-08-15T18:00:00.0000000Z,3539,2612,0,2,A,0.691134,0.186047,0.122819,H,0,2.097040,1.281725,formax-outcome-4.0,6d861e191d14ee4741a5969b1d2ffbfc,2025-08-15T18:00:00.0000000Z,2
98893,203,2025-08-15T18:30:00.0000000Z,3309,6019,3,0,H,0.715975,0.161545,0.122481,H,1,0.334111,0.121769,formax-outcome-4.0,6d861e191d14ee4741a5969b1d2ffbfc,2025-08-15T18:30:00.0000000Z,2
106177,61,2025-08-15T18:45:00.0000000Z,1781,5071,1,0,H,0.352504,0.237128,0.410368,A,0,1.042694,0.643883,formax-outcome-4.0,6d861e191d14ee4741a5969b1d2ffbfc,2025-08-15T18:45:00.0000000Z,2
107197,39,2025-08-15T19:00:00.0000000Z,2208,3646,4,2,H,0.439563,0.268937,0.291500,H,1,0.821974,0.471389,formax-outcome-4.0,6d861e191d14ee4741a5969b1d2ffbfc,2025-08-15T19:00:00.0000000Z,2
104832,140,2025-08-15T19:30:00.0000000Z,1776,1944,2,0,H,0.487792,0.248641,0.263567,H,1,0.717866,0.393647,formax-outcome-4.0,6d861e191d14ee4741a5969b1d2ffbfc,2025-08-15T19:30:00.0000000Z,2
71126,39,2025-08-16T11:30:00.0000000Z,2109,1013,0,0,D,0.374677,0.268169,0.357154,H,0,1.316139,0.803519,formax-outcome-4.0,6d861e191d14ee4741a5969b1d2ffbfc,2025-08-16T11:30:00.0000000Z,2
98285,40,2025-08-16T11:30:00.0000000Z,3380,5841,3,5,A,0.375880,0.283800,0.340320,H,0,1.077868,0.657005,formax-outcome-4.0,6d861e191d14ee4741a5969b1d2ffbfc,2025-08-16T11:30:00.0000000Z,2
102504,40,2025-08-16T11:30:00.0000000Z,1654,4379,1,2,A,0.486470,0.249054,0.264477,H,0,1.330003,0.839675,formax-outcome-4.0,6d861e191d14ee4741a5969b1d2ffbfc,2025-08-16T11:30:00.0000000Z,2
101694,40,2025-08-16T14:00:00.0000000Z,1499,1910,2,1,H,0.166944,0.235333,0.597723,A,0,1.790094,1.106635,formax-outcome-4.0,6d861e191d14ee4741a5969b1d2ffbfc,2025-08-16T14:00:00.0000000Z,2
102270,40,2025-08-16T14:00:00.0000000Z,1253,1502,2,1,H,0.369026,0.271675,0.359299,H,1,0.996887,0.601030,formax-outcome-4.0,6d861e191d14ee4741a5969b1d2ffbfc,2025-08-16T14:00:00.0000000Z,2
102356,40,2025-08-16T14:00:00.0000000Z,1511,4380,0,3,A,0.408760,0.278848,0.312392,H,0,1.163496,0.717645,formax-outcome-4.0,6d861e191d14ee4741a5969b1d2ffbfc,2025-08-16T14:00:00.0000000Z,2
102648,40,2025-08-16T14:00:00.0000000Z,3467,1460,1,0,H,0.314886,0.267294,0.417821,A,0,1.155545,0.715401,formax-outcome-4.0,6d861e191d14ee4741a5969b1d2ffbfc,2025-08-16T14:00:00.0000000Z,2
102709,40,2025-08-16T14:00:00.0000000Z,4169,3483,0,3,A,0.459675,0.257921,0.282404,H,0,1.264415,0.792768,formax-outcome-4.0,6d861e191d14ee4741a5969b1d2ffbfc,2025-08-16T14:00:00.0000000Z,2
104963,39,2025-08-16T14:00:00.0000000Z,2355,2531,3,0,H,0.126698,0.210057,0.663245,A,0,2.065946,1.246673,formax-outcome-4.0,6d861e191d14ee4741a5969b1d2ffbfc,2025-08-16T14:00:00.0000000Z,2
105013,39,2025-08-16T14:00:00.0000000Z,2209,2751,3,0,H,0.441772,0.279390,0.278838,H,1,0.816960,0.467427,formax-outcome-4.0,6d861e191d14ee4741a5969b1d2ffbfc,2025-08-16T14:00:00.0000000Z,2
105939,39,2025-08-16T14:00:00.0000000Z,873,4928,1,1,D,0.483852,0.251902,0.264246,H,0,1.378714,0.863589,formax-outcome-4.0,6d861e191d14ee4741a5969b1d2ffbfc,2025-08-16T14:00:00.0000000Z,2
53926,61,2025-08-16T15:00:00.0000000Z,886,3589,0,1,A,0.343422,0.250216,0.406363,A,1,0.900509,0.532952,formax-outcome-4.0,6d861e191d14ee4741a5969b1d2ffbfc,2025-08-16T15:00:00.0000000Z,2
105133,203,2025-08-16T16:00:00.0000000Z,6988,1176,0,1,A,0.199423,0.220704,0.579874,A,1,0.544945,0.264986,formax-outcome-4.0,6d861e191d14ee4741a5969b1d2ffbfc,2025-08-16T16:00:00.0000000Z,2
99492,39,2025-08-16T16:30:00.0000000Z,1829,4166,0,4,A,0.278613,0.267128,0.454258,A,1,0.789089,0.446817,formax-outcome-4.0,6d861e191d14ee4741a5969b1d2ffbfc,2025-08-16T16:30:00.0000000Z,2
104069,88,2025-08-16T16:45:00.0000000Z,4124,2516,1,2,A,0.404882,0.237451,0.357667,H,0,1.028154,0.632905,formax-outcome-4.0,6d861e191d14ee4741a5969b1d2ffbfc,2025-08-16T16:45:00.0000000Z,2
98375,61,2025-08-16T17:00:00.0000000Z,2085,1823,3,1,H,0.667832,0.188645,0.143523,H,1,0.403719,0.166522,formax-outcome-4.0,6d861e191d14ee4741a5969b1d2ffbfc,2025-08-16T17:00:00.0000000Z,2
107445,140,2025-08-16T17:30:00.0000000Z,1925,4005,0,3,A,0.161766,0.220558,0.617676,A,1,0.481792,0.220986,formax-outcome-4.0,6d861e191d14ee4741a5969b1d2ffbfc,2025-08-16T17:30:00.0000000Z,2
38713,88,2025-08-16T18:00:00.0000000Z,4157,1080,1,4,A,0.322282,0.250880,0.426838,A,1,0.851351,0.495321,formax-outcome-4.0,6d861e191d14ee4741a5969b1d2ffbfc,2025-08-16T18:00:00.0000000Z,2
42803,203,2025-08-16T18:30:00.0000000Z,2549,3588,0,0,D,0.240566,0.221182,0.538252,A,0,1.508767,0.954144,formax-outcome-4.0,6d861e191d14ee4741a5969b1d2ffbfc,2025-08-16T18:30:00.0000000Z,2
103435,203,2025-08-16T18:30:00.0000000Z,6847,1845,0,0,D,0.434915,0.249543,0.315543,H,0,1.388125,0.851904,formax-outcome-4.0,6d861e191d14ee4741a5969b1d2ffbfc,2025-08-16T18:30:00.0000000Z,2
104478,88,2025-08-16T19:00:00.0000000Z,1301,990,2,1,H,0.507045,0.243926,0.249028,H,1,0.679155,0.364519,formax-outcome-4.0,6d861e191d14ee4741a5969b1d2ffbfc,2025-08-16T19:00:00.0000000Z,2
106858,61,2025-08-16T19:05:00.0000000Z,3851,1872,0,1,A,0.519187,0.242546,0.238267,H,0,1.434362,0.908620,formax-outcome-4.0,6d861e191d14ee4741a5969b1d2ffbfc,2025-08-16T19:05:00.0000000Z,2
101779,140,2025-08-16T19:30:00.0000000Z,2030,1830,1,1,D,0.436223,0.272829,0.290948,H,0,1.298909,0.803718,formax-outcome-4.0,6d861e191d14ee4741a5969b1d2ffbfc,2025-08-16T19:30:00.0000000Z,2
103892,140,2025-08-16T19:30:00.0000000Z,759,2383,2,1,H,0.350950,0.285876,0.363174,A,0,1.047110,0.634885,formax-outcome-4.0,6d861e191d14ee4741a5969b1d2ffbfc,2025-08-16T19:30:00.0000000Z,2
88195,88,2025-08-17T10:15:00.0000000Z,1580,2530,2,2,D,0.395423,0.254220,0.350357,H,0,1.369554,0.835297,formax-outcome-4.0,6d861e191d14ee4741a5969b1d2ffbfc,2025-08-17T10:15:00.0000000Z,2
104692,40,2025-08-17T11:00:00.0000000Z,3598,4290,1,1,D,0.423982,0.270110,0.305909,H,0,1.308928,0.806081,formax-outcome-4.0,6d861e191d14ee4741a5969b1d2ffbfc,2025-08-17T11:00:00.0000000Z,2
83348,88,2025-08-17T12:30:00.0000000Z,3707,1775,0,2,A,0.240365,0.207449,0.552186,A,1,0.593870,0.301348,formax-outcome-4.0,6d861e191d14ee4741a5969b1d2ffbfc,2025-08-17T12:30:00.0000000Z,2
97513,88,2025-08-17T12:30:00.0000000Z,1162,4678,2,1,H,0.329224,0.255353,0.415424,A,0,1.111018,0.687723,formax-outcome-4.0,6d861e191d14ee4741a5969b1d2ffbfc,2025-08-17T12:30:00.0000000Z,2
101850,39,2025-08-17T13:00:00.0000000Z,3373,1486,0,0,D,0.533656,0.251408,0.214936,H,0,1.380680,0.891377,formax-outcome-4.0,6d861e191d14ee4741a5969b1d2ffbfc,2025-08-17T13:00:00.0000000Z,2
102874,61,2025-08-17T13:00:00.0000000Z,4558,4470,3,3,D,0.269684,0.249279,0.481037,A,0,1.389184,0.867709,formax-outcome-4.0,6d861e191d14ee4741a5969b1d2ffbfc,2025-08-17T13:00:00.0000000Z,2
102948,39,2025-08-17T13:00:00.0000000Z,2480,5807,3,1,H,0.384692,0.270951,0.344357,H,1,0.955312,0.570600,formax-outcome-4.0,6d861e191d14ee4741a5969b1d2ffbfc,2025-08-17T13:00:00.0000000Z,2
106248,40,2025-08-17T14:00:00.0000000Z,1718,1476,3,2,H,0.418098,0.290497,0.291405,H,1,0.872040,0.507915,formax-outcome-4.0,6d861e191d14ee4741a5969b1d2ffbfc,2025-08-17T14:00:00.0000000Z,2
103752,88,2025-08-17T14:45:00.0000000Z,4677,1271,2,2,D,0.296943,0.240743,0.462314,A,0,1.424027,0.878382,formax-outcome-4.0,6d861e191d14ee4741a5969b1d2ffbfc,2025-08-17T14:45:00.0000000Z,2
103963,140,2025-08-17T15:00:00.0000000Z,1904,1914,0,2,A,0.475114,0.267666,0.257220,H,0,1.357823,0.849100,formax-outcome-4.0,6d861e191d14ee4741a5969b1d2ffbfc,2025-08-17T15:00:00.0000000Z,2
60462,61,2025-08-17T15:15:00.0000000Z,1815,1666,1,0,H,0.518752,0.232845,0.248404,H,1,0.656330,0.347521,formax-outcome-4.0,6d861e191d14ee4741a5969b1d2ffbfc,2025-08-17T15:15:00.0000000Z,2
60913,61,2025-08-17T15:15:00.0000000Z,1257,4292,1,0,H,0.244015,0.249065,0.506920,A,0,1.410525,0.890515,formax-outcome-4.0,6d861e191d14ee4741a5969b1d2ffbfc,2025-08-17T15:15:00.0000000Z,2
104899,61,2025-08-17T15:15:00.0000000Z,1078,1911,0,1,A,0.401523,0.253702,0.344775,H,0,1.064863,0.654905,formax-outcome-4.0,6d861e191d14ee4741a5969b1d2ffbfc,2025-08-17T15:15:00.0000000Z,2
103115,39,2025-08-17T15:30:00.0000000Z,4266,4559,0,1,A,0.310436,0.275597,0.413967,A,1,0.881970,0.515760,formax-outcome-4.0,6d861e191d14ee4741a5969b1d2ffbfc,2025-08-17T15:30:00.0000000Z,2
103365,203,2025-08-17T16:00:00.0000000Z,1717,4926,3,0,H,0.474949,0.261303,0.263748,H,1,0.744547,0.413520,formax-outcome-4.0,6d861e191d14ee4741a5969b1d2ffbfc,2025-08-17T16:00:00.0000000Z,2
104421,140,2025-08-17T17:30:00.0000000Z,1906,3049,3,2,H,0.523961,0.266742,0.209298,H,1,0.646338,0.341570,formax-outcome-4.0,6d861e191d14ee4741a5969b1d2ffbfc,2025-08-17T17:30:00.0000000Z,2
104252,88,2025-08-17T18:00:00.0000000Z,1378,1079,2,1,H,0.483903,0.259187,0.256909,H,1,0.725870,0.399536,formax-outcome-4.0,6d861e191d14ee4741a5969b1d2ffbfc,2025-08-17T18:00:00.0000000Z,2
82501,203,2025-08-17T18:30:00.0000000Z,3673,6991,2,1,H,0.602699,0.218625,0.178676,H,1,0.506337,0.237570,formax-outcome-4.0,6d861e191d14ee4741a5969b1d2ffbfc,2025-08-17T18:30:00.0000000Z,2
105064,203,2025-08-17T18:30:00.0000000Z,3661,6025,1,1,D,0.551640,0.233800,0.214560,H,0,1.453290,0.937406,formax-outcome-4.0,6d861e191d14ee4741a5969b1d2ffbfc,2025-08-17T18:30:00.0000000Z,2
107430,61,2025-08-17T18:45:00.0000000Z,1668,5284,0,1,A,0.106078,0.175613,0.718309,A,1,0.330855,0.121442,formax-outcome-4.0,6d861e191d14ee4741a5969b1d2ffbfc,2025-08-17T18:45:00.0000000Z,2
105280,140,2025-08-17T19:30:00.0000000Z,762,4267,2,1,H,0.183678,0.238665,0.577657,A,0,1.694573,1.057031,formax-outcome-4.0,6d861e191d14ee4741a5969b1d2ffbfc,2025-08-17T19:30:00.0000000Z,2
103508,203,2025-08-18T18:30:00.0000000Z,4226,5068,0,1,A,0.363014,0.255575,0.381411,A,1,0.963878,0.579750,formax-outcome-4.0,6d861e191d14ee4741a5969b1d2ffbfc,2025-08-18T18:30:00.0000000Z,2
71218,39,2025-08-18T19:00:00.0000000Z,2269,1482,1,0,H,0.720046,0.181953,0.098002,H,1,0.328441,0.121086,formax-outcome-4.0,6d861e191d14ee4741a5969b1d2ffbfc,2025-08-18T19:00:00.0000000Z,2
105764,140,2025-08-18T19:00:00.0000000Z,3447,2033,1,1,D,0.311676,0.264016,0.424308,A,0,1.331744,0.818851,formax-outcome-4.0,6d861e191d14ee4741a5969b1d2ffbfc,2025-08-18T19:00:00.0000000Z,2
87833,2,2025-08-19T19:00:00.0000000Z,2750,1782,1,3,A,0.600294,0.221167,0.178538,H,0,1.722953,1.084068,formax-outcome-4.0,6d861e191d14ee4741a5969b1d2ffbfc,2025-08-19T19:00:00.0000000Z,2
105627,140,2025-08-19T19:00:00.0000000Z,4521,3599,1,0,H,0.583953,0.231127,0.184920,H,1,0.537934,0.260710,formax-outcome-4.0,6d861e191d14ee4741a5969b1d2ffbfc,2025-08-19T19:00:00.0000000Z,2
42692,2,2025-08-20T19:00:00.0000000Z,2705,3477,5,0,H,0.571320,0.227191,0.201489,H,1,0.559806,0.275981,formax-outcome-4.0,6d861e191d14ee4741a5969b1d2ffbfc,2025-08-20T19:00:00.0000000Z,2
42802,2,2025-08-20T19:00:00.0000000Z,3588,3711,0,0,D,0.370481,0.251062,0.378457,A,0,1.382055,0.841394,formax-outcome-4.0,6d861e191d14ee4741a5969b1d2ffbfc,2025-08-20T19:00:00.0000000Z,2
69671,2,2025-08-20T19:00:00.0000000Z,1792,2667,1,1,D,0.243944,0.244653,0.511402,A,0,1.407914,0.891590,formax-outcome-4.0,6d861e191d14ee4741a5969b1d2ffbfc,2025-08-20T19:00:00.0000000Z,2
103031,2,2025-08-20T19:00:00.0000000Z,1487,2657,0,0,D,0.700609,0.179251,0.120140,H,0,1.718969,1.178916,formax-outcome-4.0,6d861e191d14ee4741a5969b1d2ffbfc,2025-08-20T19:00:00.0000000Z,2
83214,3,2025-08-21T16:30:00.0000000Z,2519,1345,4,0,H,0.591118,0.235714,0.173167,H,1,0.525739,0.252732,formax-outcome-4.0,6d861e191d14ee4741a5969b1d2ffbfc,2025-08-21T16:30:00.0000000Z,2
70778,848,2025-08-21T17:00:00.0000000Z,2648,3002,2,1,H,0.589546,0.214874,0.195579,H,1,0.528402,0.252895,formax-outcome-4.0,6d861e191d14ee4741a5969b1d2ffbfc,2025-08-21T17:00:00.0000000Z,2
103241,3,2025-08-21T17:00:00.0000000Z,2682,2797,3,0,H,0.508452,0.255755,0.235794,H,1,0.676385,0.362629,formax-outcome-4.0,6d861e191d14ee4741a5969b1d2ffbfc,2025-08-21T17:00:00.0000000Z,2
39119,3,2025-08-21T18:00:00.0000000Z,3702,1176,2,1,H,0.470310,0.282193,0.247497,H,1,0.754362,0.421459,formax-outcome-4.0,6d861e191d14ee4741a5969b1d2ffbfc,2025-08-21T18:00:00.0000000Z,2
73222,848,2025-08-21T18:00:00.0000000Z,3705,2613,1,1,D,0.552125,0.227449,0.220426,H,0,1.480829,0.950265,formax-outcome-4.0,6d861e191d14ee4741a5969b1d2ffbfc,2025-08-21T18:00:00.0000000Z,2
104350,848,2025-08-21T18:00:00.0000000Z,2787,2517,0,1,A,0.288748,0.249488,0.461764,A,1,0.772701,0.435318,formax-outcome-4.0,6d861e191d14ee4741a5969b1d2ffbfc,2025-08-21T18:00:00.0000000Z,2
104898,848,2025-08-21T18:00:00.0000000Z,1911,1780,0,0,D,0.645499,0.198762,0.155739,H,0,1.615648,1.082906,formax-outcome-4.0,6d861e191d14ee4741a5969b1d2ffbfc,2025-08-21T18:00:00.0000000Z,2
82500,848,2025-08-21T18:15:00.0000000Z,1789,3673,1,1,D,0.300617,0.248635,0.450748,A,0,1.391770,0.858094,formax-outcome-4.0,6d861e191d14ee4741a5969b1d2ffbfc,2025-08-21T18:15:00.0000000Z,2
84072,3,2025-08-21T18:30:00.0000000Z,2056,4206,1,5,A,0.536964,0.243966,0.219070,H,0,1.518363,0.957701,formax-outcome-4.0,6d861e191d14ee4741a5969b1d2ffbfc,2025-08-21T18:30:00.0000000Z,2
82038,848,2025-08-21T19:00:00.0000000Z,2576,3968,1,0,H,0.611034,0.220957,0.168010,H,1,0.492603,0.228344,formax-outcome-4.0,6d861e191d14ee4741a5969b1d2ffbfc,2025-08-21T19:00:00.0000000Z,2
87062,848,2025-08-21T19:00:00.0000000Z,3712,4680,1,2,A,0.507738,0.237754,0.254508,H,0,1.368423,0.870083,formax-outcome-4.0,6d861e191d14ee4741a5969b1d2ffbfc,2025-08-21T19:00:00.0000000Z,2
106330,848,2025-08-21T19:00:00.0000000Z,1486,3258,1,0,H,0.786861,0.135932,0.077207,H,1,0.239704,0.069867,formax-outcome-4.0,6d861e191d14ee4741a5969b1d2ffbfc,2025-08-21T19:00:00.0000000Z,2
101901,78,2025-08-22T18:30:00.0000000Z,1328,821,6,0,H,0.708350,0.167324,0.124326,H,1,0.344816,0.128514,formax-outcome-4.0,6d861e191d14ee4741a5969b1d2ffbfc,2025-08-22T18:30:00.0000000Z,2
105698,203,2025-08-22T18:30:00.0000000Z,6019,2549,0,2,A,0.155053,0.208836,0.636112,A,1,0.452381,0.200068,formax-outcome-4.0,6d861e191d14ee4741a5969b1d2ffbfc,2025-08-22T18:30:00.0000000Z,2
103283,61,2025-08-22T18:45:00.0000000Z,5284,1257,1,0,H,0.816883,0.127045,0.056071,H,1,0.202259,0.052816,formax-outcome-4.0,6d861e191d14ee4741a5969b1d2ffbfc,2025-08-22T18:45:00.0000000Z,2
101849,39,2025-08-22T19:00:00.0000000Z,2751,3373,1,5,A,0.211641,0.265376,0.522982,A,1,0.648208,0.342762,formax-outcome-4.0,6d861e191d14ee4741a5969b1d2ffbfc,2025-08-22T19:00:00.0000000Z,2
102572,40,2025-08-22T19:00:00.0000000Z,3380,1053,1,1,D,0.323713,0.266769,0.409518,A,0,1.321372,0.810123,formax-outcome-4.0,6d861e191d14ee4741a5969b1d2ffbfc,2025-08-22T19:00:00.0000000Z,2
103891,140,2025-08-22T19:30:00.0000000Z,2033,759,1,0,H,0.473222,0.269636,0.257142,H,1,0.748190,0.416320,formax-outcome-4.0,6d861e191d14ee4741a5969b1d2ffbfc,2025-08-22T19:30:00.0000000Z,2
99602,40,2025-08-23T11:30:00.0000000Z,1718,1912,0,3,A,0.397241,0.290051,0.312708,H,0,1.162486,0.714300,formax-outcome-4.0,6d861e191d14ee4741a5969b1d2ffbfc,2025-08-23T11:30:00.0000000Z,2
102647,40,2025-08-23T11:30:00.0000000Z,3467,1253,1,1,D,0.449332,0.271776,0.278891,H,0,1.302777,0.809990,formax-outcome-4.0,6d861e191d14ee4741a5969b1d2ffbfc,2025-08-23T11:30:00.0000000Z,2
104760,39,2025-08-23T11:30:00.0000000Z,4166,2355,0,2,A,0.616578,0.219791,0.163631,H,0,1.810141,1.127990,formax-outcome-4.0,6d861e191d14ee4741a5969b1d2ffbfc,2025-08-23T11:30:00.0000000Z,2
72578,78,2025-08-23T13:30:00.0000000Z,4472,966,4,1,H,0.528927,0.228913,0.242160,H,1,0.636904,0.332952,formax-outcome-4.0,6d861e191d14ee4741a5969b1d2ffbfc,2025-08-23T13:30:00.0000000Z,2
102145,78,2025-08-23T13:30:00.0000000Z,1260,3573,1,2,A,0.576975,0.205871,0.217154,H,0,1.527149,0.988131,formax-outcome-4.0,6d861e191d14ee4741a5969b1d2ffbfc,2025-08-23T13:30:00.0000000Z,2
106078,78,2025-08-23T13:30:00.0000000Z,5685,1109,1,3,A,0.411560,0.255944,0.332496,H,0,1.101129,0.680451,formax-outcome-4.0,6d861e191d14ee4741a5969b1d2ffbfc,2025-08-23T13:30:00.0000000Z,2
107151,78,2025-08-23T13:30:00.0000000Z,4330,5353,1,3,A,0.278435,0.241239,0.480327,A,1,0.733289,0.405782,formax-outcome-4.0,6d861e191d14ee4741a5969b1d2ffbfc,2025-08-23T13:30:00.0000000Z,2
98284,40,2025-08-23T14:00:00.0000000Z,5841,1502,7,1,H,0.455221,0.254309,0.290470,H,1,0.786973,0.445831,formax-outcome-4.0,6d861e191d14ee4741a5969b1d2ffbfc,2025-08-23T14:00:00.0000000Z,2
99491,39,2025-08-23T14:00:00.0000000Z,3646,1829,1,0,H,0.502193,0.259614,0.238193,H,1,0.688771,0.371947,formax-outcome-4.0,6d861e191d14ee4741a5969b1d2ffbfc,2025-08-23T14:00:00.0000000Z,2
101693,40,2025-08-23T14:00:00.0000000Z,1499,3598,1,0,H,0.144944,0.213816,0.641240,A,0,1.931410,1.188028,formax-outcome-4.0,6d861e191d14ee4741a5969b1d2ffbfc,2025-08-23T14:00:00.0000000Z,2
102094,39,2025-08-23T14:00:00.0000000Z,5807,2109,1,0,H,0.323208,0.273344,0.403448,A,0,1.129460,0.695535,formax-outcome-4.0,6d861e191d14ee4741a5969b1d2ffbfc,2025-08-23T14:00:00.0000000Z,2
102355,40,2025-08-23T14:00:00.0000000Z,1460,1511,0,1,A,0.463416,0.273277,0.263307,H,0,1.334434,0.832151,formax-outcome-4.0,6d861e191d14ee4741a5969b1d2ffbfc,2025-08-23T14:00:00.0000000Z,2
102429,40,2025-08-23T14:00:00.0000000Z,1531,1654,1,1,D,0.410222,0.266061,0.323717,H,0,1.324028,0.811740,formax-outcome-4.0,6d861e191d14ee4741a5969b1d2ffbfc,2025-08-23T14:00:00.0000000Z,2
102708,40,2025-08-23T14:00:00.0000000Z,4290,3483,1,2,A,0.644121,0.214718,0.141161,H,0,1.957852,1.198599,formax-outcome-4.0,6d861e191d14ee4741a5969b1d2ffbfc,2025-08-23T14:00:00.0000000Z,2
102763,40,2025-08-23T14:00:00.0000000Z,4379,4380,1,2,A,0.331401,0.259682,0.408918,A,1,0.894241,0.526639,formax-outcome-4.0,6d861e191d14ee4741a5969b1d2ffbfc,2025-08-23T14:00:00.0000000Z,2
104962,39,2025-08-23T14:00:00.0000000Z,2531,2209,2,0,H,0.580262,0.250672,0.169066,H,1,0.544275,0.267600,formax-outcome-4.0,6d861e191d14ee4741a5969b1d2ffbfc,2025-08-23T14:00:00.0000000Z,2
105747,40,2025-08-23T14:00:00.0000000Z,2268,4169,2,2,D,0.434510,0.261348,0.304142,H,0,1.341901,0.826907,formax-outcome-4.0,6d861e191d14ee4741a5969b1d2ffbfc,2025-08-23T14:00:00.0000000Z,2
97512,88,2025-08-23T14:30:00.0000000Z,1580,1162,0,3,A,0.470544,0.247859,0.281597,H,0,1.267280,0.798950,formax-outcome-4.0,6d861e191d14ee4741a5969b1d2ffbfc,2025-08-23T14:30:00.0000000Z,2
60912,61,2025-08-23T15:00:00.0000000Z,5071,4292,5,2,H,0.465126,0.247316,0.287558,H,1,0.765448,0.429946,formax-outcome-4.0,6d861e191d14ee4741a5969b1d2ffbfc,2025-08-23T15:00:00.0000000Z,2
105586,140,2025-08-23T15:00:00.0000000Z,1925,1904,1,1,D,0.308339,0.284705,0.406956,A,0,1.256301,0.772333,formax-outcome-4.0,6d861e191d14ee4741a5969b1d2ffbfc,2025-08-23T15:00:00.0000000Z,2
105800,135,2025-08-23T16:30:00.0000000Z,1649,1584,0,0,D,0.464879,0.285445,0.249676,H,0,1.253706,0.789039,formax-outcome-4.0,6d861e191d14ee4741a5969b1d2ffbfc,2025-08-23T16:30:00.0000000Z,2
106395,39,2025-08-23T16:30:00.0000000Z,4559,2269,5,0,H,0.698846,0.193107,0.108047,H,1,0.358325,0.139659,formax-outcome-4.0,6d861e191d14ee4741a5969b1d2ffbfc,2025-08-23T16:30:00.0000000Z,2
106688,78,2025-08-23T16:30:00.0000000Z,4528,989,3,3,D,0.124582,0.178460,0.696958,A,0,1.723391,1.176199,formax-outcome-4.0,6d861e191d14ee4741a5969b1d2ffbfc,2025-08-23T16:30:00.0000000Z,2
106915,135,2025-08-23T16:30:00.0000000Z,3903,2845,0,2,A,0.198476,0.250162,0.551363,A,1,0.595363,0.303249,formax-outcome-4.0,6d861e191d14ee4741a5969b1d2ffbfc,2025-08-23T16:30:00.0000000Z,2
104022,88,2025-08-23T16:45:00.0000000Z,1775,1301,4,2,H,0.861668,0.090638,0.047694,H,1,0.148886,0.029626,formax-outcome-4.0,6d861e191d14ee4741a5969b1d2ffbfc,2025-08-23T16:45:00.0000000Z,2
60461,61,2025-08-23T17:00:00.0000000Z,3851,1815,3,1,H,0.482702,0.255803,0.261494,H,1,0.728355,0.401411,formax-outcome-4.0,6d861e191d14ee4741a5969b1d2ffbfc,2025-08-23T17:00:00.0000000Z,2
105763,140,2025-08-23T17:30:00.0000000Z,4267,3447,1,1,D,0.788434,0.135138,0.076428,H,0,2.001458,1.375455,formax-outcome-4.0,6d861e191d14ee4741a5969b1d2ffbfc,2025-08-23T17:30:00.0000000Z,2
42801,203,2025-08-23T18:30:00.0000000Z,3588,6988,3,1,H,0.812415,0.116422,0.071163,H,1,0.207744,0.053806,formax-outcome-4.0,6d861e191d14ee4741a5969b1d2ffbfc,2025-08-23T18:30:00.0000000Z,2
104112,203,2025-08-23T18:30:00.0000000Z,4926,6848,2,1,H,0.591496,0.226222,0.182282,H,1,0.525101,0.251279,formax-outcome-4.0,6d861e191d14ee4741a5969b1d2ffbfc,2025-08-23T18:30:00.0000000Z,2
107458,135,2025-08-23T18:45:00.0000000Z,2799,1520,1,0,H,0.461452,0.275256,0.263292,H,1,0.773377,0.435122,formax-outcome-4.0,6d861e191d14ee4741a5969b1d2ffbfc,2025-08-23T18:45:00.0000000Z,2
97881,88,2025-08-23T19:00:00.0000000Z,3539,4677,2,2,D,0.587319,0.218987,0.193695,H,0,1.518743,0.992442,formax-outcome-4.0,6d861e191d14ee4741a5969b1d2ffbfc,2025-08-23T19:00:00.0000000Z,2
53925,61,2025-08-23T19:05:00.0000000Z,3589,1078,3,0,H,0.585627,0.215005,0.199368,H,1,0.535073,0.257680,formax-outcome-4.0,6d861e191d14ee4741a5969b1d2ffbfc,2025-08-23T19:05:00.0000000Z,2
105337,140,2025-08-23T19:30:00.0000000Z,2383,4005,2,3,A,0.088896,0.132855,0.778249,A,1,0.250708,0.074726,formax-outcome-4.0,6d861e191d14ee4741a5969b1d2ffbfc,2025-08-23T19:30:00.0000000Z,2
83347,88,2025-08-24T10:15:00.0000000Z,990,3707,1,2,A,0.398251,0.250286,0.351463,H,0,1.045650,0.641847,formax-outcome-4.0,6d861e191d14ee4741a5969b1d2ffbfc,2025-08-24T10:15:00.0000000Z,2
38712,88,2025-08-24T12:30:00.0000000Z,1080,1378,3,0,H,0.686638,0.181958,0.131404,H,1,0.375948,0.148572,formax-outcome-4.0,6d861e191d14ee4741a5969b1d2ffbfc,2025-08-24T12:30:00.0000000Z,2
103808,88,2025-08-24T12:30:00.0000000Z,4678,4124,4,1,H,0.689022,0.171309,0.139669,H,1,0.372482,0.145561,formax-outcome-4.0,6d861e191d14ee4741a5969b1d2ffbfc,2025-08-24T12:30:00.0000000Z,2
71217,39,2025-08-24T13:00:00.0000000Z,1482,873,2,0,H,0.337018,0.282427,0.380555,A,0,1.087618,0.664131,formax-outcome-4.0,6d861e191d14ee4741a5969b1d2ffbfc,2025-08-24T13:00:00.0000000Z,2
106329,39,2025-08-24T13:00:00.0000000Z,1486,2480,1,1,D,0.385534,0.283450,0.331017,H,0,1.260721,0.771653,formax-outcome-4.0,6d861e191d14ee4741a5969b1d2ffbfc,2025-08-24T13:00:00.0000000Z,2
106819,61,2025-08-24T13:00:00.0000000Z,1666,1781,4,0,H,0.394952,0.254813,0.350235,H,1,0.928990,0.553677,formax-outcome-4.0,6d861e191d14ee4741a5969b1d2ffbfc,2025-08-24T13:00:00.0000000Z,2
88194,88,2025-08-24T14:45:00.0000000Z,2530,4157,2,0,H,0.771300,0.142975,0.085725,H,1,0.259678,0.080094,formax-outcome-4.0,6d861e191d14ee4741a5969b1d2ffbfc,2025-08-24T14:45:00.0000000Z,2
105626,140,2025-08-24T15:00:00.0000000Z,3599,2030,1,0,H,0.411959,0.279909,0.308132,H,1,0.886831,0.519086,formax-outcome-4.0,6d861e191d14ee4741a5969b1d2ffbfc,2025-08-24T15:00:00.0000000Z,2
104897,61,2025-08-24T15:15:00.0000000Z,1911,1668,1,0,H,0.624699,0.223964,0.151337,H,1,0.470485,0.213913,formax-outcome-4.0,6d861e191d14ee4741a5969b1d2ffbfc,2025-08-24T15:15:00.0000000Z,2
106857,61,2025-08-24T15:15:00.0000000Z,1872,4558,2,0,H,0.600021,0.217601,0.182378,H,1,0.510790,0.240595,formax-outcome-4.0,6d861e191d14ee4741a5969b1d2ffbfc,2025-08-24T15:15:00.0000000Z,2
107237,61,2025-08-24T15:15:00.0000000Z,1823,886,1,2,A,0.360527,0.266082,0.373392,A,1,0.985127,0.593417,formax-outcome-4.0,6d861e191d14ee4741a5969b1d2ffbfc,2025-08-24T15:15:00.0000000Z,2
103114,39,2025-08-24T15:30:00.0000000Z,4928,4266,1,1,D,0.398982,0.278634,0.322384,H,0,1.277858,0.783488,formax-outcome-4.0,6d861e191d14ee4741a5969b1d2ffbfc,2025-08-24T15:30:00.0000000Z,2
103583,203,2025-08-24T16:00:00.0000000Z,5068,5867,1,0,H,0.587855,0.237842,0.174303,H,1,0.531275,0.256814,formax-outcome-4.0,6d861e191d14ee4741a5969b1d2ffbfc,2025-08-24T16:00:00.0000000Z,2
105522,135,2025-08-24T16:30:00.0000000Z,5356,2837,2,0,H,0.321958,0.281249,0.396793,A,0,1.133334,0.696286,formax-outcome-4.0,6d861e191d14ee4741a5969b1d2ffbfc,2025-08-24T16:30:00.0000000Z,2
106964,135,2025-08-24T16:30:00.0000000Z,3394,1503,1,1,D,0.197951,0.243447,0.558601,A,0,1.412854,0.923592,formax-outcome-4.0,6d861e191d14ee4741a5969b1d2ffbfc,2025-08-24T16:30:00.0000000Z,2
101778,140,2025-08-24T17:30:00.0000000Z,1830,762,2,2,D,0.356087,0.287474,0.356439,A,0,1.246622,0.761540,formax-outcome-4.0,6d861e191d14ee4741a5969b1d2ffbfc,2025-08-24T17:30:00.0000000Z,2
104831,140,2025-08-24T17:30:00.0000000Z,1776,758,5,0,H,0.675007,0.196931,0.128063,H,1,0.393033,0.160803,formax-outcome-4.0,6d861e191d14ee4741a5969b1d2ffbfc,2025-08-24T17:30:00.0000000Z,2
98892,203,2025-08-24T18:30:00.0000000Z,6025,3309,0,4,A,0.146636,0.208294,0.645069,A,1,0.438398,0.190865,formax-outcome-4.0,6d861e191d14ee4741a5969b1d2ffbfc,2025-08-24T18:30:00.0000000Z,2
98374,61,2025-08-24T18:45:00.0000000Z,4470,2085,1,0,H,0.485664,0.253914,0.260423,H,1,0.722239,0.396834,formax-outcome-4.0,6d861e191d14ee4741a5969b1d2ffbfc,2025-08-24T18:45:00.0000000Z,2
107008,135,2025-08-24T18:45:00.0000000Z,2013,3648,2,0,H,0.483330,0.277573,0.239097,H,1,0.727055,0.401162,formax-outcome-4.0,6d861e191d14ee4741a5969b1d2ffbfc,2025-08-24T18:45:00.0000000Z,2
106520,140,2025-08-24T19:30:00.0000000Z,1944,4521,0,3,A,0.133947,0.186219,0.679834,A,1,0.385907,0.155126,formax-outcome-4.0,6d861e191d14ee4741a5969b1d2ffbfc,2025-08-24T19:30:00.0000000Z,2
104173,203,2025-08-25T16:00:00.0000000Z,6991,6847,2,1,H,0.356923,0.271872,0.371205,A,0,1.030236,0.625256,formax-outcome-4.0,6d861e191d14ee4741a5969b1d2ffbfc,2025-08-25T16:00:00.0000000Z,2
105455,135,2025-08-25T16:30:00.0000000Z,3405,1719,1,1,D,0.429605,0.293890,0.276505,H,0,1.224550,0.759607,formax-outcome-4.0,6d861e191d14ee4741a5969b1d2ffbfc,2025-08-25T16:30:00.0000000Z,2
104349,140,2025-08-25T17:30:00.0000000Z,1906,2517,1,0,H,0.476769,0.280205,0.243026,H,1,0.740724,0.411348,formax-outcome-4.0,6d861e191d14ee4741a5969b1d2ffbfc,2025-08-25T17:30:00.0000000Z,2
106621,135,2025-08-25T18:45:00.0000000Z,2685,1652,5,0,H,0.573971,0.254397,0.171632,H,1,0.555177,0.275676,formax-outcome-4.0,6d861e191d14ee4741a5969b1d2ffbfc,2025-08-25T18:45:00.0000000Z,2
71125,39,2025-08-25T19:00:00.0000000Z,1013,2208,2,3,A,0.433889,0.266141,0.299971,H,0,1.204071,0.749132,formax-outcome-4.0,6d861e191d14ee4741a5969b1d2ffbfc,2025-08-25T19:00:00.0000000Z,2
103962,140,2025-08-25T19:30:00.0000000Z,3049,1914,1,2,A,0.358599,0.287707,0.353694,H,0,1.039322,0.629079,formax-outcome-4.0,6d861e191d14ee4741a5969b1d2ffbfc,2025-08-25T19:30:00.0000000Z,2
103030,2,2025-08-26T16:45:00.0000000Z,2657,1487,0,0,D,0.361086,0.273417,0.365497,A,0,1.296757,0.791894,formax-outcome-4.0,6d861e191d14ee4741a5969b1d2ffbfc,2025-08-26T16:45:00.0000000Z,2
42691,2,2025-08-26T19:00:00.0000000Z,3477,2705,2,1,H,0.336300,0.262112,0.401587,A,0,1.089751,0.670473,formax-outcome-4.0,6d861e191d14ee4741a5969b1d2ffbfc,2025-08-26T19:00:00.0000000Z,2
42800,2,2025-08-27T19:00:00.0000000Z,3711,3588,1,0,H,0.633740,0.210520,0.155739,H,1,0.456116,0.202720,formax-outcome-4.0,6d861e191d14ee4741a5969b1d2ffbfc,2025-08-27T19:00:00.0000000Z,2
69669,2,2025-08-27T19:00:00.0000000Z,2667,1792,2,0,H,0.770697,0.149752,0.079552,H,1,0.260460,0.081334,formax-outcome-4.0,6d861e191d14ee4741a5969b1d2ffbfc,2025-08-27T19:00:00.0000000Z,2
87831,2,2025-08-27T19:00:00.0000000Z,1782,2750,6,0,H,0.535505,0.241316,0.223179,H,1,0.624544,0.323797,formax-outcome-4.0,6d861e191d14ee4741a5969b1d2ffbfc,2025-08-27T19:00:00.0000000Z,2
105585,140,2025-08-27T19:00:00.0000000Z,1904,2033,1,1,D,0.363312,0.261283,0.375405,A,0,1.342151,0.818627,formax-outcome-4.0,6d861e191d14ee4741a5969b1d2ffbfc,2025-08-27T19:00:00.0000000Z,2
83212,3,2025-08-28T15:00:00.0000000Z,1345,2519,0,2,A,0.221659,0.241029,0.537312,A,1,0.621176,0.321308,formax-outcome-4.0,6d861e191d14ee4741a5969b1d2ffbfc,2025-08-28T15:00:00.0000000Z,2
82402,848,2025-08-28T16:00:00.0000000Z,3559,4759,1,0,H,0.655297,0.198843,0.145860,H,1,0.422667,0.179634,formax-outcome-4.0,6d861e191d14ee4741a5969b1d2ffbfc,2025-08-28T16:00:00.0000000Z,2
106328,848,2025-08-28T16:00:00.0000000Z,3258,1486,0,0,D,0.177230,0.229026,0.593744,A,0,1.473919,0.978343,formax-outcome-4.0,6d861e191d14ee4741a5969b1d2ffbfc,2025-08-28T16:00:00.0000000Z,2
103240,3,2025-08-28T16:30:00.0000000Z,2797,2682,0,2,A,0.300053,0.267022,0.432925,A,1,0.837191,0.482907,formax-outcome-4.0,6d861e191d14ee4741a5969b1d2ffbfc,2025-08-28T16:30:00.0000000Z,2
39118,3,2025-08-28T17:00:00.0000000Z,1176,3702,0,0,D,0.355252,0.286579,0.358170,A,0,1.249742,0.763459,formax-outcome-4.0,6d861e191d14ee4741a5969b1d2ffbfc,2025-08-28T17:00:00.0000000Z,2
70776,848,2025-08-28T17:00:00.0000000Z,3002,2648,2,0,H,0.378658,0.264810,0.356532,H,1,0.971122,0.583305,formax-outcome-4.0,6d861e191d14ee4741a5969b1d2ffbfc,2025-08-28T17:00:00.0000000Z,2
82499,848,2025-08-28T17:00:00.0000000Z,3673,1789,0,1,A,0.617208,0.217125,0.165668,H,0,1.797771,1.124199,formax-outcome-4.0,6d861e191d14ee4741a5969b1d2ffbfc,2025-08-28T17:00:00.0000000Z,2
103658,848,2025-08-28T17:30:00.0000000Z,1271,2055,4,1,H,0.645107,0.209191,0.145702,H,1,0.438340,0.190939,formax-outcome-4.0,6d861e191d14ee4741a5969b1d2ffbfc,2025-08-28T17:30:00.0000000Z,2
73220,848,2025-08-28T18:00:00.0000000Z,2613,3705,2,0,H,0.442964,0.268629,0.288407,H,1,0.814267,0.465629,formax-outcome-4.0,6d861e191d14ee4741a5969b1d2ffbfc,2025-08-28T18:00:00.0000000Z,2
82037,848,2025-08-28T18:00:00.0000000Z,3968,2576,1,2,A,0.328558,0.282234,0.389208,A,1,0.943642,0.560674,formax-outcome-4.0,6d861e191d14ee4741a5969b1d2ffbfc,2025-08-28T18:00:00.0000000Z,2
84071,3,2025-08-28T18:00:00.0000000Z,4206,2056,1,2,A,0.457679,0.248601,0.293720,H,0,1.225129,0.770105,formax-outcome-4.0,6d861e191d14ee4741a5969b1d2ffbfc,2025-08-28T18:00:00.0000000Z,2
104348,848,2025-08-28T18:00:00.0000000Z,2517,2787,4,0,H,0.671495,0.203727,0.124779,H,1,0.398249,0.164990,formax-outcome-4.0,6d861e191d14ee4741a5969b1d2ffbfc,2025-08-28T18:00:00.0000000Z,2
104896,848,2025-08-28T18:00:00.0000000Z,1780,1911,2,3,A,0.353313,0.281000,0.365688,A,1,1.005976,0.606143,formax-outcome-4.0,6d861e191d14ee4741a5969b1d2ffbfc,2025-08-28T18:00:00.0000000Z,2
105709,3,2025-08-28T18:30:00.0000000Z,2888,1421,3,0,H,0.310904,0.268942,0.420154,A,0,1.168270,0.723712,formax-outcome-4.0,6d861e191d14ee4741a5969b1d2ffbfc,2025-08-28T18:30:00.0000000Z,2
87061,848,2025-08-28T19:00:00.0000000Z,4680,3712,3,3,D,0.469622,0.252300,0.278077,H,0,1.377135,0.856927,formax-outcome-4.0,6d861e191d14ee4741a5969b1d2ffbfc,2025-08-28T19:00:00.0000000Z,2
105336,140,2025-08-29T17:30:00.0000000Z,3447,2383,2,0,H,0.377563,0.278660,0.343777,H,1,0.974018,0.583262,formax-outcome-4.0,6d861e191d14ee4741a5969b1d2ffbfc,2025-08-29T17:30:00.0000000Z,2
104477,88,2025-08-29T18:00:00.0000000Z,1301,4157,4,0,H,0.615593,0.206535,0.177873,H,1,0.485170,0.222064,formax-outcome-4.0,6d861e191d14ee4741a5969b1d2ffbfc,2025-08-29T18:00:00.0000000Z,2
103364,203,2025-08-29T18:30:00.0000000Z,2549,1717,1,1,D,0.446925,0.267937,0.285138,H,0,1.317003,0.816962,formax-outcome-4.0,6d861e191d14ee4741a5969b1d2ffbfc,2025-08-29T18:30:00.0000000Z,2
103173,135,2025-08-29T18:45:00.0000000Z,1584,1488,0,2,A,0.221987,0.268551,0.509462,A,1,0.674399,0.362025,formax-outcome-4.0,6d861e191d14ee4741a5969b1d2ffbfc,2025-08-29T18:45:00.0000000Z,2
107089,61,2025-08-29T18:45:00.0000000Z,886,4558,3,1,H,0.595154,0.227636,0.177210,H,1,0.518935,0.247121,formax-outcome-4.0,6d861e191d14ee4741a5969b1d2ffbfc,2025-08-29T18:45:00.0000000Z,2
103717,40,2025-08-29T19:00:00.0000000Z,1910,1490,2,0,H,0.572719,0.238789,0.188492,H,1,0.557360,0.275118,formax-outcome-4.0,6d861e191d14ee4741a5969b1d2ffbfc,2025-08-29T19:00:00.0000000Z,2
103961,140,2025-08-29T19:30:00.0000000Z,2030,1914,3,0,H,0.399865,0.292582,0.307553,H,1,0.916627,0.540354,formax-outcome-4.0,6d861e191d14ee4741a5969b1d2ffbfc,2025-08-29T19:30:00.0000000Z,2
101848,39,2025-08-30T11:30:00.0000000Z,3373,4928,2,0,H,0.594250,0.237779,0.167971,H,1,0.520455,0.249386,formax-outcome-4.0,6d861e191d14ee4741a5969b1d2ffbfc,2025-08-30T11:30:00.0000000Z,2
102428,40,2025-08-30T11:30:00.0000000Z,3483,1531,0,1,A,0.352460,0.272313,0.375227,A,1,0.980223,0.588723,formax-outcome-4.0,6d861e191d14ee4741a5969b1d2ffbfc,2025-08-30T11:30:00.0000000Z,2
102814,40,2025-08-30T11:30:00.0000000Z,4380,1460,1,0,H,0.369500,0.278113,0.352388,H,1,0.995605,0.599054,formax-outcome-4.0,6d861e191d14ee4741a5969b1d2ffbfc,2025-08-30T11:30:00.0000000Z,2
72577,78,2025-08-30T13:30:00.0000000Z,3573,4472,1,3,A,0.185800,0.190761,0.623439,A,1,0.472504,0.212709,formax-outcome-4.0,6d861e191d14ee4741a5969b1d2ffbfc,2025-08-30T13:30:00.0000000Z,2
101585,78,2025-08-30T13:30:00.0000000Z,966,1260,3,3,D,0.295067,0.238701,0.466232,A,0,1.432543,0.884013,formax-outcome-4.0,6d861e191d14ee4741a5969b1d2ffbfc,2025-08-30T13:30:00.0000000Z,2
101900,78,2025-08-30T13:30:00.0000000Z,821,4330,2,0,H,0.479765,0.240587,0.279648,H,1,0.734458,0.406729,formax-outcome-4.0,6d861e191d14ee4741a5969b1d2ffbfc,2025-08-30T13:30:00.0000000Z,2
101978,78,2025-08-30T13:30:00.0000000Z,1278,1051,1,0,H,0.438202,0.233068,0.328730,H,1,0.825074,0.478000,formax-outcome-4.0,6d861e191d14ee4741a5969b1d2ffbfc,2025-08-30T13:30:00.0000000Z,2
71215,39,2025-08-30T14:00:00.0000000Z,1829,1482,2,3,A,0.359485,0.294711,0.345804,H,0,1.061884,0.644057,formax-outcome-4.0,6d861e191d14ee4741a5969b1d2ffbfc,2025-08-30T14:00:00.0000000Z,2
98282,40,2025-08-30T14:00:00.0000000Z,1476,5841,2,2,D,0.265083,0.255316,0.479601,A,0,1.365254,0.854841,formax-outcome-4.0,6d861e191d14ee4741a5969b1d2ffbfc,2025-08-30T14:00:00.0000000Z,2
99601,40,2025-08-30T14:00:00.0000000Z,1912,4379,0,2,A,0.427045,0.264422,0.308533,H,0,1.175928,0.730414,formax-outcome-4.0,6d861e191d14ee4741a5969b1d2ffbfc,2025-08-30T14:00:00.0000000Z,2
101692,40,2025-08-30T14:00:00.0000000Z,1654,1499,1,0,H,0.384830,0.277288,0.337882,H,1,0.954955,0.569488,formax-outcome-4.0,6d861e191d14ee4741a5969b1d2ffbfc,2025-08-30T14:00:00.0000000Z,2
102354,40,2025-08-30T14:00:00.0000000Z,1511,2268,0,2,A,0.390340,0.278427,0.331233,H,0,1.104932,0.677135,formax-outcome-4.0,6d861e191d14ee4741a5969b1d2ffbfc,2025-08-30T14:00:00.0000000Z,2
102571,40,2025-08-30T14:00:00.0000000Z,3598,3380,2,2,D,0.715961,0.180605,0.103434,H,0,1.711440,1.194705,formax-outcome-4.0,6d861e191d14ee4741a5969b1d2ffbfc,2025-08-30T14:00:00.0000000Z,2
102646,40,2025-08-30T14:00:00.0000000Z,4169,3467,0,2,A,0.354049,0.270486,0.375465,A,1,0.979591,0.588558,formax-outcome-4.0,6d861e191d14ee4741a5969b1d2ffbfc,2025-08-30T14:00:00.0000000Z,2
102947,39,2025-08-30T14:00:00.0000000Z,2209,5807,2,1,H,0.075662,0.157826,0.766513,A,0,2.581482,1.466852,formax-outcome-4.0,6d861e191d14ee4741a5969b1d2ffbfc,2025-08-30T14:00:00.0000000Z,2
103005,40,2025-08-30T14:00:00.0000000Z,1053,1718,4,2,H,0.448369,0.277205,0.274426,H,1,0.802140,0.456450,formax-outcome-4.0,6d861e191d14ee4741a5969b1d2ffbfc,2025-08-30T14:00:00.0000000Z,2
103113,39,2025-08-30T14:00:00.0000000Z,4266,2531,3,2,H,0.642938,0.221778,0.135285,H,1,0.441708,0.194981,formax-outcome-4.0,6d861e191d14ee4741a5969b1d2ffbfc,2025-08-30T14:00:00.0000000Z,2
104538,40,2025-08-30T14:00:00.0000000Z,1253,4290,2,2,D,0.169741,0.239709,0.590550,A,0,1.428329,0.955604,formax-outcome-4.0,6d861e191d14ee4741a5969b1d2ffbfc,2025-08-30T14:00:00.0000000Z,2
107196,39,2025-08-30T14:00:00.0000000Z,2355,3646,0,1,A,0.350661,0.281565,0.367773,A,1,1.000289,0.601953,formax-outcome-4.0,6d861e191d14ee4741a5969b1d2ffbfc,2025-08-30T14:00:00.0000000Z,2
88193,88,2025-08-30T14:30:00.0000000Z,4677,2530,1,1,D,0.400396,0.255605,0.343999,H,0,1.364123,0.832777,formax-outcome-4.0,6d861e191d14ee4741a5969b1d2ffbfc,2025-08-30T14:30:00.0000000Z,2
102873,61,2025-08-30T15:00:00.0000000Z,1666,4470,1,7,A,0.387763,0.263519,0.348718,H,0,1.053491,0.643970,formax-outcome-4.0,6d861e191d14ee4741a5969b1d2ffbfc,2025-08-30T15:00:00.0000000Z,2
103890,140,2025-08-30T15:00:00.0000000Z,759,4267,1,1,D,0.232565,0.273083,0.494352,A,0,1.297981,0.826879,formax-outcome-4.0,6d861e191d14ee4741a5969b1d2ffbfc,2025-08-30T15:00:00.0000000Z,2
103507,203,2025-08-30T16:00:00.0000000Z,4226,4926,2,3,A,0.487838,0.248990,0.263171,H,0,1.334950,0.842899,formax-outcome-4.0,6d861e191d14ee4741a5969b1d2ffbfc,2025-08-30T16:00:00.0000000Z,2
105132,203,2025-08-30T16:00:00.0000000Z,6988,6025,1,1,D,0.240309,0.253094,0.506597,A,0,1.373993,0.872256,formax-outcome-4.0,6d861e191d14ee4741a5969b1d2ffbfc,2025-08-30T16:00:00.0000000Z,2
71124,39,2025-08-30T16:30:00.0000000Z,2269,1013,0,0,D,0.153511,0.208175,0.638315,A,0,1.569377,1.057998,formax-outcome-4.0,6d861e191d14ee4741a5969b1d2ffbfc,2025-08-30T16:30:00.0000000Z,2
102044,78,2025-08-30T16:30:00.0000000Z,1109,1328,2,3,A,0.083253,0.133169,0.783579,A,1,0.243884,0.071503,formax-outcome-4.0,6d861e191d14ee4741a5969b1d2ffbfc,2025-08-30T16:30:00.0000000Z,2
106013,135,2025-08-30T16:30:00.0000000Z,3648,4702,1,1,D,0.189416,0.240091,0.570492,A,0,1.426736,0.938801,formax-outcome-4.0,6d861e191d14ee4741a5969b1d2ffbfc,2025-08-30T16:30:00.0000000Z,2
106565,135,2025-08-30T16:30:00.0000000Z,1520,5356,1,0,H,0.376236,0.279749,0.344015,H,1,0.977539,0.585688,formax-outcome-4.0,6d861e191d14ee4741a5969b1d2ffbfc,2025-08-30T16:30:00.0000000Z,2
104577,88,2025-08-30T16:45:00.0000000Z,990,1580,2,2,D,0.465642,0.242647,0.291711,H,0,1.416147,0.875501,formax-outcome-4.0,6d861e191d14ee4741a5969b1d2ffbfc,2025-08-30T16:45:00.0000000Z,2
60460,61,2025-08-30T17:00:00.0000000Z,1668,1815,1,0,H,0.368022,0.274122,0.357856,H,1,0.999613,0.602600,formax-outcome-4.0,6d861e191d14ee4741a5969b1d2ffbfc,2025-08-30T17:00:00.0000000Z,2
101777,140,2025-08-30T17:00:00.0000000Z,1944,1830,1,0,H,0.277959,0.265692,0.456350,A,0,1.280283,0.800191,formax-outcome-4.0,6d861e191d14ee4741a5969b1d2ffbfc,2025-08-30T17:00:00.0000000Z,2
104420,140,2025-08-30T17:30:00.0000000Z,758,3049,0,2,A,0.339287,0.274522,0.386190,A,1,0.951425,0.567241,formax-outcome-4.0,6d861e191d14ee4741a5969b1d2ffbfc,2025-08-30T17:30:00.0000000Z,2
97880,88,2025-08-30T18:00:00.0000000Z,1775,3539,0,2,A,0.763518,0.139534,0.096948,H,0,2.333584,1.417933,formax-outcome-4.0,6d861e191d14ee4741a5969b1d2ffbfc,2025-08-30T18:00:00.0000000Z,2
98891,203,2025-08-30T18:30:00.0000000Z,3309,1845,3,1,H,0.767988,0.148040,0.083972,H,1,0.263981,0.082797,formax-outcome-4.0,6d861e191d14ee4741a5969b1d2ffbfc,2025-08-30T18:30:00.0000000Z,2
106148,203,2025-08-30T18:30:00.0000000Z,5867,6019,1,2,A,0.530346,0.249244,0.220411,H,0,1.512263,0.951148,formax-outcome-4.0,6d861e191d14ee4741a5969b1d2ffbfc,2025-08-30T18:30:00.0000000Z,2
106914,135,2025-08-30T18:45:00.0000000Z,2845,3394,1,0,H,0.604001,0.241420,0.154579,H,1,0.504180,0.238994,formax-outcome-4.0,6d861e191d14ee4741a5969b1d2ffbfc,2025-08-30T18:45:00.0000000Z,2
83346,88,2025-08-30T19:00:00.0000000Z,4124,3707,1,0,H,0.512671,0.223286,0.264042,H,1,0.668120,0.357064,formax-outcome-4.0,6d861e191d14ee4741a5969b1d2ffbfc,2025-08-30T19:00:00.0000000Z,2
106856,61,2025-08-30T19:05:00.0000000Z,1872,5284,3,6,A,0.202858,0.238646,0.558496,A,1,0.582508,0.293029,formax-outcome-4.0,6d861e191d14ee4741a5969b1d2ffbfc,2025-08-30T19:05:00.0000000Z,2
107126,140,2025-08-30T19:30:00.0000000Z,4521,1925,2,1,H,0.682159,0.206650,0.111191,H,1,0.382492,0.156090,formax-outcome-4.0,6d861e191d14ee4741a5969b1d2ffbfc,2025-08-30T19:30:00.0000000Z,2
38711,88,2025-08-31T10:15:00.0000000Z,1079,1080,3,2,H,0.279667,0.253861,0.466472,A,0,1.274156,0.800921,formax-outcome-4.0,6d861e191d14ee4741a5969b1d2ffbfc,2025-08-31T10:15:00.0000000Z,2
97511,88,2025-08-31T12:30:00.0000000Z,1162,2516,0,4,A,0.380615,0.255367,0.364018,H,0,1.010553,0.614554,formax-outcome-4.0,6d861e191d14ee4741a5969b1d2ffbfc,2025-08-31T12:30:00.0000000Z,2
103807,88,2025-08-31T12:30:00.0000000Z,2612,4678,0,2,A,0.311885,0.252383,0.435732,A,1,0.830728,0.479368,formax-outcome-4.0,6d861e191d14ee4741a5969b1d2ffbfc,2025-08-31T12:30:00.0000000Z,2
103282,61,2025-08-31T13:00:00.0000000Z,1257,1781,1,1,D,0.376932,0.269809,0.353260,H,0,1.310042,0.800049,formax-outcome-4.0,6d861e191d14ee4741a5969b1d2ffbfc,2025-08-31T13:00:00.0000000Z,2
104759,39,2025-08-31T13:00:00.0000000Z,873,4166,2,1,H,0.325226,0.265595,0.409180,A,0,1.123236,0.693289,formax-outcome-4.0,6d861e191d14ee4741a5969b1d2ffbfc,2025-08-31T13:00:00.0000000Z,2
105012,39,2025-08-31T13:00:00.0000000Z,2480,2751,0,3,A,0.601398,0.229986,0.168616,H,0,1.780131,1.105772,formax-outcome-4.0,6d861e191d14ee4741a5969b1d2ffbfc,2025-08-31T13:00:00.0000000Z,2
103751,88,2025-08-31T14:45:00.0000000Z,1378,1271,0,1,A,0.165074,0.199445,0.635480,A,1,0.453374,0.199903,formax-outcome-4.0,6d861e191d14ee4741a5969b1d2ffbfc,2025-08-31T14:45:00.0000000Z,2
104830,140,2025-08-31T15:00:00.0000000Z,1904,1776,1,1,D,0.281232,0.254980,0.463789,A,0,1.366572,0.849247,formax-outcome-4.0,6d861e191d14ee4741a5969b1d2ffbfc,2025-08-31T15:00:00.0000000Z,2
60911,61,2025-08-31T15:15:00.0000000Z,4292,1078,3,2,H,0.531737,0.231066,0.237197,H,1,0.631605,0.328924,formax-outcome-4.0,6d861e191d14ee4741a5969b1d2ffbfc,2025-08-31T15:15:00.0000000Z,2
98373,61,2025-08-31T15:15:00.0000000Z,2085,1911,3,2,H,0.455388,0.256386,0.288226,H,1,0.786606,0.445411,formax-outcome-4.0,6d861e191d14ee4741a5969b1d2ffbfc,2025-08-31T15:15:00.0000000Z,2
107050,61,2025-08-31T15:15:00.0000000Z,1823,3851,3,1,H,0.262146,0.236769,0.501084,A,0,1.338853,0.851573,formax-outcome-4.0,6d861e191d14ee4741a5969b1d2ffbfc,2025-08-31T15:15:00.0000000Z,2
106483,39,2025-08-31T15:30:00.0000000Z,2208,4559,1,0,H,0.382307,0.272472,0.345220,H,1,0.961530,0.574962,formax-outcome-4.0,6d861e191d14ee4741a5969b1d2ffbfc,2025-08-31T15:30:00.0000000Z,2
106687,78,2025-08-31T15:30:00.0000000Z,989,4180,3,0,H,0.732994,0.157004,0.110002,H,1,0.310618,0.108043,formax-outcome-4.0,6d861e191d14ee4741a5969b1d2ffbfc,2025-08-31T15:30:00.0000000Z,2
42799,203,2025-08-31T16:00:00.0000000Z,6848,3588,1,3,A,0.088291,0.121567,0.790142,A,1,0.235542,0.066614,formax-outcome-4.0,6d861e191d14ee4741a5969b1d2ffbfc,2025-08-31T16:00:00.0000000Z,2
105063,203,2025-08-31T16:00:00.0000000Z,3661,6991,0,0,D,0.503002,0.244126,0.252872,H,0,1.410071,0.888301,formax-outcome-4.0,6d861e191d14ee4741a5969b1d2ffbfc,2025-08-31T16:00:00.0000000Z,2
106763,135,2025-08-31T16:30:00.0000000Z,1649,2013,0,1,A,0.280198,0.299003,0.420798,A,1,0.865602,0.503389,formax-outcome-4.0,6d861e191d14ee4741a5969b1d2ffbfc,2025-08-31T16:30:00.0000000Z,2
107355,135,2025-08-31T16:30:00.0000000Z,1652,1503,0,0,D,0.218251,0.262680,0.519069,A,0,1.336820,0.860708,formax-outcome-4.0,6d861e191d14ee4741a5969b1d2ffbfc,2025-08-31T16:30:00.0000000Z,2
106131,140,2025-08-31T17:00:00.0000000Z,2033,1906,1,2,A,0.372360,0.288848,0.338792,H,0,1.082368,0.659281,formax-outcome-4.0,6d861e191d14ee4741a5969b1d2ffbfc,2025-08-31T17:00:00.0000000Z,2
105279,140,2025-08-31T17:30:00.0000000Z,762,3599,1,0,H,0.373404,0.290022,0.336573,H,1,0.985093,0.590016,formax-outcome-4.0,6d861e191d14ee4741a5969b1d2ffbfc,2025-08-31T17:30:00.0000000Z,2
102093,39,2025-08-31T18:00:00.0000000Z,2109,1486,0,3,A,0.482555,0.279740,0.237704,H,0,1.436727,0.892209,formax-outcome-4.0,6d861e191d14ee4741a5969b1d2ffbfc,2025-08-31T18:00:00.0000000Z,2
82498,203,2025-08-31T18:30:00.0000000Z,6847,3673,2,0,H,0.285092,0.268434,0.446473,A,0,1.254942,0.782488,formax-outcome-4.0,6d861e191d14ee4741a5969b1d2ffbfc,2025-08-31T18:30:00.0000000Z,2
103582,203,2025-08-31T18:30:00.0000000Z,5068,1176,1,1,D,0.415005,0.281171,0.303824,H,0,1.268792,0.781253,formax-outcome-4.0,6d861e191d14ee4741a5969b1d2ffbfc,2025-08-31T18:30:00.0000000Z,2
53924,61,2025-08-31T18:45:00.0000000Z,3589,5071,1,0,H,0.508696,0.217592,0.273712,H,1,0.675905,0.363644,formax-outcome-4.0,6d861e191d14ee4741a5969b1d2ffbfc,2025-08-31T18:45:00.0000000Z,2
105454,135,2025-08-31T18:45:00.0000000Z,2837,1719,4,0,H,0.551357,0.264126,0.184517,H,1,0.595373,0.305090,formax-outcome-4.0,6d861e191d14ee4741a5969b1d2ffbfc,2025-08-31T18:45:00.0000000Z,2
106620,135,2025-08-31T18:45:00.0000000Z,2685,3405,1,2,A,0.658404,0.217082,0.124513,H,0,2.083343,1.247098,formax-outcome-4.0,6d861e191d14ee4741a5969b1d2ffbfc,2025-08-31T18:45:00.0000000Z,2
104347,140,2025-08-31T19:30:00.0000000Z,2517,4005,1,1,D,0.234052,0.248333,0.517615,A,0,1.392983,0.887708,formax-outcome-4.0,6d861e191d14ee4741a5969b1d2ffbfc,2025-08-31T19:30:00.0000000Z,2
72576,78,2025-09-12T18:30:00.0000000Z,1260,4472,3,1,H,0.300417,0.235291,0.464292,A,0,1.202583,0.760345,formax-outcome-4.0,6d861e191d14ee4741a5969b1d2ffbfc,2025-09-12T18:30:00.0000000Z,2
106176,61,2025-09-12T18:45:00.0000000Z,5071,1666,4,0,H,0.698428,0.167954,0.133619,H,1,0.358924,0.137008,formax-outcome-4.0,6d861e191d14ee4741a5969b1d2ffbfc,2025-09-12T18:45:00.0000000Z,2
103680,40,2025-09-12T19:00:00.0000000Z,3598,1460,5,0,H,0.577163,0.236288,0.186549,H,1,0.549630,0.269423,formax-outcome-4.0,6d861e191d14ee4741a5969b1d2ffbfc,2025-09-12T19:00:00.0000000Z,2
104419,140,2025-09-12T19:00:00.0000000Z,3049,3447,2,2,D,0.560889,0.250243,0.188869,H,0,1.385323,0.912403,formax-outcome-4.0,6d861e191d14ee4741a5969b1d2ffbfc,2025-09-12T19:00:00.0000000Z,2
101691,40,2025-09-13T11:30:00.0000000Z,1499,4380,2,2,D,0.363817,0.279129,0.357054,H,0,1.276082,0.779506,formax-outcome-4.0,6d861e191d14ee4741a5969b1d2ffbfc,2025-09-13T11:30:00.0000000Z,2
102216,40,2025-09-13T11:30:00.0000000Z,1452,1511,1,1,D,0.413333,0.278878,0.307788,H,0,1.276980,0.785595,formax-outcome-4.0,6d861e191d14ee4741a5969b1d2ffbfc,2025-09-13T11:30:00.0000000Z,2
106425,39,2025-09-13T11:30:00.0000000Z,4559,2480,3,0,H,0.544632,0.258234,0.197134,H,1,0.607645,0.312907,formax-outcome-4.0,6d861e191d14ee4741a5969b1d2ffbfc,2025-09-13T11:30:00.0000000Z,2
103960,140,2025-09-13T12:00:00.0000000Z,1914,1944,2,0,H,0.551110,0.256661,0.192228,H,1,0.595820,0.304329,formax-outcome-4.0,6d861e191d14ee4741a5969b1d2ffbfc,2025-09-13T12:00:00.0000000Z,2
106963,135,2025-09-13T13:00:00.0000000Z,3394,3648,2,0,H,0.399683,0.293572,0.306745,H,1,0.917083,0.540657,formax-outcome-4.0,6d861e191d14ee4741a5969b1d2ffbfc,2025-09-13T13:00:00.0000000Z,2
101899,78,2025-09-13T13:30:00.0000000Z,1281,821,0,1,A,0.454698,0.242634,0.302668,H,0,1.195119,0.751894,formax-outcome-4.0,6d861e191d14ee4741a5969b1d2ffbfc,2025-09-13T13:30:00.0000000Z,2
106076,78,2025-09-13T13:30:00.0000000Z,5685,1278,3,1,H,0.334692,0.234630,0.430678,A,0,1.094544,0.683169,formax-outcome-4.0,6d861e191d14ee4741a5969b1d2ffbfc,2025-09-13T13:30:00.0000000Z,2
106686,78,2025-09-13T13:30:00.0000000Z,4330,989,0,2,A,0.099489,0.146197,0.754314,A,1,0.281947,0.091633,formax-outcome-4.0,6d861e191d14ee4741a5969b1d2ffbfc,2025-09-13T13:30:00.0000000Z,2
71123,39,2025-09-13T14:00:00.0000000Z,1013,1829,1,0,H,0.600181,0.229178,0.170641,H,1,0.510524,0.241496,formax-outcome-4.0,6d861e191d14ee4741a5969b1d2ffbfc,2025-09-13T14:00:00.0000000Z,2
71214,39,2025-09-13T14:00:00.0000000Z,1482,2109,0,0,D,0.354947,0.299129,0.345923,H,0,1.206879,0.736870,formax-outcome-4.0,6d861e191d14ee4741a5969b1d2ffbfc,2025-09-13T14:00:00.0000000Z,2
98281,40,2025-09-13T14:00:00.0000000Z,5841,4379,1,1,D,0.502320,0.230141,0.267538,H,0,1.469061,0.916584,formax-outcome-4.0,6d861e191d14ee4741a5969b1d2ffbfc,2025-09-13T14:00:00.0000000Z,2
98890,203,2025-09-13T14:00:00.0000000Z,6991,3309,0,2,A,0.107553,0.175867,0.716580,A,1,0.333265,0.122823,formax-outcome-4.0,6d861e191d14ee4741a5969b1d2ffbfc,2025-09-13T14:00:00.0000000Z,2
99600,40,2025-09-13T14:00:00.0000000Z,1253,1912,0,1,A,0.377044,0.279292,0.343664,H,0,1.068090,0.650943,formax-outcome-4.0,6d861e191d14ee4741a5969b1d2ffbfc,2025-09-13T14:00:00.0000000Z,2
102269,40,2025-09-13T14:00:00.0000000Z,2268,1502,1,3,A,0.505462,0.239902,0.254636,H,0,1.367921,0.868613,formax-outcome-4.0,6d861e191d14ee4741a5969b1d2ffbfc,2025-09-13T14:00:00.0000000Z,2
102427,40,2025-09-13T14:00:00.0000000Z,1531,3380,0,1,A,0.493594,0.253623,0.252783,H,0,1.375224,0.866293,formax-outcome-4.0,6d861e191d14ee4741a5969b1d2ffbfc,2025-09-13T14:00:00.0000000Z,2
102645,40,2025-09-13T14:00:00.0000000Z,3467,1718,2,2,D,0.481070,0.263614,0.255316,H,0,1.333269,0.838879,formax-outcome-4.0,6d861e191d14ee4741a5969b1d2ffbfc,2025-09-13T14:00:00.0000000Z,2
102707,40,2025-09-13T14:00:00.0000000Z,3483,1490,1,0,H,0.369122,0.270279,0.360599,H,1,0.996629,0.601090,formax-outcome-4.0,6d861e191d14ee4741a5969b1d2ffbfc,2025-09-13T14:00:00.0000000Z,2
103004,40,2025-09-13T14:00:00.0000000Z,4169,1053,0,3,A,0.317004,0.253833,0.429163,A,1,0.845919,0.490778,formax-outcome-4.0,6d861e191d14ee4741a5969b1d2ffbfc,2025-09-13T14:00:00.0000000Z,2
103506,203,2025-09-13T14:00:00.0000000Z,6019,4226,0,1,A,0.215784,0.225650,0.558566,A,1,0.582382,0.292344,formax-outcome-4.0,6d861e191d14ee4741a5969b1d2ffbfc,2025-09-13T14:00:00.0000000Z,2
105680,203,2025-09-13T14:00:00.0000000Z,1176,5867,1,2,A,0.548314,0.256258,0.195427,H,0,1.632566,1.013654,formax-outcome-4.0,6d861e191d14ee4741a5969b1d2ffbfc,2025-09-13T14:00:00.0000000Z,2
105938,39,2025-09-13T14:00:00.0000000Z,3646,873,2,1,H,0.444624,0.268552,0.286824,H,1,0.810525,0.462830,formax-outcome-4.0,6d861e191d14ee4741a5969b1d2ffbfc,2025-09-13T14:00:00.0000000Z,2
106327,39,2025-09-13T14:00:00.0000000Z,1486,2209,0,0,D,0.816707,0.132075,0.051218,H,0,2.024387,1.422928,formax-outcome-4.0,6d861e191d14ee4741a5969b1d2ffbfc,2025-09-13T14:00:00.0000000Z,2
106394,39,2025-09-13T14:00:00.0000000Z,4928,2269,1,0,H,0.581823,0.237797,0.180379,H,1,0.541589,0.263956,formax-outcome-4.0,6d861e191d14ee4741a5969b1d2ffbfc,2025-09-13T14:00:00.0000000Z,2
101776,140,2025-09-13T14:15:00.0000000Z,1830,4521,1,2,A,0.191290,0.245087,0.563623,A,1,0.573369,0.287084,formax-outcome-4.0,6d861e191d14ee4741a5969b1d2ffbfc,2025-09-13T14:15:00.0000000Z,2
88192,88,2025-09-13T14:30:00.0000000Z,2530,2612,3,1,H,0.588979,0.227887,0.183133,H,1,0.529364,0.254409,formax-outcome-4.0,6d861e191d14ee4741a5969b1d2ffbfc,2025-09-13T14:30:00.0000000Z,2
107049,61,2025-09-13T15:00:00.0000000Z,3851,1668,1,0,H,0.595206,0.226241,0.178554,H,1,0.518848,0.246925,formax-outcome-4.0,6d861e191d14ee4741a5969b1d2ffbfc,2025-09-13T15:00:00.0000000Z,2
106619,135,2025-09-13T16:00:00.0000000Z,2013,2685,4,3,H,0.318988,0.293375,0.387638,A,0,1.142603,0.700109,formax-outcome-4.0,6d861e191d14ee4741a5969b1d2ffbfc,2025-09-13T16:00:00.0000000Z,2
103889,140,2025-09-13T16:30:00.0000000Z,1906,759,0,1,A,0.518357,0.282472,0.199171,H,0,1.613592,0.989812,formax-outcome-4.0,6d861e191d14ee4741a5969b1d2ffbfc,2025-09-13T16:30:00.0000000Z,2
105011,39,2025-09-13T16:30:00.0000000Z,2751,2355,0,3,A,0.361849,0.286420,0.351731,H,0,1.044889,0.633224,formax-outcome-4.0,6d861e191d14ee4741a5969b1d2ffbfc,2025-09-13T16:30:00.0000000Z,2
38710,88,2025-09-13T16:45:00.0000000Z,1080,1775,3,5,A,0.341755,0.228626,0.429619,A,1,0.844857,0.494401,formax-outcome-4.0,6d861e191d14ee4741a5969b1d2ffbfc,2025-09-13T16:45:00.0000000Z,2
104576,88,2025-09-13T16:45:00.0000000Z,1580,4677,3,0,H,0.460841,0.241446,0.297713,H,1,0.774703,0.437622,formax-outcome-4.0,6d861e191d14ee4741a5969b1d2ffbfc,2025-09-13T16:45:00.0000000Z,2
82497,203,2025-09-13T17:00:00.0000000Z,3673,3661,2,1,H,0.403443,0.270959,0.325598,H,1,0.907721,0.535314,formax-outcome-4.0,6d861e191d14ee4741a5969b1d2ffbfc,2025-09-13T17:00:00.0000000Z,2
103363,203,2025-09-13T17:00:00.0000000Z,1717,6847,1,2,A,0.396295,0.282197,0.321508,H,0,1.134733,0.697037,formax-outcome-4.0,6d861e191d14ee4741a5969b1d2ffbfc,2025-09-13T17:00:00.0000000Z,2
106913,135,2025-09-13T18:45:00.0000000Z,1503,2845,1,3,A,0.354926,0.289339,0.355735,A,1,1.033569,0.624766,formax-outcome-4.0,6d861e191d14ee4741a5969b1d2ffbfc,2025-09-13T18:45:00.0000000Z,2
83345,88,2025-09-13T19:00:00.0000000Z,3707,1378,2,2,D,0.599339,0.217116,0.183545,H,0,1.527325,1.005804,formax-outcome-4.0,6d861e191d14ee4741a5969b1d2ffbfc,2025-09-13T19:00:00.0000000Z,2
101847,39,2025-09-13T19:00:00.0000000Z,5807,3373,2,2,D,0.261160,0.278814,0.460026,A,0,1.277210,0.799938,formax-outcome-4.0,6d861e191d14ee4741a5969b1d2ffbfc,2025-09-13T19:00:00.0000000Z,2
104612,88,2025-09-13T19:00:00.0000000Z,2516,990,1,0,H,0.797636,0.128020,0.074344,H,1,0.226103,0.062867,formax-outcome-4.0,6d861e191d14ee4741a5969b1d2ffbfc,2025-09-13T19:00:00.0000000Z,2
104829,140,2025-09-13T19:00:00.0000000Z,4267,1776,2,0,H,0.431154,0.268008,0.300838,H,1,0.841289,0.485917,formax-outcome-4.0,6d861e191d14ee4741a5969b1d2ffbfc,2025-09-13T19:00:00.0000000Z,2
60459,61,2025-09-13T19:05:00.0000000Z,1815,2085,1,2,A,0.384986,0.257075,0.357939,H,0,1.027394,0.626545,formax-outcome-4.0,6d861e191d14ee4741a5969b1d2ffbfc,2025-09-13T19:05:00.0000000Z,2
97510,88,2025-09-14T10:15:00.0000000Z,4124,1162,0,1,A,0.475029,0.239147,0.285824,H,0,1.252379,0.792891,formax-outcome-4.0,6d861e191d14ee4741a5969b1d2ffbfc,2025-09-14T10:15:00.0000000Z,2
107354,135,2025-09-14T10:30:00.0000000Z,2799,1652,0,1,A,0.615143,0.240734,0.144123,H,0,1.937086,1.168878,formax-outcome-4.0,6d861e191d14ee4741a5969b1d2ffbfc,2025-09-14T10:30:00.0000000Z,2
102503,40,2025-09-14T11:00:00.0000000Z,4290,1654,0,0,D,0.584250,0.231985,0.183766,H,0,1.461084,0.964965,formax-outcome-4.0,6d861e191d14ee4741a5969b1d2ffbfc,2025-09-14T11:00:00.0000000Z,2
105223,140,2025-09-14T12:00:00.0000000Z,1904,758,1,1,D,0.626452,0.221187,0.152362,H,0,1.508749,1.022206,formax-outcome-4.0,6d861e191d14ee4741a5969b1d2ffbfc,2025-09-14T12:00:00.0000000Z,2
103750,88,2025-09-14T12:30:00.0000000Z,4157,1271,1,2,A,0.116380,0.163751,0.719869,A,1,0.328687,0.118833,formax-outcome-4.0,6d861e191d14ee4741a5969b1d2ffbfc,2025-09-14T12:30:00.0000000Z,2
103806,88,2025-09-14T12:30:00.0000000Z,4678,1301,0,1,A,0.722622,0.165881,0.111497,H,0,2.193760,1.339137,formax-outcome-4.0,6d861e191d14ee4741a5969b1d2ffbfc,2025-09-14T12:30:00.0000000Z,2
102872,61,2025-09-14T13:00:00.0000000Z,4470,1872,2,1,H,0.615517,0.212590,0.171893,H,1,0.485293,0.222569,formax-outcome-4.0,6d861e191d14ee4741a5969b1d2ffbfc,2025-09-14T13:00:00.0000000Z,2
104961,39,2025-09-14T13:00:00.0000000Z,2531,2208,0,1,A,0.127163,0.211725,0.661113,A,1,0.413831,0.175842,formax-outcome-4.0,6d861e191d14ee4741a5969b1d2ffbfc,2025-09-14T13:00:00.0000000Z,2
105799,135,2025-09-14T13:00:00.0000000Z,4702,1584,4,1,H,0.692158,0.200774,0.107067,H,1,0.367940,0.146540,formax-outcome-4.0,6d861e191d14ee4741a5969b1d2ffbfc,2025-09-14T13:00:00.0000000Z,2
105152,203,2025-09-14T14:00:00.0000000Z,6025,2549,1,1,D,0.267107,0.265605,0.467288,A,0,1.325744,0.829039,formax-outcome-4.0,6d861e191d14ee4741a5969b1d2ffbfc,2025-09-14T14:00:00.0000000Z,2
105335,140,2025-09-14T14:15:00.0000000Z,2383,2033,2,2,D,0.188975,0.235410,0.575615,A,0,1.446427,0.951642,formax-outcome-4.0,6d861e191d14ee4741a5969b1d2ffbfc,2025-09-14T14:15:00.0000000Z,2
97879,88,2025-09-14T14:45:00.0000000Z,3539,1079,1,3,A,0.662040,0.200662,0.137298,H,0,1.985602,1.222818,formax-outcome-4.0,6d861e191d14ee4741a5969b1d2ffbfc,2025-09-14T14:45:00.0000000Z,2
60910,61,2025-09-14T15:15:00.0000000Z,4558,4292,1,2,A,0.314967,0.236958,0.448075,A,1,0.802794,0.459974,formax-outcome-4.0,6d861e191d14ee4741a5969b1d2ffbfc,2025-09-14T15:15:00.0000000Z,2
103281,61,2025-09-14T15:15:00.0000000Z,1078,1257,1,1,D,0.537307,0.244106,0.218587,H,0,1.410151,0.907854,formax-outcome-4.0,6d861e191d14ee4741a5969b1d2ffbfc,2025-09-14T15:15:00.0000000Z,2
104895,61,2025-09-14T15:15:00.0000000Z,1911,1823,1,0,H,0.678332,0.185685,0.135983,H,1,0.388119,0.156441,formax-outcome-4.0,6d861e191d14ee4741a5969b1d2ffbfc,2025-09-14T15:15:00.0000000Z,2
107429,61,2025-09-14T15:15:00.0000000Z,5284,886,2,0,H,0.790302,0.136947,0.072751,H,1,0.235340,0.068020,formax-outcome-4.0,6d861e191d14ee4741a5969b1d2ffbfc,2025-09-14T15:15:00.0000000Z,2
101584,78,2025-09-14T15:30:00.0000000Z,1051,966,0,4,A,0.382960,0.238836,0.378203,H,0,0.972323,0.590332,formax-outcome-4.0,6d861e191d14ee4741a5969b1d2ffbfc,2025-09-14T15:30:00.0000000Z,2
103112,39,2025-09-14T15:30:00.0000000Z,4166,4266,3,0,H,0.500195,0.264491,0.235314,H,1,0.692757,0.375133,formax-outcome-4.0,6d861e191d14ee4741a5969b1d2ffbfc,2025-09-14T15:30:00.0000000Z,2
42798,203,2025-09-14T16:00:00.0000000Z,3588,5068,1,0,H,0.536638,0.248278,0.215084,H,1,0.622431,0.322607,formax-outcome-4.0,6d861e191d14ee4741a5969b1d2ffbfc,2025-09-14T16:00:00.0000000Z,2
104111,203,2025-09-14T16:00:00.0000000Z,4926,6988,2,0,H,0.521582,0.254462,0.223957,H,1,0.650889,0.343791,formax-outcome-4.0,6d861e191d14ee4741a5969b1d2ffbfc,2025-09-14T16:00:00.0000000Z,2
105521,135,2025-09-14T16:00:00.0000000Z,3903,2837,1,0,H,0.265647,0.265415,0.468938,A,0,1.325589,0.829623,formax-outcome-4.0,6d861e191d14ee4741a5969b1d2ffbfc,2025-09-14T16:00:00.0000000Z,2
104346,140,2025-09-14T16:30:00.0000000Z,3599,2517,2,0,H,0.387167,0.298228,0.314605,H,1,0.948899,0.563481,formax-outcome-4.0,6d861e191d14ee4741a5969b1d2ffbfc,2025-09-14T16:30:00.0000000Z,2
53923,61,2025-09-14T18:45:00.0000000Z,1781,3589,3,1,H,0.325762,0.249559,0.424679,A,0,1.121588,0.697228,formax-outcome-4.0,6d861e191d14ee4741a5969b1d2ffbfc,2025-09-14T18:45:00.0000000Z,2
103172,135,2025-09-14T18:45:00.0000000Z,1488,1520,1,0,H,0.458741,0.270292,0.270966,H,1,0.779269,0.439442,formax-outcome-4.0,6d861e191d14ee4741a5969b1d2ffbfc,2025-09-14T18:45:00.0000000Z,2
106647,140,2025-09-14T19:00:00.0000000Z,4005,2030,6,0,H,0.655056,0.202637,0.142308,H,1,0.423035,0.180300,formax-outcome-4.0,6d861e191d14ee4741a5969b1d2ffbfc,2025-09-14T19:00:00.0000000Z,2
103434,203,2025-09-15T17:00:00.0000000Z,1845,6848,1,0,H,0.647447,0.203723,0.148830,H,1,0.434719,0.187947,formax-outcome-4.0,6d861e191d14ee4741a5969b1d2ffbfc,2025-09-15T17:00:00.0000000Z,2
106564,135,2025-09-15T18:45:00.0000000Z,5356,1649,1,1,D,0.480499,0.283879,0.235621,H,0,1.259206,0.799226,formax-outcome-4.0,6d861e191d14ee4741a5969b1d2ffbfc,2025-09-15T18:45:00.0000000Z,2
105278,140,2025-09-15T19:00:00.0000000Z,762,1925,3,2,H,0.506362,0.280842,0.212796,H,1,0.680504,0.367833,formax-outcome-4.0,6d861e191d14ee4741a5969b1d2ffbfc,2025-09-15T19:00:00.0000000Z,2
103045,2,2025-09-16T16:45:00.0000000Z,1775,3977,1,3,A,0.629182,0.204589,0.166229,H,0,1.794388,1.132901,formax-outcome-4.0,6d861e191d14ee4741a5969b1d2ffbfc,2025-09-16T16:45:00.0000000Z,2
106130,2,2025-09-16T16:45:00.0000000Z,1906,4559,0,2,A,0.255944,0.285607,0.458449,A,1,0.779905,0.440355,formax-outcome-4.0,6d861e191d14ee4741a5969b1d2ffbfc,2025-09-16T16:45:00.0000000Z,2
104828,2,2025-09-16T19:00:00.0000000Z,2355,1776,1,0,H,0.551299,0.236777,0.211924,H,1,0.595479,0.302308,formax-outcome-4.0,6d861e191d14ee4741a5969b1d2ffbfc,2025-09-16T19:00:00.0000000Z,2
106175,2,2025-09-16T19:00:00.0000000Z,4521,5071,2,1,H,0.608088,0.214701,0.177211,H,1,0.497436,0.231095,formax-outcome-4.0,6d861e191d14ee4741a5969b1d2ffbfc,2025-09-16T19:00:00.0000000Z,2
106685,2,2025-09-16T19:00:00.0000000Z,2013,989,4,4,D,0.401837,0.264291,0.333872,H,0,1.330706,0.814212,formax-outcome-4.0,6d861e191d14ee4741a5969b1d2ffbfc,2025-09-16T19:00:00.0000000Z,2
38824,2,2025-09-17T16:45:00.0000000Z,1272,3680,0,0,D,0.638857,0.217307,0.143836,H,0,1.526445,1.041435,formax-outcome-4.0,6d861e191d14ee4741a5969b1d2ffbfc,2025-09-17T16:45:00.0000000Z,2
105915,2,2025-09-17T16:45:00.0000000Z,2598,2705,2,2,D,0.501476,0.240304,0.258221,H,0,1.425852,0.895294,formax-outcome-4.0,6d861e191d14ee4741a5969b1d2ffbfc,2025-09-17T16:45:00.0000000Z,2
42797,203,2025-09-17T17:00:00.0000000Z,3588,6847,2,2,D,0.603985,0.230365,0.165650,H,0,1.468090,0.984576,formax-outcome-4.0,6d861e191d14ee4741a5969b1d2ffbfc,2025-09-17T17:00:00.0000000Z,2
103505,203,2025-09-17T17:00:00.0000000Z,1176,4226,0,0,D,0.441751,0.268754,0.289495,H,0,1.313959,0.813672,formax-outcome-4.0,6d861e191d14ee4741a5969b1d2ffbfc,2025-09-17T17:00:00.0000000Z,2
105062,203,2025-09-17T17:00:00.0000000Z,6019,3661,0,2,A,0.169950,0.227387,0.602663,A,1,0.506397,0.238465,formax-outcome-4.0,6d861e191d14ee4741a5969b1d2ffbfc,2025-09-17T17:00:00.0000000Z,2
104251,88,2025-09-17T18:00:00.0000000Z,2516,1079,2,0,H,0.720642,0.170011,0.109347,H,1,0.327613,0.118901,formax-outcome-4.0,6d861e191d14ee4741a5969b1d2ffbfc,2025-09-17T18:00:00.0000000Z,2
88191,2,2025-09-17T19:00:00.0000000Z,2530,2685,0,2,A,0.342499,0.261108,0.396393,A,1,0.925348,0.549824,formax-outcome-4.0,6d861e191d14ee4741a5969b1d2ffbfc,2025-09-17T19:00:00.0000000Z,2
101846,2,2025-09-17T19:00:00.0000000Z,1328,3373,3,1,H,0.459917,0.248464,0.291619,H,1,0.776710,0.438466,formax-outcome-4.0,6d861e191d14ee4741a5969b1d2ffbfc,2025-09-17T19:00:00.0000000Z,2
105893,2,2025-09-17T19:00:00.0000000Z,2208,4267,3,2,H,0.649140,0.201243,0.149617,H,1,0.432107,0.185987,formax-outcome-4.0,6d861e191d14ee4741a5969b1d2ffbfc,2025-09-17T19:00:00.0000000Z,2
106012,2,2025-09-17T19:00:00.0000000Z,5284,4702,4,0,H,0.683384,0.184381,0.132235,H,1,0.380698,0.151728,formax-outcome-4.0,6d861e191d14ee4741a5969b1d2ffbfc,2025-09-17T19:00:00.0000000Z,2
69666,2,2025-09-18T16:45:00.0000000Z,2667,1260,2,2,D,0.622973,0.219471,0.157556,H,0,1.516537,1.022146,formax-outcome-4.0,6d861e191d14ee4741a5969b1d2ffbfc,2025-09-18T16:45:00.0000000Z,2
98372,2,2025-09-18T16:45:00.0000000Z,1782,2085,4,1,H,0.576580,0.224069,0.199351,H,1,0.550641,0.269232,formax-outcome-4.0,6d861e191d14ee4741a5969b1d2ffbfc,2025-09-18T16:45:00.0000000Z,2
71122,2,2025-09-18T19:00:00.0000000Z,1013,4005,1,2,A,0.562068,0.217383,0.220549,H,0,1.511635,0.970719,formax-outcome-4.0,6d861e191d14ee4741a5969b1d2ffbfc,2025-09-18T19:00:00.0000000Z,2
72575,2,2025-09-18T19:00:00.0000000Z,4472,3309,5,1,H,0.410770,0.256873,0.332357,H,1,0.889722,0.523637,formax-outcome-4.0,6d861e191d14ee4741a5969b1d2ffbfc,2025-09-18T19:00:00.0000000Z,2
99874,2,2025-09-18T19:00:00.0000000Z,2084,2657,4,1,H,0.742433,0.160459,0.097107,H,1,0.297822,0.101518,formax-outcome-4.0,6d861e191d14ee4741a5969b1d2ffbfc,2025-09-18T19:00:00.0000000Z,2
104758,2,2025-09-18T19:00:00.0000000Z,4166,2845,2,0,H,0.682165,0.192513,0.125322,H,1,0.382484,0.153786,formax-outcome-4.0,6d861e191d14ee4741a5969b1d2ffbfc,2025-09-18T19:00:00.0000000Z,2
82496,203,2025-09-19T17:00:00.0000000Z,2549,3673,3,0,H,0.365893,0.284293,0.349814,H,1,1.005413,0.605283,formax-outcome-4.0,6d861e191d14ee4741a5969b1d2ffbfc,2025-09-19T17:00:00.0000000Z,2
83344,88,2025-09-19T18:00:00.0000000Z,1162,3707,1,5,A,0.477064,0.252706,0.270230,H,0,1.308482,0.824015,formax-outcome-4.0,6d861e191d14ee4741a5969b1d2ffbfc,2025-09-19T18:00:00.0000000Z,2
53922,61,2025-09-19T18:45:00.0000000Z,3589,1257,1,0,H,0.683641,0.192239,0.124119,H,1,0.380322,0.152444,formax-outcome-4.0,6d861e191d14ee4741a5969b1d2ffbfc,2025-09-19T18:45:00.0000000Z,2
105798,135,2025-09-19T18:45:00.0000000Z,1584,3394,1,2,A,0.291244,0.301757,0.406999,A,1,0.898946,0.527531,formax-outcome-4.0,6d861e191d14ee4741a5969b1d2ffbfc,2025-09-19T18:45:00.0000000Z,2
101775,140,2025-09-19T19:00:00.0000000Z,2033,1830,3,1,H,0.562303,0.239537,0.198160,H,1,0.575715,0.288224,formax-outcome-4.0,6d861e191d14ee4741a5969b1d2ffbfc,2025-09-19T19:00:00.0000000Z,2
102426,40,2025-09-19T19:00:00.0000000Z,4380,1531,2,1,H,0.391255,0.277556,0.331189,H,1,0.938396,0.557294,formax-outcome-4.0,6d861e191d14ee4741a5969b1d2ffbfc,2025-09-19T19:00:00.0000000Z,2
71213,39,2025-09-20T11:30:00.0000000Z,2208,1482,2,1,H,0.539525,0.262853,0.197622,H,1,0.617066,0.320183,formax-outcome-4.0,6d861e191d14ee4741a5969b1d2ffbfc,2025-09-20T11:30:00.0000000Z,2
98280,40,2025-09-20T11:30:00.0000000Z,1910,5841,0,0,D,0.585602,0.231356,0.183042,H,0,1.463798,0.967248,formax-outcome-4.0,6d861e191d14ee4741a5969b1d2ffbfc,2025-09-20T11:30:00.0000000Z,2
102268,40,2025-09-20T11:30:00.0000000Z,1502,3483,1,0,H,0.361191,0.265700,0.373109,A,0,1.018348,0.617884,formax-outcome-4.0,6d861e191d14ee4741a5969b1d2ffbfc,2025-09-20T11:30:00.0000000Z,2
102644,40,2025-09-20T11:30:00.0000000Z,1490,3467,1,0,H,0.370453,0.277212,0.352335,H,1,0.993029,0.597316,formax-outcome-4.0,6d861e191d14ee4741a5969b1d2ffbfc,2025-09-20T11:30:00.0000000Z,2
105222,140,2025-09-20T12:00:00.0000000Z,758,2383,0,4,A,0.516730,0.252141,0.231129,H,0,1.464781,0.921748,formax-outcome-4.0,6d861e191d14ee4741a5969b1d2ffbfc,2025-09-20T12:00:00.0000000Z,2
106762,135,2025-09-20T13:00:00.0000000Z,1520,1649,2,1,H,0.462193,0.289139,0.248669,H,1,0.771774,0.434674,formax-outcome-4.0,6d861e191d14ee4741a5969b1d2ffbfc,2025-09-20T13:00:00.0000000Z,2
101583,78,2025-09-20T13:30:00.0000000Z,966,5685,0,3,A,0.497264,0.225404,0.277333,H,0,1.282537,0.820326,formax-outcome-4.0,6d861e191d14ee4741a5969b1d2ffbfc,2025-09-20T13:30:00.0000000Z,2
102042,78,2025-09-20T13:30:00.0000000Z,3573,1328,1,4,A,0.065326,0.100108,0.834565,A,1,0.180844,0.041658,formax-outcome-4.0,6d861e191d14ee4741a5969b1d2ffbfc,2025-09-20T13:30:00.0000000Z,2
99489,39,2025-09-20T14:00:00.0000000Z,1829,2269,1,3,A,0.531356,0.256543,0.212101,H,0,1.550692,0.968938,formax-outcome-4.0,6d861e191d14ee4741a5969b1d2ffbfc,2025-09-20T14:00:00.0000000Z,2
101690,40,2025-09-20T14:00:00.0000000Z,3380,1499,0,1,A,0.348556,0.287048,0.364396,A,1,1.009515,0.607881,formax-outcome-4.0,6d861e191d14ee4741a5969b1d2ffbfc,2025-09-20T14:00:00.0000000Z,2
102215,40,2025-09-20T14:00:00.0000000Z,1460,1452,0,1,A,0.400425,0.286153,0.313422,H,0,1.160206,0.713614,formax-outcome-4.0,6d861e191d14ee4741a5969b1d2ffbfc,2025-09-20T14:00:00.0000000Z,2
102502,40,2025-09-20T14:00:00.0000000Z,1654,4169,0,2,A,0.498349,0.259464,0.242187,H,0,1.418046,0.889954,formax-outcome-4.0,6d861e191d14ee4741a5969b1d2ffbfc,2025-09-20T14:00:00.0000000Z,2
102762,40,2025-09-20T14:00:00.0000000Z,4379,2268,2,3,A,0.394284,0.264459,0.341257,H,0,1.075120,0.659341,formax-outcome-4.0,6d861e191d14ee4741a5969b1d2ffbfc,2025-09-20T14:00:00.0000000Z,2
104225,203,2025-09-20T14:00:00.0000000Z,6848,6991,1,0,H,0.201199,0.247192,0.551609,A,0,1.603461,1.003460,formax-outcome-4.0,6d861e191d14ee4741a5969b1d2ffbfc,2025-09-20T14:00:00.0000000Z,2
104691,40,2025-09-20T14:00:00.0000000Z,1718,4290,3,1,H,0.173928,0.246938,0.579134,A,0,1.749111,1.078768,formax-outcome-4.0,6d861e191d14ee4741a5969b1d2ffbfc,2025-09-20T14:00:00.0000000Z,2
104960,39,2025-09-20T14:00:00.0000000Z,2531,2480,1,1,D,0.242007,0.286904,0.471089,A,0,1.248607,0.788998,formax-outcome-4.0,6d861e191d14ee4741a5969b1d2ffbfc,2025-09-20T14:00:00.0000000Z,2
105010,39,2025-09-20T14:00:00.0000000Z,2751,1486,1,2,A,0.287302,0.289901,0.422797,A,1,0.860862,0.499748,formax-outcome-4.0,6d861e191d14ee4741a5969b1d2ffbfc,2025-09-20T14:00:00.0000000Z,2
105937,39,2025-09-20T14:00:00.0000000Z,873,2355,2,2,D,0.448613,0.272214,0.279173,H,0,1.301167,0.808864,formax-outcome-4.0,6d861e191d14ee4741a5969b1d2ffbfc,2025-09-20T14:00:00.0000000Z,2
105277,140,2025-09-20T14:15:00.0000000Z,4521,762,2,0,H,0.651801,0.208099,0.140100,H,1,0.428016,0.184176,formax-outcome-4.0,6d861e191d14ee4741a5969b1d2ffbfc,2025-09-20T14:15:00.0000000Z,2
104068,88,2025-09-20T14:30:00.0000000Z,4677,4124,1,2,A,0.408554,0.244151,0.347295,H,0,1.057581,0.652550,formax-outcome-4.0,6d861e191d14ee4741a5969b1d2ffbfc,2025-09-20T14:30:00.0000000Z,2
107385,61,2025-09-20T15:00:00.0000000Z,1668,1781,2,2,D,0.391472,0.275630,0.332899,H,0,1.288697,0.788784,formax-outcome-4.0,6d861e191d14ee4741a5969b1d2ffbfc,2025-09-20T15:00:00.0000000Z,2
105452,135,2025-09-20T16:00:00.0000000Z,1719,2013,1,1,D,0.187164,0.255828,0.557008,A,0,1.363249,0.899080,formax-outcome-4.0,6d861e191d14ee4741a5969b1d2ffbfc,2025-09-20T16:00:00.0000000Z,2
101845,39,2025-09-20T16:30:00.0000000Z,4266,3373,2,1,H,0.253207,0.267506,0.479287,A,0,1.373547,0.858975,formax-outcome-4.0,6d861e191d14ee4741a5969b1d2ffbfc,2025-09-20T16:30:00.0000000Z,2
103888,140,2025-09-20T16:30:00.0000000Z,759,3049,1,2,A,0.494730,0.270140,0.235130,H,0,1.447617,0.902760,formax-outcome-4.0,6d861e191d14ee4741a5969b1d2ffbfc,2025-09-20T16:30:00.0000000Z,2
104827,140,2025-09-20T16:30:00.0000000Z,1776,3599,2,1,H,0.558035,0.243717,0.198248,H,1,0.583334,0.294034,formax-outcome-4.0,6d861e191d14ee4741a5969b1d2ffbfc,2025-09-20T16:30:00.0000000Z,2
97878,88,2025-09-20T16:45:00.0000000Z,1301,3539,2,0,H,0.338493,0.254795,0.406713,A,0,1.083252,0.667927,formax-outcome-4.0,6d861e191d14ee4741a5969b1d2ffbfc,2025-09-20T16:45:00.0000000Z,2
103581,203,2025-09-20T17:00:00.0000000Z,5068,4926,1,1,D,0.508564,0.270732,0.220704,H,0,1.306626,0.839179,formax-outcome-4.0,6d861e191d14ee4741a5969b1d2ffbfc,2025-09-20T17:00:00.0000000Z,2
105151,203,2025-09-20T17:00:00.0000000Z,5867,6025,1,1,D,0.325697,0.291310,0.382992,A,0,1.233366,0.755003,formax-outcome-4.0,6d861e191d14ee4741a5969b1d2ffbfc,2025-09-20T17:00:00.0000000Z,2
107048,61,2025-09-20T17:00:00.0000000Z,4558,3851,4,1,H,0.337742,0.252606,0.409652,A,0,1.085472,0.670209,formax-outcome-4.0,6d861e191d14ee4741a5969b1d2ffbfc,2025-09-20T17:00:00.0000000Z,2
103805,88,2025-09-20T18:00:00.0000000Z,1079,4678,1,0,H,0.206931,0.233794,0.559275,A,0,1.575370,0.996407,formax-outcome-4.0,6d861e191d14ee4741a5969b1d2ffbfc,2025-09-20T18:00:00.0000000Z,2
103171,135,2025-09-20T18:45:00.0000000Z,3405,1488,0,3,A,0.285307,0.284461,0.430232,A,1,0.843432,0.486954,formax-outcome-4.0,6d861e191d14ee4741a5969b1d2ffbfc,2025-09-20T18:45:00.0000000Z,2
102946,39,2025-09-20T19:00:00.0000000Z,4928,5807,3,1,H,0.358120,0.283954,0.357927,H,1,1.026888,0.620752,formax-outcome-4.0,6d861e191d14ee4741a5969b1d2ffbfc,2025-09-20T19:00:00.0000000Z,2
106129,140,2025-09-20T19:00:00.0000000Z,2030,1906,2,0,H,0.334608,0.287264,0.378129,A,0,1.094796,0.668249,formax-outcome-4.0,6d861e191d14ee4741a5969b1d2ffbfc,2025-09-20T19:00:00.0000000Z,2
102871,61,2025-09-20T19:05:00.0000000Z,886,4470,3,0,H,0.373671,0.272804,0.353525,H,1,0.984379,0.591690,formax-outcome-4.0,6d861e191d14ee4741a5969b1d2ffbfc,2025-09-20T19:05:00.0000000Z,2
104575,88,2025-09-21T10:15:00.0000000Z,2612,1580,0,2,A,0.421802,0.250490,0.327708,H,0,1.115631,0.692638,formax-outcome-4.0,6d861e191d14ee4741a5969b1d2ffbfc,2025-09-21T10:15:00.0000000Z,2
105520,135,2025-09-21T10:30:00.0000000Z,2837,2799,0,1,A,0.317797,0.295178,0.387025,A,1,0.949266,0.563863,formax-outcome-4.0,6d861e191d14ee4741a5969b1d2ffbfc,2025-09-21T10:30:00.0000000Z,2
104345,140,2025-09-21T12:00:00.0000000Z,2517,1904,1,1,D,0.461541,0.270687,0.267772,H,0,1.306791,0.816619,formax-outcome-4.0,6d861e191d14ee4741a5969b1d2ffbfc,2025-09-21T12:00:00.0000000Z,2
38709,88,2025-09-21T12:30:00.0000000Z,990,1080,3,2,H,0.268607,0.240475,0.490919,A,0,1.314506,0.833765,formax-outcome-4.0,6d861e191d14ee4741a5969b1d2ffbfc,2025-09-21T12:30:00.0000000Z,2
88190,88,2025-09-21T12:30:00.0000000Z,1775,2530,2,2,D,0.580092,0.210570,0.209338,H,0,1.557936,1.003529,formax-outcome-4.0,6d861e191d14ee4741a5969b1d2ffbfc,2025-09-21T12:30:00.0000000Z,2
60909,61,2025-09-21T13:00:00.0000000Z,4292,1911,2,3,A,0.512378,0.243807,0.243815,H,0,1.411346,0.893789,formax-outcome-4.0,6d861e191d14ee4741a5969b1d2ffbfc,2025-09-21T13:00:00.0000000Z,2
71121,39,2025-09-21T13:00:00.0000000Z,3646,1013,0,0,D,0.389681,0.290578,0.319741,H,0,1.235883,0.757365,formax-outcome-4.0,6d861e191d14ee4741a5969b1d2ffbfc,2025-09-21T13:00:00.0000000Z,2
102092,39,2025-09-21T13:00:00.0000000Z,2209,2109,1,1,D,0.087618,0.188681,0.723700,A,0,1.667696,1.189657,formax-outcome-4.0,6d861e191d14ee4741a5969b1d2ffbfc,2025-09-21T13:00:00.0000000Z,2
106011,135,2025-09-21T13:00:00.0000000Z,1652,4702,0,3,A,0.208068,0.265909,0.526023,A,1,0.642410,0.338654,formax-outcome-4.0,6d861e191d14ee4741a5969b1d2ffbfc,2025-09-21T13:00:00.0000000Z,2
72574,78,2025-09-21T13:30:00.0000000Z,4472,4180,3,4,A,0.721064,0.163960,0.114976,H,0,2.163028,1.330083,formax-outcome-4.0,6d861e191d14ee4741a5969b1d2ffbfc,2025-09-21T13:30:00.0000000Z,2
103003,40,2025-09-21T14:00:00.0000000Z,1053,1476,1,3,A,0.498199,0.260546,0.241255,H,0,1.421901,0.891781,formax-outcome-4.0,6d861e191d14ee4741a5969b1d2ffbfc,2025-09-21T14:00:00.0000000Z,2
103433,203,2025-09-21T14:00:00.0000000Z,6988,1845,1,1,D,0.213431,0.257897,0.528672,A,0,1.355194,0.875764,formax-outcome-4.0,6d861e191d14ee4741a5969b1d2ffbfc,2025-09-21T14:00:00.0000000Z,2
104172,203,2025-09-21T14:00:00.0000000Z,3661,6847,1,1,D,0.411870,0.283303,0.304827,H,0,1.261237,0.776210,formax-outcome-4.0,6d861e191d14ee4741a5969b1d2ffbfc,2025-09-21T14:00:00.0000000Z,2
105892,140,2025-09-21T14:15:00.0000000Z,1925,4267,1,1,D,0.206045,0.259094,0.534861,A,0,1.350563,0.877472,formax-outcome-4.0,6d861e191d14ee4741a5969b1d2ffbfc,2025-09-21T14:15:00.0000000Z,2
103749,88,2025-09-21T14:45:00.0000000Z,1271,2516,3,3,D,0.452781,0.241200,0.306019,H,0,1.422130,0.874436,formax-outcome-4.0,6d861e191d14ee4741a5969b1d2ffbfc,2025-09-21T14:45:00.0000000Z,2
60458,61,2025-09-21T15:15:00.0000000Z,1815,1872,1,0,H,0.474320,0.252106,0.273574,H,1,0.745872,0.414739,formax-outcome-4.0,6d861e191d14ee4741a5969b1d2ffbfc,2025-09-21T15:15:00.0000000Z,2
98371,61,2025-09-21T15:15:00.0000000Z,2085,1078,5,2,H,0.611907,0.209193,0.178900,H,1,0.491175,0.226383,formax-outcome-4.0,6d861e191d14ee4741a5969b1d2ffbfc,2025-09-21T15:15:00.0000000Z,2
106818,61,2025-09-21T15:15:00.0000000Z,1823,1666,1,1,D,0.497865,0.231574,0.270561,H,0,1.462857,0.911552,formax-outcome-4.0,6d861e191d14ee4741a5969b1d2ffbfc,2025-09-21T15:15:00.0000000Z,2
101977,78,2025-09-21T15:30:00.0000000Z,1260,1051,1,1,D,0.610860,0.199110,0.190030,H,0,1.613898,1.050686,formax-outcome-4.0,6d861e191d14ee4741a5969b1d2ffbfc,2025-09-21T15:30:00.0000000Z,2
104757,39,2025-09-21T15:30:00.0000000Z,4559,4166,1,1,D,0.450289,0.285487,0.264224,H,0,1.253561,0.783104,formax-outcome-4.0,6d861e191d14ee4741a5969b1d2ffbfc,2025-09-21T15:30:00.0000000Z,2
106563,135,2025-09-21T16:00:00.0000000Z,1503,5356,1,2,A,0.432627,0.277736,0.289637,H,0,1.239125,0.768918,formax-outcome-4.0,6d861e191d14ee4741a5969b1d2ffbfc,2025-09-21T16:00:00.0000000Z,2
105762,140,2025-09-21T16:30:00.0000000Z,3447,1944,1,0,H,0.440136,0.275452,0.284412,H,1,0.820672,0.470212,formax-outcome-4.0,6d861e191d14ee4741a5969b1d2ffbfc,2025-09-21T16:30:00.0000000Z,2
42796,203,2025-09-21T17:00:00.0000000Z,4226,3588,1,1,D,0.188976,0.233600,0.577424,A,0,1.454146,0.956500,formax-outcome-4.0,6d861e191d14ee4741a5969b1d2ffbfc,2025-09-21T17:00:00.0000000Z,2
105679,203,2025-09-21T17:00:00.0000000Z,1176,6019,3,2,H,0.632276,0.229242,0.138482,H,1,0.458429,0.206950,formax-outcome-4.0,6d861e191d14ee4741a5969b1d2ffbfc,2025-09-21T17:00:00.0000000Z,2
106684,78,2025-09-21T17:30:00.0000000Z,989,5353,1,0,H,0.660558,0.176857,0.162585,H,1,0.414671,0.172934,formax-outcome-4.0,6d861e191d14ee4741a5969b1d2ffbfc,2025-09-21T17:30:00.0000000Z,2
106618,135,2025-09-21T18:45:00.0000000Z,2685,3903,2,1,H,0.638595,0.215969,0.145436,H,1,0.448485,0.198408,formax-outcome-4.0,6d861e191d14ee4741a5969b1d2ffbfc,2025-09-21T18:45:00.0000000Z,2
103959,140,2025-09-21T19:00:00.0000000Z,4005,1914,3,0,H,0.774402,0.148141,0.077457,H,1,0.255664,0.078840,formax-outcome-4.0,6d861e191d14ee4741a5969b1d2ffbfc,2025-09-21T19:00:00.0000000Z,2
98889,203,2025-09-22T17:00:00.0000000Z,3309,1717,3,1,H,0.682952,0.197944,0.119104,H,1,0.381330,0.153887,formax-outcome-4.0,6d861e191d14ee4741a5969b1d2ffbfc,2025-09-22T17:00:00.0000000Z,2
106174,61,2025-09-22T18:00:00.0000000Z,5071,5284,1,0,H,0.299430,0.237394,0.463176,A,0,1.205874,0.761686,formax-outcome-4.0,6d861e191d14ee4741a5969b1d2ffbfc,2025-09-22T18:00:00.0000000Z,2
102353,40,2025-09-22T19:00:00.0000000Z,1511,1253,1,0,H,0.387663,0.292883,0.319454,H,1,0.947620,0.562789,formax-outcome-4.0,6d861e191d14ee4741a5969b1d2ffbfc,2025-09-22T19:00:00.0000000Z,2
105221,140,2025-09-23T17:00:00.0000000Z,1906,758,1,1,D,0.721760,0.185137,0.093103,H,0,1.686657,1.193606,formax-outcome-4.0,6d861e191d14ee4741a5969b1d2ffbfc,2025-09-23T17:00:00.0000000Z,2
105276,140,2025-09-23T17:00:00.0000000Z,762,2030,2,2,D,0.469806,0.271510,0.258683,H,0,1.303755,0.818332,formax-outcome-4.0,6d861e191d14ee4741a5969b1d2ffbfc,2025-09-23T17:00:00.0000000Z,2
104418,140,2025-09-23T19:30:00.0000000Z,3049,1776,1,2,A,0.278362,0.258877,0.462761,A,1,0.770544,0.433128,formax-outcome-4.0,6d861e191d14ee4741a5969b1d2ffbfc,2025-09-23T19:30:00.0000000Z,2
105334,140,2025-09-23T19:30:00.0000000Z,2383,4521,1,4,A,0.136822,0.200028,0.663150,A,1,0.410753,0.172199,formax-outcome-4.0,6d861e191d14ee4741a5969b1d2ffbfc,2025-09-23T19:30:00.0000000Z,2
42686,3,2025-09-24T16:45:00.0000000Z,2519,3477,2,0,H,0.697721,0.184467,0.117812,H,1,0.359936,0.139281,formax-outcome-4.0,6d861e191d14ee4741a5969b1d2ffbfc,2025-09-24T16:45:00.0000000Z,2
82495,203,2025-09-24T17:00:00.0000000Z,6025,3673,0,4,A,0.315377,0.280808,0.403815,A,1,0.906799,0.533753,formax-outcome-4.0,6d861e191d14ee4741a5969b1d2ffbfc,2025-09-24T17:00:00.0000000Z,2
103887,140,2025-09-24T17:00:00.0000000Z,1914,759,1,1,D,0.406549,0.300587,0.292864,H,0,1.202019,0.740231,formax-outcome-4.0,6d861e191d14ee4741a5969b1d2ffbfc,2025-09-24T17:00:00.0000000Z,2
103748,88,2025-09-24T18:00:00.0000000Z,1271,2612,2,2,D,0.715422,0.168260,0.116318,H,0,1.782245,1.217150,formax-outcome-4.0,6d861e191d14ee4741a5969b1d2ffbfc,2025-09-24T18:00:00.0000000Z,2
36448,3,2025-09-24T19:00:00.0000000Z,3440,3588,3,1,H,0.375119,0.264671,0.360210,H,1,0.980511,0.590278,formax-outcome-4.0,6d861e191d14ee4741a5969b1d2ffbfc,2025-09-24T19:00:00.0000000Z,2
40292,3,2025-09-24T19:00:00.0000000Z,2865,1487,1,1,D,0.504076,0.252455,0.243469,H,0,1.376521,0.872193,formax-outcome-4.0,6d861e191d14ee4741a5969b1d2ffbfc,2025-09-24T19:00:00.0000000Z,2
83923,3,2025-09-24T19:00:00.0000000Z,3710,2516,1,0,H,0.495676,0.261081,0.243243,H,1,0.701832,0.381673,formax-outcome-4.0,6d861e191d14ee4741a5969b1d2ffbfc,2025-09-24T19:00:00.0000000Z,2
104093,3,2025-09-24T19:00:00.0000000Z,2682,3248,1,2,A,0.626212,0.216561,0.157227,H,0,1.850063,1.149306,formax-outcome-4.0,6d861e191d14ee4741a5969b1d2ffbfc,2025-09-24T19:00:00.0000000Z,2
106075,3,2025-09-24T19:00:00.0000000Z,5685,1792,2,1,H,0.526573,0.246751,0.226676,H,1,0.641366,0.336402,formax-outcome-4.0,6d861e191d14ee4741a5969b1d2ffbfc,2025-09-24T19:00:00.0000000Z,2
106228,3,2025-09-24T19:00:00.0000000Z,2033,2480,2,2,D,0.340767,0.266476,0.392758,A,0,1.322472,0.808439,formax-outcome-4.0,6d861e191d14ee4741a5969b1d2ffbfc,2025-09-24T19:00:00.0000000Z,2
107047,3,2025-09-24T19:00:00.0000000Z,3851,2799,1,2,A,0.341038,0.283579,0.375383,A,1,0.979808,0.586870,formax-outcome-4.0,6d861e191d14ee4741a5969b1d2ffbfc,2025-09-24T19:00:00.0000000Z,2
101774,140,2025-09-24T19:30:00.0000000Z,1830,1925,1,0,H,0.431181,0.283609,0.285211,H,1,0.841228,0.485335,formax-outcome-4.0,6d861e191d14ee4741a5969b1d2ffbfc,2025-09-24T19:30:00.0000000Z,2
104344,140,2025-09-24T19:30:00.0000000Z,4267,2517,3,2,H,0.606437,0.231765,0.161798,H,1,0.500155,0.234786,formax-outcome-4.0,6d861e191d14ee4741a5969b1d2ffbfc,2025-09-24T19:30:00.0000000Z,2
36010,3,2025-09-25T16:45:00.0000000Z,4470,2551,2,1,H,0.516014,0.247025,0.236961,H,1,0.661621,0.351414,formax-outcome-4.0,6d861e191d14ee4741a5969b1d2ffbfc,2025-09-25T16:45:00.0000000Z,2
104574,3,2025-09-25T16:45:00.0000000Z,1580,2888,0,1,A,0.452442,0.259633,0.287925,H,0,1.245054,0.779163,formax-outcome-4.0,6d861e191d14ee4741a5969b1d2ffbfc,2025-09-25T16:45:00.0000000Z,2
105625,140,2025-09-25T17:30:00.0000000Z,3599,3447,1,1,D,0.663345,0.210144,0.126511,H,0,1.559964,1.079905,formax-outcome-4.0,6d861e191d14ee4741a5969b1d2ffbfc,2025-09-25T17:30:00.0000000Z,2
39114,3,2025-09-25T19:00:00.0000000Z,2522,3702,1,4,A,0.303415,0.279865,0.416720,A,1,0.875340,0.510600,formax-outcome-4.0,6d861e191d14ee4741a5969b1d2ffbfc,2025-09-25T19:00:00.0000000Z,2
53921,3,2025-09-25T19:00:00.0000000Z,4678,3589,0,1,A,0.362311,0.272363,0.365325,A,1,1.006967,0.608263,formax-outcome-4.0,6d861e191d14ee4741a5969b1d2ffbfc,2025-09-25T19:00:00.0000000Z,2
81845,3,2025-09-25T19:00:00.0000000Z,1810,2108,0,1,A,0.296688,0.270687,0.432625,A,1,0.837884,0.483210,formax-outcome-4.0,6d861e191d14ee4741a5969b1d2ffbfc,2025-09-25T19:00:00.0000000Z,2
82202,3,2025-09-25T19:00:00.0000000Z,2956,1631,1,1,D,0.465138,0.248980,0.285882,H,0,1.390384,0.862113,formax-outcome-4.0,6d861e191d14ee4741a5969b1d2ffbfc,2025-09-25T19:00:00.0000000Z,2
87828,3,2025-09-25T19:00:00.0000000Z,2750,4206,0,1,A,0.344458,0.268398,0.387144,A,1,0.948958,0.566281,formax-outcome-4.0,6d861e191d14ee4741a5969b1d2ffbfc,2025-09-25T19:00:00.0000000Z,2
102091,3,2025-09-25T19:00:00.0000000Z,2109,1520,1,0,H,0.658217,0.212113,0.129670,H,1,0.418220,0.178621,formax-outcome-4.0,6d861e191d14ee4741a5969b1d2ffbfc,2025-09-25T19:00:00.0000000Z,2
105584,3,2025-09-25T19:00:00.0000000Z,1278,1904,2,1,H,0.399226,0.265446,0.335328,H,1,0.918228,0.543836,formax-outcome-4.0,6d861e191d14ee4741a5969b1d2ffbfc,2025-09-25T19:00:00.0000000Z,2
106519,140,2025-09-25T19:30:00.0000000Z,1944,4005,1,3,A,0.070327,0.125406,0.804267,A,1,0.217824,0.058984,formax-outcome-4.0,6d861e191d14ee4741a5969b1d2ffbfc,2025-09-25T19:30:00.0000000Z,2
98888,203,2025-09-26T17:00:00.0000000Z,6847,3309,0,1,A,0.156266,0.220493,0.623241,A,1,0.472822,0.214983,formax-outcome-4.0,6d861e191d14ee4741a5969b1d2ffbfc,2025-09-26T17:00:00.0000000Z,2
83343,88,2025-09-26T18:00:00.0000000Z,3707,1079,3,2,H,0.531361,0.235312,0.233326,H,1,0.632313,0.329435,formax-outcome-4.0,6d861e191d14ee4741a5969b1d2ffbfc,2025-09-26T18:00:00.0000000Z,2
101582,78,2025-09-26T18:30:00.0000000Z,1328,966,4,0,H,0.834398,0.102246,0.063356,H,1,0.181045,0.041892,formax-outcome-4.0,6d861e191d14ee4741a5969b1d2ffbfc,2025-09-26T18:30:00.0000000Z,2
104894,61,2025-09-26T18:45:00.0000000Z,1911,5071,1,2,A,0.436961,0.253315,0.309724,H,0,1.172075,0.731585,formax-outcome-4.0,6d861e191d14ee4741a5969b1d2ffbfc,2025-09-26T18:45:00.0000000Z,2
102425,40,2025-09-26T19:00:00.0000000Z,1531,1910,1,1,D,0.176812,0.254748,0.568440,A,0,1.367479,0.909786,formax-outcome-4.0,6d861e191d14ee4741a5969b1d2ffbfc,2025-09-26T19:00:00.0000000Z,2
105220,140,2025-09-26T19:00:00.0000000Z,758,762,0,0,D,0.244259,0.258835,0.496906,A,0,1.351564,0.855904,formax-outcome-4.0,6d861e191d14ee4741a5969b1d2ffbfc,2025-09-26T19:00:00.0000000Z,2
98279,40,2025-09-27T11:30:00.0000000Z,5841,1490,3,0,H,0.410075,0.274308,0.315616,H,1,0.891414,0.522870,formax-outcome-4.0,6d861e191d14ee4741a5969b1d2ffbfc,2025-09-27T11:30:00.0000000Z,3
102352,40,2025-09-27T11:30:00.0000000Z,3467,1511,1,1,D,0.372036,0.295006,0.332958,H,0,1.220759,0.746288,formax-outcome-4.0,6d861e191d14ee4741a5969b1d2ffbfc,2025-09-27T11:30:00.0000000Z,3
102570,40,2025-09-27T11:30:00.0000000Z,2268,3380,1,1,D,0.411118,0.272884,0.315999,H,0,1.298710,0.797571,formax-outcome-4.0,6d861e191d14ee4741a5969b1d2ffbfc,2025-09-27T11:30:00.0000000Z,3
102945,39,2025-09-27T11:30:00.0000000Z,5807,4266,3,1,H,0.405482,0.272303,0.322215,H,1,0.902678,0.531423,formax-outcome-4.0,6d861e191d14ee4741a5969b1d2ffbfc,2025-09-27T11:30:00.0000000Z,3
103958,140,2025-09-27T12:00:00.0000000Z,1914,2383,1,1,D,0.584272,0.238824,0.176904,H,0,1.432027,0.952057,formax-outcome-4.0,6d861e191d14ee4741a5969b1d2ffbfc,2025-09-27T12:00:00.0000000Z,3
105726,135,2025-09-27T13:00:00.0000000Z,5356,3558,1,1,D,0.416680,0.285724,0.297596,H,0,1.252730,0.772376,formax-outcome-4.0,6d861e191d14ee4741a5969b1d2ffbfc,2025-09-27T13:00:00.0000000Z,3
101897,78,2025-09-27T13:30:00.0000000Z,5353,821,0,1,A,0.408856,0.244523,0.346621,H,0,1.059525,0.653860,formax-outcome-4.0,6d861e191d14ee4741a5969b1d2ffbfc,2025-09-27T13:30:00.0000000Z,3
102144,78,2025-09-27T13:30:00.0000000Z,4528,1260,1,2,A,0.253773,0.239134,0.507093,A,1,0.679061,0.364543,formax-outcome-4.0,6d861e191d14ee4741a5969b1d2ffbfc,2025-09-27T13:30:00.0000000Z,3
106683,78,2025-09-27T13:30:00.0000000Z,1281,989,0,2,A,0.202350,0.206758,0.590891,A,1,0.526123,0.251064,formax-outcome-4.0,6d861e191d14ee4741a5969b1d2ffbfc,2025-09-27T13:30:00.0000000Z,3
107149,78,2025-09-27T13:30:00.0000000Z,4330,1109,2,1,H,0.266956,0.244561,0.488482,A,0,1.320670,0.835778,formax-outcome-4.0,6d861e191d14ee4741a5969b1d2ffbfc,2025-09-27T13:30:00.0000000Z,3
99599,40,2025-09-27T14:00:00.0000000Z,1452,1912,3,0,H,0.380023,0.296744,0.323234,H,1,0.967525,0.576909,formax-outcome-4.0,6d861e191d14ee4741a5969b1d2ffbfc,2025-09-27T14:00:00.0000000Z,3
101689,40,2025-09-27T14:00:00.0000000Z,1499,1053,0,0,D,0.364223,0.281727,0.354051,H,0,1.266818,0.773926,formax-outcome-4.0,6d861e191d14ee4741a5969b1d2ffbfc,2025-09-27T14:00:00.0000000Z,3
101844,39,2025-09-27T14:00:00.0000000Z,3373,873,1,3,A,0.537974,0.248294,0.213732,H,0,1.543032,0.969283,formax-outcome-4.0,6d861e191d14ee4741a5969b1d2ffbfc,2025-09-27T14:00:00.0000000Z,3
102267,40,2025-09-27T14:00:00.0000000Z,4169,1502,1,1,D,0.339480,0.265711,0.394809,A,0,1.325345,0.810300,formax-outcome-4.0,6d861e191d14ee4741a5969b1d2ffbfc,2025-09-27T14:00:00.0000000Z,3
102501,40,2025-09-27T14:00:00.0000000Z,3598,1654,2,1,H,0.667249,0.204984,0.127766,H,1,0.404591,0.169066,formax-outcome-4.0,6d861e191d14ee4741a5969b1d2ffbfc,2025-09-27T14:00:00.0000000Z,3
102706,40,2025-09-27T14:00:00.0000000Z,3483,4379,1,1,D,0.361868,0.273266,0.364866,A,0,1.297308,0.792217,formax-outcome-4.0,6d861e191d14ee4741a5969b1d2ffbfc,2025-09-27T14:00:00.0000000Z,3
102813,40,2025-09-27T14:00:00.0000000Z,4290,4380,1,1,D,0.488463,0.270202,0.241335,H,0,1.308584,0.829443,formax-outcome-4.0,6d861e191d14ee4741a5969b1d2ffbfc,2025-09-27T14:00:00.0000000Z,3
103679,40,2025-09-27T14:00:00.0000000Z,1476,1460,0,1,A,0.322504,0.284838,0.392658,A,1,0.934816,0.554006,formax-outcome-4.0,6d861e191d14ee4741a5969b1d2ffbfc,2025-09-27T14:00:00.0000000Z,3
104110,203,2025-09-27T14:00:00.0000000Z,4926,1176,2,2,D,0.309853,0.288754,0.401393,A,0,1.242179,0.762995,formax-outcome-4.0,6d861e191d14ee4741a5969b1d2ffbfc,2025-09-27T14:00:00.0000000Z,3
104537,40,2025-09-27T14:00:00.0000000Z,1253,1718,2,1,H,0.333451,0.289979,0.376570,A,0,1.098260,0.670181,formax-outcome-4.0,6d861e191d14ee4741a5969b1d2ffbfc,2025-09-27T14:00:00.0000000Z,3
104756,39,2025-09-27T14:00:00.0000000Z,4166,2531,5,1,H,0.734398,0.180838,0.084763,H,1,0.308704,0.110431,formax-outcome-4.0,6d861e191d14ee4741a5969b1d2ffbfc,2025-09-27T14:00:00.0000000Z,3
105409,203,2025-09-27T14:00:00.0000000Z,6991,2549,0,0,D,0.246479,0.272503,0.481019,A,0,1.300107,0.821383,formax-outcome-4.0,6d861e191d14ee4741a5969b1d2ffbfc,2025-09-27T14:00:00.0000000Z,3
106326,39,2025-09-27T14:00:00.0000000Z,1486,2208,2,1,H,0.298734,0.280667,0.420599,A,0,1.208202,0.747452,formax-outcome-4.0,6d861e191d14ee4741a5969b1d2ffbfc,2025-09-27T14:00:00.0000000Z,3
106393,39,2025-09-27T14:00:00.0000000Z,2269,3646,2,2,D,0.209936,0.262937,0.527127,A,0,1.335840,0.865197,formax-outcome-4.0,6d861e191d14ee4741a5969b1d2ffbfc,2025-09-27T14:00:00.0000000Z,3
105891,140,2025-09-27T14:15:00.0000000Z,4267,4521,5,2,H,0.388744,0.267416,0.343840,H,1,0.944834,0.563371,formax-outcome-4.0,6d861e191d14ee4741a5969b1d2ffbfc,2025-09-27T14:15:00.0000000Z,3
88189,88,2025-09-27T14:30:00.0000000Z,2530,1378,2,1,H,0.646364,0.203357,0.150280,H,1,0.436393,0.188997,formax-outcome-4.0,6d861e191d14ee4741a5969b1d2ffbfc,2025-09-27T14:30:00.0000000Z,3
98370,61,2025-09-27T15:00:00.0000000Z,1666,2085,3,1,H,0.332791,0.241634,0.425575,A,0,1.100241,0.684669,formax-outcome-4.0,6d861e191d14ee4741a5969b1d2ffbfc,2025-09-27T15:00:00.0000000Z,3
106010,135,2025-09-27T16:00:00.0000000Z,2013,4702,1,1,D,0.309333,0.270367,0.420299,A,0,1.307973,0.804702,formax-outcome-4.0,6d861e191d14ee4741a5969b1d2ffbfc,2025-09-27T16:00:00.0000000Z,3
72573,78,2025-09-27T16:30:00.0000000Z,1051,4472,4,6,A,0.176708,0.195007,0.628285,A,1,0.464762,0.207426,formax-outcome-4.0,6d861e191d14ee4741a5969b1d2ffbfc,2025-09-27T16:30:00.0000000Z,3
103886,140,2025-09-27T16:30:00.0000000Z,1925,759,1,0,H,0.365200,0.304491,0.330309,H,1,1.007311,0.604790,formax-outcome-4.0,6d861e191d14ee4741a5969b1d2ffbfc,2025-09-27T16:30:00.0000000Z,3
106366,39,2025-09-27T16:30:00.0000000Z,2480,2209,0,1,A,0.769442,0.158272,0.072286,H,0,2.627130,1.477745,formax-outcome-4.0,6d861e191d14ee4741a5969b1d2ffbfc,2025-09-27T16:30:00.0000000Z,3
104642,88,2025-09-27T16:45:00.0000000Z,4677,2612,2,1,H,0.417157,0.254161,0.328682,H,1,0.874292,0.512335,formax-outcome-4.0,6d861e191d14ee4741a5969b1d2ffbfc,2025-09-27T16:45:00.0000000Z,3
103580,203,2025-09-27T17:00:00.0000000Z,6019,5068,3,4,A,0.146714,0.227090,0.626196,A,1,0.468092,0.212824,formax-outcome-4.0,6d861e191d14ee4741a5969b1d2ffbfc,2025-09-27T17:00:00.0000000Z,3
106855,61,2025-09-27T17:00:00.0000000Z,1872,1668,2,2,D,0.580033,0.236624,0.183343,H,0,1.441281,0.952795,formax-outcome-4.0,6d861e191d14ee4741a5969b1d2ffbfc,2025-09-27T17:00:00.0000000Z,3
104021,88,2025-09-27T18:00:00.0000000Z,4124,1775,1,2,A,0.234830,0.200111,0.565058,A,1,0.570826,0.284364,formax-outcome-4.0,6d861e191d14ee4741a5969b1d2ffbfc,2025-09-27T18:00:00.0000000Z,3
106617,135,2025-09-27T18:45:00.0000000Z,3394,2685,0,2,A,0.191221,0.244449,0.564330,A,1,0.572116,0.286129,formax-outcome-4.0,6d861e191d14ee4741a5969b1d2ffbfc,2025-09-27T18:45:00.0000000Z,3
97509,88,2025-09-27T19:00:00.0000000Z,4157,1162,3,0,H,0.273535,0.242705,0.483760,A,0,1.296324,0.820680,formax-outcome-4.0,6d861e191d14ee4741a5969b1d2ffbfc,2025-09-27T19:00:00.0000000Z,3
99488,39,2025-09-27T19:00:00.0000000Z,2355,1829,1,1,D,0.509181,0.258041,0.232778,H,0,1.354637,0.863954,formax-outcome-4.0,6d861e191d14ee4741a5969b1d2ffbfc,2025-09-27T19:00:00.0000000Z,3
104826,140,2025-09-27T19:00:00.0000000Z,1776,1906,1,0,H,0.539566,0.254365,0.206069,H,1,0.616990,0.319166,formax-outcome-4.0,6d861e191d14ee4741a5969b1d2ffbfc,2025-09-27T19:00:00.0000000Z,3
60457,61,2025-09-27T19:05:00.0000000Z,5284,1815,2,0,H,0.842199,0.108062,0.049739,H,1,0.171739,0.039053,formax-outcome-4.0,6d861e191d14ee4741a5969b1d2ffbfc,2025-09-27T19:05:00.0000000Z,3
38708,88,2025-09-28T10:15:00.0000000Z,1080,1271,2,1,H,0.318015,0.226810,0.455174,A,0,1.145655,0.723729,formax-outcome-4.0,6d861e191d14ee4741a5969b1d2ffbfc,2025-09-28T10:15:00.0000000Z,3
107415,135,2025-09-28T10:30:00.0000000Z,3903,3405,3,1,H,0.360944,0.291314,0.347742,H,1,1.019034,0.614182,formax-outcome-4.0,6d861e191d14ee4741a5969b1d2ffbfc,2025-09-28T10:30:00.0000000Z,3
104343,140,2025-09-28T12:00:00.0000000Z,2517,3049,0,1,A,0.516950,0.257195,0.225856,H,0,1.487859,0.932685,formax-outcome-4.0,6d861e191d14ee4741a5969b1d2ffbfc,2025-09-28T12:00:00.0000000Z,3
103804,88,2025-09-28T12:30:00.0000000Z,4678,990,2,2,D,0.673468,0.191270,0.135261,H,0,1.654067,1.125899,formax-outcome-4.0,6d861e191d14ee4741a5969b1d2ffbfc,2025-09-28T12:30:00.0000000Z,3
104476,88,2025-09-28T12:30:00.0000000Z,1301,2516,0,1,A,0.261042,0.236418,0.502539,A,1,0.688082,0.371504,formax-outcome-4.0,6d861e191d14ee4741a5969b1d2ffbfc,2025-09-28T12:30:00.0000000Z,3
60908,61,2025-09-28T13:00:00.0000000Z,3851,4292,1,1,D,0.467823,0.242774,0.289403,H,0,1.415625,0.876004,formax-outcome-4.0,6d861e191d14ee4741a5969b1d2ffbfc,2025-09-28T13:00:00.0000000Z,3
102090,39,2025-09-28T13:00:00.0000000Z,2109,4928,3,1,H,0.448115,0.286819,0.265066,H,1,0.802705,0.457102,formax-outcome-4.0,6d861e191d14ee4741a5969b1d2ffbfc,2025-09-28T13:00:00.0000000Z,3
105451,135,2025-09-28T13:00:00.0000000Z,2799,1719,2,0,H,0.660260,0.221790,0.117950,H,1,0.415121,0.178526,formax-outcome-4.0,6d861e191d14ee4741a5969b1d2ffbfc,2025-09-28T13:00:00.0000000Z,3
106074,78,2025-09-28T13:30:00.0000000Z,5685,3573,1,1,D,0.448806,0.222184,0.329011,H,0,1.504251,0.914673,formax-outcome-4.0,6d861e191d14ee4741a5969b1d2ffbfc,2025-09-28T13:30:00.0000000Z,3
103362,203,2025-09-28T14:00:00.0000000Z,1717,3661,2,1,H,0.347580,0.278514,0.373905,A,0,1.056759,0.643027,formax-outcome-4.0,6d861e191d14ee4741a5969b1d2ffbfc,2025-09-28T14:00:00.0000000Z,3
103432,203,2025-09-28T14:00:00.0000000Z,1845,4226,1,2,A,0.371052,0.267248,0.361700,H,0,1.016939,0.616527,formax-outcome-4.0,6d861e191d14ee4741a5969b1d2ffbfc,2025-09-28T14:00:00.0000000Z,3
105583,140,2025-09-28T14:15:00.0000000Z,3447,1904,2,1,H,0.259428,0.270618,0.469954,A,0,1.349277,0.842538,formax-outcome-4.0,6d861e191d14ee4741a5969b1d2ffbfc,2025-09-28T14:15:00.0000000Z,3
97877,88,2025-09-28T14:45:00.0000000Z,3539,1580,4,2,H,0.509828,0.236233,0.253939,H,1,0.673683,0.360560,formax-outcome-4.0,6d861e191d14ee4741a5969b1d2ffbfc,2025-09-28T14:45:00.0000000Z,3
53920,61,2025-09-28T15:15:00.0000000Z,4470,3589,0,1,A,0.495758,0.243660,0.260583,H,0,1.344834,0.851883,formax-outcome-4.0,6d861e191d14ee4741a5969b1d2ffbfc,2025-09-28T15:15:00.0000000Z,3
103280,61,2025-09-28T15:15:00.0000000Z,1257,4558,0,2,A,0.512143,0.250499,0.237358,H,0,1.438184,0.906662,formax-outcome-4.0,6d861e191d14ee4741a5969b1d2ffbfc,2025-09-28T15:15:00.0000000Z,3
107236,61,2025-09-28T15:15:00.0000000Z,1078,1823,0,0,D,0.598507,0.213018,0.188475,H,0,1.546378,1.013074,formax-outcome-4.0,6d861e191d14ee4741a5969b1d2ffbfc,2025-09-28T15:15:00.0000000Z,3
71119,39,2025-09-28T15:30:00.0000000Z,1013,4559,1,2,A,0.331237,0.291703,0.377059,A,1,0.975353,0.582864,formax-outcome-4.0,6d861e191d14ee4741a5969b1d2ffbfc,2025-09-28T15:30:00.0000000Z,3
105797,135,2025-09-28T16:00:00.0000000Z,1584,1520,2,2,D,0.204675,0.276744,0.518581,A,0,1.284663,0.833918,formax-outcome-4.0,6d861e191d14ee4741a5969b1d2ffbfc,2025-09-28T16:00:00.0000000Z,3
101773,140,2025-09-28T16:30:00.0000000Z,4005,1830,2,1,H,0.812006,0.124627,0.063366,H,1,0.208247,0.054889,formax-outcome-4.0,6d861e191d14ee4741a5969b1d2ffbfc,2025-09-28T16:30:00.0000000Z,3
42795,203,2025-09-28T17:00:00.0000000Z,3588,5867,2,0,H,0.678553,0.199762,0.121685,H,1,0.387792,0.158040,formax-outcome-4.0,6d861e191d14ee4741a5969b1d2ffbfc,2025-09-28T17:00:00.0000000Z,3
104224,203,2025-09-28T17:00:00.0000000Z,6025,6848,1,1,D,0.553093,0.246048,0.200859,H,0,1.402227,0.914699,formax-outcome-4.0,6d861e191d14ee4741a5969b1d2ffbfc,2025-09-28T17:00:00.0000000Z,3
103170,135,2025-09-28T18:45:00.0000000Z,1488,2845,2,1,H,0.313818,0.289079,0.397103,A,0,1.158941,0.712102,formax-outcome-4.0,6d861e191d14ee4741a5969b1d2ffbfc,2025-09-28T18:45:00.0000000Z,3
107384,61,2025-09-28T18:45:00.0000000Z,1781,886,0,0,D,0.445797,0.266815,0.287388,H,0,1.321200,0.818888,formax-outcome-4.0,6d861e191d14ee4741a5969b1d2ffbfc,2025-09-28T18:45:00.0000000Z,3
105624,140,2025-09-28T19:00:00.0000000Z,2033,3599,2,0,H,0.478582,0.263009,0.258409,H,1,0.736927,0.407825,formax-outcome-4.0,6d861e191d14ee4741a5969b1d2ffbfc,2025-09-28T19:00:00.0000000Z,3
107007,135,2025-09-29T16:30:00.0000000Z,3648,1652,2,1,H,0.385419,0.303096,0.311485,H,1,0.953423,0.566599,formax-outcome-4.0,6d861e191d14ee4741a5969b1d2ffbfc,2025-09-29T16:30:00.0000000Z,3
82494,203,2025-09-29T17:00:00.0000000Z,3673,6988,3,1,H,0.689969,0.194179,0.115852,H,1,0.371108,0.147246,formax-outcome-4.0,6d861e191d14ee4741a5969b1d2ffbfc,2025-09-29T17:00:00.0000000Z,3
105519,135,2025-09-29T18:45:00.0000000Z,1649,2837,0,3,A,0.305977,0.293503,0.400520,A,1,0.914992,0.539142,formax-outcome-4.0,6d861e191d14ee4741a5969b1d2ffbfc,2025-09-29T18:45:00.0000000Z,3
71211,39,2025-09-29T19:00:00.0000000Z,1482,2751,1,1,D,0.520705,0.264461,0.214835,H,0,1.330063,0.858305,formax-outcome-4.0,6d861e191d14ee4741a5969b1d2ffbfc,2025-09-29T19:00:00.0000000Z,3
103029,2,2025-09-30T16:45:00.0000000Z,2657,4521,0,5,A,0.274115,0.237280,0.488605,A,1,0.716201,0.392966,formax-outcome-4.0,6d861e191d14ee4741a5969b1d2ffbfc,2025-09-30T16:45:00.0000000Z,3
106009,2,2025-09-30T16:45:00.0000000Z,4702,1782,2,1,H,0.512904,0.228962,0.258134,H,1,0.667666,0.356319,formax-outcome-4.0,6d861e191d14ee4741a5969b1d2ffbfc,2025-09-30T16:45:00.0000000Z,3
106518,140,2025-09-30T18:00:00.0000000Z,2030,1944,1,2,A,0.662754,0.206734,0.130512,H,0,2.036292,1.237992,formax-outcome-4.0,6d861e191d14ee4741a5969b1d2ffbfc,2025-09-30T18:00:00.0000000Z,3
99598,40,2025-09-30T18:45:00.0000000Z,1912,3467,1,2,A,0.338623,0.298473,0.362904,A,1,1.013617,0.609643,formax-outcome-4.0,6d861e191d14ee4741a5969b1d2ffbfc,2025-09-30T18:45:00.0000000Z,3
101688,40,2025-09-30T18:45:00.0000000Z,1718,1499,2,2,D,0.335103,0.298122,0.366774,A,0,1.210251,0.739450,formax-outcome-4.0,6d861e191d14ee4741a5969b1d2ffbfc,2025-09-30T18:45:00.0000000Z,3
102705,40,2025-09-30T18:45:00.0000000Z,4380,3483,0,0,D,0.464079,0.283102,0.252819,H,0,1.261948,0.793230,formax-outcome-4.0,6d861e191d14ee4741a5969b1d2ffbfc,2025-09-30T18:45:00.0000000Z,3
103002,40,2025-09-30T18:45:00.0000000Z,1053,3598,1,1,D,0.183290,0.238763,0.577947,A,0,1.432284,0.947100,formax-outcome-4.0,6d861e191d14ee4741a5969b1d2ffbfc,2025-09-30T18:45:00.0000000Z,3
103678,40,2025-09-30T18:45:00.0000000Z,1460,4290,1,2,A,0.251016,0.284210,0.464774,A,1,0.766204,0.430251,formax-outcome-4.0,6d861e191d14ee4741a5969b1d2ffbfc,2025-09-30T18:45:00.0000000Z,3
103716,40,2025-09-30T18:45:00.0000000Z,1490,4169,2,2,D,0.444180,0.279093,0.276727,H,0,1.276209,0.793580,formax-outcome-4.0,6d861e191d14ee4741a5969b1d2ffbfc,2025-09-30T18:45:00.0000000Z,3
105746,40,2025-09-30T18:45:00.0000000Z,1910,2268,1,1,D,0.597732,0.239953,0.162315,H,0,1.427310,0.961300,formax-outcome-4.0,6d861e191d14ee4741a5969b1d2ffbfc,2025-09-30T18:45:00.0000000Z,3
72572,2,2025-09-30T19:00:00.0000000Z,4267,4472,5,1,H,0.640188,0.187870,0.171942,H,1,0.445994,0.194324,formax-outcome-4.0,6d861e191d14ee4741a5969b1d2ffbfc,2025-09-30T19:00:00.0000000Z,3
82701,2,2025-09-30T19:00:00.0000000Z,3680,1328,1,5,A,0.229855,0.227182,0.542963,A,1,0.610715,0.313328,formax-outcome-4.0,6d861e191d14ee4741a5969b1d2ffbfc,2025-09-30T19:00:00.0000000Z,3
88188,2,2025-09-30T19:00:00.0000000Z,5071,2530,4,0,H,0.711518,0.173437,0.115045,H,1,0.340354,0.126537,formax-outcome-4.0,6d861e191d14ee4741a5969b1d2ffbfc,2025-09-30T19:00:00.0000000Z,3
88374,2,2025-09-30T19:00:00.0000000Z,3373,3711,1,0,H,0.627955,0.208370,0.163675,H,1,0.465287,0.208625,formax-outcome-4.0,6d861e191d14ee4741a5969b1d2ffbfc,2025-09-30T19:00:00.0000000Z,3
98887,2,2025-09-30T19:00:00.0000000Z,3309,2208,1,0,H,0.355229,0.242322,0.402449,A,0,1.034993,0.636415,formax-outcome-4.0,6d861e191d14ee4741a5969b1d2ffbfc,2025-09-30T19:00:00.0000000Z,3
102214,40,2025-09-30T19:00:00.0000000Z,3380,1452,1,1,D,0.321149,0.292777,0.386074,A,0,1.228344,0.752354,formax-outcome-4.0,6d861e191d14ee4741a5969b1d2ffbfc,2025-09-30T19:00:00.0000000Z,3
105914,2,2025-09-30T19:00:00.0000000Z,2705,2355,2,2,D,0.348214,0.251609,0.400177,A,0,1.379880,0.841484,formax-outcome-4.0,6d861e191d14ee4741a5969b1d2ffbfc,2025-09-30T19:00:00.0000000Z,3
106616,2,2025-09-30T19:00:00.0000000Z,2685,2598,3,0,H,0.706477,0.169744,0.123778,H,1,0.347464,0.130290,formax-outcome-4.0,6d861e191d14ee4741a5969b1d2ffbfc,2025-09-30T19:00:00.0000000Z,3
71118,2,2025-10-01T16:45:00.0000000Z,3977,1013,0,4,A,0.341277,0.258292,0.400431,A,1,0.915214,0.542668,formax-outcome-4.0,6d861e191d14ee4741a5969b1d2ffbfc,2025-10-01T16:45:00.0000000Z,3
98278,40,2025-10-01T18:45:00.0000000Z,1511,5841,0,4,A,0.280765,0.281414,0.437821,A,1,0.825945,0.474068,formax-outcome-4.0,6d861e191d14ee4741a5969b1d2ffbfc,2025-10-01T18:45:00.0000000Z,3
102424,40,2025-10-01T18:45:00.0000000Z,4379,1531,0,1,A,0.353413,0.275062,0.371526,A,1,0.990137,0.595539,formax-outcome-4.0,6d861e191d14ee4741a5969b1d2ffbfc,2025-10-01T18:45:00.0000000Z,3
102500,40,2025-10-01T18:45:00.0000000Z,1654,1253,2,2,D,0.421252,0.289359,0.289389,H,0,1.240088,0.766211,formax-outcome-4.0,6d861e191d14ee4741a5969b1d2ffbfc,2025-10-01T18:45:00.0000000Z,3
38820,2,2025-10-01T19:00:00.0000000Z,4559,1272,2,0,H,0.739004,0.163480,0.097515,H,1,0.302451,0.104354,formax-outcome-4.0,6d861e191d14ee4741a5969b1d2ffbfc,2025-10-01T19:00:00.0000000Z,3
98369,2,2025-10-01T19:00:00.0000000Z,2085,4166,2,2,D,0.221643,0.218506,0.559851,A,0,1.520941,0.973291,formax-outcome-4.0,6d861e191d14ee4741a5969b1d2ffbfc,2025-10-01T19:00:00.0000000Z,3
99871,2,2025-10-01T19:00:00.0000000Z,2845,2084,2,1,H,0.441709,0.254349,0.303942,H,1,0.817103,0.468763,formax-outcome-4.0,6d861e191d14ee4741a5969b1d2ffbfc,2025-10-01T19:00:00.0000000Z,3
102143,2,2025-10-01T19:00:00.0000000Z,1260,1775,1,1,D,0.515560,0.220620,0.263820,H,0,1.511315,0.942837,formax-outcome-4.0,6d861e191d14ee4741a5969b1d2ffbfc,2025-10-01T19:00:00.0000000Z,3
102266,40,2025-10-01T19:00:00.0000000Z,1502,1476,0,0,D,0.388239,0.276647,0.335114,H,0,1.285014,0.786271,formax-outcome-4.0,6d861e191d14ee4741a5969b1d2ffbfc,2025-10-01T19:00:00.0000000Z,3
104825,2,2025-10-01T19:00:00.0000000Z,1776,2013,2,2,D,0.615550,0.204568,0.179882,H,0,1.586853,1.043970,formax-outcome-4.0,6d861e191d14ee4741a5969b1d2ffbfc,2025-10-01T19:00:00.0000000Z,3
106128,2,2025-10-01T19:00:00.0000000Z,989,1906,4,1,H,0.667951,0.194519,0.137530,H,1,0.403540,0.167008,formax-outcome-4.0,6d861e191d14ee4741a5969b1d2ffbfc,2025-10-01T19:00:00.0000000Z,3
107428,2,2025-10-01T19:00:00.0000000Z,4005,5284,1,2,A,0.469071,0.229643,0.301287,H,0,1.199693,0.760963,formax-outcome-4.0,6d861e191d14ee4741a5969b1d2ffbfc,2025-10-01T19:00:00.0000000Z,3
36008,3,2025-10-02T16:45:00.0000000Z,2551,4678,1,0,H,0.457676,0.269059,0.273265,H,1,0.781593,0.441182,formax-outcome-4.0,6d861e191d14ee4741a5969b1d2ffbfc,2025-10-02T16:45:00.0000000Z,3
39112,3,2025-10-02T16:45:00.0000000Z,3702,1580,1,2,A,0.562197,0.242214,0.195588,H,0,1.631743,1.021812,formax-outcome-4.0,6d861e191d14ee4741a5969b1d2ffbfc,2025-10-02T16:45:00.0000000Z,3
42794,3,2025-10-02T16:45:00.0000000Z,3588,3851,2,1,H,0.487055,0.263646,0.249299,H,1,0.719378,0.394772,formax-outcome-4.0,6d861e191d14ee4741a5969b1d2ffbfc,2025-10-02T16:45:00.0000000Z,3
70769,848,2025-10-02T16:45:00.0000000Z,2056,3002,4,1,H,0.652121,0.196247,0.151633,H,1,0.427526,0.182525,formax-outcome-4.0,6d861e191d14ee4741a5969b1d2ffbfc,2025-10-02T16:45:00.0000000Z,3
81240,848,2025-10-02T16:45:00.0000000Z,3654,3689,1,0,H,0.472649,0.254507,0.272843,H,1,0.749401,0.417316,formax-outcome-4.0,6d861e191d14ee4741a5969b1d2ffbfc,2025-10-02T16:45:00.0000000Z,3
82396,848,2025-10-02T16:45:00.0000000Z,3559,1281,0,1,A,0.546718,0.237159,0.216122,H,0,1.531910,0.969609,formax-outcome-4.0,6d861e191d14ee4741a5969b1d2ffbfc,2025-10-02T16:45:00.0000000Z,3
83921,3,2025-10-02T16:45:00.0000000Z,1487,3710,0,2,A,0.369621,0.304443,0.325936,H,0,1.121055,0.683668,formax-outcome-4.0,6d861e191d14ee4741a5969b1d2ffbfc,2025-10-02T16:45:00.0000000Z,3
102870,3,2025-10-02T16:45:00.0000000Z,2799,4470,0,1,A,0.455437,0.283056,0.261507,H,0,1.341295,0.832916,formax-outcome-4.0,6d861e191d14ee4741a5969b1d2ffbfc,2025-10-02T16:45:00.0000000Z,3
104092,3,2025-10-02T16:45:00.0000000Z,3248,2033,0,2,A,0.268269,0.262108,0.469623,A,1,0.755824,0.421968,formax-outcome-4.0,6d861e191d14ee4741a5969b1d2ffbfc,2025-10-02T16:45:00.0000000Z,3
105382,848,2025-10-02T16:45:00.0000000Z,1789,3303,3,0,H,0.405491,0.270127,0.324382,H,1,0.902656,0.531633,formax-outcome-4.0,6d861e191d14ee4741a5969b1d2ffbfc,2025-10-02T16:45:00.0000000Z,3
105708,3,2025-10-02T16:45:00.0000000Z,2888,2522,0,2,A,0.512635,0.255745,0.231620,H,0,1.462657,0.918608,formax-outcome-4.0,6d861e191d14ee4741a5969b1d2ffbfc,2025-10-02T16:45:00.0000000Z,3
105977,3,2025-10-02T16:45:00.0000000Z,1631,2682,3,0,H,0.457791,0.255757,0.286452,H,1,0.781343,0.441457,formax-outcome-4.0,6d861e191d14ee4741a5969b1d2ffbfc,2025-10-02T16:45:00.0000000Z,3
106073,3,2025-10-02T16:45:00.0000000Z,1520,5685,1,1,D,0.464108,0.270970,0.264922,H,0,1.305749,0.817065,formax-outcome-4.0,6d861e191d14ee4741a5969b1d2ffbfc,2025-10-02T16:45:00.0000000Z,3
40290,3,2025-10-02T19:00:00.0000000Z,2108,2865,2,1,H,0.369321,0.283777,0.346902,H,1,0.996089,0.598626,formax-outcome-4.0,6d861e191d14ee4741a5969b1d2ffbfc,2025-10-02T19:00:00.0000000Z,3
42684,3,2025-10-02T19:00:00.0000000Z,3477,2750,2,1,H,0.299105,0.287010,0.413884,A,0,1.206959,0.744928,formax-outcome-4.0,6d861e191d14ee4741a5969b1d2ffbfc,2025-10-02T19:00:00.0000000Z,3
53919,3,2025-10-02T19:00:00.0000000Z,3589,1810,2,0,H,0.689635,0.194039,0.116326,H,1,0.371593,0.147510,formax-outcome-4.0,6d861e191d14ee4741a5969b1d2ffbfc,2025-10-02T19:00:00.0000000Z,3
82032,848,2025-10-02T19:00:00.0000000Z,2576,1947,2,0,H,0.536844,0.250191,0.212965,H,1,0.622048,0.322463,formax-outcome-4.0,6d861e191d14ee4741a5969b1d2ffbfc,2025-10-02T19:00:00.0000000Z,3
82200,3,2025-10-02T19:00:00.0000000Z,4206,2956,0,1,A,0.449490,0.268083,0.282427,H,0,1.264336,0.788821,formax-outcome-4.0,6d861e191d14ee4741a5969b1d2ffbfc,2025-10-02T19:00:00.0000000Z,3
83569,3,2025-10-02T19:00:00.0000000Z,2480,2519,2,3,A,0.422545,0.281768,0.295687,H,0,1.218454,0.753994,formax-outcome-4.0,6d861e191d14ee4741a5969b1d2ffbfc,2025-10-02T19:00:00.0000000Z,3
88070,3,2025-10-02T19:00:00.0000000Z,1904,3690,3,1,H,0.400367,0.273577,0.326056,H,1,0.915373,0.540717,formax-outcome-4.0,6d861e191d14ee4741a5969b1d2ffbfc,2025-10-02T19:00:00.0000000Z,3
102089,3,2025-10-02T19:00:00.0000000Z,2516,2109,0,2,A,0.226845,0.274150,0.499005,A,1,0.695139,0.377613,formax-outcome-4.0,6d861e191d14ee4741a5969b1d2ffbfc,2025-10-02T19:00:00.0000000Z,3
103239,848,2025-10-02T19:00:00.0000000Z,1503,2797,2,0,H,0.726206,0.173104,0.100690,H,1,0.319921,0.115067,formax-outcome-4.0,6d861e191d14ee4741a5969b1d2ffbfc,2025-10-02T19:00:00.0000000Z,3
103747,848,2025-10-02T19:00:00.0000000Z,3684,1271,4,0,H,0.282038,0.260638,0.457324,A,0,1.265714,0.792547,formax-outcome-4.0,6d861e191d14ee4741a5969b1d2ffbfc,2025-10-02T19:00:00.0000000Z,3
105678,848,2025-10-02T19:00:00.0000000Z,4680,1176,0,1,A,0.676445,0.196635,0.126921,H,0,2.064191,1.258509,formax-outcome-4.0,6d861e191d14ee4741a5969b1d2ffbfc,2025-10-02T19:00:00.0000000Z,3
103431,203,2025-10-03T17:00:00.0000000Z,5867,1845,2,5,A,0.311605,0.280720,0.407676,A,1,0.897283,0.526749,formax-outcome-4.0,6d861e191d14ee4741a5969b1d2ffbfc,2025-10-03T17:00:00.0000000Z,3
103579,203,2025-10-03T17:00:00.0000000Z,5068,6025,4,0,H,0.537784,0.253537,0.208679,H,1,0.620298,0.321471,formax-outcome-4.0,6d861e191d14ee4741a5969b1d2ffbfc,2025-10-03T17:00:00.0000000Z,3
104475,88,2025-10-03T18:00:00.0000000Z,1378,1301,1,2,A,0.332795,0.258404,0.408801,A,1,0.894528,0.527042,formax-outcome-4.0,6d861e191d14ee4741a5969b1d2ffbfc,2025-10-03T18:00:00.0000000Z,3
60907,61,2025-10-03T18:45:00.0000000Z,4292,1666,2,0,H,0.627272,0.205084,0.167645,H,1,0.466375,0.209090,formax-outcome-4.0,6d861e191d14ee4741a5969b1d2ffbfc,2025-10-03T18:45:00.0000000Z,3
105450,135,2025-10-03T18:45:00.0000000Z,1719,3903,0,1,A,0.284652,0.286031,0.429317,A,1,0.845559,0.488519,formax-outcome-4.0,6d861e191d14ee4741a5969b1d2ffbfc,2025-10-03T18:45:00.0000000Z,3
103715,40,2025-10-03T19:00:00.0000000Z,2268,1490,1,1,D,0.380262,0.282356,0.337382,H,0,1.264588,0.773440,formax-outcome-4.0,6d861e191d14ee4741a5969b1d2ffbfc,2025-10-03T19:00:00.0000000Z,3
103957,140,2025-10-03T19:00:00.0000000Z,3599,1914,2,1,H,0.481183,0.284104,0.234714,H,1,0.731508,0.404977,formax-outcome-4.0,6d861e191d14ee4741a5969b1d2ffbfc,2025-10-03T19:00:00.0000000Z,3
107195,39,2025-10-03T19:00:00.0000000Z,3646,4928,3,1,H,0.494780,0.270277,0.234943,H,1,0.703643,0.383496,formax-outcome-4.0,6d861e191d14ee4741a5969b1d2ffbfc,2025-10-03T19:00:00.0000000Z,3
98277,40,2025-10-04T11:30:00.0000000Z,4169,5841,0,5,A,0.191336,0.234220,0.574444,A,1,0.554353,0.272567,formax-outcome-4.0,6d861e191d14ee4741a5969b1d2ffbfc,2025-10-04T11:30:00.0000000Z,3
99597,40,2025-10-04T11:30:00.0000000Z,1912,3483,1,1,D,0.314933,0.304529,0.380538,A,0,1.188990,0.727673,formax-outcome-4.0,6d861e191d14ee4741a5969b1d2ffbfc,2025-10-04T11:30:00.0000000Z,3
103677,40,2025-10-04T11:30:00.0000000Z,1718,1460,1,0,H,0.310125,0.288293,0.401581,A,0,1.170778,0.720307,formax-outcome-4.0,6d861e191d14ee4741a5969b1d2ffbfc,2025-10-04T11:30:00.0000000Z,3
104171,203,2025-10-04T11:30:00.0000000Z,6848,6847,2,2,D,0.169053,0.229035,0.601913,A,0,1.473882,0.985265,formax-outcome-4.0,6d861e191d14ee4741a5969b1d2ffbfc,2025-10-04T11:30:00.0000000Z,3
106392,39,2025-10-04T11:30:00.0000000Z,2269,2355,1,2,A,0.282353,0.266117,0.451530,A,1,0.795113,0.451361,formax-outcome-4.0,6d861e191d14ee4741a5969b1d2ffbfc,2025-10-04T11:30:00.0000000Z,3
105333,140,2025-10-04T12:00:00.0000000Z,1944,2383,0,2,A,0.453405,0.264863,0.281733,H,0,1.266797,0.791636,formax-outcome-4.0,6d861e191d14ee4741a5969b1d2ffbfc,2025-10-04T12:00:00.0000000Z,3
105518,135,2025-10-04T13:00:00.0000000Z,2837,1652,3,3,D,0.527348,0.269403,0.203249,H,0,1.311548,0.853179,formax-outcome-4.0,6d861e191d14ee4741a5969b1d2ffbfc,2025-10-04T13:00:00.0000000Z,3
105796,135,2025-10-04T13:00:00.0000000Z,3648,1584,0,1,A,0.461202,0.287446,0.251352,H,0,1.380901,0.855806,formax-outcome-4.0,6d861e191d14ee4741a5969b1d2ffbfc,2025-10-04T13:00:00.0000000Z,3
101581,78,2025-10-04T13:30:00.0000000Z,966,4528,1,0,H,0.443887,0.245877,0.310236,H,1,0.812186,0.465964,formax-outcome-4.0,6d861e191d14ee4741a5969b1d2ffbfc,2025-10-04T13:30:00.0000000Z,3
101896,78,2025-10-04T13:30:00.0000000Z,989,821,1,1,D,0.647804,0.187655,0.164541,H,0,1.673149,1.106628,formax-outcome-4.0,6d861e191d14ee4741a5969b1d2ffbfc,2025-10-04T13:30:00.0000000Z,3
102142,78,2025-10-04T13:30:00.0000000Z,1260,4180,2,0,H,0.584860,0.214185,0.200955,H,1,0.536383,0.258600,formax-outcome-4.0,6d861e191d14ee4741a5969b1d2ffbfc,2025-10-04T13:30:00.0000000Z,3
101687,40,2025-10-04T14:00:00.0000000Z,1499,1452,2,0,H,0.317371,0.299968,0.382661,A,0,1.147684,0.702393,formax-outcome-4.0,6d861e191d14ee4741a5969b1d2ffbfc,2025-10-04T14:00:00.0000000Z,3
102265,40,2025-10-04T14:00:00.0000000Z,1053,1502,1,2,A,0.398519,0.276898,0.324583,H,0,1.125214,0.691678,formax-outcome-4.0,6d861e191d14ee4741a5969b1d2ffbfc,2025-10-04T14:00:00.0000000Z,3
102351,40,2025-10-04T14:00:00.0000000Z,1511,1531,3,0,H,0.262112,0.293061,0.444827,A,0,1.338984,0.828235,formax-outcome-4.0,6d861e191d14ee4741a5969b1d2ffbfc,2025-10-04T14:00:00.0000000Z,3
102499,40,2025-10-04T14:00:00.0000000Z,1654,4380,1,0,H,0.277564,0.283750,0.438686,A,0,1.281704,0.794873,formax-outcome-4.0,6d861e191d14ee4741a5969b1d2ffbfc,2025-10-04T14:00:00.0000000Z,3
102569,40,2025-10-04T14:00:00.0000000Z,3380,4290,1,1,D,0.174321,0.250295,0.575385,A,0,1.385117,0.923514,formax-outcome-4.0,6d861e191d14ee4741a5969b1d2ffbfc,2025-10-04T14:00:00.0000000Z,3
102643,40,2025-10-04T14:00:00.0000000Z,3467,1910,1,3,A,0.166698,0.256541,0.576761,A,1,0.550328,0.272733,formax-outcome-4.0,6d861e191d14ee4741a5969b1d2ffbfc,2025-10-04T14:00:00.0000000Z,3
103111,39,2025-10-04T14:00:00.0000000Z,4266,2209,2,0,H,0.760570,0.161650,0.077779,H,1,0.273687,0.089507,formax-outcome-4.0,6d861e191d14ee4741a5969b1d2ffbfc,2025-10-04T14:00:00.0000000Z,3
104536,40,2025-10-04T14:00:00.0000000Z,1253,1476,2,1,H,0.330756,0.296067,0.373176,A,0,1.106373,0.674803,formax-outcome-4.0,6d861e191d14ee4741a5969b1d2ffbfc,2025-10-04T14:00:00.0000000Z,3
105009,39,2025-10-04T14:00:00.0000000Z,4559,2751,2,0,H,0.738777,0.172299,0.088923,H,1,0.302759,0.105832,formax-outcome-4.0,6d861e191d14ee4741a5969b1d2ffbfc,2025-10-04T14:00:00.0000000Z,3
105131,203,2025-10-04T14:00:00.0000000Z,6988,6991,1,0,H,0.227779,0.258225,0.513995,A,0,1.479379,0.927197,formax-outcome-4.0,6d861e191d14ee4741a5969b1d2ffbfc,2025-10-04T14:00:00.0000000Z,3
105219,140,2025-10-04T14:15:00.0000000Z,758,2030,2,1,H,0.274917,0.271167,0.453916,A,0,1.291285,0.805316,formax-outcome-4.0,6d861e191d14ee4741a5969b1d2ffbfc,2025-10-04T14:15:00.0000000Z,3
88187,88,2025-10-04T14:30:00.0000000Z,1162,2530,3,3,D,0.302386,0.255628,0.441986,A,0,1.364032,0.840879,formax-outcome-4.0,6d861e191d14ee4741a5969b1d2ffbfc,2025-10-04T14:30:00.0000000Z,3
106173,61,2025-10-04T15:00:00.0000000Z,1078,5071,0,3,A,0.272428,0.247953,0.479619,A,1,0.734764,0.406494,formax-outcome-4.0,6d861e191d14ee4741a5969b1d2ffbfc,2025-10-04T15:00:00.0000000Z,3
105725,135,2025-10-04T16:00:00.0000000Z,2685,3558,4,1,H,0.561152,0.242973,0.195876,H,1,0.577764,0.289991,formax-outcome-4.0,6d861e191d14ee4741a5969b1d2ffbfc,2025-10-04T16:00:00.0000000Z,3
72571,78,2025-10-04T16:30:00.0000000Z,4472,1328,0,3,A,0.131039,0.149185,0.719777,A,1,0.328814,0.117952,formax-outcome-4.0,6d861e191d14ee4741a5969b1d2ffbfc,2025-10-04T16:30:00.0000000Z,3
101843,39,2025-10-04T16:30:00.0000000Z,3373,2208,2,1,H,0.428067,0.270606,0.301327,H,1,0.848476,0.491133,formax-outcome-4.0,6d861e191d14ee4741a5969b1d2ffbfc,2025-10-04T16:30:00.0000000Z,3
106127,140,2025-10-04T16:30:00.0000000Z,1906,1925,2,1,H,0.510367,0.283806,0.205827,H,1,0.672625,0.362651,formax-outcome-4.0,6d861e191d14ee4741a5969b1d2ffbfc,2025-10-04T16:30:00.0000000Z,3
104250,88,2025-10-04T16:45:00.0000000Z,1079,4677,1,0,H,0.421878,0.253996,0.324125,H,1,0.863038,0.503796,formax-outcome-4.0,6d861e191d14ee4741a5969b1d2ffbfc,2025-10-04T16:45:00.0000000Z,3
82493,203,2025-10-04T17:00:00.0000000Z,3309,3673,1,1,D,0.645775,0.205846,0.148379,H,0,1.580625,1.069721,formax-outcome-4.0,6d861e191d14ee4741a5969b1d2ffbfc,2025-10-04T17:00:00.0000000Z,3
107088,61,2025-10-04T17:00:00.0000000Z,4558,1668,0,0,D,0.494795,0.256316,0.248889,H,0,1.361345,0.859834,formax-outcome-4.0,6d861e191d14ee4741a5969b1d2ffbfc,2025-10-04T17:00:00.0000000Z,3
104020,88,2025-10-04T18:00:00.0000000Z,2612,1775,0,4,A,0.195673,0.201670,0.602657,A,1,0.506408,0.236841,formax-outcome-4.0,6d861e191d14ee4741a5969b1d2ffbfc,2025-10-04T18:00:00.0000000Z,3
106008,135,2025-10-04T18:45:00.0000000Z,4702,5356,1,1,D,0.523871,0.252237,0.223892,H,0,1.377387,0.883719,formax-outcome-4.0,6d861e191d14ee4741a5969b1d2ffbfc,2025-10-04T18:45:00.0000000Z,3
104067,88,2025-10-04T19:00:00.0000000Z,990,4124,2,1,H,0.363910,0.244238,0.391852,A,0,1.010848,0.617810,formax-outcome-4.0,6d861e191d14ee4741a5969b1d2ffbfc,2025-10-04T19:00:00.0000000Z,3
104824,140,2025-10-04T19:00:00.0000000Z,4521,1776,3,1,H,0.571902,0.229304,0.198795,H,1,0.558788,0.275368,formax-outcome-4.0,6d861e191d14ee4741a5969b1d2ffbfc,2025-10-04T19:00:00.0000000Z,3
60456,61,2025-10-04T19:05:00.0000000Z,1815,886,1,2,A,0.400601,0.292718,0.306681,H,0,1.181948,0.726857,formax-outcome-4.0,6d861e191d14ee4741a5969b1d2ffbfc,2025-10-04T19:05:00.0000000Z,3
83342,88,2025-10-05T10:15:00.0000000Z,3707,4157,2,1,H,0.650560,0.188312,0.161128,H,1,0.429922,0.183532,formax-outcome-4.0,6d861e191d14ee4741a5969b1d2ffbfc,2025-10-05T10:15:00.0000000Z,3
106962,135,2025-10-05T10:30:00.0000000Z,3405,3394,1,1,D,0.329829,0.285492,0.384679,A,0,1.253541,0.767287,formax-outcome-4.0,6d861e191d14ee4741a5969b1d2ffbfc,2025-10-05T10:30:00.0000000Z,3
102761,40,2025-10-05T11:00:00.0000000Z,3598,4379,3,1,H,0.649707,0.207565,0.142728,H,1,0.431234,0.186160,formax-outcome-4.0,6d861e191d14ee4741a5969b1d2ffbfc,2025-10-05T11:00:00.0000000Z,3
103361,203,2025-10-05T11:30:00.0000000Z,4226,1717,1,1,D,0.374623,0.266210,0.359166,H,0,1.323469,0.807791,formax-outcome-4.0,6d861e191d14ee4741a5969b1d2ffbfc,2025-10-05T11:30:00.0000000Z,3
103885,140,2025-10-05T12:00:00.0000000Z,759,3447,3,1,H,0.578338,0.254504,0.167157,H,1,0.547596,0.270512,formax-outcome-4.0,6d861e191d14ee4741a5969b1d2ffbfc,2025-10-05T12:00:00.0000000Z,3
103803,88,2025-10-05T12:30:00.0000000Z,2516,4678,3,2,H,0.494503,0.241550,0.263947,H,1,0.704203,0.383542,formax-outcome-4.0,6d861e191d14ee4741a5969b1d2ffbfc,2025-10-05T12:30:00.0000000Z,3
53918,61,2025-10-05T13:00:00.0000000Z,3589,1872,1,2,A,0.627317,0.216659,0.156024,H,0,1.857746,1.152763,formax-outcome-4.0,6d861e191d14ee4741a5969b1d2ffbfc,2025-10-05T13:00:00.0000000Z,3
71117,39,2025-10-05T13:00:00.0000000Z,1013,2480,2,0,H,0.632139,0.220023,0.147838,H,1,0.458645,0.205588,formax-outcome-4.0,6d861e191d14ee4741a5969b1d2ffbfc,2025-10-05T13:00:00.0000000Z,3
71210,39,2025-10-05T13:00:00.0000000Z,1482,1486,2,1,H,0.344393,0.307231,0.348376,A,0,1.065971,0.645577,formax-outcome-4.0,6d861e191d14ee4741a5969b1d2ffbfc,2025-10-05T13:00:00.0000000Z,3
99487,39,2025-10-05T13:00:00.0000000Z,1829,873,1,1,D,0.317487,0.261366,0.421147,A,0,1.341832,0.823742,formax-outcome-4.0,6d861e191d14ee4741a5969b1d2ffbfc,2025-10-05T13:00:00.0000000Z,3
102088,39,2025-10-05T13:00:00.0000000Z,2109,2531,2,1,H,0.705258,0.195896,0.098846,H,1,0.349192,0.135019,formax-outcome-4.0,6d861e191d14ee4741a5969b1d2ffbfc,2025-10-05T13:00:00.0000000Z,3
107457,135,2025-10-05T13:00:00.0000000Z,1520,1838,4,0,H,0.413414,0.283108,0.303479,H,1,0.883307,0.516333,formax-outcome-4.0,6d861e191d14ee4741a5969b1d2ffbfc,2025-10-05T13:00:00.0000000Z,3
107474,135,2025-10-05T13:00:00.0000000Z,1503,2799,1,2,A,0.312630,0.286620,0.400750,A,1,0.914418,0.538990,formax-outcome-4.0,6d861e191d14ee4741a5969b1d2ffbfc,2025-10-05T13:00:00.0000000Z,3
107148,78,2025-10-05T13:30:00.0000000Z,1278,4330,1,0,H,0.534424,0.227780,0.237796,H,1,0.626566,0.325192,formax-outcome-4.0,6d861e191d14ee4741a5969b1d2ffbfc,2025-10-05T13:30:00.0000000Z,3
104109,203,2025-10-05T14:00:00.0000000Z,6019,4926,0,2,A,0.232274,0.242625,0.525102,A,1,0.644163,0.338346,formax-outcome-4.0,6d861e191d14ee4741a5969b1d2ffbfc,2025-10-05T14:00:00.0000000Z,3
104417,140,2025-10-05T14:15:00.0000000Z,3049,4005,4,1,H,0.188699,0.216651,0.594650,A,0,1.667600,1.058755,formax-outcome-4.0,6d861e191d14ee4741a5969b1d2ffbfc,2025-10-05T14:15:00.0000000Z,3
97876,88,2025-10-05T14:45:00.0000000Z,1271,3539,2,1,H,0.519163,0.224565,0.256272,H,1,0.655537,0.347308,formax-outcome-4.0,6d861e191d14ee4741a5969b1d2ffbfc,2025-10-05T14:45:00.0000000Z,3
98368,61,2025-10-05T15:15:00.0000000Z,2085,3851,2,2,D,0.570613,0.229498,0.199890,H,0,1.471862,0.959228,formax-outcome-4.0,6d861e191d14ee4741a5969b1d2ffbfc,2025-10-05T15:15:00.0000000Z,3
103279,61,2025-10-05T15:15:00.0000000Z,1911,1257,5,0,H,0.601817,0.243413,0.154771,H,1,0.507802,0.241754,formax-outcome-4.0,6d861e191d14ee4741a5969b1d2ffbfc,2025-10-05T15:15:00.0000000Z,3
107235,61,2025-10-05T15:15:00.0000000Z,1823,1781,2,2,D,0.358331,0.269762,0.371908,A,0,1.310217,0.799965,formax-outcome-4.0,6d861e191d14ee4741a5969b1d2ffbfc,2025-10-05T15:15:00.0000000Z,3
102944,39,2025-10-05T15:30:00.0000000Z,5807,4166,0,1,A,0.313951,0.265216,0.420834,A,1,0.865518,0.504338,formax-outcome-4.0,6d861e191d14ee4741a5969b1d2ffbfc,2025-10-05T15:30:00.0000000Z,3
106761,135,2025-10-05T16:00:00.0000000Z,2845,1649,2,1,H,0.627684,0.230323,0.141993,H,1,0.465718,0.211830,formax-outcome-4.0,6d861e191d14ee4741a5969b1d2ffbfc,2025-10-05T16:00:00.0000000Z,3
101772,140,2025-10-05T16:30:00.0000000Z,1830,2517,0,1,A,0.398846,0.283782,0.317373,H,0,1.147679,0.705590,formax-outcome-4.0,6d861e191d14ee4741a5969b1d2ffbfc,2025-10-05T16:30:00.0000000Z,3
105275,140,2025-10-05T16:30:00.0000000Z,762,2033,1,2,A,0.386532,0.269259,0.344209,H,0,1.066505,0.651969,formax-outcome-4.0,6d861e191d14ee4741a5969b1d2ffbfc,2025-10-05T16:30:00.0000000Z,3
42793,203,2025-10-05T17:00:00.0000000Z,1176,3588,0,0,D,0.242106,0.260223,0.497670,A,0,1.346215,0.853560,formax-outcome-4.0,6d861e191d14ee4741a5969b1d2ffbfc,2025-10-05T17:00:00.0000000Z,3
105061,203,2025-10-05T17:00:00.0000000Z,2549,3661,1,0,H,0.443896,0.270921,0.285183,H,1,0.812165,0.463979,formax-outcome-4.0,6d861e191d14ee4741a5969b1d2ffbfc,2025-10-05T17:00:00.0000000Z,3
101976,78,2025-10-05T17:30:00.0000000Z,1051,5685,0,0,D,0.307427,0.238037,0.454537,A,0,1.435330,0.881703,formax-outcome-4.0,6d861e191d14ee4741a5969b1d2ffbfc,2025-10-05T17:30:00.0000000Z,3
38707,88,2025-10-05T18:00:00.0000000Z,1580,1080,1,1,D,0.366778,0.230351,0.402871,A,0,1.468150,0.889190,formax-outcome-4.0,6d861e191d14ee4741a5969b1d2ffbfc,2025-10-05T18:00:00.0000000Z,3
102869,61,2025-10-05T18:45:00.0000000Z,4470,5284,1,1,D,0.243339,0.255918,0.500743,A,0,1.362898,0.863615,formax-outcome-4.0,6d861e191d14ee4741a5969b1d2ffbfc,2025-10-05T18:45:00.0000000Z,3
103169,135,2025-10-05T18:45:00.0000000Z,2013,1488,0,0,D,0.393876,0.270895,0.335229,H,0,1.306025,0.799111,formax-outcome-4.0,6d861e191d14ee4741a5969b1d2ffbfc,2025-10-05T18:45:00.0000000Z,3
105582,140,2025-10-05T19:00:00.0000000Z,1904,4267,1,1,D,0.241561,0.240074,0.518365,A,0,1.426808,0.904541,formax-outcome-4.0,6d861e191d14ee4741a5969b1d2ffbfc,2025-10-05T19:00:00.0000000Z,3
101975,78,2025-10-17T18:30:00.0000000Z,4180,1051,3,1,H,0.361546,0.253567,0.384886,A,0,1.017365,0.620057,formax-outcome-4.0,6d861e191d14ee4741a5969b1d2ffbfc,2025-10-17T18:30:00.0000000Z,3
104893,61,2025-10-17T18:45:00.0000000Z,5284,1911,3,3,D,0.711734,0.180489,0.107777,H,0,1.712087,1.189780,formax-outcome-4.0,6d861e191d14ee4741a5969b1d2ffbfc,2025-10-17T18:45:00.0000000Z,3
102812,40,2025-10-17T19:00:00.0000000Z,4380,3598,2,1,H,0.178989,0.243088,0.577923,A,0,1.720429,1.067145,formax-outcome-4.0,6d861e191d14ee4741a5969b1d2ffbfc,2025-10-17T19:00:00.0000000Z,3
105274,140,2025-10-17T19:00:00.0000000Z,1944,762,0,2,A,0.273862,0.273796,0.452342,A,1,0.793318,0.449895,formax-outcome-4.0,6d861e191d14ee4741a5969b1d2ffbfc,2025-10-17T19:00:00.0000000Z,3
101842,39,2025-10-18T11:30:00.0000000Z,2480,3373,0,3,A,0.271996,0.276409,0.451595,A,1,0.794970,0.451132,formax-outcome-4.0,6d861e191d14ee4741a5969b1d2ffbfc,2025-10-18T11:30:00.0000000Z,3
102264,40,2025-10-18T11:30:00.0000000Z,1502,1511,1,2,A,0.367432,0.285192,0.347376,H,0,1.057348,0.642259,formax-outcome-4.0,6d861e191d14ee4741a5969b1d2ffbfc,2025-10-18T11:30:00.0000000Z,3
102568,40,2025-10-18T11:30:00.0000000Z,1476,3380,1,0,H,0.325791,0.290153,0.384057,A,0,1.121500,0.686246,formax-outcome-4.0,6d861e191d14ee4741a5969b1d2ffbfc,2025-10-18T11:30:00.0000000Z,3
102642,40,2025-10-18T11:30:00.0000000Z,4290,3467,0,0,D,0.529788,0.259395,0.210817,H,0,1.349404,0.873616,formax-outcome-4.0,6d861e191d14ee4741a5969b1d2ffbfc,2025-10-18T11:30:00.0000000Z,3
103360,203,2025-10-18T11:30:00.0000000Z,1717,6988,2,3,A,0.633687,0.224282,0.142032,H,0,1.951706,1.187971,formax-outcome-4.0,6d861e191d14ee4741a5969b1d2ffbfc,2025-10-18T11:30:00.0000000Z,3
104416,140,2025-10-18T12:00:00.0000000Z,3049,1925,1,3,A,0.512111,0.264168,0.223720,H,0,1.497359,0.934653,formax-outcome-4.0,6d861e191d14ee4741a5969b1d2ffbfc,2025-10-18T12:00:00.0000000Z,3
105449,135,2025-10-18T13:00:00.0000000Z,1838,1719,0,0,D,0.500677,0.271821,0.227503,H,0,1.302613,0.832680,formax-outcome-4.0,6d861e191d14ee4741a5969b1d2ffbfc,2025-10-18T13:00:00.0000000Z,3
105795,135,2025-10-18T13:00:00.0000000Z,1584,3903,0,0,D,0.302468,0.288508,0.409023,A,0,1.243032,0.765008,formax-outcome-4.0,6d861e191d14ee4741a5969b1d2ffbfc,2025-10-18T13:00:00.0000000Z,3
101580,78,2025-10-18T13:30:00.0000000Z,4330,966,2,2,D,0.263902,0.244812,0.491286,A,0,1.407264,0.881315,formax-outcome-4.0,6d861e191d14ee4741a5969b1d2ffbfc,2025-10-18T13:30:00.0000000Z,3
102141,78,2025-10-18T13:30:00.0000000Z,1281,1260,3,4,A,0.309791,0.257544,0.432665,A,1,0.837792,0.484169,formax-outcome-4.0,6d861e191d14ee4741a5969b1d2ffbfc,2025-10-18T13:30:00.0000000Z,3
71116,39,2025-10-18T14:00:00.0000000Z,873,1013,2,1,H,0.346672,0.271983,0.381345,A,0,1.059376,0.646236,formax-outcome-4.0,6d861e191d14ee4741a5969b1d2ffbfc,2025-10-18T14:00:00.0000000Z,3
71209,39,2025-10-18T14:00:00.0000000Z,4166,1482,2,0,H,0.598801,0.242142,0.159058,H,1,0.512827,0.244893,formax-outcome-4.0,6d861e191d14ee4741a5969b1d2ffbfc,2025-10-18T14:00:00.0000000Z,3
82492,203,2025-10-18T14:00:00.0000000Z,3673,6848,1,2,A,0.731147,0.171150,0.097703,H,0,2.325823,1.378009,formax-outcome-4.0,6d861e191d14ee4741a5969b1d2ffbfc,2025-10-18T14:00:00.0000000Z,3
98276,40,2025-10-18T14:00:00.0000000Z,5841,1912,2,0,H,0.587462,0.237461,0.175077,H,1,0.531944,0.257227,formax-outcome-4.0,6d861e191d14ee4741a5969b1d2ffbfc,2025-10-18T14:00:00.0000000Z,3
99486,39,2025-10-18T14:00:00.0000000Z,2209,1829,2,0,H,0.180930,0.256864,0.562206,A,0,1.709642,1.052929,formax-outcome-4.0,6d861e191d14ee4741a5969b1d2ffbfc,2025-10-18T14:00:00.0000000Z,3
101686,40,2025-10-18T14:00:00.0000000Z,1531,1499,2,1,H,0.332066,0.299359,0.368575,A,0,1.102421,0.671599,formax-outcome-4.0,6d861e191d14ee4741a5969b1d2ffbfc,2025-10-18T14:00:00.0000000Z,3
102213,40,2025-10-18T14:00:00.0000000Z,1452,4169,2,1,H,0.470970,0.272814,0.256215,H,1,0.752960,0.419946,formax-outcome-4.0,6d861e191d14ee4741a5969b1d2ffbfc,2025-10-18T14:00:00.0000000Z,3
102704,40,2025-10-18T14:00:00.0000000Z,3483,2268,1,0,H,0.328920,0.290065,0.381016,A,0,1.111942,0.679660,formax-outcome-4.0,6d861e191d14ee4741a5969b1d2ffbfc,2025-10-18T14:00:00.0000000Z,3
102760,40,2025-10-18T14:00:00.0000000Z,4379,1053,0,1,A,0.332653,0.270707,0.396640,A,1,0.924726,0.547983,formax-outcome-4.0,6d861e191d14ee4741a5969b1d2ffbfc,2025-10-18T14:00:00.0000000Z,3
103430,203,2025-10-18T14:00:00.0000000Z,1845,5068,1,2,A,0.295804,0.264951,0.439246,A,1,0.822697,0.472144,formax-outcome-4.0,6d861e191d14ee4741a5969b1d2ffbfc,2025-10-18T14:00:00.0000000Z,3
103676,40,2025-10-18T14:00:00.0000000Z,1460,1253,1,0,H,0.401495,0.293725,0.304780,H,1,0.912561,0.537374,formax-outcome-4.0,6d861e191d14ee4741a5969b1d2ffbfc,2025-10-18T14:00:00.0000000Z,3
103714,40,2025-10-18T14:00:00.0000000Z,1490,1718,2,3,A,0.377009,0.290086,0.332905,H,0,1.099899,0.671302,formax-outcome-4.0,6d861e191d14ee4741a5969b1d2ffbfc,2025-10-18T14:00:00.0000000Z,3
104959,39,2025-10-18T14:00:00.0000000Z,2531,2269,2,0,H,0.371978,0.283005,0.345017,H,1,0.988920,0.593540,formax-outcome-4.0,6d861e191d14ee4741a5969b1d2ffbfc,2025-10-18T14:00:00.0000000Z,3
106325,39,2025-10-18T14:00:00.0000000Z,1486,3646,3,3,D,0.393870,0.294249,0.311881,H,0,1.223328,0.750487,formax-outcome-4.0,6d861e191d14ee4741a5969b1d2ffbfc,2025-10-18T14:00:00.0000000Z,3
105218,140,2025-10-18T14:15:00.0000000Z,4005,758,2,1,H,0.849749,0.102415,0.047837,H,1,0.162815,0.035353,formax-outcome-4.0,6d861e191d14ee4741a5969b1d2ffbfc,2025-10-18T14:15:00.0000000Z,3
38706,88,2025-10-18T14:30:00.0000000Z,1080,3707,3,3,D,0.491418,0.225626,0.282957,H,0,1.488878,0.921212,formax-outcome-4.0,6d861e191d14ee4741a5969b1d2ffbfc,2025-10-18T14:30:00.0000000Z,3
53917,61,2025-10-18T15:00:00.0000000Z,3851,3589,3,2,H,0.347027,0.261466,0.391508,A,0,1.058354,0.648017,formax-outcome-4.0,6d861e191d14ee4741a5969b1d2ffbfc,2025-10-18T15:00:00.0000000Z,3
106911,135,2025-10-18T16:00:00.0000000Z,1652,2845,1,0,H,0.178063,0.260810,0.561128,A,0,1.725620,1.058467,formax-outcome-4.0,6d861e191d14ee4741a5969b1d2ffbfc,2025-10-18T16:00:00.0000000Z,3
102041,78,2025-10-18T16:30:00.0000000Z,1328,989,2,1,H,0.644158,0.181675,0.174167,H,1,0.439811,0.189963,formax-outcome-4.0,6d861e191d14ee4741a5969b1d2ffbfc,2025-10-18T16:30:00.0000000Z,3
104823,140,2025-10-18T16:30:00.0000000Z,1776,2033,2,2,D,0.494233,0.246874,0.258892,H,0,1.398875,0.878490,formax-outcome-4.0,6d861e191d14ee4741a5969b1d2ffbfc,2025-10-18T16:30:00.0000000Z,3
106482,39,2025-10-18T16:30:00.0000000Z,4928,4559,0,1,A,0.229524,0.272071,0.498405,A,1,0.696342,0.378302,formax-outcome-4.0,6d861e191d14ee4741a5969b1d2ffbfc,2025-10-18T16:30:00.0000000Z,3
103802,88,2025-10-18T16:45:00.0000000Z,4678,4677,3,1,H,0.624515,0.206227,0.169258,H,1,0.470780,0.212167,formax-outcome-4.0,6d861e191d14ee4741a5969b1d2ffbfc,2025-10-18T16:45:00.0000000Z,3
104019,88,2025-10-18T16:45:00.0000000Z,1775,1580,2,1,H,0.731950,0.149358,0.118692,H,1,0.312042,0.108246,formax-outcome-4.0,6d861e191d14ee4741a5969b1d2ffbfc,2025-10-18T16:45:00.0000000Z,3
98367,61,2025-10-18T17:00:00.0000000Z,1257,2085,1,1,D,0.268305,0.259123,0.472572,A,0,1.350452,0.844210,formax-outcome-4.0,6d861e191d14ee4741a5969b1d2ffbfc,2025-10-18T17:00:00.0000000Z,3
98886,203,2025-10-18T17:00:00.0000000Z,3661,3309,1,2,A,0.150264,0.215538,0.634198,A,1,0.455395,0.202847,formax-outcome-4.0,6d861e191d14ee4741a5969b1d2ffbfc,2025-10-18T17:00:00.0000000Z,3
102498,40,2025-10-18T18:45:00.0000000Z,1910,1654,1,1,D,0.600066,0.246753,0.153181,H,0,1.399367,0.950925,formax-outcome-4.0,6d861e191d14ee4741a5969b1d2ffbfc,2025-10-18T18:45:00.0000000Z,3
106615,135,2025-10-18T18:45:00.0000000Z,2799,2685,0,1,A,0.330301,0.291394,0.378305,A,1,0.972054,0.580514,formax-outcome-4.0,6d861e191d14ee4741a5969b1d2ffbfc,2025-10-18T18:45:00.0000000Z,3
88186,88,2025-10-18T19:00:00.0000000Z,2530,1271,0,2,A,0.386439,0.239851,0.373709,H,0,0.984277,0.599104,formax-outcome-4.0,6d861e191d14ee4741a5969b1d2ffbfc,2025-10-18T19:00:00.0000000Z,3
104641,88,2025-10-18T19:00:00.0000000Z,1378,2612,2,2,D,0.401493,0.255853,0.342654,H,0,1.363152,0.832363,formax-outcome-4.0,6d861e191d14ee4741a5969b1d2ffbfc,2025-10-18T19:00:00.0000000Z,3
105623,140,2025-10-18T19:00:00.0000000Z,4267,3599,1,0,H,0.667217,0.199344,0.133439,H,1,0.404641,0.168289,formax-outcome-4.0,6d861e191d14ee4741a5969b1d2ffbfc,2025-10-18T19:00:00.0000000Z,3
106172,61,2025-10-18T19:05:00.0000000Z,5071,1823,6,2,H,0.802592,0.128419,0.068989,H,1,0.219909,0.060221,formax-outcome-4.0,6d861e191d14ee4741a5969b1d2ffbfc,2025-10-18T19:05:00.0000000Z,3
97875,88,2025-10-19T10:15:00.0000000Z,3539,990,2,3,A,0.562203,0.223434,0.214362,H,0,1.540087,0.983222,formax-outcome-4.0,6d861e191d14ee4741a5969b1d2ffbfc,2025-10-19T10:15:00.0000000Z,3
106562,135,2025-10-19T10:30:00.0000000Z,5356,2013,2,0,H,0.336767,0.295689,0.367545,A,0,1.088364,0.662399,formax-outcome-4.0,6d861e191d14ee4741a5969b1d2ffbfc,2025-10-19T10:30:00.0000000Z,3
105150,203,2025-10-19T11:30:00.0000000Z,6025,1176,1,3,A,0.226704,0.264599,0.508697,A,1,0.675903,0.362786,formax-outcome-4.0,6d861e191d14ee4741a5969b1d2ffbfc,2025-10-19T11:30:00.0000000Z,3
105761,140,2025-10-19T12:00:00.0000000Z,3447,1906,0,0,D,0.230006,0.272807,0.497186,A,0,1.298990,0.828906,formax-outcome-4.0,6d861e191d14ee4741a5969b1d2ffbfc,2025-10-19T12:00:00.0000000Z,3
97508,88,2025-10-19T12:30:00.0000000Z,1301,1162,0,2,A,0.496908,0.239115,0.263977,H,0,1.331893,0.845823,formax-outcome-4.0,6d861e191d14ee4741a5969b1d2ffbfc,2025-10-19T12:30:00.0000000Z,3
104066,88,2025-10-19T12:30:00.0000000Z,4124,1079,1,0,H,0.475807,0.240724,0.283469,H,1,0.742744,0.413082,formax-outcome-4.0,6d861e191d14ee4741a5969b1d2ffbfc,2025-10-19T12:30:00.0000000Z,3
60906,61,2025-10-19T13:00:00.0000000Z,886,4292,2,1,H,0.481795,0.254994,0.263211,H,1,0.730236,0.402838,formax-outcome-4.0,6d861e191d14ee4741a5969b1d2ffbfc,2025-10-19T13:00:00.0000000Z,3
102087,39,2025-10-19T13:00:00.0000000Z,2355,2109,1,2,A,0.377440,0.291121,0.331439,H,0,1.104313,0.674187,formax-outcome-4.0,6d861e191d14ee4741a5969b1d2ffbfc,2025-10-19T13:00:00.0000000Z,3
106760,135,2025-10-19T13:00:00.0000000Z,1649,3648,0,0,D,0.404539,0.303317,0.292144,H,0,1.192978,0.734368,formax-outcome-4.0,6d861e191d14ee4741a5969b1d2ffbfc,2025-10-19T13:00:00.0000000Z,3
106961,135,2025-10-19T13:00:00.0000000Z,3394,1520,0,2,A,0.301178,0.294023,0.404799,A,1,0.904365,0.531422,formax-outcome-4.0,6d861e191d14ee4741a5969b1d2ffbfc,2025-10-19T13:00:00.0000000Z,3
72570,78,2025-10-19T13:30:00.0000000Z,5685,4472,2,2,D,0.259372,0.222708,0.517919,A,0,1.501892,0.939697,formax-outcome-4.0,6d861e191d14ee4741a5969b1d2ffbfc,2025-10-19T13:30:00.0000000Z,3
104108,203,2025-10-19T14:00:00.0000000Z,4926,5867,3,2,H,0.466894,0.267397,0.265709,H,1,0.761653,0.426304,formax-outcome-4.0,6d861e191d14ee4741a5969b1d2ffbfc,2025-10-19T14:00:00.0000000Z,3
104170,203,2025-10-19T14:00:00.0000000Z,6847,2549,1,0,H,0.289148,0.279575,0.431277,A,0,1.240816,0.769472,formax-outcome-4.0,6d861e191d14ee4741a5969b1d2ffbfc,2025-10-19T14:00:00.0000000Z,3
101771,140,2025-10-19T14:15:00.0000000Z,1904,1830,1,1,D,0.508933,0.258384,0.232683,H,0,1.353309,0.863149,formax-outcome-4.0,6d861e191d14ee4741a5969b1d2ffbfc,2025-10-19T14:15:00.0000000Z,3
104611,88,2025-10-19T14:45:00.0000000Z,4157,2516,0,7,A,0.130519,0.174169,0.695312,A,1,0.363394,0.140205,formax-outcome-4.0,6d861e191d14ee4741a5969b1d2ffbfc,2025-10-19T14:45:00.0000000Z,3
60455,61,2025-10-19T15:15:00.0000000Z,1781,1815,2,2,D,0.519007,0.243979,0.237014,H,0,1.410672,0.897111,formax-outcome-4.0,6d861e191d14ee4741a5969b1d2ffbfc,2025-10-19T15:15:00.0000000Z,3
106817,61,2025-10-19T15:15:00.0000000Z,1666,4558,3,3,D,0.506118,0.232369,0.261514,H,0,1.459429,0.913802,formax-outcome-4.0,6d861e191d14ee4741a5969b1d2ffbfc,2025-10-19T15:15:00.0000000Z,3
106854,61,2025-10-19T15:15:00.0000000Z,1872,1078,4,0,H,0.586111,0.221581,0.192308,H,1,0.534246,0.257385,formax-outcome-4.0,6d861e191d14ee4741a5969b1d2ffbfc,2025-10-19T15:15:00.0000000Z,3
103110,39,2025-10-19T15:30:00.0000000Z,2208,4266,1,2,A,0.580808,0.231114,0.188079,H,0,1.670895,1.049967,formax-outcome-4.0,6d861e191d14ee4741a5969b1d2ffbfc,2025-10-19T15:30:00.0000000Z,3
105517,135,2025-10-19T16:00:00.0000000Z,4702,2837,0,0,D,0.491461,0.269120,0.239418,H,0,1.312596,0.833040,formax-outcome-4.0,6d861e191d14ee4741a5969b1d2ffbfc,2025-10-19T16:00:00.0000000Z,3
104342,140,2025-10-19T16:30:00.0000000Z,2383,2517,0,3,A,0.257531,0.270670,0.471799,A,1,0.751203,0.418581,formax-outcome-4.0,6d861e191d14ee4741a5969b1d2ffbfc,2025-10-19T16:30:00.0000000Z,3
42792,203,2025-10-19T17:00:00.0000000Z,3588,6019,2,1,H,0.824523,0.118628,0.056850,H,1,0.192951,0.048097,formax-outcome-4.0,6d861e191d14ee4741a5969b1d2ffbfc,2025-10-19T17:00:00.0000000Z,3
102868,61,2025-10-19T18:45:00.0000000Z,1668,4470,0,2,A,0.313405,0.273083,0.413512,A,1,0.883070,0.516766,formax-outcome-4.0,6d861e191d14ee4741a5969b1d2ffbfc,2025-10-19T18:45:00.0000000Z,3
103168,135,2025-10-19T18:45:00.0000000Z,1488,1503,2,1,H,0.438099,0.286102,0.275800,H,1,0.825311,0.473653,formax-outcome-4.0,6d861e191d14ee4741a5969b1d2ffbfc,2025-10-19T18:45:00.0000000Z,3
103956,140,2025-10-19T19:00:00.0000000Z,1914,4521,0,1,A,0.162865,0.226723,0.610412,A,1,0.493621,0.229707,formax-outcome-4.0,6d861e191d14ee4741a5969b1d2ffbfc,2025-10-19T19:00:00.0000000Z,3
103504,203,2025-10-20T17:00:00.0000000Z,6991,4226,2,0,H,0.319408,0.271604,0.408988,A,0,1.141285,0.704245,formax-outcome-4.0,6d861e191d14ee4741a5969b1d2ffbfc,2025-10-20T17:00:00.0000000Z,3
105724,135,2025-10-20T18:45:00.0000000Z,3558,3405,1,1,D,0.450840,0.292045,0.257116,H,0,1.230849,0.770566,formax-outcome-4.0,6d861e191d14ee4741a5969b1d2ffbfc,2025-10-20T18:45:00.0000000Z,3
102943,39,2025-10-20T19:00:00.0000000Z,2751,5807,0,2,A,0.309273,0.268629,0.422098,A,1,0.862519,0.501783,formax-outcome-4.0,6d861e191d14ee4741a5969b1d2ffbfc,2025-10-20T19:00:00.0000000Z,3
103884,140,2025-10-20T19:00:00.0000000Z,759,2030,0,0,D,0.422358,0.286477,0.291165,H,0,1.250096,0.772278,formax-outcome-4.0,6d861e191d14ee4741a5969b1d2ffbfc,2025-10-20T19:00:00.0000000Z,3
38817,2,2025-10-21T16:45:00.0000000Z,4005,1272,6,1,H,0.631272,0.195253,0.173476,H,1,0.460019,0.204178,formax-outcome-4.0,6d861e191d14ee4741a5969b1d2ffbfc,2025-10-21T16:45:00.0000000Z,3
82698,2,2025-10-21T16:45:00.0000000Z,2657,3680,0,0,D,0.307931,0.252057,0.440013,A,0,1.378101,0.847852,formax-outcome-4.0,6d861e191d14ee4741a5969b1d2ffbfc,2025-10-21T16:45:00.0000000Z,3
98275,40,2025-10-21T18:45:00.0000000Z,1654,5841,1,2,A,0.243277,0.262002,0.494721,A,1,0.703762,0.383136,formax-outcome-4.0,6d861e191d14ee4741a5969b1d2ffbfc,2025-10-21T18:45:00.0000000Z,3
99596,40,2025-10-21T18:45:00.0000000Z,1912,1460,1,3,A,0.318010,0.304896,0.377094,A,1,0.975261,0.582104,formax-outcome-4.0,6d861e191d14ee4741a5969b1d2ffbfc,2025-10-21T18:45:00.0000000Z,3
101685,40,2025-10-21T18:45:00.0000000Z,1499,1490,0,1,A,0.419595,0.291449,0.288956,H,0,1.241480,0.766585,formax-outcome-4.0,6d861e191d14ee4741a5969b1d2ffbfc,2025-10-21T18:45:00.0000000Z,3
102212,40,2025-10-21T18:45:00.0000000Z,3598,1452,0,3,A,0.613748,0.232308,0.153944,H,0,1.871166,1.146464,formax-outcome-4.0,6d861e191d14ee4741a5969b1d2ffbfc,2025-10-21T18:45:00.0000000Z,3
102350,40,2025-10-21T18:45:00.0000000Z,1511,3483,2,0,H,0.376173,0.308558,0.315269,H,1,0.977706,0.583763,formax-outcome-4.0,6d861e191d14ee4741a5969b1d2ffbfc,2025-10-21T18:45:00.0000000Z,3
102567,40,2025-10-21T18:45:00.0000000Z,3380,4379,1,0,H,0.375980,0.283829,0.340191,H,1,0.978219,0.585690,formax-outcome-4.0,6d861e191d14ee4741a5969b1d2ffbfc,2025-10-21T18:45:00.0000000Z,3
106247,40,2025-10-21T18:45:00.0000000Z,1718,1910,2,1,H,0.180666,0.259071,0.560263,A,0,1.711103,1.052319,formax-outcome-4.0,6d861e191d14ee4741a5969b1d2ffbfc,2025-10-21T18:45:00.0000000Z,3
69659,2,2025-10-21T19:00:00.0000000Z,2667,989,2,4,A,0.401840,0.255331,0.342829,H,0,1.070523,0.658543,formax-outcome-4.0,6d861e191d14ee4741a5969b1d2ffbfc,2025-10-21T19:00:00.0000000Z,3
71115,2,2025-10-21T19:00:00.0000000Z,1013,3711,3,0,H,0.634627,0.209383,0.155989,H,1,0.454718,0.201672,formax-outcome-4.0,6d861e191d14ee4741a5969b1d2ffbfc,2025-10-21T19:00:00.0000000Z,3
102140,2,2025-10-21T19:00:00.0000000Z,1260,5284,2,7,A,0.275377,0.240347,0.484277,A,1,0.725099,0.399569,formax-outcome-4.0,6d861e191d14ee4741a5969b1d2ffbfc,2025-10-21T19:00:00.0000000Z,3
103001,40,2025-10-21T19:00:00.0000000Z,1053,4290,3,1,H,0.257280,0.283635,0.459085,A,0,1.357591,0.842841,formax-outcome-4.0,6d861e191d14ee4741a5969b1d2ffbfc,2025-10-21T19:00:00.0000000Z,3
103044,2,2025-10-21T19:00:00.0000000Z,3977,2685,0,4,A,0.352382,0.244749,0.402869,A,1,0.909144,0.540641,formax-outcome-4.0,6d861e191d14ee4741a5969b1d2ffbfc,2025-10-21T19:00:00.0000000Z,3
104018,2,2025-10-21T19:00:00.0000000Z,1775,2845,6,2,H,0.457726,0.237227,0.305047,H,1,0.781485,0.443392,formax-outcome-4.0,6d861e191d14ee4741a5969b1d2ffbfc,2025-10-21T19:00:00.0000000Z,3
104755,2,2025-10-21T19:00:00.0000000Z,1776,4166,0,2,A,0.290606,0.238764,0.470630,A,1,0.753683,0.421692,formax-outcome-4.0,6d861e191d14ee4741a5969b1d2ffbfc,2025-10-21T19:00:00.0000000Z,3
105890,2,2025-10-21T19:00:00.0000000Z,4559,4267,4,0,H,0.699655,0.179411,0.120933,H,1,0.357167,0.137020,formax-outcome-4.0,6d861e191d14ee4741a5969b1d2ffbfc,2025-10-21T19:00:00.0000000Z,3
98885,2,2025-10-22T16:45:00.0000000Z,3309,2705,3,1,H,0.665235,0.180598,0.154168,H,1,0.407616,0.168451,formax-outcome-4.0,6d861e191d14ee4741a5969b1d2ffbfc,2025-10-22T16:45:00.0000000Z,3
82491,203,2025-10-22T17:00:00.0000000Z,1717,3673,0,2,A,0.316490,0.268711,0.414799,A,1,0.879961,0.514832,formax-outcome-4.0,6d861e191d14ee4741a5969b1d2ffbfc,2025-10-22T17:00:00.0000000Z,3
103429,203,2025-10-22T17:00:00.0000000Z,1845,3661,0,0,D,0.346946,0.264696,0.388358,A,0,1.329174,0.811866,formax-outcome-4.0,6d861e191d14ee4741a5969b1d2ffbfc,2025-10-22T17:00:00.0000000Z,3
102263,40,2025-10-22T18:45:00.0000000Z,3467,1502,0,1,A,0.410644,0.279877,0.309479,H,0,1.172863,0.723778,formax-outcome-4.0,6d861e191d14ee4741a5969b1d2ffbfc,2025-10-22T18:45:00.0000000Z,3
102423,40,2025-10-22T18:45:00.0000000Z,1253,1531,2,1,H,0.313268,0.291922,0.394810,A,0,1.160695,0.712693,formax-outcome-4.0,6d861e191d14ee4741a5969b1d2ffbfc,2025-10-22T18:45:00.0000000Z,3
105745,40,2025-10-22T18:45:00.0000000Z,2268,1476,1,0,H,0.439131,0.281672,0.279197,H,1,0.822957,0.471864,formax-outcome-4.0,6d861e191d14ee4741a5969b1d2ffbfc,2025-10-22T18:45:00.0000000Z,3
72569,2,2025-10-22T19:00:00.0000000Z,4472,2208,1,5,A,0.325896,0.219236,0.454868,A,1,0.787749,0.451442,formax-outcome-4.0,6d861e191d14ee4741a5969b1d2ffbfc,2025-10-22T19:00:00.0000000Z,3
88185,2,2025-10-22T19:00:00.0000000Z,3373,2530,5,1,H,0.907093,0.065712,0.027195,H,1,0.097510,0.013689,formax-outcome-4.0,6d861e191d14ee4741a5969b1d2ffbfc,2025-10-22T19:00:00.0000000Z,3
98366,2,2025-10-22T19:00:00.0000000Z,2085,2355,0,0,D,0.406315,0.232709,0.360976,H,0,1.457967,0.884131,formax-outcome-4.0,6d861e191d14ee4741a5969b1d2ffbfc,2025-10-22T19:00:00.0000000Z,3
99869,2,2025-10-22T19:00:00.0000000Z,2084,5071,2,1,H,0.489933,0.221438,0.288629,H,1,0.713487,0.392510,formax-outcome-4.0,6d861e191d14ee4741a5969b1d2ffbfc,2025-10-22T19:00:00.0000000Z,3
102040,2,2025-10-22T19:00:00.0000000Z,1328,1782,4,0,H,0.818768,0.110221,0.071012,H,1,0.199955,0.050036,formax-outcome-4.0,6d861e191d14ee4741a5969b1d2ffbfc,2025-10-22T19:00:00.0000000Z,3
102811,40,2025-10-22T19:00:00.0000000Z,4169,4380,0,1,A,0.232580,0.267009,0.500411,A,1,0.692326,0.374977,formax-outcome-4.0,6d861e191d14ee4741a5969b1d2ffbfc,2025-10-22T19:00:00.0000000Z,3
106007,2,2025-10-22T19:00:00.0000000Z,4702,2598,0,0,D,0.686429,0.173338,0.140232,H,0,1.752510,1.174220,formax-outcome-4.0,6d861e191d14ee4741a5969b1d2ffbfc,2025-10-22T19:00:00.0000000Z,3
107125,2,2025-10-22T19:00:00.0000000Z,4521,2013,1,0,H,0.756516,0.142220,0.101264,H,1,0.279032,0.089766,formax-outcome-4.0,6d861e191d14ee4741a5969b1d2ffbfc,2025-10-22T19:00:00.0000000Z,3
36005,3,2025-10-23T16:45:00.0000000Z,2551,2750,3,0,H,0.491913,0.258917,0.249170,H,1,0.709454,0.387276,formax-outcome-4.0,6d861e191d14ee4741a5969b1d2ffbfc,2025-10-23T16:45:00.0000000Z,3
40287,3,2025-10-23T16:45:00.0000000Z,3710,2865,2,0,H,0.445660,0.275952,0.278387,H,1,0.808198,0.460941,formax-outcome-4.0,6d861e191d14ee4741a5969b1d2ffbfc,2025-10-23T16:45:00.0000000Z,3
42791,3,2025-10-23T16:45:00.0000000Z,3588,1278,1,0,H,0.428335,0.274237,0.297428,H,1,0.847849,0.490470,formax-outcome-4.0,6d861e191d14ee4741a5969b1d2ffbfc,2025-10-23T16:45:00.0000000Z,3
53916,3,2025-10-23T16:45:00.0000000Z,3589,1792,2,0,H,0.635279,0.212889,0.151832,H,1,0.453691,0.201396,formax-outcome-4.0,6d861e191d14ee4741a5969b1d2ffbfc,2025-10-23T16:45:00.0000000Z,3
70766,848,2025-10-23T16:45:00.0000000Z,3002,1503,0,3,A,0.260085,0.250452,0.489463,A,1,0.714447,0.391019,formax-outcome-4.0,6d861e191d14ee4741a5969b1d2ffbfc,2025-10-23T16:45:00.0000000Z,3
73211,848,2025-10-23T16:45:00.0000000Z,2613,1421,6,0,H,0.662923,0.208108,0.128969,H,1,0.411096,0.173563,formax-outcome-4.0,6d861e191d14ee4741a5969b1d2ffbfc,2025-10-23T16:45:00.0000000Z,3
81842,3,2025-10-23T16:45:00.0000000Z,1810,2956,2,3,A,0.251761,0.255789,0.492449,A,1,0.708363,0.386419,formax-outcome-4.0,6d861e191d14ee4741a5969b1d2ffbfc,2025-10-23T16:45:00.0000000Z,3
83203,848,2025-10-23T16:45:00.0000000Z,3303,1345,0,0,D,0.464388,0.270651,0.264961,H,0,1.306923,0.817809,formax-outcome-4.0,6d861e191d14ee4741a5969b1d2ffbfc,2025-10-23T16:45:00.0000000Z,3
87710,848,2025-10-23T16:45:00.0000000Z,1911,1177,1,1,D,0.572928,0.238452,0.188619,H,0,1.433586,0.943779,formax-outcome-4.0,6d861e191d14ee4741a5969b1d2ffbfc,2025-10-23T16:45:00.0000000Z,3
102086,3,2025-10-23T16:45:00.0000000Z,1580,2109,2,1,H,0.094588,0.181306,0.724106,A,0,2.358222,1.376972,formax-outcome-4.0,6d861e191d14ee4741a5969b1d2ffbfc,2025-10-23T16:45:00.0000000Z,3
104341,848,2025-10-23T16:45:00.0000000Z,3255,2517,2,2,D,0.343212,0.277133,0.379655,A,0,1.283258,0.784469,formax-outcome-4.0,6d861e191d14ee4741a5969b1d2ffbfc,2025-10-23T16:45:00.0000000Z,3
105707,3,2025-10-23T16:45:00.0000000Z,2888,1520,1,2,A,0.228435,0.258760,0.512805,A,1,0.667859,0.356498,formax-outcome-4.0,6d861e191d14ee4741a5969b1d2ffbfc,2025-10-23T16:45:00.0000000Z,3
106227,3,2025-10-23T16:45:00.0000000Z,4206,2033,0,0,D,0.335719,0.269147,0.395134,A,0,1.312498,0.802985,formax-outcome-4.0,6d861e191d14ee4741a5969b1d2ffbfc,2025-10-23T16:45:00.0000000Z,3
36443,3,2025-10-23T19:00:00.0000000Z,2682,3440,1,1,D,0.353177,0.264158,0.382665,A,0,1.331208,0.812630,formax-outcome-4.0,6d861e191d14ee4741a5969b1d2ffbfc,2025-10-23T19:00:00.0000000Z,3
39109,3,2025-10-23T19:00:00.0000000Z,2516,3702,3,1,H,0.537132,0.254485,0.208383,H,1,0.621511,0.322433,formax-outcome-4.0,6d861e191d14ee4741a5969b1d2ffbfc,2025-10-23T19:00:00.0000000Z,3
42681,3,2025-10-23T19:00:00.0000000Z,1487,3477,2,1,H,0.536087,0.261058,0.202854,H,1,0.623458,0.324516,formax-outcome-4.0,6d861e191d14ee4741a5969b1d2ffbfc,2025-10-23T19:00:00.0000000Z,3
82028,848,2025-10-23T19:00:00.0000000Z,2797,2576,1,1,D,0.331409,0.298710,0.369880,A,0,1.208281,0.738451,formax-outcome-4.0,6d861e191d14ee4741a5969b1d2ffbfc,2025-10-23T19:00:00.0000000Z,3
83847,848,2025-10-23T19:00:00.0000000Z,1947,3654,1,1,D,0.588524,0.230121,0.181355,H,0,1.469150,0.971963,formax-outcome-4.0,6d861e191d14ee4741a5969b1d2ffbfc,2025-10-23T19:00:00.0000000Z,3
88069,3,2025-10-23T19:00:00.0000000Z,4470,3690,3,4,A,0.559827,0.248637,0.191536,H,0,1.652680,1.028841,formax-outcome-4.0,6d861e191d14ee4741a5969b1d2ffbfc,2025-10-23T19:00:00.0000000Z,3
103801,3,2025-10-23T19:00:00.0000000Z,5685,4678,2,0,H,0.421786,0.287779,0.290435,H,1,0.863258,0.501501,formax-outcome-4.0,6d861e191d14ee4741a5969b1d2ffbfc,2025-10-23T19:00:00.0000000Z,3
104091,3,2025-10-23T19:00:00.0000000Z,2522,3248,3,2,H,0.354451,0.285451,0.360098,A,0,1.037185,0.627886,formax-outcome-4.0,6d861e191d14ee4741a5969b1d2ffbfc,2025-10-23T19:00:00.0000000Z,3
104308,3,2025-10-23T19:00:00.0000000Z,2480,2108,2,0,H,0.443747,0.286994,0.269259,H,1,0.812501,0.464283,formax-outcome-4.0,6d861e191d14ee4741a5969b1d2ffbfc,2025-10-23T19:00:00.0000000Z,3
105581,3,2025-10-23T19:00:00.0000000Z,1904,3851,2,1,H,0.421106,0.272758,0.306136,H,1,0.864870,0.503234,formax-outcome-4.0,6d861e191d14ee4741a5969b1d2ffbfc,2025-10-23T19:00:00.0000000Z,3
105976,3,2025-10-23T19:00:00.0000000Z,2799,1631,1,2,A,0.513741,0.260454,0.225805,H,0,1.488081,0.931143,formax-outcome-4.0,6d861e191d14ee4741a5969b1d2ffbfc,2025-10-23T19:00:00.0000000Z,3
106324,848,2025-10-23T19:00:00.0000000Z,1486,3684,0,1,A,0.821182,0.121282,0.057536,H,0,2.855338,1.577287,formax-outcome-4.0,6d861e191d14ee4741a5969b1d2ffbfc,2025-10-23T19:00:00.0000000Z,3
53807,848,2025-10-24T14:00:00.0000000Z,3689,2027,1,0,H,0.266582,0.270255,0.463163,A,0,1.322075,0.825461,formax-outcome-4.0,6d861e191d14ee4741a5969b1d2ffbfc,2025-10-24T14:00:00.0000000Z,3
105149,203,2025-10-24T17:00:00.0000000Z,6019,6025,2,2,D,0.281788,0.259118,0.459094,A,0,1.350472,0.839078,formax-outcome-4.0,6d861e191d14ee4741a5969b1d2ffbfc,2025-10-24T17:00:00.0000000Z,3
104784,88,2025-10-24T18:00:00.0000000Z,990,1378,3,3,D,0.477478,0.241041,0.281481,H,0,1.422789,0.883236,formax-outcome-4.0,6d861e191d14ee4741a5969b1d2ffbfc,2025-10-24T18:00:00.0000000Z,3
101579,78,2025-10-24T18:30:00.0000000Z,966,4180,1,0,H,0.478390,0.238638,0.282971,H,1,0.737328,0.409098,formax-outcome-4.0,6d861e191d14ee4741a5969b1d2ffbfc,2025-10-24T18:30:00.0000000Z,3
60905,61,2025-10-24T18:45:00.0000000Z,4292,1668,1,2,A,0.635111,0.210275,0.154615,H,0,1.866820,1.162257,formax-outcome-4.0,6d861e191d14ee4741a5969b1d2ffbfc,2025-10-24T18:45:00.0000000Z,3
103167,135,2025-10-24T18:45:00.0000000Z,1488,1838,2,2,D,0.541059,0.266096,0.192845,H,0,1.323897,0.868548,formax-outcome-4.0,6d861e191d14ee4741a5969b1d2ffbfc,2025-10-24T18:45:00.0000000Z,3
101684,40,2025-10-24T19:00:00.0000000Z,1499,1460,3,2,H,0.357913,0.305947,0.336140,H,1,1.027466,0.618870,formax-outcome-4.0,6d861e191d14ee4741a5969b1d2ffbfc,2025-10-24T19:00:00.0000000Z,3
101770,140,2025-10-24T19:00:00.0000000Z,1830,3049,2,1,H,0.387045,0.280105,0.332850,H,1,0.949214,0.564962,formax-outcome-4.0,6d861e191d14ee4741a5969b1d2ffbfc,2025-10-24T19:00:00.0000000Z,3
105008,39,2025-10-24T19:00:00.0000000Z,2269,2751,2,1,H,0.384694,0.273345,0.341961,H,1,0.955308,0.570257,formax-outcome-4.0,6d861e191d14ee4741a5969b1d2ffbfc,2025-10-24T19:00:00.0000000Z,3
98274,40,2025-10-25T11:30:00.0000000Z,5841,1253,3,1,H,0.611010,0.227190,0.161801,H,1,0.492643,0.229108,formax-outcome-4.0,6d861e191d14ee4741a5969b1d2ffbfc,2025-10-25T11:30:00.0000000Z,3
102422,40,2025-10-25T11:30:00.0000000Z,3598,1531,1,0,H,0.598260,0.235818,0.165923,H,1,0.513730,0.244536,formax-outcome-4.0,6d861e191d14ee4741a5969b1d2ffbfc,2025-10-25T11:30:00.0000000Z,3
102497,40,2025-10-25T11:30:00.0000000Z,1654,3483,0,1,A,0.408998,0.297681,0.293321,H,0,1.226489,0.755289,formax-outcome-4.0,6d861e191d14ee4741a5969b1d2ffbfc,2025-10-25T11:30:00.0000000Z,3
105217,140,2025-10-25T12:00:00.0000000Z,758,1944,3,3,D,0.466427,0.277062,0.256511,H,0,1.283515,0.805992,formax-outcome-4.0,6d861e191d14ee4741a5969b1d2ffbfc,2025-10-25T12:00:00.0000000Z,3
105794,135,2025-10-25T13:00:00.0000000Z,3405,1584,3,2,H,0.435092,0.304883,0.260025,H,1,0.832198,0.479688,formax-outcome-4.0,6d861e191d14ee4741a5969b1d2ffbfc,2025-10-25T13:00:00.0000000Z,3
106561,135,2025-10-25T13:00:00.0000000Z,3648,5356,0,0,D,0.259015,0.299301,0.441684,A,0,1.206306,0.753153,formax-outcome-4.0,6d861e191d14ee4741a5969b1d2ffbfc,2025-10-25T13:00:00.0000000Z,3
72568,78,2025-10-25T13:30:00.0000000Z,4472,4528,2,0,H,0.588889,0.212857,0.198254,H,1,0.529518,0.253625,formax-outcome-4.0,6d861e191d14ee4741a5969b1d2ffbfc,2025-10-25T13:30:00.0000000Z,3
101894,78,2025-10-25T13:30:00.0000000Z,1109,821,0,6,A,0.326251,0.258941,0.414808,A,1,0.879941,0.515941,formax-outcome-4.0,6d861e191d14ee4741a5969b1d2ffbfc,2025-10-25T13:30:00.0000000Z,3
101974,78,2025-10-25T13:30:00.0000000Z,1051,1328,0,3,A,0.032358,0.068856,0.898786,A,1,0.106711,0.016033,formax-outcome-4.0,6d861e191d14ee4741a5969b1d2ffbfc,2025-10-25T13:30:00.0000000Z,3
107147,78,2025-10-25T13:30:00.0000000Z,3573,4330,3,1,H,0.505299,0.230617,0.264084,H,1,0.682605,0.367654,formax-outcome-4.0,6d861e191d14ee4741a5969b1d2ffbfc,2025-10-25T13:30:00.0000000Z,3
71114,39,2025-10-25T14:00:00.0000000Z,1013,4928,2,1,H,0.610008,0.232032,0.157960,H,1,0.494283,0.230884,formax-outcome-4.0,6d861e191d14ee4741a5969b1d2ffbfc,2025-10-25T14:00:00.0000000Z,3
99595,40,2025-10-25T14:00:00.0000000Z,1912,4290,2,1,H,0.207108,0.274190,0.518702,A,0,1.574515,0.972910,formax-outcome-4.0,6d861e191d14ee4741a5969b1d2ffbfc,2025-10-25T14:00:00.0000000Z,3
101841,39,2025-10-25T14:00:00.0000000Z,3373,2209,1,2,A,0.851908,0.110100,0.037992,H,0,3.270382,1.663329,formax-outcome-4.0,6d861e191d14ee4741a5969b1d2ffbfc,2025-10-25T14:00:00.0000000Z,3
102211,40,2025-10-25T14:00:00.0000000Z,1718,1452,1,1,D,0.345473,0.291376,0.363151,A,0,1.233142,0.753379,formax-outcome-4.0,6d861e191d14ee4741a5969b1d2ffbfc,2025-10-25T14:00:00.0000000Z,3
102262,40,2025-10-25T14:00:00.0000000Z,3380,1502,1,0,H,0.372949,0.291996,0.335054,H,1,0.986313,0.590716,formax-outcome-4.0,6d861e191d14ee4741a5969b1d2ffbfc,2025-10-25T14:00:00.0000000Z,3
102349,40,2025-10-25T14:00:00.0000000Z,1511,1910,1,0,H,0.213046,0.286690,0.500264,A,0,1.546248,0.951752,formax-outcome-4.0,6d861e191d14ee4741a5969b1d2ffbfc,2025-10-25T14:00:00.0000000Z,3
102641,40,2025-10-25T14:00:00.0000000Z,3467,4379,2,1,H,0.419932,0.282246,0.297821,H,1,0.867662,0.504839,formax-outcome-4.0,6d861e191d14ee4741a5969b1d2ffbfc,2025-10-25T14:00:00.0000000Z,3
102810,40,2025-10-25T14:00:00.0000000Z,4380,2268,1,1,D,0.432287,0.288008,0.279704,H,0,1.244765,0.772039,formax-outcome-4.0,6d861e191d14ee4741a5969b1d2ffbfc,2025-10-25T14:00:00.0000000Z,3
103000,40,2025-10-25T14:00:00.0000000Z,1053,1490,1,0,H,0.453224,0.279093,0.267684,H,1,0.791369,0.448511,formax-outcome-4.0,6d861e191d14ee4741a5969b1d2ffbfc,2025-10-25T14:00:00.0000000Z,3
104169,203,2025-10-25T14:00:00.0000000Z,6988,6847,2,0,H,0.176766,0.243195,0.580039,A,0,1.732931,1.073305,formax-outcome-4.0,6d861e191d14ee4741a5969b1d2ffbfc,2025-10-25T14:00:00.0000000Z,3
107518,40,2025-10-25T14:00:00.0000000Z,4169,1476,1,2,A,0.340781,0.290263,0.368957,A,1,0.997076,0.598600,formax-outcome-4.0,6d861e191d14ee4741a5969b1d2ffbfc,2025-10-25T14:00:00.0000000Z,3
105273,140,2025-10-25T14:15:00.0000000Z,762,3447,1,0,H,0.589970,0.243031,0.166999,H,1,0.527684,0.255077,formax-outcome-4.0,6d861e191d14ee4741a5969b1d2ffbfc,2025-10-25T14:15:00.0000000Z,3
104249,88,2025-10-25T14:30:00.0000000Z,1079,1301,1,2,A,0.339433,0.258559,0.402007,A,1,0.911285,0.539663,formax-outcome-4.0,6d861e191d14ee4741a5969b1d2ffbfc,2025-10-25T14:30:00.0000000Z,3
107087,61,2025-10-25T15:00:00.0000000Z,4558,5284,0,3,A,0.114591,0.159327,0.726082,A,1,0.320093,0.113548,formax-outcome-4.0,6d861e191d14ee4741a5969b1d2ffbfc,2025-10-25T15:00:00.0000000Z,3
106614,135,2025-10-25T16:00:00.0000000Z,2845,2685,3,1,H,0.265415,0.280495,0.454089,A,0,1.326459,0.824489,formax-outcome-4.0,6d861e191d14ee4741a5969b1d2ffbfc,2025-10-25T16:00:00.0000000Z,3
103109,39,2025-10-25T16:30:00.0000000Z,4266,873,4,2,H,0.385454,0.263080,0.351465,H,1,0.953333,0.570406,formax-outcome-4.0,6d861e191d14ee4741a5969b1d2ffbfc,2025-10-25T16:30:00.0000000Z,3
103955,140,2025-10-25T16:30:00.0000000Z,1906,1914,0,1,A,0.494515,0.287818,0.217667,H,0,1.524789,0.939429,formax-outcome-4.0,6d861e191d14ee4741a5969b1d2ffbfc,2025-10-25T16:30:00.0000000Z,3
97507,88,2025-10-25T16:45:00.0000000Z,1162,3539,1,0,H,0.313279,0.241019,0.445702,A,0,1.160661,0.728326,formax-outcome-4.0,6d861e191d14ee4741a5969b1d2ffbfc,2025-10-25T16:45:00.0000000Z,3
98365,61,2025-10-25T17:00:00.0000000Z,2085,1872,1,0,H,0.505611,0.236486,0.257903,H,1,0.681988,0.366860,formax-outcome-4.0,6d861e191d14ee4741a5969b1d2ffbfc,2025-10-25T17:00:00.0000000Z,3
103578,203,2025-10-25T17:00:00.0000000Z,5068,6991,2,0,H,0.516203,0.264369,0.219428,H,1,0.661256,0.352100,formax-outcome-4.0,6d861e191d14ee4741a5969b1d2ffbfc,2025-10-25T17:00:00.0000000Z,3
105723,135,2025-10-25T18:45:00.0000000Z,3558,4702,1,1,D,0.264277,0.285496,0.450227,A,0,1.253529,0.783064,formax-outcome-4.0,6d861e191d14ee4741a5969b1d2ffbfc,2025-10-25T18:45:00.0000000Z,3
38705,88,2025-10-25T19:00:00.0000000Z,2612,1080,2,2,D,0.253111,0.222793,0.524096,A,0,1.501514,0.942794,formax-outcome-4.0,6d861e191d14ee4741a5969b1d2ffbfc,2025-10-25T19:00:00.0000000Z,3
102942,39,2025-10-25T19:00:00.0000000Z,5807,2208,3,2,H,0.335805,0.261537,0.402658,A,0,1.091226,0.671691,formax-outcome-4.0,6d861e191d14ee4741a5969b1d2ffbfc,2025-10-25T19:00:00.0000000Z,3
104822,140,2025-10-25T19:00:00.0000000Z,2030,1776,0,2,A,0.276910,0.269155,0.453935,A,1,0.789802,0.447311,formax-outcome-4.0,6d861e191d14ee4741a5969b1d2ffbfc,2025-10-25T19:00:00.0000000Z,3
106171,61,2025-10-25T19:05:00.0000000Z,886,5071,2,1,H,0.306900,0.254646,0.438454,A,0,1.181232,0.737473,formax-outcome-4.0,6d861e191d14ee4741a5969b1d2ffbfc,2025-10-25T19:05:00.0000000Z,3
83341,88,2025-10-26T11:15:00.0000000Z,3707,2530,2,3,A,0.392383,0.237461,0.370156,H,0,0.993830,0.607055,formax-outcome-4.0,6d861e191d14ee4741a5969b1d2ffbfc,2025-10-26T11:15:00.0000000Z,3
105060,203,2025-10-26T11:30:00.0000000Z,5867,3661,0,4,A,0.232427,0.263008,0.504565,A,1,0.684060,0.368652,formax-outcome-4.0,6d861e191d14ee4741a5969b1d2ffbfc,2025-10-26T11:30:00.0000000Z,3
106759,135,2025-10-26T11:30:00.0000000Z,1652,1649,2,1,H,0.388524,0.311181,0.300295,H,1,0.945399,0.560913,formax-outcome-4.0,6d861e191d14ee4741a5969b1d2ffbfc,2025-10-26T11:30:00.0000000Z,3
105332,140,2025-10-26T13:00:00.0000000Z,1925,2383,1,1,D,0.530825,0.260783,0.208392,H,0,1.344067,0.871645,formax-outcome-4.0,6d861e191d14ee4741a5969b1d2ffbfc,2025-10-26T13:00:00.0000000Z,3
104017,88,2025-10-26T13:30:00.0000000Z,2516,1775,2,3,A,0.390252,0.217581,0.392167,A,1,0.936069,0.569100,formax-outcome-4.0,6d861e191d14ee4741a5969b1d2ffbfc,2025-10-26T13:30:00.0000000Z,3
98884,203,2025-10-26T14:00:00.0000000Z,3309,2549,3,1,H,0.596764,0.235063,0.168173,H,1,0.516234,0.246136,formax-outcome-4.0,6d861e191d14ee4741a5969b1d2ffbfc,2025-10-26T14:00:00.0000000Z,3
99485,39,2025-10-26T14:00:00.0000000Z,1829,2531,2,3,A,0.533481,0.255018,0.211501,H,0,1.553526,0.971367,formax-outcome-4.0,6d861e191d14ee4741a5969b1d2ffbfc,2025-10-26T14:00:00.0000000Z,3
102085,39,2025-10-26T14:00:00.0000000Z,2109,4166,1,0,H,0.298113,0.277795,0.424092,A,0,1.210282,0.749669,formax-outcome-4.0,6d861e191d14ee4741a5969b1d2ffbfc,2025-10-26T14:00:00.0000000Z,3
102867,61,2025-10-26T14:00:00.0000000Z,4470,1078,6,1,H,0.700944,0.177566,0.121490,H,1,0.355327,0.135724,formax-outcome-4.0,6d861e191d14ee4741a5969b1d2ffbfc,2025-10-26T14:00:00.0000000Z,3
103359,203,2025-10-26T14:00:00.0000000Z,6848,1717,1,2,A,0.192648,0.243318,0.564034,A,1,0.572640,0.286383,formax-outcome-4.0,6d861e191d14ee4741a5969b1d2ffbfc,2025-10-26T14:00:00.0000000Z,3
105448,135,2025-10-26T14:00:00.0000000Z,1719,3394,2,2,D,0.302402,0.310434,0.387164,A,0,1.169783,0.716843,formax-outcome-4.0,6d861e191d14ee4741a5969b1d2ffbfc,2025-10-26T14:00:00.0000000Z,3
106323,39,2025-10-26T14:00:00.0000000Z,4559,1486,1,0,H,0.638031,0.225394,0.136575,H,1,0.449369,0.200477,formax-outcome-4.0,6d861e191d14ee4741a5969b1d2ffbfc,2025-10-26T14:00:00.0000000Z,3
106424,39,2025-10-26T14:00:00.0000000Z,3646,2480,2,0,H,0.597415,0.229233,0.173351,H,1,0.515143,0.244673,formax-outcome-4.0,6d861e191d14ee4741a5969b1d2ffbfc,2025-10-26T14:00:00.0000000Z,3
107414,135,2025-10-26T14:00:00.0000000Z,3903,2799,0,1,A,0.236932,0.294019,0.469049,A,1,0.757048,0.424493,formax-outcome-4.0,6d861e191d14ee4741a5969b1d2ffbfc,2025-10-26T14:00:00.0000000Z,3
102139,78,2025-10-26T14:30:00.0000000Z,1260,5685,2,0,H,0.447001,0.240694,0.312305,H,1,0.805194,0.461276,formax-outcome-4.0,6d861e191d14ee4741a5969b1d2ffbfc,2025-10-26T14:30:00.0000000Z,3
107124,140,2025-10-26T15:15:00.0000000Z,4521,4005,2,1,H,0.425263,0.252197,0.322540,H,1,0.855048,0.497959,formax-outcome-4.0,6d861e191d14ee4741a5969b1d2ffbfc,2025-10-26T15:15:00.0000000Z,3
103746,88,2025-10-26T15:45:00.0000000Z,1271,4678,4,1,H,0.426864,0.239001,0.334135,H,1,0.851291,0.497253,formax-outcome-4.0,6d861e191d14ee4741a5969b1d2ffbfc,2025-10-26T15:45:00.0000000Z,3
60454,61,2025-10-26T16:15:00.0000000Z,1815,1823,0,1,A,0.608884,0.211621,0.179495,H,0,1.717609,1.088752,formax-outcome-4.0,6d861e191d14ee4741a5969b1d2ffbfc,2025-10-26T16:15:00.0000000Z,3
103278,61,2025-10-26T16:15:00.0000000Z,1257,1666,2,0,H,0.420424,0.259584,0.319992,H,1,0.866491,0.505687,formax-outcome-4.0,6d861e191d14ee4741a5969b1d2ffbfc,2025-10-26T16:15:00.0000000Z,3
107046,61,2025-10-26T16:15:00.0000000Z,1781,3851,1,2,A,0.499507,0.235661,0.264831,H,0,1.328662,0.845516,formax-outcome-4.0,6d861e191d14ee4741a5969b1d2ffbfc,2025-10-26T16:15:00.0000000Z,3
71208,39,2025-10-26T16:30:00.0000000Z,1482,2355,0,3,A,0.415146,0.292679,0.292174,H,0,1.230404,0.759025,formax-outcome-4.0,6d861e191d14ee4741a5969b1d2ffbfc,2025-10-26T16:30:00.0000000Z,3
82490,203,2025-10-26T17:00:00.0000000Z,4226,3673,1,1,D,0.267130,0.256660,0.476210,A,0,1.360005,0.850690,formax-outcome-4.0,6d861e191d14ee4741a5969b1d2ffbfc,2025-10-26T17:00:00.0000000Z,3
107456,135,2025-10-26T17:00:00.0000000Z,1503,1520,2,2,D,0.405749,0.283702,0.310550,H,0,1.259831,0.774156,formax-outcome-4.0,6d861e191d14ee4741a5969b1d2ffbfc,2025-10-26T17:00:00.0000000Z,3
105580,140,2025-10-26T17:30:00.0000000Z,3599,1904,2,3,A,0.405333,0.285561,0.309107,H,0,1.174068,0.723173,formax-outcome-4.0,6d861e191d14ee4741a5969b1d2ffbfc,2025-10-26T17:30:00.0000000Z,3
104065,88,2025-10-26T19:00:00.0000000Z,1580,4124,2,0,H,0.448408,0.230758,0.320834,H,1,0.802051,0.460437,formax-outcome-4.0,6d861e191d14ee4741a5969b1d2ffbfc,2025-10-26T19:00:00.0000000Z,3
53915,61,2025-10-26T19:45:00.0000000Z,3589,1911,2,1,H,0.496137,0.241541,0.262322,H,1,0.700903,0.381033,formax-outcome-4.0,6d861e191d14ee4741a5969b1d2ffbfc,2025-10-26T19:45:00.0000000Z,3
105516,135,2025-10-26T19:45:00.0000000Z,2837,2013,1,0,H,0.376180,0.294157,0.329663,H,1,0.977688,0.584358,formax-outcome-4.0,6d861e191d14ee4741a5969b1d2ffbfc,2025-10-26T19:45:00.0000000Z,3
103883,140,2025-10-26T20:00:00.0000000Z,2517,759,1,0,H,0.452131,0.294815,0.253054,H,1,0.793783,0.451112,formax-outcome-4.0,6d861e191d14ee4741a5969b1d2ffbfc,2025-10-26T20:00:00.0000000Z,3
42790,203,2025-10-27T17:00:00.0000000Z,4926,3588,0,4,A,0.186094,0.234837,0.579069,A,1,0.546334,0.266962,formax-outcome-4.0,6d861e191d14ee4741a5969b1d2ffbfc,2025-10-27T17:00:00.0000000Z,3
103428,203,2025-10-27T17:00:00.0000000Z,1176,1845,1,1,D,0.474146,0.266882,0.258971,H,0,1.320948,0.829343,formax-outcome-4.0,6d861e191d14ee4741a5969b1d2ffbfc,2025-10-27T17:00:00.0000000Z,3
105889,140,2025-10-27T20:00:00.0000000Z,2033,4267,0,2,A,0.306654,0.263556,0.429790,A,1,0.844459,0.488639,formax-outcome-4.0,6d861e191d14ee4741a5969b1d2ffbfc,2025-10-27T20:00:00.0000000Z,3
105793,135,2025-10-28T17:30:00.0000000Z,1584,2845,0,1,A,0.157600,0.249707,0.592693,A,1,0.523078,0.253090,formax-outcome-4.0,6d861e191d14ee4741a5969b1d2ffbfc,2025-10-28T17:30:00.0000000Z,3
103166,135,2025-10-28T19:45:00.0000000Z,4702,1488,1,1,D,0.420664,0.287962,0.291374,H,0,1.244928,0.768856,formax-outcome-4.0,6d861e191d14ee4741a5969b1d2ffbfc,2025-10-28T19:45:00.0000000Z,3
105447,135,2025-10-29T17:30:00.0000000Z,5356,1719,3,1,H,0.599120,0.253384,0.147497,H,1,0.512294,0.246664,formax-outcome-4.0,6d861e191d14ee4741a5969b1d2ffbfc,2025-10-29T17:30:00.0000000Z,3
107006,135,2025-10-29T17:30:00.0000000Z,2799,3648,2,1,H,0.572989,0.269768,0.157243,H,1,0.556888,0.279838,formax-outcome-4.0,6d861e191d14ee4741a5969b1d2ffbfc,2025-10-29T17:30:00.0000000Z,3
107325,135,2025-10-29T17:30:00.0000000Z,2013,3405,3,1,H,0.558939,0.261237,0.179824,H,1,0.581716,0.295117,formax-outcome-4.0,6d861e191d14ee4741a5969b1d2ffbfc,2025-10-29T17:30:00.0000000Z,3
102866,61,2025-10-29T18:00:00.0000000Z,3851,4470,2,0,H,0.362087,0.251042,0.386871,A,0,1.015870,0.619624,formax-outcome-4.0,6d861e191d14ee4741a5969b1d2ffbfc,2025-10-29T18:00:00.0000000Z,3
106816,61,2025-10-29T18:00:00.0000000Z,1666,5284,1,1,D,0.096712,0.148106,0.755182,A,0,1.909826,1.305377,formax-outcome-4.0,6d861e191d14ee4741a5969b1d2ffbfc,2025-10-29T18:00:00.0000000Z,3
107086,61,2025-10-29T18:00:00.0000000Z,1823,4558,1,0,H,0.466042,0.239599,0.294359,H,1,0.763479,0.429166,formax-outcome-4.0,6d861e191d14ee4741a5969b1d2ffbfc,2025-10-29T18:00:00.0000000Z,3
107531,61,2025-10-29T18:00:00.0000000Z,1078,886,2,0,H,0.275978,0.253619,0.470402,A,0,1.287433,0.809808,formax-outcome-4.0,6d861e191d14ee4741a5969b1d2ffbfc,2025-10-29T18:00:00.0000000Z,3
105722,135,2025-10-29T19:45:00.0000000Z,1649,3558,0,2,A,0.364234,0.299022,0.336744,H,0,1.088432,0.661989,formax-outcome-4.0,6d861e191d14ee4741a5969b1d2ffbfc,2025-10-29T19:45:00.0000000Z,3
106613,135,2025-10-29T19:45:00.0000000Z,2685,1503,3,0,H,0.607426,0.224278,0.168296,H,1,0.498525,0.232738,formax-outcome-4.0,6d861e191d14ee4741a5969b1d2ffbfc,2025-10-29T19:45:00.0000000Z,3
107353,135,2025-10-29T19:45:00.0000000Z,1520,1652,0,0,D,0.562332,0.255317,0.182351,H,0,1.365250,0.904022,formax-outcome-4.0,6d861e191d14ee4741a5969b1d2ffbfc,2025-10-29T19:45:00.0000000Z,3
53914,61,2025-10-29T20:05:00.0000000Z,4292,3589,3,3,D,0.416979,0.253431,0.329590,H,0,1.372665,0.839867,formax-outcome-4.0,6d861e191d14ee4741a5969b1d2ffbfc,2025-10-29T20:05:00.0000000Z,3
60453,61,2025-10-29T20:05:00.0000000Z,1911,1815,3,0,H,0.647776,0.207740,0.144483,H,1,0.434210,0.188093,formax-outcome-4.0,6d861e191d14ee4741a5969b1d2ffbfc,2025-10-29T20:05:00.0000000Z,3
98364,61,2025-10-29T20:05:00.0000000Z,1668,2085,3,5,A,0.353191,0.276348,0.370460,A,1,0.993008,0.597432,formax-outcome-4.0,6d861e191d14ee4741a5969b1d2ffbfc,2025-10-29T20:05:00.0000000Z,3
103277,61,2025-10-29T20:05:00.0000000Z,5071,1257,2,2,D,0.810446,0.129087,0.060466,H,0,2.047266,1.418968,formax-outcome-4.0,6d861e191d14ee4741a5969b1d2ffbfc,2025-10-29T20:05:00.0000000Z,3
106853,61,2025-10-29T20:05:00.0000000Z,1872,1781,2,2,D,0.561227,0.232706,0.206067,H,0,1.457981,0.946181,formax-outcome-4.0,6d861e191d14ee4741a5969b1d2ffbfc,2025-10-29T20:05:00.0000000Z,3
106960,135,2025-10-30T17:30:00.0000000Z,3394,3903,1,2,A,0.417606,0.293296,0.289098,H,0,1.240988,0.765798,formax-outcome-4.0,6d861e191d14ee4741a5969b1d2ffbfc,2025-10-30T17:30:00.0000000Z,3
105515,135,2025-10-30T19:45:00.0000000Z,1838,2837,0,0,D,0.304941,0.290449,0.404610,A,0,1.236328,0.760161,formax-outcome-4.0,6d861e191d14ee4741a5969b1d2ffbfc,2025-10-30T19:45:00.0000000Z,3
105059,203,2025-10-31T17:00:00.0000000Z,3661,6988,1,0,H,0.599546,0.232406,0.168048,H,1,0.511583,0.242616,formax-outcome-4.0,6d861e191d14ee4741a5969b1d2ffbfc,2025-10-31T17:00:00.0000000Z,3
104016,88,2025-10-31T19:00:00.0000000Z,1775,1079,5,2,H,0.787870,0.128217,0.083913,H,1,0.238422,0.068480,formax-outcome-4.0,6d861e191d14ee4741a5969b1d2ffbfc,2025-10-31T19:00:00.0000000Z,3
106681,78,2025-10-31T19:30:00.0000000Z,1109,989,0,1,A,0.136282,0.183644,0.680073,A,1,0.385555,0.154651,formax-outcome-4.0,6d861e191d14ee4741a5969b1d2ffbfc,2025-10-31T19:30:00.0000000Z,3
98273,40,2025-10-31T20:00:00.0000000Z,2268,5841,3,2,H,0.253384,0.264037,0.482579,A,0,1.372849,0.860033,formax-outcome-4.0,6d861e191d14ee4741a5969b1d2ffbfc,2025-10-31T20:00:00.0000000Z,3
103954,140,2025-10-31T20:00:00.0000000Z,1914,758,2,1,H,0.512244,0.273308,0.214448,H,1,0.668955,0.358591,formax-outcome-4.0,6d861e191d14ee4741a5969b1d2ffbfc,2025-10-31T20:00:00.0000000Z,3
99594,40,2025-11-01T12:30:00.0000000Z,1910,1912,0,2,A,0.639390,0.233641,0.126969,H,0,2.063810,1.225590,formax-outcome-4.0,6d861e191d14ee4741a5969b1d2ffbfc,2025-11-01T12:30:00.0000000Z,3
102421,40,2025-11-01T12:30:00.0000000Z,1531,4169,0,0,D,0.528822,0.260027,0.211151,H,0,1.346968,0.871797,formax-outcome-4.0,6d861e191d14ee4741a5969b1d2ffbfc,2025-11-01T12:30:00.0000000Z,3
102759,40,2025-11-01T12:30:00.0000000Z,4379,1718,0,2,A,0.364732,0.278134,0.357134,H,0,1.029643,0.623664,formax-outcome-4.0,6d861e191d14ee4741a5969b1d2ffbfc,2025-11-01T12:30:00.0000000Z,3
104340,140,2025-11-01T13:00:00.0000000Z,1776,2517,4,0,H,0.460535,0.276877,0.262588,H,1,0.775366,0.436636,formax-outcome-4.0,6d861e191d14ee4741a5969b1d2ffbfc,2025-11-01T13:00:00.0000000Z,3
104223,203,2025-11-01T14:00:00.0000000Z,2549,6848,1,0,H,0.660560,0.211094,0.128346,H,1,0.414667,0.176253,formax-outcome-4.0,6d861e191d14ee4741a5969b1d2ffbfc,2025-11-01T14:00:00.0000000Z,3
106006,135,2025-11-01T14:00:00.0000000Z,3405,4702,1,0,H,0.210505,0.268606,0.520889,A,0,1.558244,0.966776,formax-outcome-4.0,6d861e191d14ee4741a5969b1d2ffbfc,2025-11-01T14:00:00.0000000Z,3
72566,78,2025-11-01T14:30:00.0000000Z,4330,4472,1,1,D,0.140850,0.183526,0.675624,A,0,1.695399,1.142936,formax-outcome-4.0,6d861e191d14ee4741a5969b1d2ffbfc,2025-11-01T14:30:00.0000000Z,3
101578,78,2025-11-01T14:30:00.0000000Z,1281,966,1,1,D,0.406206,0.255065,0.338729,H,0,1.366237,0.834669,formax-outcome-4.0,6d861e191d14ee4741a5969b1d2ffbfc,2025-11-01T14:30:00.0000000Z,3
101893,78,2025-11-01T14:30:00.0000000Z,821,1278,3,1,H,0.487608,0.242566,0.269826,H,1,0.718244,0.394190,formax-outcome-4.0,6d861e191d14ee4741a5969b1d2ffbfc,2025-11-01T14:30:00.0000000Z,3
101973,78,2025-11-01T14:30:00.0000000Z,4528,1051,0,4,A,0.386127,0.266209,0.347663,H,0,1.056521,0.645505,formax-outcome-4.0,6d861e191d14ee4741a5969b1d2ffbfc,2025-11-01T14:30:00.0000000Z,3
106072,78,2025-11-01T14:30:00.0000000Z,4180,5685,0,0,D,0.294341,0.257845,0.447814,A,0,1.355396,0.837968,formax-outcome-4.0,6d861e191d14ee4741a5969b1d2ffbfc,2025-11-01T14:30:00.0000000Z,3
99483,39,2025-11-01T15:00:00.0000000Z,4928,1829,3,0,H,0.527057,0.246916,0.226028,H,1,0.640447,0.335731,formax-outcome-4.0,6d861e191d14ee4741a5969b1d2ffbfc,2025-11-01T15:00:00.0000000Z,3
101683,40,2025-11-01T15:00:00.0000000Z,4290,1499,0,2,A,0.465865,0.289892,0.244244,H,0,1.409589,0.872235,formax-outcome-4.0,6d861e191d14ee4741a5969b1d2ffbfc,2025-11-01T15:00:00.0000000Z,3
102210,40,2025-11-01T15:00:00.0000000Z,1452,3467,1,1,D,0.413607,0.300405,0.285988,H,0,1.202625,0.742294,formax-outcome-4.0,6d861e191d14ee4741a5969b1d2ffbfc,2025-11-01T15:00:00.0000000Z,3
102261,40,2025-11-01T15:00:00.0000000Z,1502,3598,1,4,A,0.186106,0.250483,0.563411,A,1,0.573747,0.287988,formax-outcome-4.0,6d861e191d14ee4741a5969b1d2ffbfc,2025-11-01T15:00:00.0000000Z,3
102348,40,2025-11-01T15:00:00.0000000Z,1476,1511,2,2,D,0.299479,0.309469,0.391052,A,0,1.172897,0.719442,formax-outcome-4.0,6d861e191d14ee4741a5969b1d2ffbfc,2025-11-01T15:00:00.0000000Z,3
102496,40,2025-11-01T15:00:00.0000000Z,1490,1654,4,0,H,0.362646,0.300655,0.336699,H,1,1.014329,0.609980,formax-outcome-4.0,6d861e191d14ee4741a5969b1d2ffbfc,2025-11-01T15:00:00.0000000Z,3
102566,40,2025-11-01T15:00:00.0000000Z,1460,3380,1,3,A,0.398347,0.302532,0.299121,H,0,1.206906,0.741437,formax-outcome-4.0,6d861e191d14ee4741a5969b1d2ffbfc,2025-11-01T15:00:00.0000000Z,3
102703,40,2025-11-01T15:00:00.0000000Z,3483,1053,5,1,H,0.301464,0.304094,0.394442,A,0,1.199105,0.736010,formax-outcome-4.0,6d861e191d14ee4741a5969b1d2ffbfc,2025-11-01T15:00:00.0000000Z,3
102809,40,2025-11-01T15:00:00.0000000Z,1253,4380,3,0,H,0.276001,0.298150,0.425849,A,0,1.287349,0.794415,formax-outcome-4.0,6d861e191d14ee4741a5969b1d2ffbfc,2025-11-01T15:00:00.0000000Z,3
102941,39,2025-11-01T15:00:00.0000000Z,1486,5807,2,0,H,0.408618,0.275644,0.315737,H,1,0.894973,0.525402,formax-outcome-4.0,6d861e191d14ee4741a5969b1d2ffbfc,2025-11-01T15:00:00.0000000Z,3
103108,39,2025-11-01T15:00:00.0000000Z,2480,4266,2,2,D,0.319704,0.266052,0.414244,A,0,1.324065,0.812489,formax-outcome-4.0,6d861e191d14ee4741a5969b1d2ffbfc,2025-11-01T15:00:00.0000000Z,3
104958,39,2025-11-01T15:00:00.0000000Z,2531,4559,0,2,A,0.103991,0.198897,0.697112,A,1,0.360809,0.142115,formax-outcome-4.0,6d861e191d14ee4741a5969b1d2ffbfc,2025-11-01T15:00:00.0000000Z,3
105936,39,2025-11-01T15:00:00.0000000Z,873,2269,3,0,H,0.678873,0.187682,0.133446,H,1,0.387322,0.156155,formax-outcome-4.0,6d861e191d14ee4741a5969b1d2ffbfc,2025-11-01T15:00:00.0000000Z,3
104415,140,2025-11-01T15:15:00.0000000Z,4267,3049,3,0,H,0.690000,0.188184,0.121816,H,1,0.371063,0.146352,formax-outcome-4.0,6d861e191d14ee4741a5969b1d2ffbfc,2025-11-01T15:15:00.0000000Z,3
88184,88,2025-11-01T15:30:00.0000000Z,2530,990,1,1,D,0.532108,0.220156,0.247736,H,0,1.513418,0.952668,formax-outcome-4.0,6d861e191d14ee4741a5969b1d2ffbfc,2025-11-01T15:30:00.0000000Z,3
107045,61,2025-11-01T16:00:00.0000000Z,5284,3851,1,0,H,0.819311,0.117662,0.063026,H,1,0.199291,0.050465,formax-outcome-4.0,6d861e191d14ee4741a5969b1d2ffbfc,2025-11-01T16:00:00.0000000Z,3
98883,203,2025-11-01T17:00:00.0000000Z,3309,5068,0,0,D,0.583129,0.236193,0.180678,H,0,1.443104,0.956084,formax-outcome-4.0,6d861e191d14ee4741a5969b1d2ffbfc,2025-11-01T17:00:00.0000000Z,3
106560,135,2025-11-01T17:00:00.0000000Z,2845,5356,0,0,D,0.480578,0.285793,0.233628,H,0,1.252487,0.795629,formax-outcome-4.0,6d861e191d14ee4741a5969b1d2ffbfc,2025-11-01T17:00:00.0000000Z,3
101769,140,2025-11-01T17:30:00.0000000Z,1830,1906,3,2,H,0.337747,0.300138,0.362115,A,0,1.085459,0.659789,formax-outcome-4.0,6d861e191d14ee4741a5969b1d2ffbfc,2025-11-01T17:30:00.0000000Z,3
101840,39,2025-11-01T17:30:00.0000000Z,2355,3373,0,1,A,0.335291,0.275281,0.389428,A,1,0.943076,0.560998,formax-outcome-4.0,6d861e191d14ee4741a5969b1d2ffbfc,2025-11-01T17:30:00.0000000Z,3
102039,78,2025-11-01T17:30:00.0000000Z,1328,1260,3,0,H,0.762362,0.142956,0.094682,H,1,0.271334,0.085873,formax-outcome-4.0,6d861e191d14ee4741a5969b1d2ffbfc,2025-11-01T17:30:00.0000000Z,3
104573,88,2025-11-01T17:45:00.0000000Z,1378,1580,1,0,H,0.255525,0.225208,0.519267,A,0,1.364433,0.874599,formax-outcome-4.0,6d861e191d14ee4741a5969b1d2ffbfc,2025-11-01T17:45:00.0000000Z,3
60904,61,2025-11-01T18:00:00.0000000Z,2085,4292,0,1,A,0.575898,0.211479,0.212623,H,0,1.548235,0.996345,formax-outcome-4.0,6d861e191d14ee4741a5969b1d2ffbfc,2025-11-01T18:00:00.0000000Z,3
104610,88,2025-11-01T19:00:00.0000000Z,2516,4677,3,1,H,0.760278,0.143039,0.096683,H,1,0.274071,0.087274,formax-outcome-4.0,6d861e191d14ee4741a5969b1d2ffbfc,2025-11-01T19:00:00.0000000Z,3
105721,135,2025-11-01T19:45:00.0000000Z,3558,2013,1,2,A,0.322112,0.306368,0.371519,A,1,0.990154,0.592606,formax-outcome-4.0,6d861e191d14ee4741a5969b1d2ffbfc,2025-11-01T19:45:00.0000000Z,3
97873,88,2025-11-01T20:00:00.0000000Z,3539,4124,2,2,D,0.551442,0.218042,0.230516,H,0,1.523069,0.968685,formax-outcome-4.0,6d861e191d14ee4741a5969b1d2ffbfc,2025-11-01T20:00:00.0000000Z,3
102084,39,2025-11-01T20:00:00.0000000Z,2208,2109,2,0,H,0.500945,0.258828,0.240228,H,1,0.691260,0.373757,formax-outcome-4.0,6d861e191d14ee4741a5969b1d2ffbfc,2025-11-01T20:00:00.0000000Z,3
106646,140,2025-11-01T20:00:00.0000000Z,4521,2030,4,0,H,0.739508,0.167892,0.092599,H,1,0.301770,0.104618,formax-outcome-4.0,6d861e191d14ee4741a5969b1d2ffbfc,2025-11-01T20:00:00.0000000Z,3
60452,61,2025-11-01T20:05:00.0000000Z,1815,5071,0,1,A,0.244111,0.235950,0.519939,A,1,0.654044,0.345722,formax-outcome-4.0,6d861e191d14ee4741a5969b1d2ffbfc,2025-11-01T20:05:00.0000000Z,3
104640,88,2025-11-02T11:15:00.0000000Z,4157,2612,8,2,H,0.296166,0.233544,0.470290,A,0,1.216835,0.771098,formax-outcome-4.0,6d861e191d14ee4741a5969b1d2ffbfc,2025-11-02T11:15:00.0000000Z,3
103358,203,2025-11-02T11:30:00.0000000Z,1717,1176,1,3,A,0.281359,0.285043,0.433598,A,1,0.835638,0.481224,formax-outcome-4.0,6d861e191d14ee4741a5969b1d2ffbfc,2025-11-02T11:30:00.0000000Z,3
105446,135,2025-11-02T11:30:00.0000000Z,1719,2685,1,2,A,0.092911,0.189780,0.717309,A,1,0.332249,0.124563,formax-outcome-4.0,6d861e191d14ee4741a5969b1d2ffbfc,2025-11-02T11:30:00.0000000Z,3
105331,140,2025-11-02T13:00:00.0000000Z,2383,1904,1,2,A,0.260865,0.251015,0.488120,A,1,0.717194,0.393080,formax-outcome-4.0,6d861e191d14ee4741a5969b1d2ffbfc,2025-11-02T13:00:00.0000000Z,3
83339,88,2025-11-02T13:30:00.0000000Z,1301,3707,1,1,D,0.351850,0.226999,0.421151,A,0,1.482808,0.898696,formax-outcome-4.0,6d861e191d14ee4741a5969b1d2ffbfc,2025-11-02T13:30:00.0000000Z,3
97505,88,2025-11-02T13:30:00.0000000Z,1162,1271,0,1,A,0.280516,0.223581,0.495903,A,1,0.701375,0.382791,formax-outcome-4.0,6d861e191d14ee4741a5969b1d2ffbfc,2025-11-02T13:30:00.0000000Z,3
71112,39,2025-11-02T14:00:00.0000000Z,2751,1013,3,1,H,0.184857,0.242019,0.573124,A,0,1.688172,1.051502,formax-outcome-4.0,6d861e191d14ee4741a5969b1d2ffbfc,2025-11-02T14:00:00.0000000Z,3
103503,203,2025-11-02T14:00:00.0000000Z,6025,4226,3,2,H,0.255715,0.257348,0.486938,A,0,1.363693,0.857296,formax-outcome-4.0,6d861e191d14ee4741a5969b1d2ffbfc,2025-11-02T14:00:00.0000000Z,3
104892,61,2025-11-02T14:00:00.0000000Z,1781,1911,4,1,H,0.340773,0.252955,0.406272,A,0,1.076539,0.663624,formax-outcome-4.0,6d861e191d14ee4741a5969b1d2ffbfc,2025-11-02T14:00:00.0000000Z,3
105792,135,2025-11-02T14:00:00.0000000Z,1503,1584,0,1,A,0.619024,0.237869,0.143107,H,0,1.944163,1.174038,formax-outcome-4.0,6d861e191d14ee4741a5969b1d2ffbfc,2025-11-02T14:00:00.0000000Z,3
107352,135,2025-11-02T14:00:00.0000000Z,1652,1838,2,2,D,0.380384,0.311206,0.308410,H,0,1.167300,0.714245,formax-outcome-4.0,6d861e191d14ee4741a5969b1d2ffbfc,2025-11-02T14:00:00.0000000Z,3
103882,140,2025-11-02T15:15:00.0000000Z,759,762,2,1,H,0.399950,0.298417,0.301633,H,1,0.916416,0.540096,formax-outcome-4.0,6d861e191d14ee4741a5969b1d2ffbfc,2025-11-02T15:15:00.0000000Z,3
38703,88,2025-11-02T15:45:00.0000000Z,4678,1080,1,0,H,0.476922,0.223527,0.299551,H,1,0.740402,0.413306,formax-outcome-4.0,6d861e191d14ee4741a5969b1d2ffbfc,2025-11-02T15:45:00.0000000Z,3
102865,61,2025-11-02T16:15:00.0000000Z,4470,1257,1,0,H,0.698278,0.188214,0.113508,H,1,0.359138,0.139345,formax-outcome-4.0,6d861e191d14ee4741a5969b1d2ffbfc,2025-11-02T16:15:00.0000000Z,3
106815,61,2025-11-02T16:15:00.0000000Z,886,1666,3,0,H,0.615949,0.216490,0.167561,H,1,0.484592,0.222440,formax-outcome-4.0,6d861e191d14ee4741a5969b1d2ffbfc,2025-11-02T16:15:00.0000000Z,3
106852,61,2025-11-02T16:15:00.0000000Z,1872,1823,0,0,D,0.623988,0.209891,0.166121,H,0,1.561165,1.041229,formax-outcome-4.0,6d861e191d14ee4741a5969b1d2ffbfc,2025-11-02T16:15:00.0000000Z,3
104754,39,2025-11-02T16:30:00.0000000Z,4166,3646,3,1,H,0.547853,0.250970,0.201177,H,1,0.601749,0.307896,formax-outcome-4.0,6d861e191d14ee4741a5969b1d2ffbfc,2025-11-02T16:30:00.0000000Z,3
42789,203,2025-11-02T17:00:00.0000000Z,3673,3588,2,3,A,0.249081,0.261152,0.489767,A,1,0.713825,0.390579,formax-outcome-4.0,6d861e191d14ee4741a5969b1d2ffbfc,2025-11-02T17:00:00.0000000Z,3
107005,135,2025-11-02T17:00:00.0000000Z,3648,1520,1,3,A,0.255360,0.297592,0.447048,A,1,0.805089,0.459525,formax-outcome-4.0,6d861e191d14ee4741a5969b1d2ffbfc,2025-11-02T17:00:00.0000000Z,3
105760,140,2025-11-02T17:30:00.0000000Z,4005,3447,3,1,H,0.859551,0.098097,0.042351,H,1,0.151345,0.031143,formax-outcome-4.0,6d861e191d14ee4741a5969b1d2ffbfc,2025-11-02T17:30:00.0000000Z,3
53913,61,2025-11-02T19:45:00.0000000Z,4558,3589,0,0,D,0.305823,0.247905,0.446272,A,0,1.394712,0.858334,formax-outcome-4.0,6d861e191d14ee4741a5969b1d2ffbfc,2025-11-02T19:45:00.0000000Z,3
103165,135,2025-11-02T19:45:00.0000000Z,1488,2799,1,0,H,0.360289,0.303831,0.335880,H,1,1.020848,0.614358,formax-outcome-4.0,6d861e191d14ee4741a5969b1d2ffbfc,2025-11-02T19:45:00.0000000Z,3
106226,140,2025-11-02T20:00:00.0000000Z,2033,1925,3,0,H,0.586997,0.238821,0.174182,H,1,0.532735,0.257946,formax-outcome-4.0,6d861e191d14ee4741a5969b1d2ffbfc,2025-11-02T20:00:00.0000000Z,3
103427,203,2025-11-03T17:00:00.0000000Z,1845,6019,1,0,H,0.603609,0.218768,0.177623,H,1,0.504829,0.236536,formax-outcome-4.0,6d861e191d14ee4741a5969b1d2ffbfc,2025-11-03T17:00:00.0000000Z,3
104107,203,2025-11-03T17:00:00.0000000Z,6847,4926,0,0,D,0.425908,0.272937,0.301156,H,0,1.298516,0.800713,formax-outcome-4.0,6d861e191d14ee4741a5969b1d2ffbfc,2025-11-03T17:00:00.0000000Z,3
105408,203,2025-11-03T17:00:00.0000000Z,6991,5867,0,1,A,0.478553,0.268899,0.252548,H,0,1.376154,0.860004,formax-outcome-4.0,6d861e191d14ee4741a5969b1d2ffbfc,2025-11-03T17:00:00.0000000Z,3
106758,135,2025-11-03T17:30:00.0000000Z,3903,1649,1,2,A,0.419087,0.302463,0.278451,H,0,1.278514,0.787750,formax-outcome-4.0,6d861e191d14ee4741a5969b1d2ffbfc,2025-11-03T17:30:00.0000000Z,3
105514,135,2025-11-03T19:45:00.0000000Z,2837,3394,2,0,H,0.529155,0.269614,0.201231,H,1,0.636474,0.334881,formax-outcome-4.0,6d861e191d14ee4741a5969b1d2ffbfc,2025-11-03T19:45:00.0000000Z,3
71207,39,2025-11-03T20:00:00.0000000Z,2209,1482,1,1,D,0.222904,0.287922,0.489173,A,0,1.245064,0.796031,formax-outcome-4.0,6d861e191d14ee4741a5969b1d2ffbfc,2025-11-03T20:00:00.0000000Z,3
105622,140,2025-11-03T20:00:00.0000000Z,1944,3599,0,0,D,0.252454,0.265217,0.482329,A,0,1.327207,0.836281,formax-outcome-4.0,6d861e191d14ee4741a5969b1d2ffbfc,2025-11-03T20:00:00.0000000Z,3
72565,2,2025-11-04T17:45:00.0000000Z,2845,4472,0,0,D,0.562042,0.214742,0.223216,H,0,1.538318,0.982347,formax-outcome-4.0,6d861e191d14ee4741a5969b1d2ffbfc,2025-11-04T17:45:00.0000000Z,3
106481,2,2025-11-04T17:45:00.0000000Z,2598,4559,0,3,A,0.121822,0.182782,0.695395,A,1,0.363275,0.141034,formax-outcome-4.0,6d861e191d14ee4741a5969b1d2ffbfc,2025-11-04T17:45:00.0000000Z,3
99593,40,2025-11-04T19:45:00.0000000Z,1053,1912,0,1,A,0.459963,0.270075,0.269962,H,0,1.309473,0.817461,formax-outcome-4.0,6d861e191d14ee4741a5969b1d2ffbfc,2025-11-04T19:45:00.0000000Z,3
102209,40,2025-11-04T19:45:00.0000000Z,1452,1531,1,0,H,0.442204,0.285577,0.272219,H,1,0.815984,0.466794,formax-outcome-4.0,6d861e191d14ee4741a5969b1d2ffbfc,2025-11-04T19:45:00.0000000Z,3
102347,40,2025-11-04T19:45:00.0000000Z,1490,1511,4,0,H,0.394475,0.285879,0.319646,H,1,0.930199,0.550561,formax-outcome-4.0,6d861e191d14ee4741a5969b1d2ffbfc,2025-11-04T19:45:00.0000000Z,3
102565,40,2025-11-04T19:45:00.0000000Z,3380,1718,2,1,H,0.380388,0.283227,0.336385,H,1,0.966564,0.577292,formax-outcome-4.0,6d861e191d14ee4741a5969b1d2ffbfc,2025-11-04T19:45:00.0000000Z,3
102702,40,2025-11-04T19:45:00.0000000Z,1476,3483,0,3,A,0.328144,0.291854,0.380002,A,1,0.967579,0.577255,formax-outcome-4.0,6d861e191d14ee4741a5969b1d2ffbfc,2025-11-04T19:45:00.0000000Z,3
102808,40,2025-11-04T19:45:00.0000000Z,1910,4380,1,1,D,0.526722,0.270713,0.202565,H,0,1.306697,0.850329,formax-outcome-4.0,6d861e191d14ee4741a5969b1d2ffbfc,2025-11-04T19:45:00.0000000Z,3
104535,40,2025-11-04T19:45:00.0000000Z,3598,1253,1,1,D,0.669729,0.201586,0.128685,H,0,1.601540,1.102562,formax-outcome-4.0,6d861e191d14ee4741a5969b1d2ffbfc,2025-11-04T19:45:00.0000000Z,3
38813,2,2025-11-04T20:00:00.0000000Z,1272,1775,1,1,D,0.527018,0.211497,0.261485,H,0,1.553543,0.967859,formax-outcome-4.0,6d861e191d14ee4741a5969b1d2ffbfc,2025-11-04T20:00:00.0000000Z,3
69655,2,2025-11-04T20:00:00.0000000Z,2355,2667,4,0,H,0.630067,0.207591,0.162342,H,1,0.461929,0.206299,formax-outcome-4.0,6d861e191d14ee4741a5969b1d2ffbfc,2025-11-04T20:00:00.0000000Z,3
98272,40,2025-11-04T20:00:00.0000000Z,5841,1460,3,1,H,0.610150,0.219016,0.170834,H,1,0.494051,0.229136,formax-outcome-4.0,6d861e191d14ee4741a5969b1d2ffbfc,2025-11-04T20:00:00.0000000Z,3
98363,2,2025-11-04T20:00:00.0000000Z,2705,2085,0,1,A,0.462683,0.231692,0.305624,H,0,1.185399,0.749915,formax-outcome-4.0,6d861e191d14ee4741a5969b1d2ffbfc,2025-11-04T20:00:00.0000000Z,3
99865,2,2025-11-04T20:00:00.0000000Z,2013,2084,1,1,D,0.340711,0.245962,0.413327,A,0,1.402578,0.855496,formax-outcome-4.0,6d861e191d14ee4741a5969b1d2ffbfc,2025-11-04T20:00:00.0000000Z,3
102038,2,2025-11-04T20:00:00.0000000Z,5284,1328,1,2,A,0.437737,0.238063,0.324200,H,0,1.126394,0.704993,formax-outcome-4.0,6d861e191d14ee4741a5969b1d2ffbfc,2025-11-04T20:00:00.0000000Z,3
103043,2,2025-11-04T20:00:00.0000000Z,4267,3977,3,1,H,0.779656,0.135459,0.084885,H,1,0.248902,0.074106,formax-outcome-4.0,6d861e191d14ee4741a5969b1d2ffbfc,2025-11-04T20:00:00.0000000Z,3
107123,2,2025-11-04T20:00:00.0000000Z,2208,4521,1,0,H,0.581723,0.205151,0.213126,H,1,0.541761,0.262465,formax-outcome-4.0,6d861e191d14ee4741a5969b1d2ffbfc,2025-11-04T20:00:00.0000000Z,3
82695,2,2025-11-05T17:45:00.0000000Z,3680,1776,1,0,H,0.356365,0.255167,0.388468,A,0,1.031798,0.630283,formax-outcome-4.0,6d861e191d14ee4741a5969b1d2ffbfc,2025-11-05T17:45:00.0000000Z,3
101682,40,2025-11-05T19:45:00.0000000Z,1499,3467,2,1,H,0.446674,0.281261,0.272065,H,1,0.805927,0.459297,formax-outcome-4.0,6d861e191d14ee4741a5969b1d2ffbfc,2025-11-05T19:45:00.0000000Z,3
102260,40,2025-11-05T19:45:00.0000000Z,1502,4290,1,2,A,0.283742,0.271676,0.444582,A,1,0.810621,0.462807,formax-outcome-4.0,6d861e191d14ee4741a5969b1d2ffbfc,2025-11-05T19:45:00.0000000Z,3
102758,40,2025-11-05T19:45:00.0000000Z,4169,4379,1,1,D,0.367227,0.267877,0.364896,H,0,1.317229,0.804010,formax-outcome-4.0,6d861e191d14ee4741a5969b1d2ffbfc,2025-11-05T19:45:00.0000000Z,3
71111,2,2025-11-05T20:00:00.0000000Z,1013,1906,2,0,H,0.781999,0.143021,0.074980,H,1,0.245902,0.073601,formax-outcome-4.0,6d861e191d14ee4741a5969b1d2ffbfc,2025-11-05T20:00:00.0000000Z,3
88183,2,2025-11-05T20:00:00.0000000Z,2530,3309,0,3,A,0.246467,0.240532,0.513001,A,1,0.667478,0.355770,formax-outcome-4.0,6d861e191d14ee4741a5969b1d2ffbfc,2025-11-05T20:00:00.0000000Z,3
88368,2,2025-11-05T20:00:00.0000000Z,3711,1260,0,1,A,0.695398,0.180473,0.124128,H,0,2.086438,1.283300,formax-outcome-4.0,6d861e191d14ee4741a5969b1d2ffbfc,2025-11-05T20:00:00.0000000Z,3
102495,40,2025-11-05T20:00:00.0000000Z,1654,2268,0,0,D,0.342673,0.275079,0.382248,A,0,1.290698,0.789049,formax-outcome-4.0,6d861e191d14ee4741a5969b1d2ffbfc,2025-11-05T20:00:00.0000000Z,3
103028,2,2025-11-05T20:00:00.0000000Z,2685,2657,2,1,H,0.873842,0.081240,0.044918,H,1,0.134855,0.024533,formax-outcome-4.0,6d861e191d14ee4741a5969b1d2ffbfc,2025-11-05T20:00:00.0000000Z,3
104753,2,2025-11-05T20:00:00.0000000Z,4166,989,4,1,H,0.722697,0.168119,0.109184,H,1,0.324766,0.117082,formax-outcome-4.0,6d861e191d14ee4741a5969b1d2ffbfc,2025-11-05T20:00:00.0000000Z,3
106005,2,2025-11-05T20:00:00.0000000Z,5071,4702,0,1,A,0.630668,0.200485,0.168847,H,0,1.778763,1.128752,formax-outcome-4.0,6d861e191d14ee4741a5969b1d2ffbfc,2025-11-05T20:00:00.0000000Z,3
107444,2,2025-11-05T20:00:00.0000000Z,1782,4005,3,3,D,0.393348,0.229526,0.377126,H,0,1.471738,0.890577,formax-outcome-4.0,6d861e191d14ee4741a5969b1d2ffbfc,2025-11-05T20:00:00.0000000Z,3
36440,3,2025-11-06T17:45:00.0000000Z,3440,1904,0,3,A,0.400680,0.259888,0.339433,H,0,1.080480,0.664435,formax-outcome-4.0,6d861e191d14ee4741a5969b1d2ffbfc,2025-11-06T17:45:00.0000000Z,3
39105,3,2025-11-06T17:45:00.0000000Z,2682,3702,0,1,A,0.394748,0.269946,0.335306,H,0,1.092712,0.670515,formax-outcome-4.0,6d861e191d14ee4741a5969b1d2ffbfc,2025-11-06T17:45:00.0000000Z,3
40283,3,2025-11-06T17:45:00.0000000Z,2865,4470,1,0,H,0.287120,0.264036,0.448845,A,0,1.247855,0.779374,formax-outcome-4.0,6d861e191d14ee4741a5969b1d2ffbfc,2025-11-06T17:45:00.0000000Z,3
42677,3,2025-11-06T17:45:00.0000000Z,3477,2480,0,0,D,0.170778,0.226328,0.602894,A,0,1.485772,0.991216,formax-outcome-4.0,6d861e191d14ee4741a5969b1d2ffbfc,2025-11-06T17:45:00.0000000Z,3
53804,848,2025-11-06T17:45:00.0000000Z,2027,2576,0,0,D,0.465871,0.281103,0.253026,H,0,1.269033,0.797870,formax-outcome-4.0,6d861e191d14ee4741a5969b1d2ffbfc,2025-11-06T17:45:00.0000000Z,3
73208,848,2025-11-06T17:45:00.0000000Z,2613,3490,1,1,D,0.563021,0.254810,0.182169,H,0,1.367238,0.905487,formax-outcome-4.0,6d861e191d14ee4741a5969b1d2ffbfc,2025-11-06T17:45:00.0000000Z,3
81838,3,2025-11-06T17:45:00.0000000Z,1810,1580,2,0,H,0.432111,0.262513,0.305376,H,1,0.839072,0.484665,formax-outcome-4.0,6d861e191d14ee4741a5969b1d2ffbfc,2025-11-06T17:45:00.0000000Z,3
83563,3,2025-11-06T17:45:00.0000000Z,2519,1487,3,1,H,0.648225,0.210773,0.141003,H,1,0.433518,0.188053,formax-outcome-4.0,6d861e191d14ee4741a5969b1d2ffbfc,2025-11-06T17:45:00.0000000Z,3
103238,848,2025-11-06T17:45:00.0000000Z,3654,2797,1,2,A,0.435760,0.286364,0.277876,H,0,1.280579,0.793353,formax-outcome-4.0,6d861e191d14ee4741a5969b1d2ffbfc,2025-11-06T17:45:00.0000000Z,3
103800,3,2025-11-06T17:45:00.0000000Z,4678,2108,1,1,D,0.320692,0.289617,0.389691,A,0,1.239196,0.759347,formax-outcome-4.0,6d861e191d14ee4741a5969b1d2ffbfc,2025-11-06T17:45:00.0000000Z,3
105706,3,2025-11-06T17:45:00.0000000Z,1792,2888,3,1,H,0.447646,0.266172,0.286182,H,1,0.803753,0.457843,formax-outcome-4.0,6d861e191d14ee4741a5969b1d2ffbfc,2025-11-06T17:45:00.0000000Z,3
106071,3,2025-11-06T17:45:00.0000000Z,3851,5685,1,3,A,0.501869,0.267725,0.230406,H,0,1.467910,0.915823,formax-outcome-4.0,6d861e191d14ee4741a5969b1d2ffbfc,2025-11-06T17:45:00.0000000Z,3
106307,848,2025-11-06T17:45:00.0000000Z,3684,1421,0,0,D,0.649420,0.213862,0.136718,H,0,1.542425,1.058451,formax-outcome-4.0,6d861e191d14ee4741a5969b1d2ffbfc,2025-11-06T17:45:00.0000000Z,3
107491,848,2025-11-06T17:45:00.0000000Z,1281,1503,2,1,H,0.453331,0.275468,0.271201,H,1,0.791132,0.448279,formax-outcome-4.0,6d861e191d14ee4741a5969b1d2ffbfc,2025-11-06T17:45:00.0000000Z,3
36001,3,2025-11-06T20:00:00.0000000Z,1520,2551,0,0,D,0.460041,0.258257,0.281702,H,0,1.353801,0.841177,formax-outcome-4.0,6d861e191d14ee4741a5969b1d2ffbfc,2025-11-06T20:00:00.0000000Z,3
42788,3,2025-11-06T20:00:00.0000000Z,1631,3588,0,0,D,0.379116,0.266299,0.354586,H,0,1.323136,0.807777,formax-outcome-4.0,6d861e191d14ee4741a5969b1d2ffbfc,2025-11-06T20:00:00.0000000Z,3
53912,3,2025-11-06T20:00:00.0000000Z,2033,3589,2,0,H,0.399284,0.269319,0.331398,H,1,0.918083,0.543217,formax-outcome-4.0,6d861e191d14ee4741a5969b1d2ffbfc,2025-11-06T20:00:00.0000000Z,3
70763,848,2025-11-06T20:00:00.0000000Z,3002,1947,0,1,A,0.393457,0.285483,0.321059,H,0,1.136129,0.697270,formax-outcome-4.0,6d861e191d14ee4741a5969b1d2ffbfc,2025-11-06T20:00:00.0000000Z,3
82194,3,2025-11-06T20:00:00.0000000Z,2956,3248,3,1,H,0.617188,0.217634,0.165179,H,1,0.482582,0.221194,formax-outcome-4.0,6d861e191d14ee4741a5969b1d2ffbfc,2025-11-06T20:00:00.0000000Z,3
82390,848,2025-11-06T20:00:00.0000000Z,1789,3559,1,1,D,0.355075,0.289746,0.355179,A,0,1.238750,0.756691,formax-outcome-4.0,6d861e191d14ee4741a5969b1d2ffbfc,2025-11-06T20:00:00.0000000Z,3
83915,3,2025-11-06T20:00:00.0000000Z,3710,4206,3,4,A,0.563756,0.251280,0.184964,H,0,1.687596,1.045247,formax-outcome-4.0,6d861e191d14ee4741a5969b1d2ffbfc,2025-11-06T20:00:00.0000000Z,3
84062,848,2025-11-06T20:00:00.0000000Z,2517,2056,3,2,H,0.504027,0.268615,0.227359,H,1,0.685126,0.369836,formax-outcome-4.0,6d861e191d14ee4741a5969b1d2ffbfc,2025-11-06T20:00:00.0000000Z,3
86641,3,2025-11-06T20:00:00.0000000Z,2109,3667,2,0,H,0.721773,0.176992,0.101236,H,1,0.326045,0.118985,formax-outcome-4.0,6d861e191d14ee4741a5969b1d2ffbfc,2025-11-06T20:00:00.0000000Z,3
87822,3,2025-11-06T20:00:00.0000000Z,2750,2799,0,2,A,0.226863,0.269000,0.504136,A,1,0.684909,0.369709,formax-outcome-4.0,6d861e191d14ee4741a5969b1d2ffbfc,2025-11-06T20:00:00.0000000Z,3
88065,3,2025-11-06T20:00:00.0000000Z,3690,2522,4,0,H,0.693036,0.181977,0.124987,H,1,0.366674,0.142965,formax-outcome-4.0,6d861e191d14ee4741a5969b1d2ffbfc,2025-11-06T20:00:00.0000000Z,3
103745,848,2025-11-06T20:00:00.0000000Z,1486,1271,3,1,H,0.689752,0.203105,0.107143,H,1,0.371424,0.148986,formax-outcome-4.0,6d861e191d14ee4741a5969b1d2ffbfc,2025-11-06T20:00:00.0000000Z,3
104609,3,2025-11-06T20:00:00.0000000Z,1278,2516,2,0,H,0.293900,0.262970,0.443130,A,0,1.224516,0.764095,formax-outcome-4.0,6d861e191d14ee4741a5969b1d2ffbfc,2025-11-06T20:00:00.0000000Z,3
104891,848,2025-11-06T20:00:00.0000000Z,3255,1911,1,2,A,0.317991,0.277774,0.404236,A,1,0.905757,0.533211,formax-outcome-4.0,6d861e191d14ee4741a5969b1d2ffbfc,2025-11-06T20:00:00.0000000Z,3
104222,203,2025-11-07T17:00:00.0000000Z,6848,3661,2,1,H,0.136473,0.221258,0.642269,A,0,1.991630,1.207144,formax-outcome-4.0,6d861e191d14ee4741a5969b1d2ffbfc,2025-11-07T17:00:00.0000000Z,3
83338,88,2025-11-07T19:00:00.0000000Z,3707,3539,0,0,D,0.432067,0.231151,0.336782,H,0,1.464686,0.891234,formax-outcome-4.0,6d861e191d14ee4741a5969b1d2ffbfc,2025-11-07T19:00:00.0000000Z,3
101577,78,2025-11-07T19:30:00.0000000Z,966,5353,2,1,H,0.378801,0.257288,0.363911,H,1,0.970744,0.584516,formax-outcome-4.0,6d861e191d14ee4741a5969b1d2ffbfc,2025-11-07T19:30:00.0000000Z,3
60903,61,2025-11-07T19:45:00.0000000Z,4292,1781,0,1,A,0.549000,0.230166,0.220834,H,0,1.510346,0.961478,formax-outcome-4.0,6d861e191d14ee4741a5969b1d2ffbfc,2025-11-07T19:45:00.0000000Z,3
105720,135,2025-11-07T19:45:00.0000000Z,1838,3558,1,0,H,0.361929,0.298671,0.339400,H,1,1.016306,0.611531,formax-outcome-4.0,6d861e191d14ee4741a5969b1d2ffbfc,2025-11-07T19:45:00.0000000Z,3
101768,140,2025-11-07T20:00:00.0000000Z,3447,1830,1,1,D,0.316447,0.286326,0.397227,A,0,1.250625,0.767259,formax-outcome-4.0,6d861e191d14ee4741a5969b1d2ffbfc,2025-11-07T20:00:00.0000000Z,3
102999,40,2025-11-07T20:00:00.0000000Z,1253,1053,1,1,D,0.392277,0.280124,0.327599,H,0,1.272523,0.779424,formax-outcome-4.0,6d861e191d14ee4741a5969b1d2ffbfc,2025-11-07T20:00:00.0000000Z,3
103426,203,2025-11-08T11:30:00.0000000Z,4926,1845,2,2,D,0.315473,0.275568,0.408959,A,0,1.288920,0.791572,formax-outcome-4.0,6d861e191d14ee4741a5969b1d2ffbfc,2025-11-08T11:30:00.0000000Z,3
99592,40,2025-11-08T12:30:00.0000000Z,1912,3380,1,2,A,0.369719,0.296569,0.333712,H,0,1.097476,0.668585,formax-outcome-4.0,6d861e191d14ee4741a5969b1d2ffbfc,2025-11-08T12:30:00.0000000Z,3
101681,40,2025-11-08T12:30:00.0000000Z,1511,1499,1,1,D,0.344629,0.292228,0.363143,A,0,1.230221,0.751583,formax-outcome-4.0,6d861e191d14ee4741a5969b1d2ffbfc,2025-11-08T12:30:00.0000000Z,3
102494,40,2025-11-08T12:30:00.0000000Z,1718,1654,3,2,H,0.460492,0.274391,0.265117,H,1,0.775459,0.436646,formax-outcome-4.0,6d861e191d14ee4741a5969b1d2ffbfc,2025-11-08T12:30:00.0000000Z,3
103107,39,2025-11-08T12:30:00.0000000Z,2355,4266,2,2,D,0.471190,0.262940,0.265869,H,0,1.335828,0.835963,formax-outcome-4.0,6d861e191d14ee4741a5969b1d2ffbfc,2025-11-08T12:30:00.0000000Z,3
103881,140,2025-11-08T13:00:00.0000000Z,758,759,1,0,H,0.307122,0.291214,0.401663,A,0,1.180509,0.726218,formax-outcome-4.0,6d861e191d14ee4741a5969b1d2ffbfc,2025-11-08T13:00:00.0000000Z,3
103577,203,2025-11-08T14:00:00.0000000Z,5068,6847,1,1,D,0.462978,0.283178,0.253844,H,0,1.261678,0.792618,formax-outcome-4.0,6d861e191d14ee4741a5969b1d2ffbfc,2025-11-08T14:00:00.0000000Z,3
105445,135,2025-11-08T14:00:00.0000000Z,1584,1719,0,0,D,0.405206,0.315887,0.278908,H,0,1.152372,0.709992,formax-outcome-4.0,6d861e191d14ee4741a5969b1d2ffbfc,2025-11-08T14:00:00.0000000Z,3
106559,135,2025-11-08T14:00:00.0000000Z,5356,3394,0,0,D,0.548331,0.267616,0.184052,H,0,1.318201,0.870928,formax-outcome-4.0,6d861e191d14ee4741a5969b1d2ffbfc,2025-11-08T14:00:00.0000000Z,3
101892,78,2025-11-08T14:30:00.0000000Z,3573,821,3,1,H,0.259723,0.230682,0.509595,A,0,1.348139,0.860911,formax-outcome-4.0,6d861e191d14ee4741a5969b1d2ffbfc,2025-11-08T14:30:00.0000000Z,3
102037,78,2025-11-08T14:30:00.0000000Z,4180,1328,2,2,D,0.038534,0.089056,0.872410,A,0,2.418495,1.592404,formax-outcome-4.0,6d861e191d14ee4741a5969b1d2ffbfc,2025-11-08T14:30:00.0000000Z,3
102138,78,2025-11-08T14:30:00.0000000Z,1260,4330,6,0,H,0.638337,0.206103,0.155560,H,1,0.448888,0.197477,formax-outcome-4.0,6d861e191d14ee4741a5969b1d2ffbfc,2025-11-08T14:30:00.0000000Z,3
106680,78,2025-11-08T14:30:00.0000000Z,4469,989,1,1,D,0.205404,0.216051,0.578546,A,0,1.532243,0.991483,formax-outcome-4.0,6d861e191d14ee4741a5969b1d2ffbfc,2025-11-08T14:30:00.0000000Z,3
71206,39,2025-11-08T15:00:00.0000000Z,1482,4928,2,0,H,0.408623,0.288316,0.303061,H,1,0.894963,0.524699,formax-outcome-4.0,6d861e191d14ee4741a5969b1d2ffbfc,2025-11-08T15:00:00.0000000Z,3
98271,40,2025-11-08T15:00:00.0000000Z,3483,5841,0,1,A,0.285062,0.263056,0.451882,A,1,0.794334,0.450892,formax-outcome-4.0,6d861e191d14ee4741a5969b1d2ffbfc,2025-11-08T15:00:00.0000000Z,3
102208,40,2025-11-08T15:00:00.0000000Z,2268,1452,1,0,H,0.382700,0.285295,0.332005,H,1,0.960505,0.572681,formax-outcome-4.0,6d861e191d14ee4741a5969b1d2ffbfc,2025-11-08T15:00:00.0000000Z,3
102259,40,2025-11-08T15:00:00.0000000Z,1460,1502,0,0,D,0.442878,0.266745,0.290377,H,0,1.321462,0.818123,formax-outcome-4.0,6d861e191d14ee4741a5969b1d2ffbfc,2025-11-08T15:00:00.0000000Z,3
102420,40,2025-11-08T15:00:00.0000000Z,1531,1476,2,1,H,0.463869,0.280928,0.255203,H,1,0.768154,0.431486,formax-outcome-4.0,6d861e191d14ee4741a5969b1d2ffbfc,2025-11-08T15:00:00.0000000Z,3
102640,40,2025-11-08T15:00:00.0000000Z,3467,3598,1,4,A,0.208721,0.250574,0.540705,A,1,0.614882,0.317304,formax-outcome-4.0,6d861e191d14ee4741a5969b1d2ffbfc,2025-11-08T15:00:00.0000000Z,3
102757,40,2025-11-08T15:00:00.0000000Z,4379,1910,1,2,A,0.204806,0.257590,0.537603,A,1,0.620634,0.322109,formax-outcome-4.0,6d861e191d14ee4741a5969b1d2ffbfc,2025-11-08T15:00:00.0000000Z,3
102807,40,2025-11-08T15:00:00.0000000Z,4380,1490,2,1,H,0.382327,0.285053,0.332620,H,1,0.961479,0.573411,formax-outcome-4.0,6d861e191d14ee4741a5969b1d2ffbfc,2025-11-08T15:00:00.0000000Z,3
104690,40,2025-11-08T15:00:00.0000000Z,4290,4169,3,1,H,0.630185,0.220882,0.148932,H,1,0.461742,0.207733,formax-outcome-4.0,6d861e191d14ee4741a5969b1d2ffbfc,2025-11-08T15:00:00.0000000Z,3
104957,39,2025-11-08T15:00:00.0000000Z,2751,2531,3,2,H,0.535464,0.252061,0.212475,H,1,0.624622,0.324474,formax-outcome-4.0,6d861e191d14ee4741a5969b1d2ffbfc,2025-11-08T15:00:00.0000000Z,3
104414,140,2025-11-08T15:15:00.0000000Z,3049,3599,1,0,H,0.414325,0.279597,0.306079,H,1,0.881105,0.514874,formax-outcome-4.0,6d861e191d14ee4741a5969b1d2ffbfc,2025-11-08T15:15:00.0000000Z,3
104064,88,2025-11-08T15:30:00.0000000Z,4124,4157,1,2,A,0.617818,0.195549,0.186633,H,0,1.678609,1.081503,formax-outcome-4.0,6d861e191d14ee4741a5969b1d2ffbfc,2025-11-08T15:30:00.0000000Z,3
106170,61,2025-11-08T16:00:00.0000000Z,5071,4558,3,0,H,0.750511,0.156926,0.092563,H,1,0.287001,0.095438,formax-outcome-4.0,6d861e191d14ee4741a5969b1d2ffbfc,2025-11-08T16:00:00.0000000Z,3
82489,203,2025-11-08T17:00:00.0000000Z,5867,3673,1,3,A,0.156400,0.223227,0.620373,A,1,0.477435,0.218408,formax-outcome-4.0,6d861e191d14ee4741a5969b1d2ffbfc,2025-11-08T17:00:00.0000000Z,3
103502,203,2025-11-08T17:00:00.0000000Z,4226,2549,0,2,A,0.263808,0.270566,0.465626,A,1,0.764373,0.428357,formax-outcome-4.0,6d861e191d14ee4741a5969b1d2ffbfc,2025-11-08T17:00:00.0000000Z,3
107324,135,2025-11-08T17:00:00.0000000Z,2013,1652,0,0,D,0.531949,0.282545,0.185507,H,0,1.263918,0.832124,formax-outcome-4.0,6d861e191d14ee4741a5969b1d2ffbfc,2025-11-08T17:00:00.0000000Z,3
105330,140,2025-11-08T17:30:00.0000000Z,4267,2383,3,1,H,0.862691,0.097658,0.039651,H,1,0.147698,0.029963,formax-outcome-4.0,6d861e191d14ee4741a5969b1d2ffbfc,2025-11-08T17:30:00.0000000Z,3
106365,39,2025-11-08T17:30:00.0000000Z,2209,4559,2,2,D,0.066487,0.162772,0.770741,A,0,1.815405,1.299413,formax-outcome-4.0,6d861e191d14ee4741a5969b1d2ffbfc,2025-11-08T17:30:00.0000000Z,3
107234,61,2025-11-08T18:00:00.0000000Z,1823,1668,1,1,D,0.494865,0.264712,0.240423,H,0,1.329113,0.843343,formax-outcome-4.0,6d861e191d14ee4741a5969b1d2ffbfc,2025-11-08T18:00:00.0000000Z,3
104248,88,2025-11-08T19:00:00.0000000Z,1079,990,2,0,H,0.388146,0.252126,0.359727,H,1,0.946373,0.567336,formax-outcome-4.0,6d861e191d14ee4741a5969b1d2ffbfc,2025-11-08T19:00:00.0000000Z,3
103164,135,2025-11-08T19:45:00.0000000Z,3648,1488,2,2,D,0.208482,0.288911,0.502608,A,0,1.241638,0.801728,formax-outcome-4.0,6d861e191d14ee4741a5969b1d2ffbfc,2025-11-08T19:45:00.0000000Z,3
97504,88,2025-11-08T20:00:00.0000000Z,2612,1162,1,0,H,0.322773,0.246195,0.431033,A,0,1.130807,0.705038,formax-outcome-4.0,6d861e191d14ee4741a5969b1d2ffbfc,2025-11-08T20:00:00.0000000Z,3
99482,39,2025-11-08T20:00:00.0000000Z,3373,1829,3,0,H,0.781753,0.141836,0.076410,H,1,0.246216,0.073588,formax-outcome-4.0,6d861e191d14ee4741a5969b1d2ffbfc,2025-11-08T20:00:00.0000000Z,3
104821,140,2025-11-08T20:00:00.0000000Z,762,1776,0,2,A,0.318497,0.281107,0.400396,A,1,0.915302,0.539987,formax-outcome-4.0,6d861e191d14ee4741a5969b1d2ffbfc,2025-11-08T20:00:00.0000000Z,3
98362,61,2025-11-08T20:05:00.0000000Z,2085,886,1,4,A,0.502714,0.262331,0.234955,H,0,1.448362,0.906833,formax-outcome-4.0,6d861e191d14ee4741a5969b1d2ffbfc,2025-11-08T20:05:00.0000000Z,3
88182,88,2025-11-09T11:15:00.0000000Z,4678,2530,2,1,H,0.514698,0.237621,0.247681,H,1,0.664175,0.353328,formax-outcome-4.0,6d861e191d14ee4741a5969b1d2ffbfc,2025-11-09T11:15:00.0000000Z,3
103357,203,2025-11-09T11:30:00.0000000Z,6019,1717,2,0,H,0.175535,0.227425,0.597040,A,0,1.739918,1.087922,formax-outcome-4.0,6d861e191d14ee4741a5969b1d2ffbfc,2025-11-09T11:30:00.0000000Z,3
106004,135,2025-11-09T11:30:00.0000000Z,4702,3903,0,3,A,0.576938,0.263726,0.159337,H,0,1.836734,1.109123,formax-outcome-4.0,6d861e191d14ee4741a5969b1d2ffbfc,2025-11-09T11:30:00.0000000Z,3
106126,140,2025-11-09T13:00:00.0000000Z,1906,1944,1,0,H,0.685994,0.204739,0.109267,H,1,0.376886,0.152457,formax-outcome-4.0,6d861e191d14ee4741a5969b1d2ffbfc,2025-11-09T13:00:00.0000000Z,3
38702,88,2025-11-09T13:30:00.0000000Z,1080,1301,2,0,H,0.561399,0.217655,0.220946,H,1,0.577323,0.288562,formax-outcome-4.0,6d861e191d14ee4741a5969b1d2ffbfc,2025-11-09T13:30:00.0000000Z,3
71110,39,2025-11-09T14:00:00.0000000Z,5807,1013,3,1,H,0.372865,0.270347,0.356788,H,1,0.986538,0.593683,formax-outcome-4.0,6d861e191d14ee4741a5969b1d2ffbfc,2025-11-09T14:00:00.0000000Z,3
98882,203,2025-11-09T14:00:00.0000000Z,6988,3309,1,0,H,0.044064,0.113740,0.842196,A,0,3.122109,1.636044,formax-outcome-4.0,6d861e191d14ee4741a5969b1d2ffbfc,2025-11-09T14:00:00.0000000Z,3
102083,39,2025-11-09T14:00:00.0000000Z,2109,3646,4,0,H,0.448549,0.276321,0.275130,H,1,0.801737,0.456148,formax-outcome-4.0,6d861e191d14ee4741a5969b1d2ffbfc,2025-11-09T14:00:00.0000000Z,3
105935,39,2025-11-09T14:00:00.0000000Z,1486,873,0,0,D,0.471388,0.257951,0.270660,H,0,1.354984,0.846100,formax-outcome-4.0,6d861e191d14ee4741a5969b1d2ffbfc,2025-11-09T14:00:00.0000000Z,3
106391,39,2025-11-09T14:00:00.0000000Z,2480,2269,3,1,H,0.579361,0.234113,0.186526,H,1,0.545830,0.266538,formax-outcome-4.0,6d861e191d14ee4741a5969b1d2ffbfc,2025-11-09T14:00:00.0000000Z,3
106757,135,2025-11-09T14:00:00.0000000Z,1649,1503,2,2,D,0.265389,0.295824,0.438787,A,0,1.217991,0.758830,formax-outcome-4.0,6d861e191d14ee4741a5969b1d2ffbfc,2025-11-09T14:00:00.0000000Z,3
106814,61,2025-11-09T14:00:00.0000000Z,1666,1872,1,1,D,0.377466,0.264094,0.358440,H,0,1.331450,0.812518,formax-outcome-4.0,6d861e191d14ee4741a5969b1d2ffbfc,2025-11-09T14:00:00.0000000Z,3
106910,135,2025-11-09T14:00:00.0000000Z,1520,2845,2,0,H,0.325987,0.316147,0.357866,A,0,1.120897,0.682310,formax-outcome-4.0,6d861e191d14ee4741a5969b1d2ffbfc,2025-11-09T14:00:00.0000000Z,3
106070,78,2025-11-09T14:30:00.0000000Z,5685,4528,2,1,H,0.565841,0.239268,0.194890,H,1,0.569441,0.283725,formax-outcome-4.0,6d861e191d14ee4741a5969b1d2ffbfc,2025-11-09T14:30:00.0000000Z,3
104339,140,2025-11-09T15:15:00.0000000Z,2517,4521,0,0,D,0.242080,0.269549,0.488371,A,0,1.311006,0.830668,formax-outcome-4.0,6d861e191d14ee4741a5969b1d2ffbfc,2025-11-09T15:15:00.0000000Z,3
103744,88,2025-11-09T15:45:00.0000000Z,1271,1775,1,5,A,0.345856,0.224505,0.429639,A,1,0.844810,0.495331,formax-outcome-4.0,6d861e191d14ee4741a5969b1d2ffbfc,2025-11-09T15:45:00.0000000Z,3
60451,61,2025-11-09T16:15:00.0000000Z,1257,1815,2,0,H,0.417911,0.294458,0.287631,H,1,0.872486,0.508264,formax-outcome-4.0,6d861e191d14ee4741a5969b1d2ffbfc,2025-11-09T16:15:00.0000000Z,3
102864,61,2025-11-09T16:15:00.0000000Z,1911,4470,2,0,H,0.486666,0.253364,0.259970,H,1,0.720177,0.395289,formax-outcome-4.0,6d861e191d14ee4741a5969b1d2ffbfc,2025-11-09T16:15:00.0000000Z,3
107044,61,2025-11-09T16:15:00.0000000Z,1078,3851,2,1,H,0.347138,0.259688,0.393173,A,0,1.058031,0.648251,formax-outcome-4.0,6d861e191d14ee4741a5969b1d2ffbfc,2025-11-09T16:15:00.0000000Z,3
104752,39,2025-11-09T16:30:00.0000000Z,4166,2208,3,0,H,0.592636,0.225840,0.181524,H,1,0.523175,0.249900,formax-outcome-4.0,6d861e191d14ee4741a5969b1d2ffbfc,2025-11-09T16:30:00.0000000Z,3
42787,203,2025-11-09T17:00:00.0000000Z,3588,6025,4,2,H,0.711310,0.182382,0.106307,H,1,0.340646,0.127906,formax-outcome-4.0,6d861e191d14ee4741a5969b1d2ffbfc,2025-11-09T17:00:00.0000000Z,3
105407,203,2025-11-09T17:00:00.0000000Z,1176,6991,1,0,H,0.526098,0.270918,0.202984,H,1,0.642267,0.339182,formax-outcome-4.0,6d861e191d14ee4741a5969b1d2ffbfc,2025-11-09T17:00:00.0000000Z,3
107473,135,2025-11-09T17:00:00.0000000Z,2799,3405,2,0,H,0.583644,0.261554,0.154801,H,1,0.538463,0.265726,formax-outcome-4.0,6d861e191d14ee4741a5969b1d2ffbfc,2025-11-09T17:00:00.0000000Z,3
103953,140,2025-11-09T17:30:00.0000000Z,1925,1914,1,0,H,0.397249,0.313297,0.289454,H,1,0.923192,0.545248,formax-outcome-4.0,6d861e191d14ee4741a5969b1d2ffbfc,2025-11-09T17:30:00.0000000Z,3
106225,140,2025-11-09T17:30:00.0000000Z,2030,2033,1,1,D,0.288868,0.276835,0.434297,A,0,1.284334,0.795027,formax-outcome-4.0,6d861e191d14ee4741a5969b1d2ffbfc,2025-11-09T17:30:00.0000000Z,3
72564,78,2025-11-09T18:30:00.0000000Z,4472,1281,1,0,H,0.554960,0.226616,0.218424,H,1,0.588860,0.297125,formax-outcome-4.0,6d861e191d14ee4741a5969b1d2ffbfc,2025-11-09T18:30:00.0000000Z,3
104572,88,2025-11-09T19:00:00.0000000Z,1580,2516,2,1,H,0.237415,0.222916,0.539668,A,0,1.437944,0.922469,formax-outcome-4.0,6d861e191d14ee4741a5969b1d2ffbfc,2025-11-09T19:00:00.0000000Z,3
53911,61,2025-11-09T19:45:00.0000000Z,3589,5284,2,3,A,0.279849,0.261540,0.458611,A,1,0.779553,0.439821,formax-outcome-4.0,6d861e191d14ee4741a5969b1d2ffbfc,2025-11-09T19:45:00.0000000Z,3
105513,135,2025-11-09T19:45:00.0000000Z,2685,2837,2,0,H,0.541344,0.264055,0.194601,H,1,0.613701,0.317960,formax-outcome-4.0,6d861e191d14ee4741a5969b1d2ffbfc,2025-11-09T19:45:00.0000000Z,3
105579,140,2025-11-09T20:00:00.0000000Z,1904,4005,2,4,A,0.316213,0.256543,0.427243,A,1,0.850402,0.493856,formax-outcome-4.0,6d861e191d14ee4741a5969b1d2ffbfc,2025-11-09T20:00:00.0000000Z,3
106169,61,2025-11-21T19:45:00.0000000Z,3851,5071,1,5,A,0.319953,0.258378,0.421669,A,1,0.863535,0.503596,formax-outcome-4.0,6d861e191d14ee4741a5969b1d2ffbfc,2025-11-21T19:45:00.0000000Z,3
99591,40,2025-11-21T20:00:00.0000000Z,1499,1912,1,2,A,0.470999,0.277911,0.251090,H,0,1.381945,0.859942,formax-outcome-4.0,6d861e191d14ee4741a5969b1d2ffbfc,2025-11-21T20:00:00.0000000Z,3
105329,140,2025-11-21T20:00:00.0000000Z,2030,2383,1,0,H,0.566961,0.242928,0.190111,H,1,0.567464,0.282679,formax-outcome-4.0,6d861e191d14ee4741a5969b1d2ffbfc,2025-11-21T20:00:00.0000000Z,3
104106,203,2025-11-22T11:30:00.0000000Z,6025,4926,0,3,A,0.312694,0.263715,0.423591,A,1,0.858987,0.499570,formax-outcome-4.0,6d861e191d14ee4741a5969b1d2ffbfc,2025-11-22T11:30:00.0000000Z,3
98270,40,2025-11-22T12:30:00.0000000Z,5841,1531,3,2,H,0.599377,0.227207,0.173417,H,1,0.511865,0.242195,formax-outcome-4.0,6d861e191d14ee4741a5969b1d2ffbfc,2025-11-22T12:30:00.0000000Z,3
101839,39,2025-11-22T12:30:00.0000000Z,2531,3373,0,2,A,0.190432,0.239176,0.570392,A,1,0.561431,0.278032,formax-outcome-4.0,6d861e191d14ee4741a5969b1d2ffbfc,2025-11-22T12:30:00.0000000Z,3
102207,40,2025-11-22T12:30:00.0000000Z,1452,4290,1,5,A,0.323593,0.289118,0.387289,A,1,0.948583,0.563716,formax-outcome-4.0,6d861e191d14ee4741a5969b1d2ffbfc,2025-11-22T12:30:00.0000000Z,3
102639,40,2025-11-22T12:30:00.0000000Z,1053,3467,3,0,H,0.430865,0.271635,0.297500,H,1,0.841959,0.486206,formax-outcome-4.0,6d861e191d14ee4741a5969b1d2ffbfc,2025-11-22T12:30:00.0000000Z,3
103880,140,2025-11-22T13:00:00.0000000Z,759,1904,0,1,A,0.377682,0.294991,0.327327,H,0,1.116795,0.682152,formax-outcome-4.0,6d861e191d14ee4741a5969b1d2ffbfc,2025-11-22T13:00:00.0000000Z,3
105406,203,2025-11-22T14:00:00.0000000Z,6991,6019,1,1,D,0.478469,0.272243,0.249288,H,0,1.301059,0.820707,formax-outcome-4.0,6d861e191d14ee4741a5969b1d2ffbfc,2025-11-22T14:00:00.0000000Z,3
106756,135,2025-11-22T14:00:00.0000000Z,3394,1649,3,3,D,0.395894,0.308956,0.295149,H,0,1.174556,0.721387,formax-outcome-4.0,6d861e191d14ee4741a5969b1d2ffbfc,2025-11-22T14:00:00.0000000Z,3
107455,135,2025-11-22T14:00:00.0000000Z,3405,1520,0,3,A,0.232381,0.286405,0.481214,A,1,0.731443,0.405167,formax-outcome-4.0,6d861e191d14ee4741a5969b1d2ffbfc,2025-11-22T14:00:00.0000000Z,3
101971,78,2025-11-22T14:30:00.0000000Z,4330,1051,0,3,A,0.289887,0.248654,0.461459,A,1,0.773363,0.435890,formax-outcome-4.0,6d861e191d14ee4741a5969b1d2ffbfc,2025-11-22T14:30:00.0000000Z,3
102036,78,2025-11-22T14:30:00.0000000Z,1328,5685,6,2,H,0.842339,0.105715,0.051946,H,1,0.171572,0.038731,formax-outcome-4.0,6d861e191d14ee4741a5969b1d2ffbfc,2025-11-22T14:30:00.0000000Z,3
102137,78,2025-11-22T14:30:00.0000000Z,5353,1260,1,3,A,0.281502,0.242113,0.476385,A,1,0.741529,0.412035,formax-outcome-4.0,6d861e191d14ee4741a5969b1d2ffbfc,2025-11-22T14:30:00.0000000Z,3
106679,78,2025-11-22T14:30:00.0000000Z,989,1278,3,3,D,0.647024,0.197111,0.155864,H,0,1.623986,1.087564,formax-outcome-4.0,6d861e191d14ee4741a5969b1d2ffbfc,2025-11-22T14:30:00.0000000Z,3
99481,39,2025-11-22T15:00:00.0000000Z,1829,1486,0,2,A,0.312373,0.276312,0.411315,A,1,0.888397,0.520476,formax-outcome-4.0,6d861e191d14ee4741a5969b1d2ffbfc,2025-11-22T15:00:00.0000000Z,3
102258,40,2025-11-22T15:00:00.0000000Z,1502,1718,3,2,H,0.334541,0.261887,0.403571,A,0,1.094995,0.674290,formax-outcome-4.0,6d861e191d14ee4741a5969b1d2ffbfc,2025-11-22T15:00:00.0000000Z,3
102346,40,2025-11-22T15:00:00.0000000Z,1654,1511,3,1,H,0.358736,0.277055,0.364209,A,0,1.025170,0.620628,formax-outcome-4.0,6d861e191d14ee4741a5969b1d2ffbfc,2025-11-22T15:00:00.0000000Z,3
102564,40,2025-11-22T15:00:00.0000000Z,3380,1253,2,3,A,0.420688,0.275690,0.303622,H,0,1.191972,0.737926,formax-outcome-4.0,6d861e191d14ee4741a5969b1d2ffbfc,2025-11-22T15:00:00.0000000Z,3
102701,40,2025-11-22T15:00:00.0000000Z,1910,3483,2,1,H,0.508285,0.270946,0.220770,H,1,0.676713,0.363935,formax-outcome-4.0,6d861e191d14ee4741a5969b1d2ffbfc,2025-11-22T15:00:00.0000000Z,3
102756,40,2025-11-22T15:00:00.0000000Z,1490,4379,4,1,H,0.522126,0.243733,0.234141,H,1,0.649846,0.342591,formax-outcome-4.0,6d861e191d14ee4741a5969b1d2ffbfc,2025-11-22T15:00:00.0000000Z,3
102806,40,2025-11-22T15:00:00.0000000Z,1476,4380,1,1,D,0.269263,0.270594,0.460143,A,0,1.307137,0.816268,formax-outcome-4.0,6d861e191d14ee4741a5969b1d2ffbfc,2025-11-22T15:00:00.0000000Z,3
102940,39,2025-11-22T15:00:00.0000000Z,873,5807,2,1,H,0.545772,0.233403,0.220824,H,1,0.605553,0.309563,formax-outcome-4.0,6d861e191d14ee4741a5969b1d2ffbfc,2025-11-22T15:00:00.0000000Z,3
105007,39,2025-11-22T15:00:00.0000000Z,3646,2751,2,2,D,0.682049,0.191753,0.126198,H,0,1.651548,1.134380,formax-outcome-4.0,6d861e191d14ee4741a5969b1d2ffbfc,2025-11-22T15:00:00.0000000Z,3
105744,40,2025-11-22T15:00:00.0000000Z,3598,2268,0,0,D,0.618730,0.215548,0.165722,H,0,1.534573,1.025656,formax-outcome-4.0,6d861e191d14ee4741a5969b1d2ffbfc,2025-11-22T15:00:00.0000000Z,3
106364,39,2025-11-22T15:00:00.0000000Z,4928,2209,1,0,H,0.738925,0.175391,0.085684,H,1,0.302559,0.106264,formax-outcome-4.0,6d861e191d14ee4741a5969b1d2ffbfc,2025-11-22T15:00:00.0000000Z,3
106423,39,2025-11-22T15:00:00.0000000Z,2208,2480,0,3,A,0.713686,0.179152,0.107162,H,0,2.233414,1.338603,formax-outcome-4.0,6d861e191d14ee4741a5969b1d2ffbfc,2025-11-22T15:00:00.0000000Z,3
106125,140,2025-11-22T15:15:00.0000000Z,4005,1906,4,0,H,0.675761,0.199133,0.125106,H,1,0.391916,0.160437,formax-outcome-4.0,6d861e191d14ee4741a5969b1d2ffbfc,2025-11-22T15:15:00.0000000Z,3
104015,88,2025-11-22T15:30:00.0000000Z,1378,1775,0,1,A,0.087982,0.129321,0.782697,A,1,0.245010,0.071686,formax-outcome-4.0,6d861e191d14ee4741a5969b1d2ffbfc,2025-11-22T15:30:00.0000000Z,3
104890,61,2025-11-22T16:00:00.0000000Z,886,1911,1,0,H,0.448972,0.264351,0.286676,H,1,0.800794,0.455696,formax-outcome-4.0,6d861e191d14ee4741a5969b1d2ffbfc,2025-11-22T16:00:00.0000000Z,3
98881,203,2025-11-22T17:00:00.0000000Z,3309,6848,3,2,H,0.833004,0.119567,0.047429,H,1,0.182717,0.044434,formax-outcome-4.0,6d861e191d14ee4741a5969b1d2ffbfc,2025-11-22T17:00:00.0000000Z,3
107323,135,2025-11-22T17:00:00.0000000Z,1503,2013,1,1,D,0.329632,0.292881,0.377487,A,0,1.227989,0.751171,formax-outcome-4.0,6d861e191d14ee4741a5969b1d2ffbfc,2025-11-22T17:00:00.0000000Z,3
71109,39,2025-11-22T17:30:00.0000000Z,1013,4166,2,1,H,0.361521,0.275373,0.363106,A,0,1.017435,0.615331,formax-outcome-4.0,6d861e191d14ee4741a5969b1d2ffbfc,2025-11-22T17:30:00.0000000Z,3
72563,78,2025-11-22T17:30:00.0000000Z,5078,4472,3,4,A,0.300189,0.232877,0.466934,A,1,0.761567,0.428504,formax-outcome-4.0,6d861e191d14ee4741a5969b1d2ffbfc,2025-11-22T17:30:00.0000000Z,3
101767,140,2025-11-22T17:30:00.0000000Z,3599,1830,1,3,A,0.481963,0.283436,0.234600,H,0,1.449872,0.898461,formax-outcome-4.0,6d861e191d14ee4741a5969b1d2ffbfc,2025-11-22T17:30:00.0000000Z,3
83336,88,2025-11-22T17:45:00.0000000Z,4677,3707,1,1,D,0.312780,0.243026,0.444195,A,0,1.414589,0.868150,formax-outcome-4.0,6d861e191d14ee4741a5969b1d2ffbfc,2025-11-22T17:45:00.0000000Z,3
88181,88,2025-11-22T17:45:00.0000000Z,2530,4124,1,2,A,0.501554,0.236435,0.262011,H,0,1.339370,0.852086,formax-outcome-4.0,6d861e191d14ee4741a5969b1d2ffbfc,2025-11-22T17:45:00.0000000Z,3
98361,61,2025-11-22T18:00:00.0000000Z,1781,2085,4,1,H,0.466519,0.248676,0.284804,H,1,0.762456,0.427555,formax-outcome-4.0,6d861e191d14ee4741a5969b1d2ffbfc,2025-11-22T18:00:00.0000000Z,3
106003,135,2025-11-22T19:45:00.0000000Z,2845,4702,3,1,H,0.382127,0.310553,0.307320,H,1,0.962002,0.572656,formax-outcome-4.0,6d861e191d14ee4741a5969b1d2ffbfc,2025-11-22T19:45:00.0000000Z,3
97503,88,2025-11-22T20:00:00.0000000Z,1162,1079,1,1,D,0.474826,0.256263,0.268911,H,0,1.361550,0.850917,formax-outcome-4.0,6d861e191d14ee4741a5969b1d2ffbfc,2025-11-22T20:00:00.0000000Z,3
104571,88,2025-11-22T20:00:00.0000000Z,4157,1580,4,2,H,0.262503,0.231886,0.505611,A,0,1.337493,0.853316,formax-outcome-4.0,6d861e191d14ee4741a5969b1d2ffbfc,2025-11-22T20:00:00.0000000Z,3
104820,140,2025-11-22T20:00:00.0000000Z,1776,1925,2,1,H,0.674088,0.210500,0.115412,H,1,0.394394,0.163848,formax-outcome-4.0,6d861e191d14ee4741a5969b1d2ffbfc,2025-11-22T20:00:00.0000000Z,3
107233,61,2025-11-22T20:05:00.0000000Z,5284,1823,3,0,H,0.868812,0.092829,0.038359,H,1,0.140629,0.027299,formax-outcome-4.0,6d861e191d14ee4741a5969b1d2ffbfc,2025-11-22T20:05:00.0000000Z,3
103743,88,2025-11-23T11:15:00.0000000Z,990,1271,3,1,H,0.248897,0.227299,0.523804,A,0,1.390715,0.890191,formax-outcome-4.0,6d861e191d14ee4741a5969b1d2ffbfc,2025-11-23T11:15:00.0000000Z,3
105130,203,2025-11-23T11:30:00.0000000Z,2549,6988,0,0,D,0.584275,0.248177,0.167547,H,0,1.393612,0.934687,formax-outcome-4.0,6d861e191d14ee4741a5969b1d2ffbfc,2025-11-23T11:30:00.0000000Z,3
105444,135,2025-11-23T11:30:00.0000000Z,1719,3648,1,2,A,0.314734,0.308480,0.376786,A,1,0.976078,0.582613,formax-outcome-4.0,6d861e191d14ee4741a5969b1d2ffbfc,2025-11-23T11:30:00.0000000Z,3
103675,40,2025-11-23T12:00:00.0000000Z,4169,1460,0,3,A,0.316631,0.260833,0.422536,A,1,0.861481,0.501754,formax-outcome-4.0,6d861e191d14ee4741a5969b1d2ffbfc,2025-11-23T12:00:00.0000000Z,3
104338,140,2025-11-23T13:00:00.0000000Z,1944,2517,0,0,D,0.232544,0.277503,0.489953,A,0,1.281922,0.816131,formax-outcome-4.0,6d861e191d14ee4741a5969b1d2ffbfc,2025-11-23T13:00:00.0000000Z,3
38701,88,2025-11-23T13:30:00.0000000Z,2516,1080,2,4,A,0.605426,0.200760,0.193814,H,0,1.640856,1.056781,formax-outcome-4.0,6d861e191d14ee4741a5969b1d2ffbfc,2025-11-23T13:30:00.0000000Z,3
97872,88,2025-11-23T13:30:00.0000000Z,3539,4678,1,1,D,0.420681,0.253496,0.325823,H,0,1.372407,0.840401,formax-outcome-4.0,6d861e191d14ee4741a5969b1d2ffbfc,2025-11-23T13:30:00.0000000Z,3
53910,61,2025-11-23T14:00:00.0000000Z,1815,3589,0,0,D,0.318331,0.267752,0.413917,A,0,1.317694,0.808849,formax-outcome-4.0,6d861e191d14ee4741a5969b1d2ffbfc,2025-11-23T14:00:00.0000000Z,3
82488,203,2025-11-23T14:00:00.0000000Z,3673,1176,1,1,D,0.336916,0.283187,0.379896,A,0,1.261647,0.771654,formax-outcome-4.0,6d861e191d14ee4741a5969b1d2ffbfc,2025-11-23T14:00:00.0000000Z,3
102082,39,2025-11-23T14:00:00.0000000Z,2269,2109,1,2,A,0.215763,0.252927,0.531310,A,1,0.632410,0.330197,formax-outcome-4.0,6d861e191d14ee4741a5969b1d2ffbfc,2025-11-23T14:00:00.0000000Z,3
103501,203,2025-11-23T14:00:00.0000000Z,6847,4226,1,2,A,0.413793,0.280203,0.306004,H,0,1.184158,0.731370,formax-outcome-4.0,6d861e191d14ee4741a5969b1d2ffbfc,2025-11-23T14:00:00.0000000Z,3
105719,135,2025-11-23T14:00:00.0000000Z,3558,2799,1,3,A,0.239151,0.294250,0.466599,A,1,0.762284,0.428292,formax-outcome-4.0,6d861e191d14ee4741a5969b1d2ffbfc,2025-11-23T14:00:00.0000000Z,3
101576,78,2025-11-23T14:30:00.0000000Z,821,966,2,0,H,0.512340,0.230570,0.257091,H,1,0.668767,0.357070,formax-outcome-4.0,6d861e191d14ee4741a5969b1d2ffbfc,2025-11-23T14:30:00.0000000Z,3
105216,140,2025-11-23T15:15:00.0000000Z,2033,758,1,1,D,0.729973,0.177187,0.092840,H,0,1.730548,1.218500,formax-outcome-4.0,6d861e191d14ee4741a5969b1d2ffbfc,2025-11-23T15:15:00.0000000Z,3
104474,88,2025-11-23T15:45:00.0000000Z,1301,2612,2,2,D,0.484048,0.242540,0.273412,H,0,1.416588,0.882802,formax-outcome-4.0,6d861e191d14ee4741a5969b1d2ffbfc,2025-11-23T15:45:00.0000000Z,3
103276,61,2025-11-23T16:15:00.0000000Z,1872,1257,0,1,A,0.560935,0.255836,0.183229,H,0,1.697020,1.047215,formax-outcome-4.0,6d861e191d14ee4741a5969b1d2ffbfc,2025-11-23T16:15:00.0000000Z,3
106813,61,2025-11-23T16:15:00.0000000Z,1668,1666,1,1,D,0.495876,0.255914,0.248210,H,0,1.362912,0.861164,formax-outcome-4.0,6d861e191d14ee4741a5969b1d2ffbfc,2025-11-23T16:15:00.0000000Z,3
107085,61,2025-11-23T16:15:00.0000000Z,4558,1078,3,2,H,0.525063,0.239492,0.235445,H,1,0.644236,0.338355,formax-outcome-4.0,6d861e191d14ee4741a5969b1d2ffbfc,2025-11-23T16:15:00.0000000Z,3
106480,39,2025-11-23T16:30:00.0000000Z,4559,2355,4,1,H,0.673930,0.207639,0.118431,H,1,0.394629,0.163462,formax-outcome-4.0,6d861e191d14ee4741a5969b1d2ffbfc,2025-11-23T16:30:00.0000000Z,3
42786,203,2025-11-23T17:00:00.0000000Z,1845,3588,2,5,A,0.162268,0.222416,0.615315,A,1,0.485621,0.223782,formax-outcome-4.0,6d861e191d14ee4741a5969b1d2ffbfc,2025-11-23T17:00:00.0000000Z,3
105512,135,2025-11-23T17:00:00.0000000Z,2837,1584,2,0,H,0.582554,0.258156,0.159290,H,1,0.540333,0.266279,formax-outcome-4.0,6d861e191d14ee4741a5969b1d2ffbfc,2025-11-23T17:00:00.0000000Z,3
103952,140,2025-11-23T17:30:00.0000000Z,1914,4267,0,1,A,0.218978,0.274979,0.506043,A,1,0.681134,0.367559,formax-outcome-4.0,6d861e191d14ee4741a5969b1d2ffbfc,2025-11-23T17:30:00.0000000Z,3
60902,61,2025-11-23T19:45:00.0000000Z,4470,4292,4,2,H,0.540598,0.241999,0.217403,H,1,0.615079,0.316878,formax-outcome-4.0,6d861e191d14ee4741a5969b1d2ffbfc,2025-11-23T19:45:00.0000000Z,3
103163,135,2025-11-23T19:45:00.0000000Z,2685,1488,0,1,A,0.531838,0.252905,0.215257,H,0,1.535923,0.962635,formax-outcome-4.0,6d861e191d14ee4741a5969b1d2ffbfc,2025-11-23T19:45:00.0000000Z,3
105759,140,2025-11-23T20:00:00.0000000Z,3447,4521,2,2,D,0.108123,0.207968,0.683909,A,0,1.570371,1.106737,formax-outcome-4.0,6d861e191d14ee4741a5969b1d2ffbfc,2025-11-23T20:00:00.0000000Z,3
103356,203,2025-11-24T17:00:00.0000000Z,1717,5867,0,0,D,0.472604,0.262844,0.264552,H,0,1.336193,0.836740,formax-outcome-4.0,6d861e191d14ee4741a5969b1d2ffbfc,2025-11-24T17:00:00.0000000Z,3
103576,203,2025-11-24T17:00:00.0000000Z,3661,5068,3,4,A,0.277831,0.276928,0.445241,A,1,0.809139,0.461636,formax-outcome-4.0,6d861e191d14ee4741a5969b1d2ffbfc,2025-11-24T17:00:00.0000000Z,3
106558,135,2025-11-24T17:30:00.0000000Z,1652,5356,1,5,A,0.270727,0.304457,0.424816,A,1,0.856098,0.496823,formax-outcome-4.0,6d861e191d14ee4741a5969b1d2ffbfc,2025-11-24T17:30:00.0000000Z,3
107413,135,2025-11-24T19:45:00.0000000Z,3903,1838,2,2,D,0.367084,0.290728,0.342189,H,0,1.235369,0.754911,formax-outcome-4.0,6d861e191d14ee4741a5969b1d2ffbfc,2025-11-24T19:45:00.0000000Z,3
71205,39,2025-11-24T20:00:00.0000000Z,4266,1482,0,1,A,0.559697,0.242385,0.197919,H,0,1.619898,1.015345,formax-outcome-4.0,6d861e191d14ee4741a5969b1d2ffbfc,2025-11-24T20:00:00.0000000Z,3
104413,140,2025-11-24T20:00:00.0000000Z,762,3049,2,1,H,0.455321,0.279304,0.265374,H,1,0.786752,0.445110,formax-outcome-4.0,6d861e191d14ee4741a5969b1d2ffbfc,2025-11-24T20:00:00.0000000Z,3
88180,2,2025-11-25T17:45:00.0000000Z,2530,3711,0,2,A,0.174791,0.220883,0.604326,A,1,0.503641,0.235899,formax-outcome-4.0,6d861e191d14ee4741a5969b1d2ffbfc,2025-11-25T17:45:00.0000000Z,3
98880,2,2025-11-25T17:45:00.0000000Z,3309,3977,0,1,A,0.652511,0.197406,0.150083,H,0,1.896568,1.187099,formax-outcome-4.0,6d861e191d14ee4741a5969b1d2ffbfc,2025-11-25T17:45:00.0000000Z,3
98269,40,2025-11-25T19:45:00.0000000Z,4380,5841,2,4,A,0.269628,0.245623,0.484749,A,1,0.724125,0.398514,formax-outcome-4.0,6d861e191d14ee4741a5969b1d2ffbfc,2025-11-25T19:45:00.0000000Z,3
101680,40,2025-11-25T19:45:00.0000000Z,1253,1499,1,1,D,0.368699,0.269647,0.361654,H,0,1.310641,0.800148,formax-outcome-4.0,6d861e191d14ee4741a5969b1d2ffbfc,2025-11-25T19:45:00.0000000Z,3
102206,40,2025-11-25T19:45:00.0000000Z,3483,1452,3,0,H,0.427954,0.274385,0.297661,H,1,0.848740,0.491126,formax-outcome-4.0,6d861e191d14ee4741a5969b1d2ffbfc,2025-11-25T19:45:00.0000000Z,3
102563,40,2025-11-25T19:45:00.0000000Z,3467,3380,1,2,A,0.345971,0.267330,0.386699,A,1,0.950108,0.567299,formax-outcome-4.0,6d861e191d14ee4741a5969b1d2ffbfc,2025-11-25T19:45:00.0000000Z,3
102755,40,2025-11-25T19:45:00.0000000Z,4379,1476,1,1,D,0.406084,0.259393,0.334523,H,0,1.349410,0.825308,formax-outcome-4.0,6d861e191d14ee4741a5969b1d2ffbfc,2025-11-25T19:45:00.0000000Z,3
106246,40,2025-11-25T19:45:00.0000000Z,1718,3598,0,2,A,0.200739,0.223032,0.576229,A,1,0.551250,0.269621,formax-outcome-4.0,6d861e191d14ee4741a5969b1d2ffbfc,2025-11-25T19:45:00.0000000Z,3
71108,2,2025-11-25T20:00:00.0000000Z,5071,1013,2,1,H,0.354817,0.248938,0.396245,A,0,1.036153,0.635242,formax-outcome-4.0,6d861e191d14ee4741a5969b1d2ffbfc,2025-11-25T20:00:00.0000000Z,3
101838,2,2025-11-25T20:00:00.0000000Z,3373,4005,3,0,H,0.613176,0.194941,0.191883,H,1,0.489103,0.224454,formax-outcome-4.0,6d861e191d14ee4741a5969b1d2ffbfc,2025-11-25T20:00:00.0000000Z,3
102136,2,2025-11-25T20:00:00.0000000Z,4166,1260,0,2,A,0.769237,0.143783,0.086980,H,0,2.442077,1.446004,formax-outcome-4.0,6d861e191d14ee4741a5969b1d2ffbfc,2025-11-25T20:00:00.0000000Z,3
104689,40,2025-11-25T20:00:00.0000000Z,4290,1910,3,0,H,0.361601,0.272759,0.365640,A,0,1.017213,0.615643,formax-outcome-4.0,6d861e191d14ee4741a5969b1d2ffbfc,2025-11-25T20:00:00.0000000Z,3
104819,2,2025-11-25T20:00:00.0000000Z,989,1776,4,0,H,0.466685,0.242972,0.290343,H,1,0.762100,0.427759,formax-outcome-4.0,6d861e191d14ee4741a5969b1d2ffbfc,2025-11-25T20:00:00.0000000Z,3
105913,2,2025-11-25T20:00:00.0000000Z,2705,2013,2,3,A,0.408335,0.257236,0.334428,H,0,1.095333,0.675894,formax-outcome-4.0,6d861e191d14ee4741a5969b1d2ffbfc,2025-11-25T20:00:00.0000000Z,3
106124,2,2025-11-25T20:00:00.0000000Z,2598,1906,0,0,D,0.431517,0.267260,0.301223,H,0,1.319532,0.813849,formax-outcome-4.0,6d861e191d14ee4741a5969b1d2ffbfc,2025-11-25T20:00:00.0000000Z,3
69652,2,2025-11-26T17:45:00.0000000Z,2667,2657,3,2,H,0.629566,0.215319,0.155115,H,1,0.462725,0.207644,formax-outcome-4.0,6d861e191d14ee4741a5969b1d2ffbfc,2025-11-26T17:45:00.0000000Z,3
82692,2,2025-11-26T17:45:00.0000000Z,3680,2085,2,2,D,0.490068,0.251868,0.258063,H,0,1.378848,0.866464,formax-outcome-4.0,6d861e191d14ee4741a5969b1d2ffbfc,2025-11-26T17:45:00.0000000Z,3
99590,40,2025-11-26T19:45:00.0000000Z,1912,1502,0,1,A,0.423232,0.261949,0.314819,H,0,1.155758,0.717216,formax-outcome-4.0,6d861e191d14ee4741a5969b1d2ffbfc,2025-11-26T19:45:00.0000000Z,3
102345,40,2025-11-26T19:45:00.0000000Z,1511,4169,1,0,H,0.537497,0.239467,0.223037,H,1,0.620833,0.320999,formax-outcome-4.0,6d861e191d14ee4741a5969b1d2ffbfc,2025-11-26T19:45:00.0000000Z,3
102493,40,2025-11-26T19:45:00.0000000Z,1460,1654,3,0,H,0.437720,0.261078,0.301201,H,1,0.826175,0.475043,formax-outcome-4.0,6d861e191d14ee4741a5969b1d2ffbfc,2025-11-26T19:45:00.0000000Z,3
102998,40,2025-11-26T19:45:00.0000000Z,2268,1053,2,0,H,0.421283,0.262629,0.316087,H,1,0.864450,0.503799,formax-outcome-4.0,6d861e191d14ee4741a5969b1d2ffbfc,2025-11-26T19:45:00.0000000Z,3
38810,2,2025-11-26T20:00:00.0000000Z,1272,4521,3,4,A,0.358448,0.255045,0.386507,A,1,0.950605,0.569907,formax-outcome-4.0,6d861e191d14ee4741a5969b1d2ffbfc,2025-11-26T20:00:00.0000000Z,3
72562,2,2025-11-26T20:00:00.0000000Z,4472,4702,0,3,A,0.562442,0.224245,0.213313,H,0,1.544996,0.985504,formax-outcome-4.0,6d861e191d14ee4741a5969b1d2ffbfc,2025-11-26T20:00:00.0000000Z,3
99862,2,2025-11-26T20:00:00.0000000Z,2084,1782,3,0,H,0.627424,0.203539,0.169037,H,1,0.466133,0.208815,formax-outcome-4.0,6d861e191d14ee4741a5969b1d2ffbfc,2025-11-26T20:00:00.0000000Z,3
102035,2,2025-11-26T20:00:00.0000000Z,4559,1328,3,1,H,0.540833,0.231277,0.227889,H,1,0.614644,0.316257,formax-outcome-4.0,6d861e191d14ee4741a5969b1d2ffbfc,2025-11-26T20:00:00.0000000Z,3
102419,40,2025-11-26T20:00:00.0000000Z,1531,1490,1,1,D,0.347455,0.270273,0.382272,A,0,1.308324,0.799359,formax-outcome-4.0,6d861e191d14ee4741a5969b1d2ffbfc,2025-11-26T20:00:00.0000000Z,3
104014,2,2025-11-26T20:00:00.0000000Z,2208,1775,1,4,A,0.675357,0.176087,0.148556,H,0,1.906794,1.212071,formax-outcome-4.0,6d861e191d14ee4741a5969b1d2ffbfc,2025-11-26T20:00:00.0000000Z,3
105888,2,2025-11-26T20:00:00.0000000Z,4267,2685,2,1,H,0.537654,0.225766,0.236581,H,1,0.620541,0.320705,formax-outcome-4.0,6d861e191d14ee4741a5969b1d2ffbfc,2025-11-26T20:00:00.0000000Z,3
107427,2,2025-11-26T20:00:00.0000000Z,5284,2355,5,3,H,0.603232,0.216038,0.180730,H,1,0.505454,0.236761,formax-outcome-4.0,6d861e191d14ee4741a5969b1d2ffbfc,2025-11-26T20:00:00.0000000Z,3
35998,3,2025-11-27T17:45:00.0000000Z,3690,2551,1,1,D,0.574859,0.228216,0.196925,H,0,1.477462,0.964893,formax-outcome-4.0,6d861e191d14ee4741a5969b1d2ffbfc,2025-11-27T17:45:00.0000000Z,3
36436,3,2025-11-27T17:45:00.0000000Z,4470,3440,4,0,H,0.575314,0.231319,0.193367,H,1,0.552839,0.271257,formax-outcome-4.0,6d861e191d14ee4741a5969b1d2ffbfc,2025-11-27T17:45:00.0000000Z,3
42785,3,2025-11-27T17:45:00.0000000Z,3588,2956,1,1,D,0.538908,0.240187,0.220904,H,0,1.426336,0.916536,formax-outcome-4.0,6d861e191d14ee4741a5969b1d2ffbfc,2025-11-27T17:45:00.0000000Z,3
70760,848,2025-11-27T17:45:00.0000000Z,2576,3002,4,1,H,0.766985,0.163842,0.069173,H,1,0.265289,0.085925,formax-outcome-4.0,6d861e191d14ee4741a5969b1d2ffbfc,2025-11-27T17:45:00.0000000Z,3
83560,3,2025-11-27T17:45:00.0000000Z,2799,2519,2,1,H,0.409644,0.284850,0.305506,H,1,0.892467,0.522994,formax-outcome-4.0,6d861e191d14ee4741a5969b1d2ffbfc,2025-11-27T17:45:00.0000000Z,3
83841,848,2025-11-27T17:45:00.0000000Z,1947,1281,1,0,H,0.384468,0.291054,0.324479,H,1,0.955895,0.568879,formax-outcome-4.0,6d861e191d14ee4741a5969b1d2ffbfc,2025-11-27T17:45:00.0000000Z,3
84059,848,2025-11-27T17:45:00.0000000Z,2056,1789,2,0,H,0.661075,0.208097,0.130827,H,1,0.413887,0.175290,formax-outcome-4.0,6d861e191d14ee4741a5969b1d2ffbfc,2025-11-27T17:45:00.0000000Z,3
88244,848,2025-11-27T17:45:00.0000000Z,1271,3663,2,0,H,0.576351,0.243476,0.180173,H,1,0.551038,0.271221,formax-outcome-4.0,6d861e191d14ee4741a5969b1d2ffbfc,2025-11-27T17:45:00.0000000Z,3
102081,3,2025-11-27T17:45:00.0000000Z,2109,2522,2,1,H,0.872152,0.092437,0.035411,H,1,0.136791,0.026144,formax-outcome-4.0,6d861e191d14ee4741a5969b1d2ffbfc,2025-11-27T17:45:00.0000000Z,3
104090,3,2025-11-27T17:45:00.0000000Z,3248,1904,3,2,H,0.245015,0.249667,0.505318,A,0,1.406437,0.887683,formax-outcome-4.0,6d861e191d14ee4741a5969b1d2ffbfc,2025-11-27T17:45:00.0000000Z,3
104307,3,2025-11-27T17:45:00.0000000Z,2108,3851,3,0,H,0.495179,0.269325,0.235496,H,1,0.702837,0.382839,formax-outcome-4.0,6d861e191d14ee4741a5969b1d2ffbfc,2025-11-27T17:45:00.0000000Z,3
104608,3,2025-11-27T17:45:00.0000000Z,2516,1487,1,3,A,0.481422,0.261583,0.256995,H,0,1.358698,0.852249,formax-outcome-4.0,6d861e191d14ee4741a5969b1d2ffbfc,2025-11-27T17:45:00.0000000Z,3
105975,3,2025-11-27T17:45:00.0000000Z,1631,5685,0,0,D,0.476787,0.260848,0.262365,H,0,1.343818,0.842507,formax-outcome-4.0,6d861e191d14ee4741a5969b1d2ffbfc,2025-11-27T17:45:00.0000000Z,3
39102,3,2025-11-27T20:00:00.0000000Z,3702,3477,2,1,H,0.648092,0.217211,0.134697,H,1,0.433723,0.189163,formax-outcome-4.0,6d861e191d14ee4741a5969b1d2ffbfc,2025-11-27T20:00:00.0000000Z,3
40279,3,2025-11-27T20:00:00.0000000Z,2865,2888,1,0,H,0.595926,0.234524,0.169550,H,1,0.517639,0.247024,formax-outcome-4.0,6d861e191d14ee4741a5969b1d2ffbfc,2025-11-27T20:00:00.0000000Z,3
53801,848,2025-11-27T20:00:00.0000000Z,4680,2027,0,1,A,0.537447,0.254410,0.208143,H,0,1.569530,0.980611,formax-outcome-4.0,6d861e191d14ee4741a5969b1d2ffbfc,2025-11-27T20:00:00.0000000Z,3
53909,3,2025-11-27T20:00:00.0000000Z,3667,3589,0,6,A,0.260184,0.258695,0.481121,A,1,0.731636,0.403854,formax-outcome-4.0,6d861e191d14ee4741a5969b1d2ffbfc,2025-11-27T20:00:00.0000000Z,3
73206,848,2025-11-27T20:00:00.0000000Z,1503,2613,0,1,A,0.521889,0.265726,0.212385,H,0,1.549356,0.963316,formax-outcome-4.0,6d861e191d14ee4741a5969b1d2ffbfc,2025-11-27T20:00:00.0000000Z,3
81233,848,2025-11-27T20:00:00.0000000Z,3689,3684,0,0,D,0.510399,0.274533,0.215068,H,0,1.292684,0.833063,formax-outcome-4.0,6d861e191d14ee4741a5969b1d2ffbfc,2025-11-27T20:00:00.0000000Z,3
81836,3,2025-11-27T20:00:00.0000000Z,1520,1810,4,1,H,0.705503,0.182412,0.112085,H,1,0.348844,0.132566,formax-outcome-4.0,6d861e191d14ee4741a5969b1d2ffbfc,2025-11-27T20:00:00.0000000Z,3
83197,848,2025-11-27T20:00:00.0000000Z,1177,1345,1,0,H,0.656563,0.221957,0.121480,H,1,0.420737,0.181971,formax-outcome-4.0,6d861e191d14ee4741a5969b1d2ffbfc,2025-11-27T20:00:00.0000000Z,3
83912,3,2025-11-27T20:00:00.0000000Z,2750,3710,1,1,D,0.241773,0.260787,0.497440,A,0,1.344053,0.852337,formax-outcome-4.0,6d861e191d14ee4741a5969b1d2ffbfc,2025-11-27T20:00:00.0000000Z,3
103799,3,2025-11-27T20:00:00.0000000Z,2033,4678,2,1,H,0.649410,0.213724,0.136866,H,1,0.431691,0.187324,formax-outcome-4.0,6d861e191d14ee4741a5969b1d2ffbfc,2025-11-27T20:00:00.0000000Z,3
104570,3,2025-11-27T20:00:00.0000000Z,1580,1278,0,4,A,0.311863,0.271495,0.416642,A,1,0.875528,0.511274,formax-outcome-4.0,6d861e191d14ee4741a5969b1d2ffbfc,2025-11-27T20:00:00.0000000Z,3
104889,848,2025-11-27T20:00:00.0000000Z,1911,1486,2,1,H,0.382988,0.297927,0.319085,H,1,0.959752,0.571280,formax-outcome-4.0,6d861e191d14ee4741a5969b1d2ffbfc,2025-11-27T20:00:00.0000000Z,3
105381,848,2025-11-27T20:00:00.0000000Z,3303,1176,2,2,D,0.386605,0.300086,0.313309,H,0,1.203687,0.737506,formax-outcome-4.0,6d861e191d14ee4741a5969b1d2ffbfc,2025-11-27T20:00:00.0000000Z,3
105664,848,2025-11-27T20:00:00.0000000Z,1421,3654,1,1,D,0.530214,0.261323,0.208463,H,0,1.341997,0.870227,formax-outcome-4.0,6d861e191d14ee4741a5969b1d2ffbfc,2025-11-27T20:00:00.0000000Z,3
106422,3,2025-11-27T20:00:00.0000000Z,2480,2682,3,0,H,0.734854,0.170550,0.094596,H,1,0.308083,0.108338,formax-outcome-4.0,6d861e191d14ee4741a5969b1d2ffbfc,2025-11-27T20:00:00.0000000Z,3
104221,203,2025-11-28T17:00:00.0000000Z,6988,6848,1,0,H,0.389610,0.284570,0.325820,H,1,0.942609,0.559715,formax-outcome-4.0,6d861e191d14ee4741a5969b1d2ffbfc,2025-11-28T17:00:00.0000000Z,3
104639,88,2025-11-28T19:00:00.0000000Z,2612,990,2,1,H,0.363686,0.245839,0.390475,A,0,1.011465,0.617803,formax-outcome-4.0,6d861e191d14ee4741a5969b1d2ffbfc,2025-11-28T19:00:00.0000000Z,3
101891,78,2025-11-28T19:30:00.0000000Z,1051,821,0,0,D,0.321286,0.240928,0.437786,A,0,1.423258,0.871072,formax-outcome-4.0,6d861e191d14ee4741a5969b1d2ffbfc,2025-11-28T19:30:00.0000000Z,3
106557,135,2025-11-28T19:45:00.0000000Z,5356,3903,2,0,H,0.500935,0.267586,0.231479,H,1,0.691278,0.374250,formax-outcome-4.0,6d861e191d14ee4741a5969b1d2ffbfc,2025-11-28T19:45:00.0000000Z,3
107383,61,2025-11-28T19:45:00.0000000Z,1078,1781,0,1,A,0.326066,0.248075,0.425860,A,1,0.853646,0.497497,formax-outcome-4.0,6d861e191d14ee4741a5969b1d2ffbfc,2025-11-28T19:45:00.0000000Z,3
103951,140,2025-11-28T20:00:00.0000000Z,1914,3447,1,0,H,0.540667,0.276778,0.182555,H,1,0.614952,0.320920,formax-outcome-4.0,6d861e191d14ee4741a5969b1d2ffbfc,2025-11-28T20:00:00.0000000Z,3
106447,40,2025-11-28T20:00:00.0000000Z,1476,3598,2,1,H,0.148276,0.213462,0.638262,A,0,1.908679,1.178378,formax-outcome-4.0,6d861e191d14ee4741a5969b1d2ffbfc,2025-11-28T20:00:00.0000000Z,3
103425,203,2025-11-29T11:30:00.0000000Z,1845,6025,0,1,A,0.484793,0.246647,0.268559,H,0,1.314683,0.830865,formax-outcome-4.0,6d861e191d14ee4741a5969b1d2ffbfc,2025-11-29T11:30:00.0000000Z,3
102492,40,2025-11-29T12:30:00.0000000Z,1654,1053,0,1,A,0.354909,0.266353,0.378738,A,1,0.970911,0.582871,formax-outcome-4.0,6d861e191d14ee4741a5969b1d2ffbfc,2025-11-29T12:30:00.0000000Z,3
102700,40,2025-11-29T12:30:00.0000000Z,3483,1718,1,2,A,0.492291,0.256642,0.251068,H,0,1.382033,0.869115,formax-outcome-4.0,6d861e191d14ee4741a5969b1d2ffbfc,2025-11-29T12:30:00.0000000Z,3
103674,40,2025-11-29T12:30:00.0000000Z,1910,1460,2,3,A,0.536252,0.254371,0.209377,H,0,1.563621,0.977356,formax-outcome-4.0,6d861e191d14ee4741a5969b1d2ffbfc,2025-11-29T12:30:00.0000000Z,3
105621,140,2025-11-29T13:00:00.0000000Z,1925,3599,2,2,D,0.395395,0.310325,0.294281,H,0,1.170137,0.718590,formax-outcome-4.0,6d861e191d14ee4741a5969b1d2ffbfc,2025-11-29T13:00:00.0000000Z,3
104105,203,2025-11-29T14:00:00.0000000Z,4926,6991,1,2,A,0.380548,0.286433,0.333019,H,0,1.099557,0.671725,formax-outcome-4.0,6d861e191d14ee4741a5969b1d2ffbfc,2025-11-29T14:00:00.0000000Z,3
105443,135,2025-11-29T14:00:00.0000000Z,1649,1719,2,1,H,0.465168,0.282869,0.251963,H,1,0.765357,0.429546,formax-outcome-4.0,6d861e191d14ee4741a5969b1d2ffbfc,2025-11-29T14:00:00.0000000Z,3
107004,135,2025-11-29T14:00:00.0000000Z,3648,3405,0,2,A,0.409250,0.284075,0.306674,H,0,1.181969,0.728885,formax-outcome-4.0,6d861e191d14ee4741a5969b1d2ffbfc,2025-11-29T14:00:00.0000000Z,3
101575,78,2025-11-29T14:30:00.0000000Z,966,5078,1,1,D,0.446659,0.239068,0.314273,H,0,1.431009,0.877290,formax-outcome-4.0,6d861e191d14ee4741a5969b1d2ffbfc,2025-11-29T14:30:00.0000000Z,3
102034,78,2025-11-29T14:30:00.0000000Z,1328,4528,3,1,H,0.929597,0.051347,0.019056,H,1,0.073004,0.007956,formax-outcome-4.0,6d861e191d14ee4741a5969b1d2ffbfc,2025-11-29T14:30:00.0000000Z,3
107146,78,2025-11-29T14:30:00.0000000Z,4180,4330,1,2,A,0.575455,0.228072,0.196473,H,0,1.627230,1.028821,formax-outcome-4.0,6d861e191d14ee4741a5969b1d2ffbfc,2025-11-29T14:30:00.0000000Z,3
98268,40,2025-11-29T15:00:00.0000000Z,5841,1452,3,1,H,0.660275,0.193327,0.146398,H,1,0.415099,0.174221,formax-outcome-4.0,6d861e191d14ee4741a5969b1d2ffbfc,2025-11-29T15:00:00.0000000Z,3
99589,40,2025-11-29T15:00:00.0000000Z,2268,1912,1,1,D,0.499630,0.263244,0.237127,H,0,1.334676,0.848669,formax-outcome-4.0,6d861e191d14ee4741a5969b1d2ffbfc,2025-11-29T15:00:00.0000000Z,3
101679,40,2025-11-29T15:00:00.0000000Z,4169,1499,2,3,A,0.232657,0.250665,0.516678,A,1,0.660336,0.350563,formax-outcome-4.0,6d861e191d14ee4741a5969b1d2ffbfc,2025-11-29T15:00:00.0000000Z,3
102257,40,2025-11-29T15:00:00.0000000Z,4379,1502,3,1,H,0.349441,0.257913,0.392646,A,0,1.051421,0.643917,formax-outcome-4.0,6d861e191d14ee4741a5969b1d2ffbfc,2025-11-29T15:00:00.0000000Z,3
102344,40,2025-11-29T15:00:00.0000000Z,1511,4290,3,2,H,0.221238,0.247257,0.531505,A,0,1.508516,0.950104,formax-outcome-4.0,6d861e191d14ee4741a5969b1d2ffbfc,2025-11-29T15:00:00.0000000Z,3
102418,40,2025-11-29T15:00:00.0000000Z,1531,3467,3,2,H,0.459655,0.265549,0.274796,H,1,0.777278,0.438001,formax-outcome-4.0,6d861e191d14ee4741a5969b1d2ffbfc,2025-11-29T15:00:00.0000000Z,3
102562,40,2025-11-29T15:00:00.0000000Z,4380,3380,2,1,H,0.419214,0.270169,0.310617,H,1,0.869374,0.506787,formax-outcome-4.0,6d861e191d14ee4741a5969b1d2ffbfc,2025-11-29T15:00:00.0000000Z,3
102939,39,2025-11-29T15:00:00.0000000Z,5807,2531,3,1,H,0.730509,0.171688,0.097803,H,1,0.314013,0.111667,formax-outcome-4.0,6d861e191d14ee4741a5969b1d2ffbfc,2025-11-29T15:00:00.0000000Z,3
104751,39,2025-11-29T15:00:00.0000000Z,4166,2269,3,2,H,0.839252,0.111755,0.048993,H,1,0.175244,0.040729,formax-outcome-4.0,6d861e191d14ee4741a5969b1d2ffbfc,2025-11-29T15:00:00.0000000Z,3
106363,39,2025-11-29T15:00:00.0000000Z,2209,3646,3,2,H,0.189511,0.250888,0.559601,A,0,1.663308,1.032990,formax-outcome-4.0,6d861e191d14ee4741a5969b1d2ffbfc,2025-11-29T15:00:00.0000000Z,3
103879,140,2025-11-29T15:15:00.0000000Z,4005,759,3,1,H,0.739568,0.170949,0.089483,H,1,0.301690,0.105056,formax-outcome-4.0,6d861e191d14ee4741a5969b1d2ffbfc,2025-11-29T15:15:00.0000000Z,3
104063,88,2025-11-29T15:30:00.0000000Z,4124,1378,1,0,H,0.494225,0.241232,0.264543,H,1,0.704764,0.383984,formax-outcome-4.0,6d861e191d14ee4741a5969b1d2ffbfc,2025-11-29T15:30:00.0000000Z,3
98360,61,2025-11-29T16:00:00.0000000Z,2085,5284,1,0,H,0.191803,0.215424,0.592773,A,0,1.651288,1.050971,formax-outcome-4.0,6d861e191d14ee4741a5969b1d2ffbfc,2025-11-29T16:00:00.0000000Z,3
103355,203,2025-11-29T17:00:00.0000000Z,5068,1717,3,1,H,0.514069,0.258671,0.227260,H,1,0.665398,0.354687,formax-outcome-4.0,6d861e191d14ee4741a5969b1d2ffbfc,2025-11-29T17:00:00.0000000Z,3
103500,203,2025-11-29T17:00:00.0000000Z,4226,3661,1,3,A,0.274191,0.258178,0.467631,A,1,0.760076,0.425253,formax-outcome-4.0,6d861e191d14ee4741a5969b1d2ffbfc,2025-11-29T17:00:00.0000000Z,3
106959,135,2025-11-29T17:00:00.0000000Z,2013,3394,2,1,H,0.561210,0.252111,0.186679,H,1,0.577660,0.290946,formax-outcome-4.0,6d861e191d14ee4741a5969b1d2ffbfc,2025-11-29T17:00:00.0000000Z,3
71107,39,2025-11-29T17:30:00.0000000Z,1482,1013,1,4,A,0.345139,0.285676,0.369185,A,1,0.996456,0.598658,formax-outcome-4.0,6d861e191d14ee4741a5969b1d2ffbfc,2025-11-29T17:30:00.0000000Z,3
102135,78,2025-11-29T17:30:00.0000000Z,1260,989,1,2,A,0.424041,0.237511,0.338448,H,0,1.083384,0.673873,formax-outcome-4.0,6d861e191d14ee4741a5969b1d2ffbfc,2025-11-29T17:30:00.0000000Z,3
105328,140,2025-11-29T17:30:00.0000000Z,2383,1906,0,2,A,0.282341,0.292755,0.424903,A,1,0.855894,0.496159,formax-outcome-4.0,6d861e191d14ee4741a5969b1d2ffbfc,2025-11-29T17:30:00.0000000Z,3
104247,88,2025-11-29T17:45:00.0000000Z,1079,4157,1,1,D,0.500012,0.235903,0.264085,H,0,1.444333,0.903596,formax-outcome-4.0,6d861e191d14ee4741a5969b1d2ffbfc,2025-11-29T17:45:00.0000000Z,3
60450,61,2025-11-29T18:00:00.0000000Z,4292,1815,1,1,D,0.580421,0.235348,0.184231,H,0,1.446691,0.955523,formax-outcome-4.0,6d861e191d14ee4741a5969b1d2ffbfc,2025-11-29T18:00:00.0000000Z,3
103162,135,2025-11-29T19:45:00.0000000Z,1488,2837,1,0,H,0.420047,0.282956,0.296997,H,1,0.867390,0.504618,formax-outcome-4.0,6d861e191d14ee4741a5969b1d2ffbfc,2025-11-29T19:45:00.0000000Z,3
38700,88,2025-11-29T20:00:00.0000000Z,1080,1162,3,1,H,0.557487,0.222426,0.220087,H,1,0.584316,0.293729,formax-outcome-4.0,6d861e191d14ee4741a5969b1d2ffbfc,2025-11-29T20:00:00.0000000Z,3
105887,140,2025-11-29T20:00:00.0000000Z,4267,1944,2,0,H,0.841254,0.114941,0.043805,H,1,0.172862,0.040331,formax-outcome-4.0,6d861e191d14ee4741a5969b1d2ffbfc,2025-11-29T20:00:00.0000000Z,3
107497,39,2025-11-29T20:00:00.0000000Z,2355,4928,1,2,A,0.519444,0.245540,0.235016,H,0,1.448103,0.915313,formax-outcome-4.0,6d861e191d14ee4741a5969b1d2ffbfc,2025-11-29T20:00:00.0000000Z,3
106168,61,2025-11-29T20:05:00.0000000Z,5071,1872,2,2,D,0.719735,0.175159,0.105106,H,0,1.742060,1.209428,formax-outcome-4.0,6d861e191d14ee4741a5969b1d2ffbfc,2025-11-29T20:05:00.0000000Z,3
104013,88,2025-11-30T11:15:00.0000000Z,1775,4677,3,0,H,0.873745,0.083698,0.042557,H,1,0.134966,0.024757,formax-outcome-4.0,6d861e191d14ee4741a5969b1d2ffbfc,2025-11-30T11:15:00.0000000Z,3
105791,135,2025-11-30T11:30:00.0000000Z,1584,1652,2,1,H,0.305255,0.304139,0.390606,A,0,1.186608,0.727744,formax-outcome-4.0,6d861e191d14ee4741a5969b1d2ffbfc,2025-11-30T11:30:00.0000000Z,3
103106,39,2025-11-30T12:00:00.0000000Z,1486,4266,1,2,A,0.495351,0.253014,0.251635,H,0,1.379775,0.869439,formax-outcome-4.0,6d861e191d14ee4741a5969b1d2ffbfc,2025-11-30T12:00:00.0000000Z,3
101766,140,2025-11-30T13:00:00.0000000Z,1830,1776,2,3,A,0.316482,0.279525,0.403993,A,1,0.906357,0.533519,formax-outcome-4.0,6d861e191d14ee4741a5969b1d2ffbfc,2025-11-30T13:00:00.0000000Z,3
97871,88,2025-11-30T13:30:00.0000000Z,3539,2516,1,2,A,0.384000,0.244452,0.371547,H,0,0.990079,0.602166,formax-outcome-4.0,6d861e191d14ee4741a5969b1d2ffbfc,2025-11-30T13:30:00.0000000Z,3
103798,88,2025-11-30T13:30:00.0000000Z,1580,4678,2,2,D,0.322311,0.250515,0.427174,A,0,1.384237,0.848090,formax-outcome-4.0,6d861e191d14ee4741a5969b1d2ffbfc,2025-11-30T13:30:00.0000000Z,3
104888,61,2025-11-30T14:00:00.0000000Z,1911,4558,1,2,A,0.694197,0.184323,0.121479,H,0,2.108011,1.287683,formax-outcome-4.0,6d861e191d14ee4741a5969b1d2ffbfc,2025-11-30T14:00:00.0000000Z,3
105697,203,2025-11-30T14:00:00.0000000Z,5867,2549,1,2,A,0.144894,0.226514,0.628591,A,1,0.464274,0.210247,formax-outcome-4.0,6d861e191d14ee4741a5969b1d2ffbfc,2025-11-30T14:00:00.0000000Z,3
106612,135,2025-11-30T14:00:00.0000000Z,1838,2685,0,2,A,0.169261,0.235045,0.595694,A,1,0.518027,0.247358,formax-outcome-4.0,6d861e191d14ee4741a5969b1d2ffbfc,2025-11-30T14:00:00.0000000Z,3
99480,39,2025-11-30T14:05:00.0000000Z,2109,1829,1,0,H,0.715141,0.177466,0.107393,H,1,0.335276,0.124172,formax-outcome-4.0,6d861e191d14ee4741a5969b1d2ffbfc,2025-11-30T14:05:00.0000000Z,3
105006,39,2025-11-30T14:05:00.0000000Z,2751,2208,0,2,A,0.329966,0.250139,0.419894,A,1,0.867752,0.507970,formax-outcome-4.0,6d861e191d14ee4741a5969b1d2ffbfc,2025-11-30T14:05:00.0000000Z,3
105934,39,2025-11-30T14:05:00.0000000Z,2480,873,0,2,A,0.370185,0.257630,0.372185,A,1,0.988365,0.597562,formax-outcome-4.0,6d861e191d14ee4741a5969b1d2ffbfc,2025-11-30T14:05:00.0000000Z,3
104412,140,2025-11-30T15:15:00.0000000Z,3049,2033,0,2,A,0.313167,0.272345,0.414489,A,1,0.880709,0.515068,formax-outcome-4.0,6d861e191d14ee4741a5969b1d2ffbfc,2025-11-30T15:15:00.0000000Z,3
83335,88,2025-11-30T15:45:00.0000000Z,3707,1271,1,0,H,0.379333,0.240617,0.380050,A,0,0.969340,0.587562,formax-outcome-4.0,6d861e191d14ee4741a5969b1d2ffbfc,2025-11-30T15:45:00.0000000Z,3
102863,61,2025-11-30T16:15:00.0000000Z,1823,4470,0,1,A,0.261348,0.258224,0.480428,A,1,0.733078,0.404938,formax-outcome-4.0,6d861e191d14ee4741a5969b1d2ffbfc,2025-11-30T16:15:00.0000000Z,3
103275,61,2025-11-30T16:15:00.0000000Z,1257,886,1,2,A,0.292039,0.299567,0.408395,A,1,0.895521,0.525023,formax-outcome-4.0,6d861e191d14ee4741a5969b1d2ffbfc,2025-11-30T16:15:00.0000000Z,3
106812,61,2025-11-30T16:15:00.0000000Z,1666,3851,3,1,H,0.442201,0.253481,0.304318,H,1,0.815990,0.468001,formax-outcome-4.0,6d861e191d14ee4741a5969b1d2ffbfc,2025-11-30T16:15:00.0000000Z,3
72561,78,2025-11-30T16:30:00.0000000Z,4472,5353,1,1,D,0.566709,0.216806,0.216485,H,0,1.528751,0.981417,formax-outcome-4.0,6d861e191d14ee4741a5969b1d2ffbfc,2025-11-30T16:30:00.0000000Z,3
101837,39,2025-11-30T16:30:00.0000000Z,3373,4559,1,1,D,0.341918,0.275451,0.382631,A,0,1.289346,0.788286,formax-outcome-4.0,6d861e191d14ee4741a5969b1d2ffbfc,2025-11-30T16:30:00.0000000Z,3
82487,203,2025-11-30T17:00:00.0000000Z,6019,3673,0,2,A,0.114234,0.181395,0.704371,A,1,0.350451,0.133350,formax-outcome-4.0,6d861e191d14ee4741a5969b1d2ffbfc,2025-11-30T17:00:00.0000000Z,3
106002,135,2025-11-30T17:00:00.0000000Z,4702,1503,2,0,H,0.477239,0.270462,0.252299,H,1,0.739737,0.410083,formax-outcome-4.0,6d861e191d14ee4741a5969b1d2ffbfc,2025-11-30T17:00:00.0000000Z,3
105272,140,2025-11-30T17:30:00.0000000Z,1904,762,0,1,A,0.496559,0.262321,0.241120,H,0,1.422461,0.891282,formax-outcome-4.0,6d861e191d14ee4741a5969b1d2ffbfc,2025-11-30T17:30:00.0000000Z,3
106069,78,2025-11-30T18:30:00.0000000Z,5685,1281,4,0,H,0.418721,0.261315,0.319965,H,1,0.870552,0.508549,formax-outcome-4.0,6d861e191d14ee4741a5969b1d2ffbfc,2025-11-30T18:30:00.0000000Z,3
53908,61,2025-11-30T19:45:00.0000000Z,3589,1668,3,0,H,0.694571,0.190471,0.114957,H,1,0.364460,0.142781,formax-outcome-4.0,6d861e191d14ee4741a5969b1d2ffbfc,2025-11-30T19:45:00.0000000Z,3
106909,135,2025-11-30T19:45:00.0000000Z,2799,2845,0,1,A,0.392326,0.304201,0.303473,H,0,1.192464,0.731608,formax-outcome-4.0,6d861e191d14ee4741a5969b1d2ffbfc,2025-11-30T19:45:00.0000000Z,3
105215,140,2025-11-30T20:00:00.0000000Z,758,4521,1,1,D,0.110017,0.191002,0.698981,A,0,1.655472,1.155156,formax-outcome-4.0,6d861e191d14ee4741a5969b1d2ffbfc,2025-11-30T20:00:00.0000000Z,3
42784,203,2025-12-01T17:00:00.0000000Z,3588,3309,1,1,D,0.296181,0.264982,0.438837,A,0,1.328095,0.820553,formax-outcome-4.0,6d861e191d14ee4741a5969b1d2ffbfc,2025-12-01T17:00:00.0000000Z,3
104168,203,2025-12-01T17:00:00.0000000Z,1176,6847,1,1,D,0.440673,0.282766,0.276561,H,0,1.263136,0.785104,formax-outcome-4.0,6d861e191d14ee4741a5969b1d2ffbfc,2025-12-01T17:00:00.0000000Z,3
105718,135,2025-12-01T19:45:00.0000000Z,1520,3558,1,3,A,0.555702,0.252988,0.191309,H,0,1.653865,1.026789,formax-outcome-4.0,6d861e191d14ee4741a5969b1d2ffbfc,2025-12-01T19:45:00.0000000Z,3
103713,40,2025-12-01T20:00:00.0000000Z,1490,1253,2,1,H,0.506653,0.242972,0.250376,H,1,0.679930,0.365115,formax-outcome-4.0,6d861e191d14ee4741a5969b1d2ffbfc,2025-12-01T20:00:00.0000000Z,3
104337,140,2025-12-01T20:00:00.0000000Z,2517,2030,1,1,D,0.495753,0.279397,0.224850,H,0,1.275123,0.815598,formax-outcome-4.0,6d861e191d14ee4741a5969b1d2ffbfc,2025-12-01T20:00:00.0000000Z,3
88179,88,2025-12-02T13:30:00.0000000Z,2530,1301,2,0,H,0.494711,0.244525,0.260764,H,1,0.703782,0.383108,formax-outcome-4.0,6d861e191d14ee4741a5969b1d2ffbfc,2025-12-02T13:30:00.0000000Z,3
71204,39,2025-12-02T19:30:00.0000000Z,3646,1482,0,1,A,0.499922,0.259061,0.241017,H,0,1.422888,0.893090,formax-outcome-4.0,6d861e191d14ee4741a5969b1d2ffbfc,2025-12-02T19:30:00.0000000Z,3
104750,39,2025-12-02T19:30:00.0000000Z,4928,4166,4,5,A,0.260963,0.260700,0.478337,A,1,0.737439,0.408198,formax-outcome-4.0,6d861e191d14ee4741a5969b1d2ffbfc,2025-12-02T19:30:00.0000000Z,3
99588,40,2025-12-02T19:45:00.0000000Z,1912,3598,1,1,D,0.204606,0.235317,0.560077,A,0,1.446822,0.940290,formax-outcome-4.0,6d861e191d14ee4741a5969b1d2ffbfc,2025-12-02T19:45:00.0000000Z,3
105886,140,2025-12-02T20:00:00.0000000Z,4005,4267,3,1,H,0.470721,0.249515,0.279764,H,1,0.753490,0.420662,formax-outcome-4.0,6d861e191d14ee4741a5969b1d2ffbfc,2025-12-02T20:00:00.0000000Z,3
71106,39,2025-12-02T20:15:00.0000000Z,1013,2355,2,2,D,0.595399,0.219872,0.184730,H,0,1.514711,0.997225,formax-outcome-4.0,6d861e191d14ee4741a5969b1d2ffbfc,2025-12-02T20:15:00.0000000Z,3
106123,140,2025-12-03T18:00:00.0000000Z,1906,4521,0,3,A,0.228995,0.278097,0.492909,A,1,0.707431,0.386918,formax-outcome-4.0,6d861e191d14ee4741a5969b1d2ffbfc,2025-12-03T18:00:00.0000000Z,3
99479,39,2025-12-03T19:30:00.0000000Z,1829,2480,0,1,A,0.306761,0.258804,0.434435,A,1,0.833710,0.480946,formax-outcome-4.0,6d861e191d14ee4741a5969b1d2ffbfc,2025-12-03T19:30:00.0000000Z,3
102080,39,2025-12-03T19:30:00.0000000Z,873,2109,3,4,A,0.436762,0.262322,0.300915,H,0,1.200926,0.748294,formax-outcome-4.0,6d861e191d14ee4741a5969b1d2ffbfc,2025-12-03T19:30:00.0000000Z,3
102938,39,2025-12-03T19:30:00.0000000Z,4559,5807,2,0,H,0.677019,0.192611,0.130370,H,1,0.390056,0.158412,formax-outcome-4.0,6d861e191d14ee4741a5969b1d2ffbfc,2025-12-03T19:30:00.0000000Z,3
104956,39,2025-12-03T19:30:00.0000000Z,2531,1486,0,1,A,0.204572,0.247827,0.547602,A,1,0.602207,0.307932,formax-outcome-4.0,6d861e191d14ee4741a5969b1d2ffbfc,2025-12-03T19:30:00.0000000Z,3
101836,39,2025-12-03T20:15:00.0000000Z,2269,3373,3,1,H,0.114212,0.174735,0.711053,A,0,2.169701,1.320750,formax-outcome-4.0,6d861e191d14ee4741a5969b1d2ffbfc,2025-12-03T20:15:00.0000000Z,3
106362,39,2025-12-03T20:15:00.0000000Z,2208,2209,1,1,D,0.736770,0.168699,0.094530,H,0,1.779637,1.242827,formax-outcome-4.0,6d861e191d14ee4741a5969b1d2ffbfc,2025-12-03T20:15:00.0000000Z,3
103105,39,2025-12-04T20:00:00.0000000Z,4266,2751,1,1,D,0.605858,0.211054,0.183088,H,0,1.555643,1.023022,formax-outcome-4.0,6d861e191d14ee4741a5969b1d2ffbfc,2025-12-04T20:00:00.0000000Z,3
98879,203,2025-12-05T17:00:00.0000000Z,3309,1176,3,2,H,0.472598,0.273280,0.254122,H,1,0.749509,0.417412,formax-outcome-4.0,6d861e191d14ee4741a5969b1d2ffbfc,2025-12-05T17:00:00.0000000Z,3
98359,61,2025-12-05T18:00:00.0000000Z,4558,2085,1,0,H,0.379684,0.258789,0.361528,H,1,0.968417,0.582466,formax-outcome-4.0,6d861e191d14ee4741a5969b1d2ffbfc,2025-12-05T18:00:00.0000000Z,3
104062,88,2025-12-05T19:00:00.0000000Z,4124,1301,0,2,A,0.502088,0.243531,0.254381,H,0,1.368921,0.867347,formax-outcome-4.0,6d861e191d14ee4741a5969b1d2ffbfc,2025-12-05T19:00:00.0000000Z,3
101970,78,2025-12-05T19:30:00.0000000Z,1281,1051,0,1,A,0.416375,0.255023,0.328601,H,0,1.112911,0.689182,formax-outcome-4.0,6d861e191d14ee4741a5969b1d2ffbfc,2025-12-05T19:30:00.0000000Z,3
102805,40,2025-12-05T20:00:00.0000000Z,1718,4380,1,4,A,0.413891,0.255282,0.330827,H,0,1.106159,0.684267,formax-outcome-4.0,6d861e191d14ee4741a5969b1d2ffbfc,2025-12-05T20:00:00.0000000Z,3
102862,61,2025-12-05T20:00:00.0000000Z,4470,5071,1,0,H,0.404483,0.259647,0.335870,H,1,0.905145,0.534865,formax-outcome-4.0,6d861e191d14ee4741a5969b1d2ffbfc,2025-12-05T20:00:00.0000000Z,3
106517,140,2025-12-05T20:00:00.0000000Z,1944,1925,0,0,D,0.285466,0.298475,0.416059,A,0,1.209070,0.746734,formax-outcome-4.0,6d861e191d14ee4741a5969b1d2ffbfc,2025-12-05T20:00:00.0000000Z,3
105148,203,2025-12-06T11:30:00.0000000Z,6991,6025,1,1,D,0.399735,0.275449,0.324816,H,0,1.289354,0.790268,formax-outcome-4.0,6d861e191d14ee4741a5969b1d2ffbfc,2025-12-06T11:30:00.0000000Z,3
102079,39,2025-12-06T12:30:00.0000000Z,2109,4559,2,1,H,0.233200,0.263362,0.503438,A,0,1.455857,0.910791,formax-outcome-4.0,6d861e191d14ee4741a5969b1d2ffbfc,2025-12-06T12:30:00.0000000Z,3
102561,40,2025-12-06T12:30:00.0000000Z,3380,1910,1,3,A,0.295221,0.261000,0.443779,A,1,0.812429,0.464659,formax-outcome-4.0,6d861e191d14ee4741a5969b1d2ffbfc,2025-12-06T12:30:00.0000000Z,3
102754,40,2025-12-06T12:30:00.0000000Z,1253,4379,3,2,H,0.498871,0.238882,0.262248,H,1,0.695409,0.376969,formax-outcome-4.0,6d861e191d14ee4741a5969b1d2ffbfc,2025-12-06T12:30:00.0000000Z,3
103950,140,2025-12-06T13:00:00.0000000Z,1776,1914,2,0,H,0.581636,0.251364,0.167000,H,1,0.541910,0.266101,formax-outcome-4.0,6d861e191d14ee4741a5969b1d2ffbfc,2025-12-06T13:00:00.0000000Z,3
103354,203,2025-12-06T14:00:00.0000000Z,1717,1845,1,1,D,0.313558,0.266384,0.420057,A,0,1.322815,0.812959,formax-outcome-4.0,6d861e191d14ee4741a5969b1d2ffbfc,2025-12-06T14:00:00.0000000Z,3
107412,135,2025-12-06T14:00:00.0000000Z,3903,1503,3,1,H,0.320363,0.277565,0.402072,A,0,1.138301,0.700611,formax-outcome-4.0,6d861e191d14ee4741a5969b1d2ffbfc,2025-12-06T14:00:00.0000000Z,3
102033,78,2025-12-06T14:30:00.0000000Z,1278,1328,0,5,A,0.111713,0.152356,0.735931,A,1,0.306619,0.105425,formax-outcome-4.0,6d861e191d14ee4741a5969b1d2ffbfc,2025-12-06T14:30:00.0000000Z,3
102134,78,2025-12-06T14:30:00.0000000Z,1109,1260,2,0,H,0.188074,0.215038,0.596888,A,0,1.670917,1.061739,formax-outcome-4.0,6d861e191d14ee4741a5969b1d2ffbfc,2025-12-06T14:30:00.0000000Z,3
106068,78,2025-12-06T14:30:00.0000000Z,4330,5685,2,1,H,0.207119,0.229059,0.563821,A,0,1.574460,0.999022,formax-outcome-4.0,6d861e191d14ee4741a5969b1d2ffbfc,2025-12-06T14:30:00.0000000Z,3
71105,39,2025-12-06T15:00:00.0000000Z,1013,2531,2,1,H,0.769979,0.150363,0.079658,H,1,0.261392,0.081864,formax-outcome-4.0,6d861e191d14ee4741a5969b1d2ffbfc,2025-12-06T15:00:00.0000000Z,3
71203,39,2025-12-06T15:00:00.0000000Z,1482,2480,3,0,H,0.416094,0.282052,0.301854,H,1,0.876845,0.511616,formax-outcome-4.0,6d861e191d14ee4741a5969b1d2ffbfc,2025-12-06T15:00:00.0000000Z,3
98267,40,2025-12-06T15:00:00.0000000Z,3598,5841,3,0,H,0.439652,0.233586,0.326761,H,1,0.821771,0.475325,formax-outcome-4.0,6d861e191d14ee4741a5969b1d2ffbfc,2025-12-06T15:00:00.0000000Z,3
101678,40,2025-12-06T15:00:00.0000000Z,1499,2268,1,1,D,0.385914,0.261526,0.352560,H,0,1.341221,0.818572,formax-outcome-4.0,6d861e191d14ee4741a5969b1d2ffbfc,2025-12-06T15:00:00.0000000Z,3
101835,39,2025-12-06T15:00:00.0000000Z,3646,3373,0,0,D,0.279453,0.253226,0.467321,A,0,1.373472,0.854154,formax-outcome-4.0,6d861e191d14ee4741a5969b1d2ffbfc,2025-12-06T15:00:00.0000000Z,3
102256,40,2025-12-06T15:00:00.0000000Z,1502,1531,3,1,H,0.370346,0.254403,0.375251,A,0,0.993319,0.601999,formax-outcome-4.0,6d861e191d14ee4741a5969b1d2ffbfc,2025-12-06T15:00:00.0000000Z,3
102343,40,2025-12-06T15:00:00.0000000Z,1053,1511,0,1,A,0.457429,0.250972,0.291599,H,0,1.232376,0.774060,formax-outcome-4.0,6d861e191d14ee4741a5969b1d2ffbfc,2025-12-06T15:00:00.0000000Z,3
102638,40,2025-12-06T15:00:00.0000000Z,3467,1476,2,0,H,0.412415,0.254880,0.332705,H,1,0.885724,0.520912,formax-outcome-4.0,6d861e191d14ee4741a5969b1d2ffbfc,2025-12-06T15:00:00.0000000Z,3
102699,40,2025-12-06T15:00:00.0000000Z,1460,3483,4,0,H,0.407478,0.258777,0.333745,H,1,0.897768,0.529433,formax-outcome-4.0,6d861e191d14ee4741a5969b1d2ffbfc,2025-12-06T15:00:00.0000000Z,3
102937,39,2025-12-06T15:00:00.0000000Z,2355,5807,2,0,H,0.394737,0.253850,0.351412,H,1,0.929535,0.554274,formax-outcome-4.0,6d861e191d14ee4741a5969b1d2ffbfc,2025-12-06T15:00:00.0000000Z,3
103712,40,2025-12-06T15:00:00.0000000Z,4290,1490,3,1,H,0.520929,0.231272,0.247799,H,1,0.652142,0.344401,formax-outcome-4.0,6d861e191d14ee4741a5969b1d2ffbfc,2025-12-06T15:00:00.0000000Z,3
104749,39,2025-12-06T15:00:00.0000000Z,4166,2209,3,0,H,0.831746,0.116815,0.051439,H,1,0.184228,0.044601,formax-outcome-4.0,6d861e191d14ee4741a5969b1d2ffbfc,2025-12-06T15:00:00.0000000Z,3
101765,140,2025-12-06T15:15:00.0000000Z,759,1830,1,0,H,0.388836,0.302593,0.308571,H,1,0.944597,0.560300,formax-outcome-4.0,6d861e191d14ee4741a5969b1d2ffbfc,2025-12-06T15:15:00.0000000Z,3
104012,88,2025-12-06T15:30:00.0000000Z,990,1775,0,2,A,0.110082,0.153311,0.736608,A,1,0.305700,0.104998,formax-outcome-4.0,6d861e191d14ee4741a5969b1d2ffbfc,2025-12-06T15:30:00.0000000Z,3
107530,61,2025-12-06T16:00:00.0000000Z,1668,886,1,2,A,0.267602,0.286802,0.445596,A,1,0.808343,0.461230,formax-outcome-4.0,6d861e191d14ee4741a5969b1d2ffbfc,2025-12-06T16:00:00.0000000Z,3
42783,203,2025-12-06T17:00:00.0000000Z,3661,3588,1,1,D,0.177606,0.222991,0.599403,A,0,1.500622,0.994570,formax-outcome-4.0,6d861e191d14ee4741a5969b1d2ffbfc,2025-12-06T17:00:00.0000000Z,3
106556,135,2025-12-06T17:00:00.0000000Z,2685,5356,4,0,H,0.500727,0.266154,0.233119,H,1,0.691694,0.374456,formax-outcome-4.0,6d861e191d14ee4741a5969b1d2ffbfc,2025-12-06T17:00:00.0000000Z,3
72560,78,2025-12-06T17:30:00.0000000Z,821,4472,6,0,H,0.425931,0.248551,0.325518,H,1,0.853478,0.497295,formax-outcome-4.0,6d861e191d14ee4741a5969b1d2ffbfc,2025-12-06T17:30:00.0000000Z,3
106224,140,2025-12-06T17:30:00.0000000Z,2033,4005,3,5,A,0.295450,0.255788,0.448762,A,1,0.801262,0.456581,formax-outcome-4.0,6d861e191d14ee4741a5969b1d2ffbfc,2025-12-06T17:30:00.0000000Z,3
106390,39,2025-12-06T17:30:00.0000000Z,2269,2208,3,3,D,0.286163,0.251551,0.462286,A,0,1.380108,0.855773,formax-outcome-4.0,6d861e191d14ee4741a5969b1d2ffbfc,2025-12-06T17:30:00.0000000Z,3
88178,88,2025-12-06T17:45:00.0000000Z,1079,2530,1,3,A,0.355065,0.269390,0.375545,A,1,0.979377,0.588586,formax-outcome-4.0,6d861e191d14ee4741a5969b1d2ffbfc,2025-12-06T17:45:00.0000000Z,3
104887,61,2025-12-06T18:00:00.0000000Z,1872,1911,1,0,H,0.391931,0.275796,0.332273,H,1,0.936669,0.556216,formax-outcome-4.0,6d861e191d14ee4741a5969b1d2ffbfc,2025-12-06T18:00:00.0000000Z,3
97870,88,2025-12-06T19:00:00.0000000Z,4157,3539,1,1,D,0.258193,0.234478,0.507329,A,0,1.450394,0.910071,formax-outcome-4.0,6d861e191d14ee4741a5969b1d2ffbfc,2025-12-06T19:00:00.0000000Z,3
105442,135,2025-12-06T19:45:00.0000000Z,1719,4702,3,1,H,0.140474,0.231215,0.628311,A,0,1.962735,1.187021,formax-outcome-4.0,6d861e191d14ee4741a5969b1d2ffbfc,2025-12-06T19:45:00.0000000Z,3
104607,88,2025-12-06T20:00:00.0000000Z,2516,2612,6,1,H,0.688942,0.177778,0.133279,H,1,0.372598,0.146125,formax-outcome-4.0,6d861e191d14ee4741a5969b1d2ffbfc,2025-12-06T20:00:00.0000000Z,3
105885,140,2025-12-06T20:00:00.0000000Z,1906,4267,1,0,H,0.225553,0.275665,0.498781,A,0,1.489200,0.924542,formax-outcome-4.0,6d861e191d14ee4741a5969b1d2ffbfc,2025-12-06T20:00:00.0000000Z,3
107382,61,2025-12-06T20:05:00.0000000Z,5284,1781,5,0,H,0.743451,0.163719,0.092830,H,1,0.296453,0.101239,formax-outcome-4.0,6d861e191d14ee4741a5969b1d2ffbfc,2025-12-06T20:05:00.0000000Z,3
83334,88,2025-12-07T11:15:00.0000000Z,4678,3707,1,1,D,0.481001,0.244798,0.274201,H,0,1.407324,0.876879,formax-outcome-4.0,6d861e191d14ee4741a5969b1d2ffbfc,2025-12-07T11:15:00.0000000Z,4
104220,203,2025-12-07T11:30:00.0000000Z,6848,6019,3,0,H,0.331979,0.274459,0.393562,A,0,1.102682,0.676470,formax-outcome-4.0,6d861e191d14ee4741a5969b1d2ffbfc,2025-12-07T11:30:00.0000000Z,4
105717,135,2025-12-07T11:30:00.0000000Z,3558,1584,2,0,H,0.535348,0.262516,0.202135,H,1,0.624838,0.325675,formax-outcome-4.0,6d861e191d14ee4741a5969b1d2ffbfc,2025-12-07T11:30:00.0000000Z,4
105214,140,2025-12-07T13:00:00.0000000Z,3447,758,3,0,H,0.376871,0.296053,0.327076,H,1,0.975853,0.582916,formax-outcome-4.0,6d861e191d14ee4741a5969b1d2ffbfc,2025-12-07T13:00:00.0000000Z,4
38699,88,2025-12-07T13:30:00.0000000Z,4677,1080,2,3,A,0.271456,0.237384,0.491159,A,1,0.710986,0.388959,formax-outcome-4.0,6d861e191d14ee4741a5969b1d2ffbfc,2025-12-07T13:30:00.0000000Z,4
103742,88,2025-12-07T13:30:00.0000000Z,1271,1580,2,2,D,0.598871,0.210313,0.190816,H,0,1.559157,1.018662,formax-outcome-4.0,6d861e191d14ee4741a5969b1d2ffbfc,2025-12-07T13:30:00.0000000Z,4
103274,61,2025-12-07T14:00:00.0000000Z,3851,1257,0,1,A,0.494643,0.270146,0.235211,H,0,1.447273,0.902554,formax-outcome-4.0,6d861e191d14ee4741a5969b1d2ffbfc,2025-12-07T14:00:00.0000000Z,4
103499,203,2025-12-07T14:00:00.0000000Z,6988,4226,0,0,D,0.274221,0.270884,0.454895,A,0,1.306063,0.813736,formax-outcome-4.0,6d861e191d14ee4741a5969b1d2ffbfc,2025-12-07T14:00:00.0000000Z,4
105005,39,2025-12-07T14:00:00.0000000Z,873,2751,1,1,D,0.670388,0.187999,0.141614,H,0,1.671320,1.128820,formax-outcome-4.0,6d861e191d14ee4741a5969b1d2ffbfc,2025-12-07T14:00:00.0000000Z,4
106958,135,2025-12-07T14:00:00.0000000Z,3394,2799,1,0,H,0.197736,0.260336,0.541928,A,0,1.620822,1.005088,formax-outcome-4.0,6d861e191d14ee4741a5969b1d2ffbfc,2025-12-07T14:00:00.0000000Z,4
101574,78,2025-12-07T14:30:00.0000000Z,4469,966,3,2,H,0.430699,0.249233,0.320068,H,1,0.842346,0.488665,formax-outcome-4.0,6d861e191d14ee4741a5969b1d2ffbfc,2025-12-07T14:30:00.0000000Z,4
104411,140,2025-12-07T15:15:00.0000000Z,2030,3049,1,1,D,0.435041,0.277522,0.287437,H,0,1.281855,0.793855,formax-outcome-4.0,6d861e191d14ee4741a5969b1d2ffbfc,2025-12-07T15:15:00.0000000Z,4
97502,88,2025-12-07T15:45:00.0000000Z,1162,1378,1,0,H,0.495698,0.251870,0.252432,H,1,0.701788,0.381480,formax-outcome-4.0,6d861e191d14ee4741a5969b1d2ffbfc,2025-12-07T15:45:00.0000000Z,4
60449,61,2025-12-07T16:15:00.0000000Z,1815,1078,3,1,H,0.535230,0.254875,0.209895,H,1,0.625060,0.325029,formax-outcome-4.0,6d861e191d14ee4741a5969b1d2ffbfc,2025-12-07T16:15:00.0000000Z,4
60901,61,2025-12-07T16:15:00.0000000Z,1823,4292,0,0,D,0.380036,0.273972,0.345991,H,0,1.294728,0.791254,formax-outcome-4.0,6d861e191d14ee4741a5969b1d2ffbfc,2025-12-07T16:15:00.0000000Z,4
106322,39,2025-12-07T16:30:00.0000000Z,4928,1486,1,2,A,0.388600,0.275400,0.336000,H,0,1.090644,0.667751,formax-outcome-4.0,6d861e191d14ee4741a5969b1d2ffbfc,2025-12-07T16:30:00.0000000Z,4
106678,78,2025-12-07T16:30:00.0000000Z,989,3573,2,0,H,0.730943,0.152715,0.116342,H,1,0.313420,0.109249,formax-outcome-4.0,6d861e191d14ee4741a5969b1d2ffbfc,2025-12-07T16:30:00.0000000Z,4
103575,203,2025-12-07T17:00:00.0000000Z,2549,5068,1,2,A,0.296434,0.284398,0.419168,A,1,0.869485,0.506122,formax-outcome-4.0,6d861e191d14ee4741a5969b1d2ffbfc,2025-12-07T17:00:00.0000000Z,4
105511,135,2025-12-07T17:00:00.0000000Z,2837,1520,1,1,D,0.383593,0.286691,0.329717,H,0,1.249352,0.764667,formax-outcome-4.0,6d861e191d14ee4741a5969b1d2ffbfc,2025-12-07T17:00:00.0000000Z,4
104336,140,2025-12-07T17:30:00.0000000Z,762,2517,1,0,H,0.401428,0.300771,0.297801,H,1,0.912726,0.537436,formax-outcome-4.0,6d861e191d14ee4741a5969b1d2ffbfc,2025-12-07T17:30:00.0000000Z,4
53907,61,2025-12-07T19:45:00.0000000Z,1666,3589,1,0,H,0.281546,0.258325,0.460129,A,0,1.267460,0.794627,formax-outcome-4.0,6d861e191d14ee4741a5969b1d2ffbfc,2025-12-07T19:45:00.0000000Z,4
106908,135,2025-12-07T19:45:00.0000000Z,2845,2013,2,1,H,0.455231,0.287506,0.257263,H,1,0.786950,0.445617,formax-outcome-4.0,6d861e191d14ee4741a5969b1d2ffbfc,2025-12-07T19:45:00.0000000Z,4
105578,140,2025-12-07T20:00:00.0000000Z,4521,1904,0,2,A,0.702854,0.185867,0.111279,H,0,2.195717,1.318376,formax-outcome-4.0,6d861e191d14ee4741a5969b1d2ffbfc,2025-12-07T20:00:00.0000000Z,4
107003,135,2025-12-08T14:00:00.0000000Z,1838,3648,0,1,A,0.474666,0.276907,0.248428,H,0,1.392604,0.866846,formax-outcome-4.0,6d861e191d14ee4741a5969b1d2ffbfc,2025-12-08T14:00:00.0000000Z,4
82486,203,2025-12-08T17:00:00.0000000Z,3673,4926,2,2,D,0.493543,0.257686,0.248771,H,0,1.356015,0.856503,formax-outcome-4.0,6d861e191d14ee4741a5969b1d2ffbfc,2025-12-08T17:00:00.0000000Z,4
104167,203,2025-12-08T17:00:00.0000000Z,6847,5867,0,0,D,0.536383,0.258923,0.204694,H,0,1.351226,0.878802,formax-outcome-4.0,6d861e191d14ee4741a5969b1d2ffbfc,2025-12-08T17:00:00.0000000Z,4
106755,135,2025-12-08T17:00:00.0000000Z,3405,1649,1,2,A,0.395628,0.282043,0.322329,H,0,1.132184,0.695308,formax-outcome-4.0,6d861e191d14ee4741a5969b1d2ffbfc,2025-12-08T17:00:00.0000000Z,4
103161,135,2025-12-08T19:45:00.0000000Z,1652,1488,2,3,A,0.199561,0.256521,0.543918,A,1,0.608957,0.313639,formax-outcome-4.0,6d861e191d14ee4741a5969b1d2ffbfc,2025-12-08T19:45:00.0000000Z,4
99478,39,2025-12-08T20:00:00.0000000Z,1829,4266,1,4,A,0.261990,0.246500,0.491510,A,1,0.710273,0.387963,formax-outcome-4.0,6d861e191d14ee4741a5969b1d2ffbfc,2025-12-08T20:00:00.0000000Z,4
105327,140,2025-12-08T20:00:00.0000000Z,3599,2383,2,0,H,0.585244,0.244378,0.170378,H,1,0.535726,0.260772,formax-outcome-4.0,6d861e191d14ee4741a5969b1d2ffbfc,2025-12-08T20:00:00.0000000Z,4
38806,2,2025-12-09T15:30:00.0000000Z,2657,1272,0,1,A,0.195695,0.203586,0.600719,A,1,0.509629,0.239170,formax-outcome-4.0,6d861e191d14ee4741a5969b1d2ffbfc,2025-12-09T15:30:00.0000000Z,4
99860,2,2025-12-09T17:45:00.0000000Z,1328,2084,3,1,H,0.677907,0.177023,0.145070,H,1,0.388745,0.156127,formax-outcome-4.0,6d861e191d14ee4741a5969b1d2ffbfc,2025-12-09T17:45:00.0000000Z,4
98266,40,2025-12-09T19:45:00.0000000Z,1499,5841,1,1,D,0.318167,0.238623,0.443211,A,0,1.432872,0.877361,formax-outcome-4.0,6d861e191d14ee4741a5969b1d2ffbfc,2025-12-09T19:45:00.0000000Z,4
99587,40,2025-12-09T19:45:00.0000000Z,1912,1476,1,1,D,0.515007,0.251126,0.233866,H,0,1.381800,0.880738,formax-outcome-4.0,6d861e191d14ee4741a5969b1d2ffbfc,2025-12-09T19:45:00.0000000Z,4
102205,40,2025-12-09T19:45:00.0000000Z,1452,4380,1,2,A,0.362236,0.260490,0.377274,A,1,0.974784,0.586858,formax-outcome-4.0,6d861e191d14ee4741a5969b1d2ffbfc,2025-12-09T19:45:00.0000000Z,4
102417,40,2025-12-09T19:45:00.0000000Z,4290,1531,3,2,H,0.674232,0.187683,0.138084,H,1,0.394180,0.160417,formax-outcome-4.0,6d861e191d14ee4741a5969b1d2ffbfc,2025-12-09T19:45:00.0000000Z,4
102491,40,2025-12-09T19:45:00.0000000Z,3467,1654,1,0,H,0.476864,0.246995,0.276142,H,1,0.740525,0.410932,formax-outcome-4.0,6d861e191d14ee4741a5969b1d2ffbfc,2025-12-09T19:45:00.0000000Z,4
102753,40,2025-12-09T19:45:00.0000000Z,1460,4379,1,1,D,0.645100,0.193660,0.161240,H,0,1.641651,1.092336,formax-outcome-4.0,6d861e191d14ee4741a5969b1d2ffbfc,2025-12-09T19:45:00.0000000Z,4
104534,40,2025-12-09T19:45:00.0000000Z,1253,4169,1,1,D,0.645341,0.197625,0.157034,H,0,1.621382,1.084929,formax-outcome-4.0,6d861e191d14ee4741a5969b1d2ffbfc,2025-12-09T19:45:00.0000000Z,4
72559,2,2025-12-09T20:00:00.0000000Z,4005,4472,2,1,H,0.789876,0.120397,0.089727,H,1,0.235879,0.066698,formax-outcome-4.0,6d861e191d14ee4741a5969b1d2ffbfc,2025-12-09T20:00:00.0000000Z,4
98358,2,2025-12-09T20:00:00.0000000Z,2085,3309,1,0,H,0.415169,0.244824,0.340007,H,1,0.879070,0.517571,formax-outcome-4.0,6d861e191d14ee4741a5969b1d2ffbfc,2025-12-09T20:00:00.0000000Z,4
101834,2,2025-12-09T20:00:00.0000000Z,4702,3373,2,1,H,0.237335,0.233016,0.529649,A,0,1.438285,0.916483,formax-outcome-4.0,6d861e191d14ee4741a5969b1d2ffbfc,2025-12-09T20:00:00.0000000Z,4
102255,40,2025-12-09T20:00:00.0000000Z,1502,1490,2,1,H,0.365430,0.252197,0.382373,A,0,1.006680,0.612491,formax-outcome-4.0,6d861e191d14ee4741a5969b1d2ffbfc,2025-12-09T20:00:00.0000000Z,4
103042,2,2025-12-09T20:00:00.0000000Z,3977,5071,2,3,A,0.255275,0.231198,0.513527,A,1,0.666452,0.355274,formax-outcome-4.0,6d861e191d14ee4741a5969b1d2ffbfc,2025-12-09T20:00:00.0000000Z,4
104011,2,2025-12-09T20:00:00.0000000Z,1775,4267,2,3,A,0.463451,0.227936,0.308613,H,0,1.175666,0.744757,formax-outcome-4.0,6d861e191d14ee4741a5969b1d2ffbfc,2025-12-09T20:00:00.0000000Z,4
106611,2,2025-12-09T20:00:00.0000000Z,2685,2208,0,1,A,0.550875,0.215119,0.234006,H,0,1.452408,0.936486,formax-outcome-4.0,6d861e191d14ee4741a5969b1d2ffbfc,2025-12-09T20:00:00.0000000Z,4
69648,2,2025-12-10T17:45:00.0000000Z,1776,2667,2,3,A,0.688326,0.178597,0.133077,H,0,2.016825,1.257244,formax-outcome-4.0,6d861e191d14ee4741a5969b1d2ffbfc,2025-12-10T17:45:00.0000000Z,4
102342,40,2025-12-10T19:45:00.0000000Z,3380,1511,1,1,D,0.443323,0.259430,0.297247,H,0,1.349268,0.833335,formax-outcome-4.0,6d861e191d14ee4741a5969b1d2ffbfc,2025-12-10T19:45:00.0000000Z,4
102698,40,2025-12-10T19:45:00.0000000Z,3598,3483,1,0,H,0.687782,0.188899,0.123319,H,1,0.374284,0.148371,formax-outcome-4.0,6d861e191d14ee4741a5969b1d2ffbfc,2025-12-10T19:45:00.0000000Z,4
102997,40,2025-12-10T19:45:00.0000000Z,1053,1910,2,2,D,0.317253,0.264987,0.417760,A,0,1.328075,0.815417,formax-outcome-4.0,6d861e191d14ee4741a5969b1d2ffbfc,2025-12-10T19:45:00.0000000Z,4
71104,2,2025-12-10T20:00:00.0000000Z,1260,1013,2,2,D,0.297695,0.234962,0.467343,A,0,1.448331,0.892315,formax-outcome-4.0,6d861e191d14ee4741a5969b1d2ffbfc,2025-12-10T20:00:00.0000000Z,4
82689,2,2025-12-10T20:00:00.0000000Z,2013,3680,2,0,H,0.501764,0.238937,0.259299,H,1,0.689625,0.372565,formax-outcome-4.0,6d861e191d14ee4741a5969b1d2ffbfc,2025-12-10T20:00:00.0000000Z,4
88363,2,2025-12-10T20:00:00.0000000Z,3711,2845,2,0,H,0.494352,0.246301,0.259347,H,1,0.704507,0.383604,formax-outcome-4.0,6d861e191d14ee4741a5969b1d2ffbfc,2025-12-10T20:00:00.0000000Z,4
104748,2,2025-12-10T20:00:00.0000000Z,4521,4166,1,2,A,0.323539,0.231342,0.445119,A,1,0.809414,0.466090,formax-outcome-4.0,6d861e191d14ee4741a5969b1d2ffbfc,2025-12-10T20:00:00.0000000Z,4
105743,40,2025-12-10T20:00:00.0000000Z,1718,2268,2,0,H,0.372077,0.258944,0.368979,H,1,0.988654,0.597485,formax-outcome-4.0,6d861e191d14ee4741a5969b1d2ffbfc,2025-12-10T20:00:00.0000000Z,4
105912,2,2025-12-10T20:00:00.0000000Z,989,2705,2,2,D,0.721341,0.160962,0.117697,H,0,1.826590,1.238171,formax-outcome-4.0,6d861e191d14ee4741a5969b1d2ffbfc,2025-12-10T20:00:00.0000000Z,4
106122,2,2025-12-10T20:00:00.0000000Z,1906,5284,0,0,D,0.134790,0.186681,0.678528,A,0,1.678352,1.140056,formax-outcome-4.0,6d861e191d14ee4741a5969b1d2ffbfc,2025-12-10T20:00:00.0000000Z,4
106479,2,2025-12-10T20:00:00.0000000Z,1782,4559,0,3,A,0.122359,0.172160,0.705481,A,1,0.348875,0.131352,formax-outcome-4.0,6d861e191d14ee4741a5969b1d2ffbfc,2025-12-10T20:00:00.0000000Z,4
36433,3,2025-12-11T17:45:00.0000000Z,3440,2033,1,3,A,0.286799,0.245094,0.468107,A,1,0.759058,0.425235,formax-outcome-4.0,6d861e191d14ee4741a5969b1d2ffbfc,2025-12-11T17:45:00.0000000Z,4
40275,3,2025-12-11T17:45:00.0000000Z,3477,2865,0,1,A,0.300009,0.273539,0.426452,A,1,0.852255,0.493786,formax-outcome-4.0,6d861e191d14ee4741a5969b1d2ffbfc,2025-12-11T17:45:00.0000000Z,4
53797,848,2025-12-11T17:45:00.0000000Z,1947,2027,1,2,A,0.433415,0.288470,0.278115,H,0,1.279721,0.792182,formax-outcome-4.0,6d861e191d14ee4741a5969b1d2ffbfc,2025-12-11T17:45:00.0000000Z,4
73204,848,2025-12-11T17:45:00.0000000Z,1176,2613,1,2,A,0.389585,0.307731,0.302684,H,0,1.195066,0.732724,formax-outcome-4.0,6d861e191d14ee4741a5969b1d2ffbfc,2025-12-11T17:45:00.0000000Z,4
82188,3,2025-12-11T17:45:00.0000000Z,2956,2750,2,1,H,0.555000,0.239636,0.205363,H,1,0.588787,0.297624,formax-outcome-4.0,6d861e191d14ee4741a5969b1d2ffbfc,2025-12-11T17:45:00.0000000Z,4
83556,3,2025-12-11T17:45:00.0000000Z,2519,4206,1,0,H,0.689188,0.184708,0.126104,H,1,0.372242,0.146624,formax-outcome-4.0,6d861e191d14ee4741a5969b1d2ffbfc,2025-12-11T17:45:00.0000000Z,4
83909,3,2025-12-11T17:45:00.0000000Z,3851,3710,0,1,A,0.217519,0.241764,0.540717,A,1,0.614860,0.316706,formax-outcome-4.0,6d861e191d14ee4741a5969b1d2ffbfc,2025-12-11T17:45:00.0000000Z,4
86637,3,2025-12-11T17:45:00.0000000Z,1278,3667,4,1,H,0.736081,0.161582,0.102337,H,1,0.306415,0.106235,formax-outcome-4.0,6d861e191d14ee4741a5969b1d2ffbfc,2025-12-11T17:45:00.0000000Z,4
87704,848,2025-12-11T17:45:00.0000000Z,1177,2517,1,2,A,0.500800,0.287758,0.211442,H,0,1.553806,0.955430,formax-outcome-4.0,6d861e191d14ee4741a5969b1d2ffbfc,2025-12-11T17:45:00.0000000Z,4
88060,3,2025-12-11T17:45:00.0000000Z,3248,3690,3,3,D,0.248749,0.235591,0.515659,A,0,1.445658,0.912102,formax-outcome-4.0,6d861e191d14ee4741a5969b1d2ffbfc,2025-12-11T17:45:00.0000000Z,4
88640,848,2025-12-11T17:45:00.0000000Z,3303,3490,3,1,H,0.415498,0.293434,0.291068,H,1,0.878277,0.512466,formax-outcome-4.0,6d861e191d14ee4741a5969b1d2ffbfc,2025-12-11T17:45:00.0000000Z,4
102861,3,2025-12-11T17:45:00.0000000Z,2522,4470,1,0,H,0.162585,0.216704,0.620712,A,0,1.816556,1.133508,formax-outcome-4.0,6d861e191d14ee4741a5969b1d2ffbfc,2025-12-11T17:45:00.0000000Z,4
103797,3,2025-12-11T17:45:00.0000000Z,4678,2480,1,2,A,0.255583,0.269787,0.474630,A,1,0.745220,0.414122,formax-outcome-4.0,6d861e191d14ee4741a5969b1d2ffbfc,2025-12-11T17:45:00.0000000Z,4
105663,848,2025-12-11T17:45:00.0000000Z,3654,4680,2,1,H,0.313921,0.287026,0.399053,A,0,1.158614,0.712332,formax-outcome-4.0,6d861e191d14ee4741a5969b1d2ffbfc,2025-12-11T17:45:00.0000000Z,4
35996,3,2025-12-11T20:00:00.0000000Z,2551,3588,0,4,A,0.372547,0.263053,0.364400,H,0,1.009503,0.611975,formax-outcome-4.0,6d861e191d14ee4741a5969b1d2ffbfc,2025-12-11T20:00:00.0000000Z,4
39098,3,2025-12-11T20:00:00.0000000Z,3702,1631,0,0,D,0.393206,0.267476,0.339318,H,0,1.318725,0.806339,formax-outcome-4.0,6d861e191d14ee4741a5969b1d2ffbfc,2025-12-11T20:00:00.0000000Z,4
53906,3,2025-12-11T20:00:00.0000000Z,3589,1580,2,1,H,0.784074,0.142379,0.073547,H,1,0.243252,0.072305,formax-outcome-4.0,6d861e191d14ee4741a5969b1d2ffbfc,2025-12-11T20:00:00.0000000Z,4
70757,848,2025-12-11T20:00:00.0000000Z,3002,3559,0,1,A,0.194960,0.247925,0.557115,A,1,0.584983,0.295623,formax-outcome-4.0,6d861e191d14ee4741a5969b1d2ffbfc,2025-12-11T20:00:00.0000000Z,4
81833,3,2025-12-11T20:00:00.0000000Z,5685,1810,1,0,H,0.628841,0.213489,0.157669,H,1,0.463876,0.208196,formax-outcome-4.0,6d861e191d14ee4741a5969b1d2ffbfc,2025-12-11T20:00:00.0000000Z,4
83195,848,2025-12-11T20:00:00.0000000Z,1345,1789,0,0,D,0.510205,0.285728,0.204066,H,0,1.252713,0.812136,formax-outcome-4.0,6d861e191d14ee4741a5969b1d2ffbfc,2025-12-11T20:00:00.0000000Z,4
84055,848,2025-12-11T20:00:00.0000000Z,2056,1281,1,1,D,0.546432,0.260509,0.193060,H,0,1.345119,0.882707,formax-outcome-4.0,6d861e191d14ee4741a5969b1d2ffbfc,2025-12-11T20:00:00.0000000Z,4
88243,848,2025-12-11T20:00:00.0000000Z,3663,1486,0,3,A,0.191640,0.259706,0.548654,A,1,0.600287,0.307886,formax-outcome-4.0,6d861e191d14ee4741a5969b1d2ffbfc,2025-12-11T20:00:00.0000000Z,4
102078,3,2025-12-11T20:00:00.0000000Z,1792,2109,1,2,A,0.105893,0.185169,0.708938,A,1,0.343987,0.130218,formax-outcome-4.0,6d861e191d14ee4741a5969b1d2ffbfc,2025-12-11T20:00:00.0000000Z,4
104306,3,2025-12-11T20:00:00.0000000Z,2108,2682,2,1,H,0.587278,0.232578,0.180144,H,1,0.532258,0.256884,formax-outcome-4.0,6d861e191d14ee4741a5969b1d2ffbfc,2025-12-11T20:00:00.0000000Z,4
104606,3,2025-12-11T20:00:00.0000000Z,2888,2516,4,3,H,0.281496,0.251068,0.467436,A,0,1.267637,0.797780,formax-outcome-4.0,6d861e191d14ee4741a5969b1d2ffbfc,2025-12-11T20:00:00.0000000Z,4
104886,848,2025-12-11T20:00:00.0000000Z,1421,1911,0,1,A,0.199380,0.259081,0.541539,A,1,0.613339,0.317061,formax-outcome-4.0,6d861e191d14ee4741a5969b1d2ffbfc,2025-12-11T20:00:00.0000000Z,4
105577,3,2025-12-11T20:00:00.0000000Z,1904,1520,1,2,A,0.398008,0.259911,0.342081,H,0,1.072708,0.658822,formax-outcome-4.0,6d861e191d14ee4741a5969b1d2ffbfc,2025-12-11T20:00:00.0000000Z,4
105861,3,2025-12-11T20:00:00.0000000Z,1487,2799,0,3,A,0.312347,0.280667,0.406987,A,1,0.898974,0.527999,formax-outcome-4.0,6d861e191d14ee4741a5969b1d2ffbfc,2025-12-11T20:00:00.0000000Z,4
103498,203,2025-12-12T17:00:00.0000000Z,4226,6848,0,0,D,0.465287,0.266491,0.268222,H,0,1.322414,0.826470,formax-outcome-4.0,6d861e191d14ee4741a5969b1d2ffbfc,2025-12-12T17:00:00.0000000Z,4
101890,78,2025-12-12T19:30:00.0000000Z,4180,821,3,1,H,0.235887,0.241473,0.522641,A,0,1.444403,0.915331,formax-outcome-4.0,6d861e191d14ee4741a5969b1d2ffbfc,2025-12-12T19:30:00.0000000Z,4
103273,61,2025-12-12T19:45:00.0000000Z,1257,1668,4,1,H,0.514845,0.284523,0.200632,H,1,0.663890,0.356582,formax-outcome-4.0,6d861e191d14ee4741a5969b1d2ffbfc,2025-12-12T19:45:00.0000000Z,4
105790,135,2025-12-12T19:45:00.0000000Z,1584,1838,1,0,H,0.300641,0.296703,0.402656,A,0,1.201839,0.739268,formax-outcome-4.0,6d861e191d14ee4741a5969b1d2ffbfc,2025-12-12T19:45:00.0000000Z,4
101764,140,2025-12-12T20:00:00.0000000Z,1830,758,1,2,A,0.565618,0.249741,0.184641,H,0,1.689341,1.047104,formax-outcome-4.0,6d861e191d14ee4741a5969b1d2ffbfc,2025-12-12T20:00:00.0000000Z,4
102416,40,2025-12-12T20:00:00.0000000Z,1531,1460,2,0,H,0.375044,0.261848,0.363108,H,1,0.980711,0.590981,formax-outcome-4.0,6d861e191d14ee4741a5969b1d2ffbfc,2025-12-12T20:00:00.0000000Z,4
103424,203,2025-12-13T11:30:00.0000000Z,1845,6991,3,0,H,0.360271,0.290307,0.349422,H,1,1.020899,0.615627,formax-outcome-4.0,6d861e191d14ee4741a5969b1d2ffbfc,2025-12-13T11:30:00.0000000Z,4
101677,40,2025-12-13T12:30:00.0000000Z,1476,1499,1,2,A,0.346270,0.274283,0.379447,A,1,0.969041,0.580221,formax-outcome-4.0,6d861e191d14ee4741a5969b1d2ffbfc,2025-12-13T12:30:00.0000000Z,4
102637,40,2025-12-13T12:30:00.0000000Z,3483,3467,2,1,H,0.524538,0.250492,0.224970,H,1,0.645237,0.339421,formax-outcome-4.0,6d861e191d14ee4741a5969b1d2ffbfc,2025-12-13T12:30:00.0000000Z,4
102752,40,2025-12-13T12:30:00.0000000Z,4379,4290,2,1,H,0.246475,0.232205,0.521320,A,0,1.400493,0.893493,formax-outcome-4.0,6d861e191d14ee4741a5969b1d2ffbfc,2025-12-13T12:30:00.0000000Z,4
105884,140,2025-12-13T13:00:00.0000000Z,4267,2030,2,1,H,0.696103,0.196580,0.107317,H,1,0.362257,0.142514,formax-outcome-4.0,6d861e191d14ee4741a5969b1d2ffbfc,2025-12-13T13:00:00.0000000Z,4
104166,203,2025-12-13T14:00:00.0000000Z,6025,6847,0,0,D,0.221911,0.263603,0.514487,A,0,1.333313,0.856222,formax-outcome-4.0,6d861e191d14ee4741a5969b1d2ffbfc,2025-12-13T14:00:00.0000000Z,4
105716,135,2025-12-13T14:00:00.0000000Z,1652,3558,1,0,H,0.311693,0.279159,0.409148,A,0,1.165736,0.719098,formax-outcome-4.0,6d861e191d14ee4741a5969b1d2ffbfc,2025-12-13T14:00:00.0000000Z,4
72558,78,2025-12-13T14:30:00.0000000Z,4472,1109,1,0,H,0.574738,0.219630,0.205632,H,1,0.553841,0.271370,formax-outcome-4.0,6d861e191d14ee4741a5969b1d2ffbfc,2025-12-13T14:30:00.0000000Z,4
101969,78,2025-12-13T14:30:00.0000000Z,1051,5353,1,3,A,0.480079,0.243364,0.276557,H,0,1.285339,0.813072,formax-outcome-4.0,6d861e191d14ee4741a5969b1d2ffbfc,2025-12-13T14:30:00.0000000Z,4
107145,78,2025-12-13T14:30:00.0000000Z,4528,4330,2,1,H,0.509348,0.249751,0.240901,H,1,0.674625,0.361149,formax-outcome-4.0,6d861e191d14ee4741a5969b1d2ffbfc,2025-12-13T14:30:00.0000000Z,4
71202,39,2025-12-13T15:00:00.0000000Z,3373,1482,2,0,H,0.565388,0.245572,0.189040,H,1,0.570243,0.284929,formax-outcome-4.0,6d861e191d14ee4741a5969b1d2ffbfc,2025-12-13T15:00:00.0000000Z,4
98265,40,2025-12-13T15:00:00.0000000Z,5841,1053,1,0,H,0.659662,0.190431,0.149907,H,1,0.416028,0.174566,formax-outcome-4.0,6d861e191d14ee4741a5969b1d2ffbfc,2025-12-13T15:00:00.0000000Z,4
99586,40,2025-12-13T15:00:00.0000000Z,1654,1912,2,1,H,0.412437,0.273752,0.313811,H,1,0.885673,0.518649,formax-outcome-4.0,6d861e191d14ee4741a5969b1d2ffbfc,2025-12-13T15:00:00.0000000Z,4
102204,40,2025-12-13T15:00:00.0000000Z,1490,1452,1,1,D,0.561403,0.233624,0.204973,H,0,1.454043,0.944520,formax-outcome-4.0,6d861e191d14ee4741a5969b1d2ffbfc,2025-12-13T15:00:00.0000000Z,4
102254,40,2025-12-13T15:00:00.0000000Z,4380,1502,3,1,H,0.569977,0.228152,0.201871,H,1,0.562159,0.277725,formax-outcome-4.0,6d861e191d14ee4741a5969b1d2ffbfc,2025-12-13T15:00:00.0000000Z,4
102341,40,2025-12-13T15:00:00.0000000Z,1511,1718,1,3,A,0.473231,0.252201,0.274568,H,0,1.292556,0.813804,formax-outcome-4.0,6d861e191d14ee4741a5969b1d2ffbfc,2025-12-13T15:00:00.0000000Z,4
104533,40,2025-12-13T15:00:00.0000000Z,2268,1253,2,2,D,0.518465,0.251169,0.230366,H,0,1.381629,0.882622,formax-outcome-4.0,6d861e191d14ee4741a5969b1d2ffbfc,2025-12-13T15:00:00.0000000Z,4
105933,39,2025-12-13T15:00:00.0000000Z,2208,873,2,0,H,0.431982,0.247909,0.320109,H,1,0.839372,0.486573,formax-outcome-4.0,6d861e191d14ee4741a5969b1d2ffbfc,2025-12-13T15:00:00.0000000Z,4
106446,40,2025-12-13T15:00:00.0000000Z,1910,3598,3,1,H,0.370583,0.269649,0.359767,H,1,0.992677,0.598308,formax-outcome-4.0,6d861e191d14ee4741a5969b1d2ffbfc,2025-12-13T15:00:00.0000000Z,4
105758,140,2025-12-13T15:15:00.0000000Z,1925,3447,3,1,H,0.479775,0.291931,0.228294,H,1,0.734438,0.407976,formax-outcome-4.0,6d861e191d14ee4741a5969b1d2ffbfc,2025-12-13T15:15:00.0000000Z,4
38698,88,2025-12-13T15:30:00.0000000Z,3539,1080,2,2,D,0.384863,0.245635,0.369502,H,0,1.403907,0.853717,formax-outcome-4.0,6d861e191d14ee4741a5969b1d2ffbfc,2025-12-13T15:30:00.0000000Z,4
107084,61,2025-12-13T16:00:00.0000000Z,1781,4558,3,1,H,0.601055,0.225886,0.173059,H,1,0.509068,0.240131,formax-outcome-4.0,6d861e191d14ee4741a5969b1d2ffbfc,2025-12-13T16:00:00.0000000Z,4
98878,203,2025-12-13T17:00:00.0000000Z,5867,3309,1,4,A,0.071763,0.160554,0.767683,A,1,0.264379,0.084899,formax-outcome-4.0,6d861e191d14ee4741a5969b1d2ffbfc,2025-12-13T17:00:00.0000000Z,4
105510,135,2025-12-13T17:00:00.0000000Z,3648,2837,0,1,A,0.252888,0.286074,0.461037,A,1,0.774277,0.436272,formax-outcome-4.0,6d861e191d14ee4741a5969b1d2ffbfc,2025-12-13T17:00:00.0000000Z,4
102133,78,2025-12-13T17:30:00.0000000Z,1260,5078,2,0,H,0.651302,0.187818,0.160880,H,1,0.428782,0.182749,formax-outcome-4.0,6d861e191d14ee4741a5969b1d2ffbfc,2025-12-13T17:30:00.0000000Z,4
104955,39,2025-12-13T17:30:00.0000000Z,2531,4928,2,3,A,0.283902,0.261057,0.455041,A,1,0.787368,0.445731,formax-outcome-4.0,6d861e191d14ee4741a5969b1d2ffbfc,2025-12-13T17:30:00.0000000Z,4
105620,140,2025-12-13T17:30:00.0000000Z,4005,3599,2,0,H,0.743451,0.162049,0.094499,H,1,0.296452,0.101007,formax-outcome-4.0,6d861e191d14ee4741a5969b1d2ffbfc,2025-12-13T17:30:00.0000000Z,4
104473,88,2025-12-13T17:45:00.0000000Z,1301,4677,3,0,H,0.460797,0.253275,0.285928,H,1,0.774798,0.436643,formax-outcome-4.0,6d861e191d14ee4741a5969b1d2ffbfc,2025-12-13T17:45:00.0000000Z,4
107426,61,2025-12-13T18:00:00.0000000Z,1078,5284,2,3,A,0.120694,0.186709,0.692597,A,1,0.367307,0.143924,formax-outcome-4.0,6d861e191d14ee4741a5969b1d2ffbfc,2025-12-13T18:00:00.0000000Z,4
104010,88,2025-12-13T19:00:00.0000000Z,1775,4157,4,3,H,0.885298,0.076295,0.038407,H,1,0.121830,0.020452,formax-outcome-4.0,6d861e191d14ee4741a5969b1d2ffbfc,2025-12-13T19:00:00.0000000Z,4
106001,135,2025-12-13T19:45:00.0000000Z,4702,3394,2,1,H,0.598070,0.239383,0.162547,H,1,0.514048,0.245274,formax-outcome-4.0,6d861e191d14ee4741a5969b1d2ffbfc,2025-12-13T19:45:00.0000000Z,4
99477,39,2025-12-13T20:00:00.0000000Z,4559,1829,2,1,H,0.879919,0.086809,0.033272,H,1,0.127925,0.023062,formax-outcome-4.0,6d861e191d14ee4741a5969b1d2ffbfc,2025-12-13T20:00:00.0000000Z,4
103949,140,2025-12-13T20:00:00.0000000Z,1914,762,0,1,A,0.375817,0.314771,0.309412,H,0,1.173082,0.717231,formax-outcome-4.0,6d861e191d14ee4741a5969b1d2ffbfc,2025-12-13T20:00:00.0000000Z,4
104246,88,2025-12-13T20:00:00.0000000Z,2612,1079,1,0,H,0.412276,0.253379,0.334346,H,1,0.886063,0.521407,formax-outcome-4.0,6d861e191d14ee4741a5969b1d2ffbfc,2025-12-13T20:00:00.0000000Z,4
60900,61,2025-12-13T20:05:00.0000000Z,4292,1872,0,3,A,0.495239,0.261647,0.243113,H,0,1.414227,0.886599,formax-outcome-4.0,6d861e191d14ee4741a5969b1d2ffbfc,2025-12-13T20:05:00.0000000Z,4
97501,88,2025-12-14T11:15:00.0000000Z,1162,990,0,3,A,0.472950,0.251409,0.275641,H,0,1.288657,0.811585,formax-outcome-4.0,6d861e191d14ee4741a5969b1d2ffbfc,2025-12-14T11:15:00.0000000Z,4
103160,135,2025-12-14T11:30:00.0000000Z,1488,3903,2,2,D,0.588717,0.236812,0.174471,H,0,1.440490,0.959485,formax-outcome-4.0,6d861e191d14ee4741a5969b1d2ffbfc,2025-12-14T11:30:00.0000000Z,4
104104,203,2025-12-14T11:30:00.0000000Z,4926,2549,0,1,A,0.245691,0.273482,0.480827,A,1,0.732249,0.404698,formax-outcome-4.0,6d861e191d14ee4741a5969b1d2ffbfc,2025-12-14T11:30:00.0000000Z,4
104410,140,2025-12-14T13:00:00.0000000Z,3049,1944,4,0,H,0.573904,0.251566,0.174531,H,1,0.555294,0.275304,formax-outcome-4.0,6d861e191d14ee4741a5969b1d2ffbfc,2025-12-14T13:00:00.0000000Z,4
83333,88,2025-12-14T13:30:00.0000000Z,3707,1580,2,0,H,0.523819,0.230999,0.245183,H,1,0.646609,0.340223,formax-outcome-4.0,6d861e191d14ee4741a5969b1d2ffbfc,2025-12-14T13:30:00.0000000Z,4
88177,88,2025-12-14T13:30:00.0000000Z,2530,2516,2,0,H,0.333319,0.231511,0.435170,A,0,1.098655,0.687434,formax-outcome-4.0,6d861e191d14ee4741a5969b1d2ffbfc,2025-12-14T13:30:00.0000000Z,4
53905,61,2025-12-14T14:00:00.0000000Z,3589,1823,1,0,H,0.715331,0.182810,0.101859,H,1,0.335010,0.124831,formax-outcome-4.0,6d861e191d14ee4741a5969b1d2ffbfc,2025-12-14T14:00:00.0000000Z,4
71103,39,2025-12-14T14:00:00.0000000Z,2209,1013,1,0,H,0.128399,0.202743,0.668858,A,0,2.052616,1.248165,formax-outcome-4.0,6d861e191d14ee4741a5969b1d2ffbfc,2025-12-14T14:00:00.0000000Z,4
102077,39,2025-12-14T14:00:00.0000000Z,2751,2109,2,3,A,0.262075,0.257898,0.480027,A,1,0.733912,0.405566,formax-outcome-4.0,6d861e191d14ee4741a5969b1d2ffbfc,2025-12-14T14:00:00.0000000Z,4
104747,39,2025-12-14T14:00:00.0000000Z,1486,4166,0,3,A,0.327097,0.267408,0.405495,A,1,0.902646,0.531935,formax-outcome-4.0,6d861e191d14ee4741a5969b1d2ffbfc,2025-12-14T14:00:00.0000000Z,4
105129,203,2025-12-14T14:00:00.0000000Z,6019,6988,1,1,D,0.249754,0.284384,0.465862,A,0,1.257431,0.791511,formax-outcome-4.0,6d861e191d14ee4741a5969b1d2ffbfc,2025-12-14T14:00:00.0000000Z,4
105441,135,2025-12-14T14:00:00.0000000Z,1503,1719,1,2,A,0.564508,0.246634,0.188858,H,0,1.666761,1.037450,formax-outcome-4.0,6d861e191d14ee4741a5969b1d2ffbfc,2025-12-14T14:00:00.0000000Z,4
106421,39,2025-12-14T14:00:00.0000000Z,2480,2355,3,0,H,0.368581,0.264926,0.366493,H,1,0.998096,0.603194,formax-outcome-4.0,6d861e191d14ee4741a5969b1d2ffbfc,2025-12-14T14:00:00.0000000Z,4
106907,135,2025-12-14T14:00:00.0000000Z,3405,2845,1,0,H,0.185897,0.253891,0.560212,A,0,1.682562,1.041061,formax-outcome-4.0,6d861e191d14ee4741a5969b1d2ffbfc,2025-12-14T14:00:00.0000000Z,4
106067,78,2025-12-14T14:30:00.0000000Z,5685,989,1,1,D,0.281917,0.245435,0.472648,A,0,1.404725,0.872242,formax-outcome-4.0,6d861e191d14ee4741a5969b1d2ffbfc,2025-12-14T14:30:00.0000000Z,4
105576,140,2025-12-14T15:15:00.0000000Z,1904,1906,2,0,H,0.463731,0.289267,0.247002,H,1,0.768451,0.432270,formax-outcome-4.0,6d861e191d14ee4741a5969b1d2ffbfc,2025-12-14T15:15:00.0000000Z,4
103796,88,2025-12-14T15:45:00.0000000Z,1378,4678,1,1,D,0.276212,0.260345,0.463443,A,0,1.345748,0.838162,formax-outcome-4.0,6d861e191d14ee4741a5969b1d2ffbfc,2025-12-14T15:45:00.0000000Z,4
60448,61,2025-12-14T16:15:00.0000000Z,1815,4470,3,4,A,0.317001,0.289777,0.393222,A,1,0.933381,0.552640,formax-outcome-4.0,6d861e191d14ee4741a5969b1d2ffbfc,2025-12-14T16:15:00.0000000Z,4
104885,61,2025-12-14T16:15:00.0000000Z,1911,1666,0,0,D,0.645219,0.209770,0.145011,H,0,1.561743,1.061799,formax-outcome-4.0,6d861e191d14ee4741a5969b1d2ffbfc,2025-12-14T16:15:00.0000000Z,4
107043,61,2025-12-14T16:15:00.0000000Z,886,3851,2,0,H,0.686629,0.197626,0.115745,H,1,0.375961,0.150654,formax-outcome-4.0,6d861e191d14ee4741a5969b1d2ffbfc,2025-12-14T16:15:00.0000000Z,4
102032,78,2025-12-14T16:30:00.0000000Z,1328,1281,2,2,D,0.907822,0.065648,0.026531,H,0,2.723450,1.697858,formax-outcome-4.0,6d861e191d14ee4741a5969b1d2ffbfc,2025-12-14T16:30:00.0000000Z,4
102936,39,2025-12-14T16:30:00.0000000Z,5807,2269,1,1,D,0.635618,0.200270,0.164113,H,0,1.608091,1.070512,formax-outcome-4.0,6d861e191d14ee4741a5969b1d2ffbfc,2025-12-14T16:30:00.0000000Z,4
82485,203,2025-12-14T17:00:00.0000000Z,5068,3673,3,3,D,0.383560,0.278326,0.338115,H,0,1.278964,0.782254,formax-outcome-4.0,6d861e191d14ee4741a5969b1d2ffbfc,2025-12-14T17:00:00.0000000Z,4
105058,203,2025-12-14T17:00:00.0000000Z,1176,3661,0,2,A,0.377403,0.283951,0.338646,H,0,1.082801,0.660451,formax-outcome-4.0,6d861e191d14ee4741a5969b1d2ffbfc,2025-12-14T17:00:00.0000000Z,4
106610,135,2025-12-14T17:00:00.0000000Z,1649,2685,1,2,A,0.145639,0.220899,0.633462,A,1,0.456555,0.204357,formax-outcome-4.0,6d861e191d14ee4741a5969b1d2ffbfc,2025-12-14T17:00:00.0000000Z,4
101573,78,2025-12-14T18:30:00.0000000Z,966,1278,0,4,A,0.410983,0.242240,0.346778,H,0,1.059071,0.654286,formax-outcome-4.0,6d861e191d14ee4741a5969b1d2ffbfc,2025-12-14T18:30:00.0000000Z,4
98357,61,2025-12-14T19:45:00.0000000Z,5071,2085,1,0,H,0.671963,0.193808,0.134229,H,1,0.397552,0.163187,formax-outcome-4.0,6d861e191d14ee4741a5969b1d2ffbfc,2025-12-14T19:45:00.0000000Z,4
107322,135,2025-12-14T19:45:00.0000000Z,1520,2013,0,1,A,0.405406,0.285096,0.309497,H,0,1.172805,0.722428,formax-outcome-4.0,6d861e191d14ee4741a5969b1d2ffbfc,2025-12-14T19:45:00.0000000Z,4
103878,140,2025-12-14T20:00:00.0000000Z,759,4521,1,2,A,0.224006,0.285662,0.490332,A,1,0.712673,0.391543,formax-outcome-4.0,6d861e191d14ee4741a5969b1d2ffbfc,2025-12-14T20:00:00.0000000Z,4
42782,203,2025-12-15T17:00:00.0000000Z,3588,1717,4,0,H,0.672892,0.201402,0.125705,H,1,0.396170,0.163364,formax-outcome-4.0,6d861e191d14ee4741a5969b1d2ffbfc,2025-12-15T17:00:00.0000000Z,4
106555,135,2025-12-15T19:45:00.0000000Z,2799,5356,1,0,H,0.465798,0.288922,0.245280,H,1,0.764003,0.429010,formax-outcome-4.0,6d861e191d14ee4741a5969b1d2ffbfc,2025-12-15T19:45:00.0000000Z,4
102560,40,2025-12-15T20:00:00.0000000Z,4169,3380,0,3,A,0.331230,0.256774,0.411996,A,1,0.886742,0.521395,formax-outcome-4.0,6d861e191d14ee4741a5969b1d2ffbfc,2025-12-15T20:00:00.0000000Z,4
103104,39,2025-12-15T20:00:00.0000000Z,4266,3646,4,4,D,0.491561,0.244451,0.263988,H,0,1.408741,0.882176,formax-outcome-4.0,6d861e191d14ee4741a5969b1d2ffbfc,2025-12-15T20:00:00.0000000Z,4
104335,140,2025-12-15T20:00:00.0000000Z,2517,2033,0,0,D,0.364723,0.289190,0.346087,H,0,1.240670,0.758049,formax-outcome-4.0,6d861e191d14ee4741a5969b1d2ffbfc,2025-12-15T20:00:00.0000000Z,4
42372,848,2025-12-18T20:00:00.0000000Z,2864,3255,1,0,H,0.377660,0.279344,0.342996,H,1,0.973761,0.582986,formax-outcome-4.0,6d861e191d14ee4741a5969b1d2ffbfc,2025-12-18T20:00:00.0000000Z,4
53795,848,2025-12-18T20:00:00.0000000Z,2027,1421,3,0,H,0.693566,0.201482,0.104952,H,1,0.365909,0.145511,formax-outcome-4.0,6d861e191d14ee4741a5969b1d2ffbfc,2025-12-18T20:00:00.0000000Z,4
73202,848,2025-12-18T20:00:00.0000000Z,2613,1947,3,2,H,0.627568,0.233705,0.138727,H,1,0.465903,0.212569,formax-outcome-4.0,6d861e191d14ee4741a5969b1d2ffbfc,2025-12-18T20:00:00.0000000Z,4
82018,848,2025-12-18T20:00:00.0000000Z,3559,2576,0,1,A,0.421603,0.298946,0.279451,H,0,1.274930,0.786309,formax-outcome-4.0,6d861e191d14ee4741a5969b1d2ffbfc,2025-12-18T20:00:00.0000000Z,4
83194,848,2025-12-18T20:00:00.0000000Z,1486,1345,2,2,D,0.719448,0.199092,0.081460,H,0,1.613987,1.165694,formax-outcome-4.0,6d861e191d14ee4741a5969b1d2ffbfc,2025-12-18T20:00:00.0000000Z,4
84054,848,2025-12-18T20:00:00.0000000Z,2797,2056,1,2,A,0.326494,0.295394,0.378112,A,1,0.972565,0.580601,formax-outcome-4.0,6d861e191d14ee4741a5969b1d2ffbfc,2025-12-18T20:00:00.0000000Z,4
87702,848,2025-12-18T20:00:00.0000000Z,1271,1177,0,0,D,0.430635,0.290004,0.279361,H,0,1.237862,0.767584,formax-outcome-4.0,6d861e191d14ee4741a5969b1d2ffbfc,2025-12-18T20:00:00.0000000Z,4
104884,848,2025-12-18T20:00:00.0000000Z,1911,3303,3,1,H,0.681291,0.209051,0.109658,H,1,0.383766,0.157303,formax-outcome-4.0,6d861e191d14ee4741a5969b1d2ffbfc,2025-12-18T20:00:00.0000000Z,4
105676,848,2025-12-18T20:00:00.0000000Z,1281,1176,2,0,H,0.518359,0.282962,0.198679,H,1,0.657088,0.351519,formax-outcome-4.0,6d861e191d14ee4741a5969b1d2ffbfc,2025-12-18T20:00:00.0000000Z,4
107490,848,2025-12-18T20:00:00.0000000Z,1789,1503,1,0,H,0.375472,0.296438,0.328090,H,1,0.979570,0.585553,formax-outcome-4.0,6d861e191d14ee4741a5969b1d2ffbfc,2025-12-18T20:00:00.0000000Z,4
105128,203,2025-12-19T17:00:00.0000000Z,6988,5867,2,1,H,0.382457,0.296911,0.320632,H,1,0.961140,0.572321,formax-outcome-4.0,6d861e191d14ee4741a5969b1d2ffbfc,2025-12-19T17:00:00.0000000Z,4
101968,78,2025-12-19T19:30:00.0000000Z,989,1051,2,0,H,0.691210,0.178910,0.129880,H,1,0.369311,0.144228,formax-outcome-4.0,6d861e191d14ee4741a5969b1d2ffbfc,2025-12-19T19:30:00.0000000Z,4
102636,40,2025-12-19T20:00:00.0000000Z,3467,2268,2,1,H,0.364707,0.266194,0.369099,A,0,1.008661,0.610691,formax-outcome-4.0,6d861e191d14ee4741a5969b1d2ffbfc,2025-12-19T20:00:00.0000000Z,4
106645,140,2025-12-19T20:00:00.0000000Z,2030,1925,1,1,D,0.437583,0.297458,0.264959,H,0,1.212483,0.755248,formax-outcome-4.0,6d861e191d14ee4741a5969b1d2ffbfc,2025-12-19T20:00:00.0000000Z,4
103353,203,2025-12-20T11:30:00.0000000Z,1717,6025,1,1,D,0.394340,0.274151,0.331510,H,0,1.294078,0.792260,formax-outcome-4.0,6d861e191d14ee4741a5969b1d2ffbfc,2025-12-20T11:30:00.0000000Z,4
71101,39,2025-12-20T12:30:00.0000000Z,1013,3373,2,2,D,0.380294,0.264045,0.355661,H,0,1.331636,0.812748,formax-outcome-4.0,6d861e191d14ee4741a5969b1d2ffbfc,2025-12-20T12:30:00.0000000Z,4
98264,40,2025-12-20T12:30:00.0000000Z,4290,5841,1,1,D,0.454765,0.236791,0.308443,H,0,1.440576,0.884436,formax-outcome-4.0,6d861e191d14ee4741a5969b1d2ffbfc,2025-12-20T12:30:00.0000000Z,4
99585,40,2025-12-20T12:30:00.0000000Z,1912,1511,2,0,H,0.437769,0.268341,0.293891,H,1,0.826064,0.474482,formax-outcome-4.0,6d861e191d14ee4741a5969b1d2ffbfc,2025-12-20T12:30:00.0000000Z,4
101676,40,2025-12-20T12:30:00.0000000Z,1499,4379,1,1,D,0.564959,0.227907,0.207135,H,0,1.478820,0.958211,formax-outcome-4.0,6d861e191d14ee4741a5969b1d2ffbfc,2025-12-20T12:30:00.0000000Z,4
105575,140,2025-12-20T13:00:00.0000000Z,1944,1904,0,0,D,0.200428,0.262645,0.536927,A,0,1.336952,0.872154,formax-outcome-4.0,6d861e191d14ee4741a5969b1d2ffbfc,2025-12-20T13:00:00.0000000Z,4
42781,203,2025-12-20T14:00:00.0000000Z,6991,3588,0,3,A,0.085021,0.169101,0.745878,A,1,0.293194,0.100402,formax-outcome-4.0,6d861e191d14ee4741a5969b1d2ffbfc,2025-12-20T14:00:00.0000000Z,4
72557,78,2025-12-20T14:30:00.0000000Z,4469,4472,1,1,D,0.376646,0.247427,0.375927,H,0,1.396641,0.849550,formax-outcome-4.0,6d861e191d14ee4741a5969b1d2ffbfc,2025-12-20T14:30:00.0000000Z,4
101572,78,2025-12-20T14:30:00.0000000Z,1109,966,0,0,D,0.460865,0.252769,0.286366,H,0,1.375280,0.852757,formax-outcome-4.0,6d861e191d14ee4741a5969b1d2ffbfc,2025-12-20T14:30:00.0000000Z,4
106066,78,2025-12-20T14:30:00.0000000Z,5353,5685,3,4,A,0.418792,0.256766,0.324442,H,0,1.125647,0.697693,formax-outcome-4.0,6d861e191d14ee4741a5969b1d2ffbfc,2025-12-20T14:30:00.0000000Z,4
99476,39,2025-12-20T15:00:00.0000000Z,1829,5807,0,2,A,0.254415,0.239677,0.505908,A,1,0.681400,0.366299,formax-outcome-4.0,6d861e191d14ee4741a5969b1d2ffbfc,2025-12-20T15:00:00.0000000Z,4
102203,40,2025-12-20T15:00:00.0000000Z,1452,1476,1,0,H,0.513501,0.253703,0.232796,H,1,0.666503,0.355240,formax-outcome-4.0,6d861e191d14ee4741a5969b1d2ffbfc,2025-12-20T15:00:00.0000000Z,4
102253,40,2025-12-20T15:00:00.0000000Z,1502,1910,4,1,H,0.274585,0.251144,0.474271,A,0,1.292493,0.814232,formax-outcome-4.0,6d861e191d14ee4741a5969b1d2ffbfc,2025-12-20T15:00:00.0000000Z,4
102415,40,2025-12-20T15:00:00.0000000Z,1718,1531,1,0,H,0.495366,0.243434,0.261200,H,1,0.702459,0.382142,formax-outcome-4.0,6d861e191d14ee4741a5969b1d2ffbfc,2025-12-20T15:00:00.0000000Z,4
102490,40,2025-12-20T15:00:00.0000000Z,3380,1654,1,1,D,0.541932,0.241516,0.216552,H,0,1.420819,0.915882,formax-outcome-4.0,6d861e191d14ee4741a5969b1d2ffbfc,2025-12-20T15:00:00.0000000Z,4
102697,40,2025-12-20T15:00:00.0000000Z,1253,3483,1,0,H,0.432579,0.265758,0.301662,H,1,0.837989,0.483594,formax-outcome-4.0,6d861e191d14ee4741a5969b1d2ffbfc,2025-12-20T15:00:00.0000000Z,4
102804,40,2025-12-20T15:00:00.0000000Z,1053,4380,2,0,H,0.394626,0.265539,0.339835,H,1,0.929816,0.552476,formax-outcome-4.0,6d861e191d14ee4741a5969b1d2ffbfc,2025-12-20T15:00:00.0000000Z,4
103673,40,2025-12-20T15:00:00.0000000Z,1460,1490,3,0,H,0.470763,0.252564,0.276672,H,1,0.753400,0.420428,formax-outcome-4.0,6d861e191d14ee4741a5969b1d2ffbfc,2025-12-20T15:00:00.0000000Z,4
104746,39,2025-12-20T15:00:00.0000000Z,4166,2751,3,0,H,0.774507,0.141155,0.084338,H,1,0.255529,0.077885,formax-outcome-4.0,6d861e191d14ee4741a5969b1d2ffbfc,2025-12-20T15:00:00.0000000Z,4
104954,39,2025-12-20T15:00:00.0000000Z,3646,2531,1,1,D,0.677084,0.188530,0.134386,H,0,1.668498,1.134986,formax-outcome-4.0,6d861e191d14ee4741a5969b1d2ffbfc,2025-12-20T15:00:00.0000000Z,4
105932,39,2025-12-20T15:00:00.0000000Z,873,2209,0,0,D,0.725731,0.171665,0.102604,H,0,1.762213,1.223353,formax-outcome-4.0,6d861e191d14ee4741a5969b1d2ffbfc,2025-12-20T15:00:00.0000000Z,4
106445,40,2025-12-20T15:00:00.0000000Z,3598,4169,3,1,H,0.844942,0.106454,0.048605,H,1,0.168488,0.037738,formax-outcome-4.0,6d861e191d14ee4741a5969b1d2ffbfc,2025-12-20T15:00:00.0000000Z,4
101763,140,2025-12-20T15:15:00.0000000Z,2383,1830,1,1,D,0.306498,0.285314,0.408187,A,0,1.254164,0.771334,formax-outcome-4.0,6d861e191d14ee4741a5969b1d2ffbfc,2025-12-20T15:15:00.0000000Z,4
104783,88,2025-12-20T15:30:00.0000000Z,4157,990,0,3,A,0.383274,0.245968,0.370758,H,0,0.992205,0.603344,formax-outcome-4.0,6d861e191d14ee4741a5969b1d2ffbfc,2025-12-20T15:30:00.0000000Z,4
82484,203,2025-12-20T17:00:00.0000000Z,3673,1845,1,0,H,0.467817,0.257537,0.274646,H,1,0.759677,0.424974,formax-outcome-4.0,6d861e191d14ee4741a5969b1d2ffbfc,2025-12-20T17:00:00.0000000Z,4
105509,135,2025-12-20T17:00:00.0000000Z,2837,3558,0,0,D,0.484894,0.280212,0.234894,H,0,1.272208,0.808392,formax-outcome-4.0,6d861e191d14ee4741a5969b1d2ffbfc,2025-12-20T17:00:00.0000000Z,4
101889,78,2025-12-20T17:30:00.0000000Z,821,1260,1,3,A,0.387329,0.251275,0.361397,H,0,1.017779,0.620977,formax-outcome-4.0,6d861e191d14ee4741a5969b1d2ffbfc,2025-12-20T17:30:00.0000000Z,4
103877,140,2025-12-20T17:30:00.0000000Z,3599,759,3,0,H,0.449390,0.308624,0.241986,H,1,0.799864,0.456977,formax-outcome-4.0,6d861e191d14ee4741a5969b1d2ffbfc,2025-12-20T17:30:00.0000000Z,4
107270,39,2025-12-20T17:30:00.0000000Z,2355,2208,1,2,A,0.364284,0.258682,0.377034,A,1,0.975419,0.587705,formax-outcome-4.0,6d861e191d14ee4741a5969b1d2ffbfc,2025-12-20T17:30:00.0000000Z,4
104061,88,2025-12-20T17:45:00.0000000Z,4124,2612,2,1,H,0.507760,0.239452,0.252788,H,1,0.677746,0.363539,formax-outcome-4.0,6d861e191d14ee4741a5969b1d2ffbfc,2025-12-20T17:45:00.0000000Z,4
38696,88,2025-12-20T19:00:00.0000000Z,1080,2530,2,2,D,0.460392,0.233947,0.305661,H,0,1.452660,0.892227,formax-outcome-4.0,6d861e191d14ee4741a5969b1d2ffbfc,2025-12-20T19:00:00.0000000Z,4
107321,135,2025-12-20T19:45:00.0000000Z,2013,2799,2,1,H,0.338745,0.314254,0.347001,A,0,1.082507,0.656423,formax-outcome-4.0,6d861e191d14ee4741a5969b1d2ffbfc,2025-12-20T19:45:00.0000000Z,4
71201,39,2025-12-20T20:00:00.0000000Z,1482,4559,0,1,A,0.174495,0.245498,0.580006,A,1,0.544716,0.267113,formax-outcome-4.0,6d861e191d14ee4741a5969b1d2ffbfc,2025-12-20T20:00:00.0000000Z,4
97868,88,2025-12-20T20:00:00.0000000Z,1378,3539,0,1,A,0.269576,0.259359,0.471065,A,1,0.752759,0.419710,formax-outcome-4.0,6d861e191d14ee4741a5969b1d2ffbfc,2025-12-20T20:00:00.0000000Z,4
104409,140,2025-12-20T20:00:00.0000000Z,4521,3049,2,0,H,0.731033,0.176815,0.092152,H,1,0.313297,0.112099,formax-outcome-4.0,6d861e191d14ee4741a5969b1d2ffbfc,2025-12-20T20:00:00.0000000Z,4
106321,39,2025-12-20T20:00:00.0000000Z,2269,1486,4,1,H,0.274312,0.254407,0.471281,A,0,1.293489,0.813452,formax-outcome-4.0,6d861e191d14ee4741a5969b1d2ffbfc,2025-12-20T20:00:00.0000000Z,4
103795,88,2025-12-21T11:15:00.0000000Z,4678,1775,1,2,A,0.213794,0.215262,0.570944,A,1,0.560465,0.276135,formax-outcome-4.0,6d861e191d14ee4741a5969b1d2ffbfc,2025-12-21T11:15:00.0000000Z,4
104165,203,2025-12-21T11:30:00.0000000Z,6847,6019,2,0,H,0.578179,0.248296,0.173525,H,1,0.547872,0.269695,formax-outcome-4.0,6d861e191d14ee4741a5969b1d2ffbfc,2025-12-21T11:30:00.0000000Z,4
106957,135,2025-12-21T11:30:00.0000000Z,3394,1838,2,2,D,0.393990,0.294110,0.311900,H,0,1.223802,0.750790,formax-outcome-4.0,6d861e191d14ee4741a5969b1d2ffbfc,2025-12-21T11:30:00.0000000Z,4
105213,140,2025-12-21T13:00:00.0000000Z,758,4267,0,3,A,0.174545,0.250533,0.574921,A,1,0.553522,0.273925,formax-outcome-4.0,6d861e191d14ee4741a5969b1d2ffbfc,2025-12-21T13:00:00.0000000Z,4
83331,88,2025-12-21T13:30:00.0000000Z,2516,3707,1,1,D,0.506834,0.225989,0.267177,H,0,1.487268,0.927357,formax-outcome-4.0,6d861e191d14ee4741a5969b1d2ffbfc,2025-12-21T13:30:00.0000000Z,4
104472,88,2025-12-21T13:30:00.0000000Z,1580,1301,1,1,D,0.420137,0.256127,0.323736,H,0,1.362081,0.834667,formax-outcome-4.0,6d861e191d14ee4741a5969b1d2ffbfc,2025-12-21T13:30:00.0000000Z,4
107351,135,2025-12-21T14:00:00.0000000Z,3903,1652,0,1,A,0.472724,0.273919,0.253357,H,0,1.372954,0.855975,formax-outcome-4.0,6d861e191d14ee4741a5969b1d2ffbfc,2025-12-21T14:00:00.0000000Z,4
104818,140,2025-12-21T15:15:00.0000000Z,1776,4005,0,2,A,0.341775,0.257804,0.400421,A,1,0.915238,0.542767,formax-outcome-4.0,6d861e191d14ee4741a5969b1d2ffbfc,2025-12-21T15:15:00.0000000Z,4
97499,88,2025-12-21T15:45:00.0000000Z,4677,1162,0,1,A,0.350072,0.266116,0.383811,A,1,0.957604,0.573057,formax-outcome-4.0,6d861e191d14ee4741a5969b1d2ffbfc,2025-12-21T15:45:00.0000000Z,4
103741,88,2025-12-21T15:45:00.0000000Z,1079,1271,4,3,H,0.222162,0.244318,0.533520,A,0,1.504347,0.949366,formax-outcome-4.0,6d861e191d14ee4741a5969b1d2ffbfc,2025-12-21T15:45:00.0000000Z,4
102031,78,2025-12-21T16:30:00.0000000Z,4330,1328,0,4,A,0.029075,0.067198,0.903727,A,1,0.101228,0.014629,formax-outcome-4.0,6d861e191d14ee4741a5969b1d2ffbfc,2025-12-21T16:30:00.0000000Z,4
102076,39,2025-12-21T16:30:00.0000000Z,2109,4266,2,1,H,0.510572,0.238697,0.250731,H,1,0.672224,0.359382,formax-outcome-4.0,6d861e191d14ee4741a5969b1d2ffbfc,2025-12-21T16:30:00.0000000Z,4
98876,203,2025-12-21T17:00:00.0000000Z,3309,4226,3,0,H,0.699809,0.191891,0.108300,H,1,0.356947,0.138665,formax-outcome-4.0,6d861e191d14ee4741a5969b1d2ffbfc,2025-12-21T17:00:00.0000000Z,4
105675,203,2025-12-21T17:00:00.0000000Z,2549,1176,2,0,H,0.355442,0.297127,0.347431,H,1,1.034392,0.624447,formax-outcome-4.0,6d861e191d14ee4741a5969b1d2ffbfc,2025-12-21T17:00:00.0000000Z,4
107489,135,2025-12-21T17:00:00.0000000Z,1503,3405,5,1,H,0.458533,0.274197,0.267270,H,1,0.779723,0.439803,formax-outcome-4.0,6d861e191d14ee4741a5969b1d2ffbfc,2025-12-21T17:00:00.0000000Z,4
104334,140,2025-12-21T17:30:00.0000000Z,3447,2517,4,0,H,0.255277,0.302944,0.441779,A,0,1.365407,0.841556,formax-outcome-4.0,6d861e191d14ee4741a5969b1d2ffbfc,2025-12-21T17:30:00.0000000Z,4
106000,135,2025-12-21T19:45:00.0000000Z,1649,4702,0,1,A,0.242567,0.271224,0.486209,A,1,0.721117,0.396382,formax-outcome-4.0,6d861e191d14ee4741a5969b1d2ffbfc,2025-12-21T19:45:00.0000000Z,4
103948,140,2025-12-21T20:00:00.0000000Z,2033,1914,4,0,H,0.609107,0.246524,0.144369,H,1,0.495761,0.234414,formax-outcome-4.0,6d861e191d14ee4741a5969b1d2ffbfc,2025-12-21T20:00:00.0000000Z,4
104103,203,2025-12-22T14:00:00.0000000Z,3661,4926,5,1,H,0.496849,0.263541,0.239609,H,1,0.699469,0.380027,formax-outcome-4.0,6d861e191d14ee4741a5969b1d2ffbfc,2025-12-22T14:00:00.0000000Z,4
103574,203,2025-12-22T17:00:00.0000000Z,6848,5068,4,3,H,0.144095,0.215466,0.640439,A,0,1.937283,1.189162,formax-outcome-4.0,6d861e191d14ee4741a5969b1d2ffbfc,2025-12-22T17:00:00.0000000Z,4
105271,140,2025-12-22T20:00:00.0000000Z,1906,762,1,2,A,0.444385,0.313209,0.242406,H,0,1.417143,0.869527,formax-outcome-4.0,6d861e191d14ee4741a5969b1d2ffbfc,2025-12-22T20:00:00.0000000Z,4
106420,39,2025-12-22T20:00:00.0000000Z,4928,2480,1,0,H,0.446976,0.256802,0.296222,H,1,0.805251,0.459531,formax-outcome-4.0,6d861e191d14ee4741a5969b1d2ffbfc,2025-12-22T20:00:00.0000000Z,4
102559,40,2025-12-26T12:30:00.0000000Z,1490,3380,1,1,D,0.519040,0.248459,0.232501,H,0,1.392479,0.888274,formax-outcome-4.0,6d861e191d14ee4741a5969b1d2ffbfc,2025-12-26T12:30:00.0000000Z,4
102340,40,2025-12-26T13:00:00.0000000Z,1511,3598,0,0,D,0.261192,0.264159,0.474650,A,0,1.331206,0.834976,formax-outcome-4.0,6d861e191d14ee4741a5969b1d2ffbfc,2025-12-26T13:00:00.0000000Z,4
98263,40,2025-12-26T15:00:00.0000000Z,5841,3467,1,0,H,0.731719,0.166682,0.101599,H,1,0.312358,0.110080,formax-outcome-4.0,6d861e191d14ee4741a5969b1d2ffbfc,2025-12-26T15:00:00.0000000Z,4
99584,40,2025-12-26T15:00:00.0000000Z,4380,1912,0,0,D,0.574292,0.243008,0.182700,H,0,1.414659,0.936227,formax-outcome-4.0,6d861e191d14ee4741a5969b1d2ffbfc,2025-12-26T15:00:00.0000000Z,4
101675,40,2025-12-26T15:00:00.0000000Z,3483,1499,0,0,D,0.459115,0.278052,0.262834,H,0,1.279948,0.801077,formax-outcome-4.0,6d861e191d14ee4741a5969b1d2ffbfc,2025-12-26T15:00:00.0000000Z,4
102202,40,2025-12-26T15:00:00.0000000Z,4379,1452,1,0,H,0.487826,0.259054,0.253119,H,1,0.717796,0.393501,formax-outcome-4.0,6d861e191d14ee4741a5969b1d2ffbfc,2025-12-26T15:00:00.0000000Z,4
102252,40,2025-12-26T15:00:00.0000000Z,1654,1502,1,1,D,0.442547,0.263230,0.294223,H,0,1.334728,0.825246,formax-outcome-4.0,6d861e191d14ee4741a5969b1d2ffbfc,2025-12-26T15:00:00.0000000Z,4
102414,40,2025-12-26T15:00:00.0000000Z,1531,1053,1,2,A,0.452619,0.273007,0.274373,H,0,1.293266,0.805932,formax-outcome-4.0,6d861e191d14ee4741a5969b1d2ffbfc,2025-12-26T15:00:00.0000000Z,4
104532,40,2025-12-26T15:00:00.0000000Z,1910,1253,1,2,A,0.632725,0.216291,0.150984,H,0,1.890580,1.167950,formax-outcome-4.0,6d861e191d14ee4741a5969b1d2ffbfc,2025-12-26T15:00:00.0000000Z,4
104688,40,2025-12-26T15:00:00.0000000Z,1476,4290,2,1,H,0.270986,0.265646,0.463368,A,0,1.305688,0.816739,formax-outcome-4.0,6d861e191d14ee4741a5969b1d2ffbfc,2025-12-26T15:00:00.0000000Z,4
106245,40,2025-12-26T15:00:00.0000000Z,4169,1718,2,2,D,0.307362,0.258744,0.433894,A,0,1.351914,0.832195,formax-outcome-4.0,6d861e191d14ee4741a5969b1d2ffbfc,2025-12-26T15:00:00.0000000Z,4
103672,40,2025-12-26T17:30:00.0000000Z,2268,1460,5,3,H,0.433160,0.279459,0.287380,H,1,0.836647,0.481992,formax-outcome-4.0,6d861e191d14ee4741a5969b1d2ffbfc,2025-12-26T17:30:00.0000000Z,4
71100,39,2025-12-26T20:00:00.0000000Z,4266,1013,1,0,H,0.395084,0.251482,0.353435,H,1,0.928658,0.554083,formax-outcome-4.0,6d861e191d14ee4741a5969b1d2ffbfc,2025-12-26T20:00:00.0000000Z,4
107002,135,2025-12-27T11:30:00.0000000Z,3648,1503,1,0,H,0.315062,0.281797,0.403141,A,0,1.154987,0.711073,formax-outcome-4.0,6d861e191d14ee4741a5969b1d2ffbfc,2025-12-27T11:30:00.0000000Z,4
104745,39,2025-12-27T12:30:00.0000000Z,2480,4166,1,2,A,0.209350,0.241316,0.549334,A,1,0.599049,0.305161,formax-outcome-4.0,6d861e191d14ee4741a5969b1d2ffbfc,2025-12-27T12:30:00.0000000Z,4
105789,135,2025-12-27T14:00:00.0000000Z,1584,5356,0,3,A,0.211043,0.285005,0.503952,A,1,0.685273,0.371830,formax-outcome-4.0,6d861e191d14ee4741a5969b1d2ffbfc,2025-12-27T14:00:00.0000000Z,4
106956,135,2025-12-27T14:00:00.0000000Z,1652,3394,1,2,A,0.406718,0.287877,0.305405,H,0,1.186116,0.730755,formax-outcome-4.0,6d861e191d14ee4741a5969b1d2ffbfc,2025-12-27T14:00:00.0000000Z,4
71200,39,2025-12-27T15:00:00.0000000Z,2531,1482,0,0,D,0.266326,0.279436,0.454237,A,0,1.274981,0.796473,formax-outcome-4.0,6d861e191d14ee4741a5969b1d2ffbfc,2025-12-27T15:00:00.0000000Z,4
99475,39,2025-12-27T15:00:00.0000000Z,2208,1829,2,1,H,0.712981,0.177233,0.109786,H,1,0.338301,0.125845,formax-outcome-4.0,6d861e191d14ee4741a5969b1d2ffbfc,2025-12-27T15:00:00.0000000Z,4
102935,39,2025-12-27T15:00:00.0000000Z,5807,3646,4,1,H,0.468756,0.254137,0.277106,H,1,0.757673,0.423594,formax-outcome-4.0,6d861e191d14ee4741a5969b1d2ffbfc,2025-12-27T15:00:00.0000000Z,4
105004,39,2025-12-27T15:00:00.0000000Z,2751,4928,0,1,A,0.350492,0.261279,0.388229,A,1,0.946161,0.565376,formax-outcome-4.0,6d861e191d14ee4741a5969b1d2ffbfc,2025-12-27T15:00:00.0000000Z,4
105931,39,2025-12-27T15:00:00.0000000Z,4559,873,2,1,H,0.684986,0.194430,0.120584,H,1,0.378356,0.151577,formax-outcome-4.0,6d861e191d14ee4741a5969b1d2ffbfc,2025-12-27T15:00:00.0000000Z,4
105508,135,2025-12-27T17:00:00.0000000Z,3405,2837,1,1,D,0.211505,0.268972,0.519523,A,0,1.313149,0.849041,formax-outcome-4.0,6d861e191d14ee4741a5969b1d2ffbfc,2025-12-27T17:00:00.0000000Z,4
101833,39,2025-12-27T17:30:00.0000000Z,3373,2109,1,2,A,0.485461,0.263934,0.250605,H,0,1.383877,0.866926,formax-outcome-4.0,6d861e191d14ee4741a5969b1d2ffbfc,2025-12-27T17:30:00.0000000Z,4
107320,135,2025-12-27T19:45:00.0000000Z,1838,2013,0,2,A,0.210494,0.271346,0.518161,A,1,0.657470,0.350105,formax-outcome-4.0,6d861e191d14ee4741a5969b1d2ffbfc,2025-12-27T19:45:00.0000000Z,4
103159,135,2025-12-28T11:30:00.0000000Z,1488,1719,3,0,H,0.651997,0.217535,0.130468,H,1,0.427715,0.185450,formax-outcome-4.0,6d861e191d14ee4741a5969b1d2ffbfc,2025-12-28T11:30:00.0000000Z,4
105715,135,2025-12-28T14:00:00.0000000Z,3558,2845,0,2,A,0.262049,0.292703,0.445248,A,1,0.809124,0.462094,formax-outcome-4.0,6d861e191d14ee4741a5969b1d2ffbfc,2025-12-28T14:00:00.0000000Z,4
106361,39,2025-12-28T14:00:00.0000000Z,2209,2269,1,1,D,0.312047,0.276781,0.411171,A,0,1.284527,0.789481,formax-outcome-4.0,6d861e191d14ee4741a5969b1d2ffbfc,2025-12-28T14:00:00.0000000Z,4
106320,39,2025-12-28T16:30:00.0000000Z,1486,2355,0,1,A,0.455020,0.265905,0.279074,H,0,1.276277,0.797483,formax-outcome-4.0,6d861e191d14ee4741a5969b1d2ffbfc,2025-12-28T16:30:00.0000000Z,4
107411,135,2025-12-28T17:00:00.0000000Z,1520,3903,1,1,D,0.528616,0.259881,0.211502,H,0,1.347530,0.871944,formax-outcome-4.0,6d861e191d14ee4741a5969b1d2ffbfc,2025-12-28T17:00:00.0000000Z,4
105999,135,2025-12-28T19:45:00.0000000Z,4702,2685,0,1,A,0.269511,0.282236,0.448253,A,1,0.802397,0.456718,formax-outcome-4.0,6d861e191d14ee4741a5969b1d2ffbfc,2025-12-28T19:45:00.0000000Z,4
98262,40,2025-12-29T18:00:00.0000000Z,5841,3598,0,2,A,0.451538,0.261486,0.286976,H,0,1.248356,0.780664,formax-outcome-4.0,6d861e191d14ee4741a5969b1d2ffbfc,2025-12-29T18:00:00.0000000Z,4
99583,40,2025-12-29T19:45:00.0000000Z,4169,1912,0,0,D,0.316328,0.278425,0.405247,A,0,1.278606,0.784959,formax-outcome-4.0,6d861e191d14ee4741a5969b1d2ffbfc,2025-12-29T19:45:00.0000000Z,4
101674,40,2025-12-29T19:45:00.0000000Z,2268,1499,2,1,H,0.471018,0.269139,0.259843,H,1,0.752858,0.419776,formax-outcome-4.0,6d861e191d14ee4741a5969b1d2ffbfc,2025-12-29T19:45:00.0000000Z,4
102201,40,2025-12-29T19:45:00.0000000Z,1654,1452,2,1,H,0.437065,0.280198,0.282737,H,1,0.827674,0.475347,formax-outcome-4.0,6d861e191d14ee4741a5969b1d2ffbfc,2025-12-29T19:45:00.0000000Z,4
102251,40,2025-12-29T19:45:00.0000000Z,1531,1502,2,1,H,0.455354,0.261842,0.282804,H,1,0.786681,0.445179,formax-outcome-4.0,6d861e191d14ee4741a5969b1d2ffbfc,2025-12-29T19:45:00.0000000Z,4
102339,40,2025-12-29T19:45:00.0000000Z,1511,1053,2,1,H,0.385678,0.284538,0.329784,H,1,0.952753,0.567111,formax-outcome-4.0,6d861e191d14ee4741a5969b1d2ffbfc,2025-12-29T19:45:00.0000000Z,4
102558,40,2025-12-29T19:45:00.0000000Z,1910,3380,2,1,H,0.574611,0.238305,0.187084,H,1,0.554063,0.272746,formax-outcome-4.0,6d861e191d14ee4741a5969b1d2ffbfc,2025-12-29T19:45:00.0000000Z,4
102635,40,2025-12-29T19:45:00.0000000Z,1476,3467,0,1,A,0.423907,0.278919,0.297174,H,0,1.213439,0.751458,formax-outcome-4.0,6d861e191d14ee4741a5969b1d2ffbfc,2025-12-29T19:45:00.0000000Z,4
102696,40,2025-12-29T19:45:00.0000000Z,3483,1460,1,2,A,0.425833,0.274638,0.299529,H,0,1.205543,0.747418,formax-outcome-4.0,6d861e191d14ee4741a5969b1d2ffbfc,2025-12-29T19:45:00.0000000Z,4
102751,40,2025-12-29T19:45:00.0000000Z,4379,1253,0,1,A,0.425266,0.266077,0.308657,H,0,1.175524,0.729603,formax-outcome-4.0,6d861e191d14ee4741a5969b1d2ffbfc,2025-12-29T19:45:00.0000000Z,4
102803,40,2025-12-29T19:45:00.0000000Z,4380,1718,0,1,A,0.516898,0.249260,0.233842,H,0,1.453111,0.916313,formax-outcome-4.0,6d861e191d14ee4741a5969b1d2ffbfc,2025-12-29T19:45:00.0000000Z,4
106754,135,2025-12-29T19:45:00.0000000Z,2799,1649,3,1,H,0.592151,0.251338,0.156511,H,1,0.523994,0.254008,formax-outcome-4.0,6d861e191d14ee4741a5969b1d2ffbfc,2025-12-29T19:45:00.0000000Z,4
103711,40,2025-12-29T20:15:00.0000000Z,1490,4290,1,1,D,0.342367,0.271456,0.386177,A,0,1.303955,0.797124,formax-outcome-4.0,6d861e191d14ee4741a5969b1d2ffbfc,2025-12-29T20:15:00.0000000Z,4
71099,39,2025-12-30T19:30:00.0000000Z,2531,1013,1,3,A,0.190714,0.246976,0.562310,A,1,0.575701,0.288941,formax-outcome-4.0,6d861e191d14ee4741a5969b1d2ffbfc,2025-12-30T19:30:00.0000000Z,4
71199,39,2025-12-30T19:30:00.0000000Z,2480,1482,0,2,A,0.402636,0.296090,0.301273,H,0,1.199737,0.738004,formax-outcome-4.0,6d861e191d14ee4741a5969b1d2ffbfc,2025-12-30T19:30:00.0000000Z,4
101832,39,2025-12-30T19:30:00.0000000Z,3373,3646,2,2,D,0.603830,0.223920,0.172250,H,0,1.496465,0.996580,formax-outcome-4.0,6d861e191d14ee4741a5969b1d2ffbfc,2025-12-30T19:30:00.0000000Z,4
105003,39,2025-12-30T19:30:00.0000000Z,2751,873,2,2,D,0.293289,0.261404,0.445307,A,0,1.341689,0.829841,formax-outcome-4.0,6d861e191d14ee4741a5969b1d2ffbfc,2025-12-30T19:30:00.0000000Z,4
99474,39,2025-12-30T20:15:00.0000000Z,4266,1829,1,1,D,0.669616,0.192339,0.138046,H,0,1.648497,1.119758,formax-outcome-4.0,6d861e191d14ee4741a5969b1d2ffbfc,2025-12-30T20:15:00.0000000Z,4
102075,39,2025-12-30T20:15:00.0000000Z,4559,2109,4,1,H,0.552333,0.252238,0.195429,H,1,0.593604,0.302222,formax-outcome-4.0,6d861e191d14ee4741a5969b1d2ffbfc,2025-12-30T20:15:00.0000000Z,4
99582,40,2026-01-01T12:30:00.0000000Z,1912,2268,0,2,A,0.387279,0.292639,0.320083,H,0,1.139175,0.697909,formax-outcome-4.0,6d861e191d14ee4741a5969b1d2ffbfc,2026-01-01T12:30:00.0000000Z,4
98261,40,2026-01-01T15:00:00.0000000Z,1452,5841,1,1,D,0.275392,0.271474,0.453134,A,0,1.303890,0.811922,formax-outcome-4.0,6d861e191d14ee4741a5969b1d2ffbfc,2026-01-01T15:00:00.0000000Z,4
101673,40,2026-01-01T15:00:00.0000000Z,1499,4169,3,0,H,0.640872,0.219773,0.139355,H,1,0.444926,0.196693,formax-outcome-4.0,6d861e191d14ee4741a5969b1d2ffbfc,2026-01-01T15:00:00.0000000Z,4
102250,40,2026-01-01T15:00:00.0000000Z,1502,4379,1,2,A,0.499703,0.254397,0.245900,H,0,1.402829,0.883087,formax-outcome-4.0,6d861e191d14ee4741a5969b1d2ffbfc,2026-01-01T15:00:00.0000000Z,4
102338,40,2026-01-01T15:00:00.0000000Z,4290,1511,0,0,D,0.598683,0.234675,0.166642,H,0,1.449552,0.971912,formax-outcome-4.0,6d861e191d14ee4741a5969b1d2ffbfc,2026-01-01T15:00:00.0000000Z,4
102413,40,2026-01-01T15:00:00.0000000Z,3467,1531,1,0,H,0.428340,0.282438,0.289222,H,1,0.847837,0.490215,formax-outcome-4.0,6d861e191d14ee4741a5969b1d2ffbfc,2026-01-01T15:00:00.0000000Z,4
102489,40,2026-01-01T15:00:00.0000000Z,1053,1654,5,0,H,0.528962,0.260447,0.210591,H,1,0.636838,0.334058,formax-outcome-4.0,6d861e191d14ee4741a5969b1d2ffbfc,2026-01-01T15:00:00.0000000Z,4
102557,40,2026-01-01T15:00:00.0000000Z,3380,4380,1,0,H,0.407362,0.285131,0.307508,H,1,0.898054,0.527081,formax-outcome-4.0,6d861e191d14ee4741a5969b1d2ffbfc,2026-01-01T15:00:00.0000000Z,4
102695,40,2026-01-01T15:00:00.0000000Z,1718,3483,0,1,A,0.480153,0.271921,0.247926,H,0,1.394625,0.870103,formax-outcome-4.0,6d861e191d14ee4741a5969b1d2ffbfc,2026-01-01T15:00:00.0000000Z,4
103710,40,2026-01-01T15:00:00.0000000Z,1253,1490,3,0,H,0.459149,0.273122,0.267729,H,1,0.778381,0.438795,formax-outcome-4.0,6d861e191d14ee4741a5969b1d2ffbfc,2026-01-01T15:00:00.0000000Z,4
106444,40,2026-01-01T15:00:00.0000000Z,3598,1476,2,1,H,0.732138,0.180360,0.087502,H,1,0.311787,0.111937,formax-outcome-4.0,6d861e191d14ee4741a5969b1d2ffbfc,2026-01-01T15:00:00.0000000Z,4
103671,40,2026-01-01T17:30:00.0000000Z,1460,1910,3,1,H,0.443196,0.271470,0.285335,H,1,0.813744,0.465143,formax-outcome-4.0,6d861e191d14ee4741a5969b1d2ffbfc,2026-01-01T17:30:00.0000000Z,4
106319,39,2026-01-01T17:30:00.0000000Z,1486,4928,1,1,D,0.410090,0.272710,0.317200,H,0,1.299345,0.797740,formax-outcome-4.0,6d861e191d14ee4741a5969b1d2ffbfc,2026-01-01T17:30:00.0000000Z,4
106389,39,2026-01-01T17:30:00.0000000Z,2208,2269,0,0,D,0.611047,0.213450,0.175503,H,0,1.544353,1.022841,formax-outcome-4.0,6d861e191d14ee4741a5969b1d2ffbfc,2026-01-01T17:30:00.0000000Z,4
102934,39,2026-01-01T20:00:00.0000000Z,5807,2355,0,0,D,0.478636,0.256414,0.264950,H,0,1.360962,0.852211,formax-outcome-4.0,6d861e191d14ee4741a5969b1d2ffbfc,2026-01-01T20:00:00.0000000Z,4
104744,39,2026-01-01T20:00:00.0000000Z,2209,4166,0,0,D,0.090299,0.178476,0.731224,A,0,1.723299,1.217744,formax-outcome-4.0,6d861e191d14ee4741a5969b1d2ffbfc,2026-01-01T20:00:00.0000000Z,4
103158,135,2026-01-02T19:45:00.0000000Z,3394,1488,0,1,A,0.202032,0.249429,0.548540,A,1,0.600496,0.306848,formax-outcome-4.0,6d861e191d14ee4741a5969b1d2ffbfc,2026-01-02T19:45:00.0000000Z,4
106851,61,2026-01-02T19:45:00.0000000Z,1872,886,0,3,A,0.404812,0.291636,0.303552,H,0,1.192203,0.733965,formax-outcome-4.0,6d861e191d14ee4741a5969b1d2ffbfc,2026-01-02T19:45:00.0000000Z,4
103947,140,2026-01-02T20:00:00.0000000Z,2517,1914,1,1,D,0.529580,0.284194,0.186226,H,0,1.258097,0.827512,formax-outcome-4.0,6d861e191d14ee4741a5969b1d2ffbfc,2026-01-02T20:00:00.0000000Z,4
106554,135,2026-01-03T11:30:00.0000000Z,5356,3405,1,0,H,0.599193,0.238661,0.162146,H,1,0.512172,0.243897,formax-outcome-4.0,6d861e191d14ee4741a5969b1d2ffbfc,2026-01-03T11:30:00.0000000Z,4
102074,39,2026-01-03T12:30:00.0000000Z,2109,2480,3,1,H,0.564041,0.248955,0.187004,H,1,0.572628,0.287009,formax-outcome-4.0,6d861e191d14ee4741a5969b1d2ffbfc,2026-01-03T12:30:00.0000000Z,4
105574,140,2026-01-03T13:00:00.0000000Z,1904,2030,4,1,H,0.582591,0.246190,0.171218,H,1,0.540269,0.264155,formax-outcome-4.0,6d861e191d14ee4741a5969b1d2ffbfc,2026-01-03T13:00:00.0000000Z,4
106753,135,2026-01-03T14:00:00.0000000Z,1649,1838,1,1,D,0.381579,0.293694,0.324727,H,0,1.225216,0.749918,formax-outcome-4.0,6d861e191d14ee4741a5969b1d2ffbfc,2026-01-03T14:00:00.0000000Z,4
107001,135,2026-01-03T14:00:00.0000000Z,3903,3648,1,1,D,0.434203,0.293053,0.272744,H,0,1.227403,0.762696,formax-outcome-4.0,6d861e191d14ee4741a5969b1d2ffbfc,2026-01-03T14:00:00.0000000Z,4
99473,39,2026-01-03T15:00:00.0000000Z,1829,2751,3,0,H,0.365716,0.276533,0.357751,H,1,1.005898,0.606772,formax-outcome-4.0,6d861e191d14ee4741a5969b1d2ffbfc,2026-01-03T15:00:00.0000000Z,4
104953,39,2026-01-03T15:00:00.0000000Z,873,2531,2,0,H,0.659789,0.206488,0.133722,H,1,0.415835,0.176263,formax-outcome-4.0,6d861e191d14ee4741a5969b1d2ffbfc,2026-01-03T15:00:00.0000000Z,4
105619,140,2026-01-03T15:15:00.0000000Z,3599,1906,1,1,D,0.468943,0.296798,0.234259,H,0,1.214704,0.769278,formax-outcome-4.0,6d861e191d14ee4741a5969b1d2ffbfc,2026-01-03T15:15:00.0000000Z,4
53903,61,2026-01-03T16:00:00.0000000Z,2085,3589,1,3,A,0.360346,0.275869,0.363785,A,1,1.011193,0.610723,formax-outcome-4.0,6d861e191d14ee4741a5969b1d2ffbfc,2026-01-03T16:00:00.0000000Z,4
105788,135,2026-01-03T17:00:00.0000000Z,2013,1584,1,1,D,0.669676,0.221545,0.108779,H,0,1.507130,1.066291,formax-outcome-4.0,6d861e191d14ee4741a5969b1d2ffbfc,2026-01-03T17:00:00.0000000Z,4
104817,140,2026-01-03T17:30:00.0000000Z,3447,1776,1,3,A,0.266513,0.275444,0.458043,A,1,0.780791,0.440615,formax-outcome-4.0,6d861e191d14ee4741a5969b1d2ffbfc,2026-01-03T17:30:00.0000000Z,4
106478,39,2026-01-03T17:30:00.0000000Z,3646,4559,2,3,A,0.177257,0.237445,0.585298,A,1,0.535635,0.259778,formax-outcome-4.0,6d861e191d14ee4741a5969b1d2ffbfc,2026-01-03T17:30:00.0000000Z,4
104883,61,2026-01-03T18:00:00.0000000Z,3851,1911,1,1,D,0.298815,0.270456,0.430728,A,0,1.307645,0.807052,formax-outcome-4.0,6d861e191d14ee4741a5969b1d2ffbfc,2026-01-03T18:00:00.0000000Z,4
105998,135,2026-01-03T19:45:00.0000000Z,4702,2799,1,0,H,0.321728,0.311127,0.367144,A,0,1.134048,0.691648,formax-outcome-4.0,6d861e191d14ee4741a5969b1d2ffbfc,2026-01-03T19:45:00.0000000Z,4
105270,140,2026-01-03T20:00:00.0000000Z,762,4005,0,2,A,0.236419,0.250490,0.513090,A,1,0.667303,0.355720,formax-outcome-4.0,6d861e191d14ee4741a5969b1d2ffbfc,2026-01-03T20:00:00.0000000Z,4
102860,61,2026-01-03T20:05:00.0000000Z,4470,1781,0,2,A,0.554815,0.237649,0.207536,H,0,1.572452,0.992297,formax-outcome-4.0,6d861e191d14ee4741a5969b1d2ffbfc,2026-01-03T20:05:00.0000000Z,4
105507,135,2026-01-04T11:30:00.0000000Z,2837,2845,0,2,A,0.306326,0.318498,0.375176,A,1,0.980361,0.585682,formax-outcome-4.0,6d861e191d14ee4741a5969b1d2ffbfc,2026-01-04T11:30:00.0000000Z,4
98260,40,2026-01-04T12:00:00.0000000Z,1490,5841,3,2,H,0.348120,0.275622,0.376258,A,0,1.055207,0.642485,formax-outcome-4.0,6d861e191d14ee4741a5969b1d2ffbfc,2026-01-04T12:00:00.0000000Z,4
102249,40,2026-01-04T12:00:00.0000000Z,1502,4169,3,0,H,0.673423,0.199455,0.127123,H,1,0.395382,0.162595,formax-outcome-4.0,6d861e191d14ee4741a5969b1d2ffbfc,2026-01-04T12:00:00.0000000Z,4
103103,39,2026-01-04T12:30:00.0000000Z,2269,4266,1,1,D,0.327061,0.258248,0.414691,A,0,1.353833,0.829132,formax-outcome-4.0,6d861e191d14ee4741a5969b1d2ffbfc,2026-01-04T12:30:00.0000000Z,4
104408,140,2026-01-04T13:00:00.0000000Z,3049,2383,0,3,A,0.631085,0.220000,0.148916,H,0,1.904375,1.171012,formax-outcome-4.0,6d861e191d14ee4741a5969b1d2ffbfc,2026-01-04T13:00:00.0000000Z,4
105714,135,2026-01-04T14:00:00.0000000Z,1503,3558,1,0,H,0.388690,0.289021,0.322289,H,1,0.944973,0.561103,formax-outcome-4.0,6d861e191d14ee4741a5969b1d2ffbfc,2026-01-04T14:00:00.0000000Z,4
106167,61,2026-01-04T14:00:00.0000000Z,5071,1668,0,2,A,0.783400,0.144753,0.071847,H,0,2.633213,1.496137,formax-outcome-4.0,6d861e191d14ee4741a5969b1d2ffbfc,2026-01-04T14:00:00.0000000Z,4
71098,39,2026-01-04T15:00:00.0000000Z,1013,1486,2,0,H,0.543209,0.255211,0.201580,H,1,0.610261,0.314425,formax-outcome-4.0,6d861e191d14ee4741a5969b1d2ffbfc,2026-01-04T15:00:00.0000000Z,4
71198,39,2026-01-04T15:00:00.0000000Z,1482,5807,2,4,A,0.381057,0.294731,0.324213,H,0,1.126356,0.688759,formax-outcome-4.0,6d861e191d14ee4741a5969b1d2ffbfc,2026-01-04T15:00:00.0000000Z,4
99581,40,2026-01-04T15:00:00.0000000Z,1912,1452,2,2,D,0.482922,0.288213,0.228865,H,0,1.244056,0.792234,formax-outcome-4.0,6d861e191d14ee4741a5969b1d2ffbfc,2026-01-04T15:00:00.0000000Z,4
101672,40,2026-01-04T15:00:00.0000000Z,1053,1499,0,2,A,0.524323,0.262771,0.212906,H,0,1.546904,0.963480,formax-outcome-4.0,6d861e191d14ee4741a5969b1d2ffbfc,2026-01-04T15:00:00.0000000Z,4
102337,40,2026-01-04T15:00:00.0000000Z,1511,3467,2,1,H,0.484811,0.281525,0.233664,H,1,0.723996,0.399275,formax-outcome-4.0,6d861e191d14ee4741a5969b1d2ffbfc,2026-01-04T15:00:00.0000000Z,4
102556,40,2026-01-04T15:00:00.0000000Z,3380,2268,1,2,A,0.452046,0.275260,0.272694,H,0,1.299404,0.809087,formax-outcome-4.0,6d861e191d14ee4741a5969b1d2ffbfc,2026-01-04T15:00:00.0000000Z,4
102694,40,2026-01-04T15:00:00.0000000Z,4379,3483,0,2,A,0.454218,0.282539,0.263243,H,0,1.334677,0.828953,formax-outcome-4.0,6d861e191d14ee4741a5969b1d2ffbfc,2026-01-04T15:00:00.0000000Z,4
102802,40,2026-01-04T15:00:00.0000000Z,4380,4290,4,0,H,0.414249,0.283110,0.302641,H,1,0.881289,0.514848,formax-outcome-4.0,6d861e191d14ee4741a5969b1d2ffbfc,2026-01-04T15:00:00.0000000Z,4
106360,39,2026-01-04T15:00:00.0000000Z,2355,2209,1,1,D,0.614089,0.241850,0.144060,H,0,1.419436,0.972650,formax-outcome-4.0,6d861e191d14ee4741a5969b1d2ffbfc,2026-01-04T15:00:00.0000000Z,4
106223,140,2026-01-04T15:15:00.0000000Z,4521,2033,5,1,H,0.545987,0.246300,0.207713,H,1,0.605160,0.309936,formax-outcome-4.0,6d861e191d14ee4741a5969b1d2ffbfc,2026-01-04T15:15:00.0000000Z,4
107269,39,2026-01-04T15:15:00.0000000Z,4928,2208,2,2,D,0.372425,0.276110,0.351465,H,0,1.286957,0.786245,formax-outcome-4.0,6d861e191d14ee4741a5969b1d2ffbfc,2026-01-04T15:15:00.0000000Z,4
60446,61,2026-01-04T16:15:00.0000000Z,4558,1815,2,0,H,0.439936,0.272039,0.288025,H,1,0.821125,0.470635,formax-outcome-4.0,6d861e191d14ee4741a5969b1d2ffbfc,2026-01-04T16:15:00.0000000Z,4
103272,61,2026-01-04T16:15:00.0000000Z,1823,1257,2,1,H,0.362249,0.305183,0.332568,H,1,1.015425,0.610465,formax-outcome-4.0,6d861e191d14ee4741a5969b1d2ffbfc,2026-01-04T16:15:00.0000000Z,4
106811,61,2026-01-04T16:15:00.0000000Z,1666,1078,1,1,D,0.531306,0.241830,0.226864,H,0,1.419520,0.908575,formax-outcome-4.0,6d861e191d14ee4741a5969b1d2ffbfc,2026-01-04T16:15:00.0000000Z,4
105440,135,2026-01-04T17:00:00.0000000Z,1719,1652,0,3,A,0.308507,0.305956,0.385537,A,1,0.953118,0.566350,formax-outcome-4.0,6d861e191d14ee4741a5969b1d2ffbfc,2026-01-04T17:00:00.0000000Z,4
101831,39,2026-01-04T17:30:00.0000000Z,4166,3373,1,1,D,0.521570,0.250696,0.227734,H,0,1.383514,0.885355,formax-outcome-4.0,6d861e191d14ee4741a5969b1d2ffbfc,2026-01-04T17:30:00.0000000Z,4
103876,140,2026-01-04T17:30:00.0000000Z,759,1944,1,1,D,0.580867,0.259966,0.159167,H,0,1.347204,0.910391,formax-outcome-4.0,6d861e191d14ee4741a5969b1d2ffbfc,2026-01-04T17:30:00.0000000Z,4
105212,140,2026-01-04T17:30:00.0000000Z,1925,758,1,2,A,0.554774,0.256664,0.188562,H,0,1.668330,1.032083,formax-outcome-4.0,6d861e191d14ee4741a5969b1d2ffbfc,2026-01-04T17:30:00.0000000Z,4
60898,61,2026-01-04T19:45:00.0000000Z,5284,4292,2,1,H,0.768504,0.151946,0.079551,H,1,0.263310,0.083006,formax-outcome-4.0,6d861e191d14ee4741a5969b1d2ffbfc,2026-01-04T19:45:00.0000000Z,4
106609,135,2026-01-04T19:45:00.0000000Z,2685,1520,3,1,H,0.505196,0.274912,0.219892,H,1,0.682810,0.368761,formax-outcome-4.0,6d861e191d14ee4741a5969b1d2ffbfc,2026-01-04T19:45:00.0000000Z,4
101762,140,2026-01-04T20:00:00.0000000Z,1830,4267,1,1,D,0.202319,0.245074,0.552607,A,0,1.406196,0.916221,formax-outcome-4.0,6d861e191d14ee4741a5969b1d2ffbfc,2026-01-04T20:00:00.0000000Z,4
102412,40,2026-01-05T20:00:00.0000000Z,1910,1531,2,1,H,0.602360,0.231265,0.166375,H,1,0.506900,0.239282,formax-outcome-4.0,6d861e191d14ee4741a5969b1d2ffbfc,2026-01-05T20:00:00.0000000Z,4
106553,135,2026-01-06T14:00:00.0000000Z,1838,5356,0,3,A,0.218865,0.281729,0.499405,A,1,0.694337,0.377868,formax-outcome-4.0,6d861e191d14ee4741a5969b1d2ffbfc,2026-01-06T14:00:00.0000000Z,4
105787,135,2026-01-06T17:00:00.0000000Z,1584,2799,0,2,A,0.122391,0.242029,0.635580,A,1,0.453217,0.206360,formax-outcome-4.0,6d861e191d14ee4741a5969b1d2ffbfc,2026-01-06T17:00:00.0000000Z,4
107319,135,2026-01-06T19:45:00.0000000Z,3903,2013,0,3,A,0.209503,0.272287,0.518210,A,1,0.657374,0.350153,formax-outcome-4.0,6d861e191d14ee4741a5969b1d2ffbfc,2026-01-06T19:45:00.0000000Z,4
105002,39,2026-01-06T20:00:00.0000000Z,2751,2480,1,2,A,0.358060,0.276463,0.365478,A,1,1.006550,0.607257,formax-outcome-4.0,6d861e191d14ee4741a5969b1d2ffbfc,2026-01-06T20:00:00.0000000Z,4
105439,135,2026-01-07T17:30:00.0000000Z,2845,1719,2,2,D,0.655284,0.225933,0.118783,H,0,1.487519,1.042687,formax-outcome-4.0,6d861e191d14ee4741a5969b1d2ffbfc,2026-01-07T17:30:00.0000000Z,4
105997,135,2026-01-07T17:30:00.0000000Z,1520,4702,0,2,A,0.298084,0.295595,0.406321,A,1,0.900612,0.528685,formax-outcome-4.0,6d861e191d14ee4741a5969b1d2ffbfc,2026-01-07T17:30:00.0000000Z,4
71197,39,2026-01-07T19:30:00.0000000Z,1482,1829,1,1,D,0.532545,0.260119,0.207335,H,0,1.346615,0.874016,formax-outcome-4.0,6d861e191d14ee4741a5969b1d2ffbfc,2026-01-07T19:30:00.0000000Z,4
101830,39,2026-01-07T19:30:00.0000000Z,4928,3373,2,1,H,0.294326,0.268305,0.437369,A,0,1.223068,0.761256,formax-outcome-4.0,6d861e191d14ee4741a5969b1d2ffbfc,2026-01-07T19:30:00.0000000Z,4
102073,39,2026-01-07T19:30:00.0000000Z,1486,2109,0,0,D,0.289690,0.276235,0.434074,A,0,1.286502,0.796176,formax-outcome-4.0,6d861e191d14ee4741a5969b1d2ffbfc,2026-01-07T19:30:00.0000000Z,4
102933,39,2026-01-07T19:30:00.0000000Z,5807,2209,3,0,H,0.664654,0.213806,0.121539,H,1,0.408488,0.172942,formax-outcome-4.0,6d861e191d14ee4741a5969b1d2ffbfc,2026-01-07T19:30:00.0000000Z,4
104743,39,2026-01-07T19:30:00.0000000Z,4166,873,1,1,D,0.608882,0.220279,0.170839,H,0,1.512862,1.007889,formax-outcome-4.0,6d861e191d14ee4741a5969b1d2ffbfc,2026-01-07T19:30:00.0000000Z,4
107194,39,2026-01-07T19:30:00.0000000Z,3646,2355,3,2,H,0.422332,0.262396,0.315272,H,1,0.861964,0.501948,formax-outcome-4.0,6d861e191d14ee4741a5969b1d2ffbfc,2026-01-07T19:30:00.0000000Z,4
105506,135,2026-01-07T19:45:00.0000000Z,2837,1503,2,2,D,0.376810,0.294527,0.328663,H,0,1.222384,0.747697,formax-outcome-4.0,6d861e191d14ee4741a5969b1d2ffbfc,2026-01-07T19:45:00.0000000Z,4
106608,135,2026-01-07T19:45:00.0000000Z,3648,2685,0,2,A,0.091910,0.188882,0.719208,A,1,0.329605,0.122968,formax-outcome-4.0,6d861e191d14ee4741a5969b1d2ffbfc,2026-01-07T19:45:00.0000000Z,4
107350,135,2026-01-07T19:45:00.0000000Z,1652,3405,1,2,A,0.379783,0.290618,0.329599,H,0,1.109878,0.678131,formax-outcome-4.0,6d861e191d14ee4741a5969b1d2ffbfc,2026-01-07T19:45:00.0000000Z,4
71097,39,2026-01-07T20:15:00.0000000Z,1013,2269,4,3,H,0.642501,0.210700,0.146799,H,1,0.442387,0.193750,formax-outcome-4.0,6d861e191d14ee4741a5969b1d2ffbfc,2026-01-07T20:15:00.0000000Z,4
103102,39,2026-01-07T20:15:00.0000000Z,2531,4266,2,2,D,0.221422,0.251449,0.527129,A,0,1.380516,0.887222,formax-outcome-4.0,6d861e191d14ee4741a5969b1d2ffbfc,2026-01-07T20:15:00.0000000Z,4
105713,135,2026-01-08T17:30:00.0000000Z,3558,3394,2,2,D,0.344714,0.292170,0.363116,A,0,1.230420,0.751705,formax-outcome-4.0,6d861e191d14ee4741a5969b1d2ffbfc,2026-01-08T17:30:00.0000000Z,4
103157,135,2026-01-08T19:45:00.0000000Z,1488,1649,1,1,D,0.553240,0.249763,0.196997,H,0,1.387244,0.907739,formax-outcome-4.0,6d861e191d14ee4741a5969b1d2ffbfc,2026-01-08T19:45:00.0000000Z,4
106477,39,2026-01-08T20:00:00.0000000Z,4559,2208,0,0,D,0.677636,0.199119,0.123244,H,0,1.613852,1.115791,formax-outcome-4.0,6d861e191d14ee4741a5969b1d2ffbfc,2026-01-08T20:00:00.0000000Z,4
72556,78,2026-01-09T19:30:00.0000000Z,4472,989,3,3,D,0.261007,0.235570,0.503423,A,0,1.445749,0.905913,formax-outcome-4.0,6d861e191d14ee4741a5969b1d2ffbfc,2026-01-09T19:30:00.0000000Z,4
101761,140,2026-01-09T20:00:00.0000000Z,1914,1830,1,2,A,0.389049,0.296772,0.314179,H,0,1.157794,0.709784,formax-outcome-4.0,6d861e191d14ee4741a5969b1d2ffbfc,2026-01-09T20:00:00.0000000Z,4
106222,140,2026-01-10T13:00:00.0000000Z,1944,2033,1,1,D,0.160578,0.229688,0.609734,A,0,1.471034,0.990941,formax-outcome-4.0,6d861e191d14ee4741a5969b1d2ffbfc,2026-01-10T13:00:00.0000000Z,4
106552,135,2026-01-10T14:00:00.0000000Z,5356,1520,1,1,D,0.358161,0.289455,0.352384,H,0,1.239754,0.757327,formax-outcome-4.0,6d861e191d14ee4741a5969b1d2ffbfc,2026-01-10T14:00:00.0000000Z,4
106065,78,2026-01-10T14:30:00.0000000Z,5685,4469,2,1,H,0.481486,0.239626,0.278889,H,1,0.730879,0.404056,formax-outcome-4.0,6d861e191d14ee4741a5969b1d2ffbfc,2026-01-10T14:30:00.0000000Z,4
107144,78,2026-01-10T14:30:00.0000000Z,4330,5078,2,2,D,0.267925,0.235317,0.496759,A,0,1.446823,0.903293,formax-outcome-4.0,6d861e191d14ee4741a5969b1d2ffbfc,2026-01-10T14:30:00.0000000Z,4
103875,140,2026-01-10T15:15:00.0000000Z,1776,759,3,1,H,0.625334,0.229403,0.145263,H,1,0.469469,0.214101,formax-outcome-4.0,6d861e191d14ee4741a5969b1d2ffbfc,2026-01-10T15:15:00.0000000Z,4
103740,88,2026-01-10T15:30:00.0000000Z,1271,4677,1,0,H,0.655274,0.195905,0.148821,H,1,0.422702,0.179362,formax-outcome-4.0,6d861e191d14ee4741a5969b1d2ffbfc,2026-01-10T15:30:00.0000000Z,4
107410,135,2026-01-10T17:00:00.0000000Z,2799,3903,2,0,H,0.529049,0.268540,0.202411,H,1,0.636675,0.334879,formax-outcome-4.0,6d861e191d14ee4741a5969b1d2ffbfc,2026-01-10T17:00:00.0000000Z,4
102132,78,2026-01-10T17:30:00.0000000Z,1260,1278,1,4,A,0.560584,0.212994,0.226422,H,0,1.485353,0.958043,formax-outcome-4.0,6d861e191d14ee4741a5969b1d2ffbfc,2026-01-10T17:30:00.0000000Z,4
105211,140,2026-01-10T17:30:00.0000000Z,758,3599,1,0,H,0.297927,0.279119,0.422954,A,0,1.210907,0.749704,formax-outcome-4.0,6d861e191d14ee4741a5969b1d2ffbfc,2026-01-10T17:30:00.0000000Z,4
83330,88,2026-01-10T17:45:00.0000000Z,3707,2612,1,1,D,0.654374,0.196594,0.149033,H,0,1.626617,1.095878,formax-outcome-4.0,6d861e191d14ee4741a5969b1d2ffbfc,2026-01-10T17:45:00.0000000Z,4
104009,88,2026-01-10T19:00:00.0000000Z,1775,4124,5,1,H,0.804009,0.124082,0.071910,H,1,0.218145,0.058980,formax-outcome-4.0,6d861e191d14ee4741a5969b1d2ffbfc,2026-01-10T19:00:00.0000000Z,4
105996,135,2026-01-10T19:45:00.0000000Z,4702,1652,2,0,H,0.533953,0.266427,0.199620,H,1,0.627447,0.328031,formax-outcome-4.0,6d861e191d14ee4741a5969b1d2ffbfc,2026-01-10T19:45:00.0000000Z,4
104471,88,2026-01-10T20:00:00.0000000Z,1301,1378,0,0,D,0.509147,0.257165,0.233687,H,0,1.358036,0.865644,formax-outcome-4.0,6d861e191d14ee4741a5969b1d2ffbfc,2026-01-10T20:00:00.0000000Z,4
105757,140,2026-01-10T20:00:00.0000000Z,2030,3447,1,1,D,0.495088,0.267507,0.237405,H,0,1.318610,0.838019,formax-outcome-4.0,6d861e191d14ee4741a5969b1d2ffbfc,2026-01-10T20:00:00.0000000Z,4
104605,88,2026-01-11T11:15:00.0000000Z,990,2516,2,2,D,0.323386,0.245942,0.430671,A,0,1.402659,0.858660,formax-outcome-4.0,6d861e191d14ee4741a5969b1d2ffbfc,2026-01-11T11:15:00.0000000Z,4
105786,135,2026-01-11T11:30:00.0000000Z,1584,3648,1,2,A,0.258029,0.304596,0.437374,A,1,0.826966,0.475905,formax-outcome-4.0,6d861e191d14ee4741a5969b1d2ffbfc,2026-01-11T11:30:00.0000000Z,4
104333,140,2026-01-11T13:00:00.0000000Z,2517,1925,2,1,H,0.493739,0.282617,0.223644,H,1,0.705747,0.386189,formax-outcome-4.0,6d861e191d14ee4741a5969b1d2ffbfc,2026-01-11T13:00:00.0000000Z,4
88174,88,2026-01-11T13:30:00.0000000Z,3539,2530,2,3,A,0.402179,0.258156,0.339665,H,0,1.079796,0.664435,formax-outcome-4.0,6d861e191d14ee4741a5969b1d2ffbfc,2026-01-11T13:30:00.0000000Z,4
104245,88,2026-01-11T13:30:00.0000000Z,1580,1079,2,2,D,0.485119,0.252708,0.262173,H,0,1.375522,0.862521,formax-outcome-4.0,6d861e191d14ee4741a5969b1d2ffbfc,2026-01-11T13:30:00.0000000Z,4
103156,135,2026-01-11T14:00:00.0000000Z,1503,1488,1,1,D,0.212756,0.250416,0.536828,A,0,1.384631,0.895325,formax-outcome-4.0,6d861e191d14ee4741a5969b1d2ffbfc,2026-01-11T14:00:00.0000000Z,4
101967,78,2026-01-11T14:30:00.0000000Z,1051,1109,4,0,H,0.418587,0.257088,0.324326,H,1,0.870871,0.509322,formax-outcome-4.0,6d861e191d14ee4741a5969b1d2ffbfc,2026-01-11T14:30:00.0000000Z,4
105269,140,2026-01-11T15:15:00.0000000Z,2383,762,1,1,D,0.283740,0.283647,0.432613,A,0,1.260024,0.780823,formax-outcome-4.0,6d861e191d14ee4741a5969b1d2ffbfc,2026-01-11T15:15:00.0000000Z,4
97497,88,2026-01-11T15:45:00.0000000Z,1162,4157,2,0,H,0.535212,0.232211,0.232577,H,1,0.625092,0.324042,formax-outcome-4.0,6d861e191d14ee4741a5969b1d2ffbfc,2026-01-11T15:45:00.0000000Z,4
102030,78,2026-01-11T16:30:00.0000000Z,1328,5353,8,1,H,0.872814,0.083636,0.043551,H,1,0.136033,0.025068,formax-outcome-4.0,6d861e191d14ee4741a5969b1d2ffbfc,2026-01-11T16:30:00.0000000Z,4
105438,135,2026-01-11T17:00:00.0000000Z,1719,2837,0,1,A,0.157234,0.246753,0.596013,A,1,0.517493,0.248815,formax-outcome-4.0,6d861e191d14ee4741a5969b1d2ffbfc,2026-01-11T17:00:00.0000000Z,4
106607,135,2026-01-11T19:45:00.0000000Z,2685,2845,2,2,D,0.435653,0.289783,0.274564,H,0,1.238622,0.769586,formax-outcome-4.0,6d861e191d14ee4741a5969b1d2ffbfc,2026-01-11T19:45:00.0000000Z,4
106752,135,2026-01-12T17:30:00.0000000Z,1649,3394,3,0,H,0.323691,0.282444,0.393865,A,0,1.127965,0.692298,formax-outcome-4.0,6d861e191d14ee4741a5969b1d2ffbfc,2026-01-12T17:30:00.0000000Z,4
105712,135,2026-01-12T19:45:00.0000000Z,2013,3558,5,0,H,0.526926,0.267142,0.205932,H,1,0.640695,0.337572,formax-outcome-4.0,6d861e191d14ee4741a5969b1d2ffbfc,2026-01-12T19:45:00.0000000Z,4
104407,140,2026-01-12T20:00:00.0000000Z,3049,1904,0,1,A,0.312302,0.269939,0.417759,A,1,0.872850,0.509404,formax-outcome-4.0,6d861e191d14ee4741a5969b1d2ffbfc,2026-01-12T20:00:00.0000000Z,4
72555,78,2026-01-13T17:30:00.0000000Z,1278,4472,3,2,H,0.518206,0.215058,0.266736,H,1,0.657382,0.349523,formax-outcome-4.0,6d861e191d14ee4741a5969b1d2ffbfc,2026-01-13T17:30:00.0000000Z,4
101571,78,2026-01-13T19:30:00.0000000Z,989,966,3,0,H,0.742373,0.152167,0.105460,H,1,0.297904,0.100648,formax-outcome-4.0,6d861e191d14ee4741a5969b1d2ffbfc,2026-01-13T19:30:00.0000000Z,4
107143,78,2026-01-13T19:30:00.0000000Z,1281,4330,2,1,H,0.647701,0.198376,0.153923,H,1,0.434326,0.187160,formax-outcome-4.0,6d861e191d14ee4741a5969b1d2ffbfc,2026-01-13T19:30:00.0000000Z,4
106906,135,2026-01-14T17:30:00.0000000Z,2845,3648,0,0,D,0.596466,0.245642,0.157892,H,0,1.403880,0.949757,formax-outcome-4.0,6d861e191d14ee4741a5969b1d2ffbfc,2026-01-14T17:30:00.0000000Z,4
101888,78,2026-01-14T19:30:00.0000000Z,821,5685,2,0,H,0.519608,0.227583,0.252809,H,1,0.654681,0.346483,formax-outcome-4.0,6d861e191d14ee4741a5969b1d2ffbfc,2026-01-14T19:30:00.0000000Z,4
101966,78,2026-01-14T19:30:00.0000000Z,3573,1051,5,1,H,0.457341,0.226691,0.315968,H,1,0.782326,0.445703,formax-outcome-4.0,6d861e191d14ee4741a5969b1d2ffbfc,2026-01-14T19:30:00.0000000Z,4
102029,78,2026-01-14T19:30:00.0000000Z,5078,1328,1,3,A,0.084906,0.104595,0.810500,A,1,0.210104,0.054059,formax-outcome-4.0,6d861e191d14ee4741a5969b1d2ffbfc,2026-01-14T19:30:00.0000000Z,4
105785,135,2026-01-14T19:45:00.0000000Z,2685,1584,1,0,H,0.789414,0.148721,0.061865,H,1,0.236465,0.070292,formax-outcome-4.0,6d861e191d14ee4741a5969b1d2ffbfc,2026-01-14T19:45:00.0000000Z,4
105437,135,2026-01-15T17:30:00.0000000Z,1719,1520,2,3,A,0.168741,0.245886,0.585373,A,1,0.535506,0.260849,formax-outcome-4.0,6d861e191d14ee4741a5969b1d2ffbfc,2026-01-15T17:30:00.0000000Z,4
7908,135,2026-01-15T19:45:00.0000000Z,5356,1488,1,3,A,0.353543,0.288162,0.358296,A,1,1.026396,0.619814,formax-outcome-4.0,6d861e191d14ee4741a5969b1d2ffbfc,2026-01-15T19:45:00.0000000Z,4
98355,61,2026-01-16T18:00:00.0000000Z,2085,1666,1,3,A,0.544368,0.246920,0.208712,H,0,1.566801,0.983443,formax-outcome-4.0,6d861e191d14ee4741a5969b1d2ffbfc,2026-01-16T18:00:00.0000000Z,4
72554,78,2026-01-16T19:30:00.0000000Z,966,4472,3,3,D,0.337230,0.235330,0.427439,A,0,1.446765,0.881148,formax-outcome-4.0,6d861e191d14ee4741a5969b1d2ffbfc,2026-01-16T19:30:00.0000000Z,4
105995,135,2026-01-16T19:45:00.0000000Z,1838,4702,1,1,D,0.152525,0.237699,0.609776,A,0,1.436748,0.976192,formax-outcome-4.0,6d861e191d14ee4741a5969b1d2ffbfc,2026-01-16T19:45:00.0000000Z,4
102411,40,2026-01-16T20:00:00.0000000Z,1531,4380,2,3,A,0.394471,0.284408,0.321120,H,0,1.135940,0.697374,formax-outcome-4.0,6d861e191d14ee4741a5969b1d2ffbfc,2026-01-16T20:00:00.0000000Z,4
102859,61,2026-01-16T20:00:00.0000000Z,5284,4470,3,0,H,0.636560,0.215587,0.147853,H,1,0.451677,0.200427,formax-outcome-4.0,6d861e191d14ee4741a5969b1d2ffbfc,2026-01-16T20:00:00.0000000Z,4
105210,140,2026-01-16T20:00:00.0000000Z,762,758,0,2,A,0.571449,0.253995,0.174556,H,0,1.745508,1.072425,formax-outcome-4.0,6d861e191d14ee4741a5969b1d2ffbfc,2026-01-16T20:00:00.0000000Z,4
98258,40,2026-01-17T12:30:00.0000000Z,5841,1910,2,1,H,0.518135,0.245278,0.236586,H,1,0.657519,0.348328,formax-outcome-4.0,6d861e191d14ee4741a5969b1d2ffbfc,2026-01-17T12:30:00.0000000Z,4
99579,40,2026-01-17T12:30:00.0000000Z,3598,1912,3,0,H,0.705498,0.194582,0.099920,H,1,0.348851,0.134577,formax-outcome-4.0,6d861e191d14ee4741a5969b1d2ffbfc,2026-01-17T12:30:00.0000000Z,4
102336,40,2026-01-17T12:30:00.0000000Z,1253,1511,0,2,A,0.539354,0.256221,0.204426,H,0,1.587552,0.989490,formax-outcome-4.0,6d861e191d14ee4741a5969b1d2ffbfc,2026-01-17T12:30:00.0000000Z,4
103101,39,2026-01-17T12:30:00.0000000Z,4266,4166,2,0,H,0.260505,0.252677,0.486818,A,0,1.345133,0.847690,formax-outcome-4.0,6d861e191d14ee4741a5969b1d2ffbfc,2026-01-17T12:30:00.0000000Z,4
105326,140,2026-01-17T13:00:00.0000000Z,4521,2383,2,0,H,0.837771,0.114469,0.047760,H,1,0.177011,0.041702,formax-outcome-4.0,6d861e191d14ee4741a5969b1d2ffbfc,2026-01-17T13:00:00.0000000Z,4
105057,203,2026-01-17T14:00:00.0000000Z,3661,6019,2,1,H,0.760033,0.155450,0.084517,H,1,0.274394,0.088892,formax-outcome-4.0,6d861e191d14ee4741a5969b1d2ffbfc,2026-01-17T14:00:00.0000000Z,4
106606,135,2026-01-17T14:00:00.0000000Z,3405,2685,0,1,A,0.092608,0.173772,0.733620,A,1,0.309764,0.109731,formax-outcome-4.0,6d861e191d14ee4741a5969b1d2ffbfc,2026-01-17T14:00:00.0000000Z,4
101965,78,2026-01-17T14:30:00.0000000Z,4469,1051,0,0,D,0.474434,0.230372,0.295194,H,0,1.468058,0.904554,formax-outcome-4.0,6d861e191d14ee4741a5969b1d2ffbfc,2026-01-17T14:30:00.0000000Z,4
102131,78,2026-01-17T14:30:00.0000000Z,3573,1260,1,0,H,0.343838,0.220473,0.435689,A,0,1.067584,0.668981,formax-outcome-4.0,6d861e191d14ee4741a5969b1d2ffbfc,2026-01-17T14:30:00.0000000Z,4
106677,78,2026-01-17T14:30:00.0000000Z,989,4528,3,2,H,0.802676,0.126723,0.070600,H,1,0.219804,0.059980,formax-outcome-4.0,6d861e191d14ee4741a5969b1d2ffbfc,2026-01-17T14:30:00.0000000Z,4
107142,78,2026-01-17T14:30:00.0000000Z,5353,4330,1,1,D,0.638536,0.189795,0.171669,H,0,1.661813,1.093632,formax-outcome-4.0,6d861e191d14ee4741a5969b1d2ffbfc,2026-01-17T14:30:00.0000000Z,4
101671,40,2026-01-17T15:00:00.0000000Z,1499,3380,0,1,A,0.550469,0.252325,0.197206,H,0,1.623508,1.011163,formax-outcome-4.0,6d861e191d14ee4741a5969b1d2ffbfc,2026-01-17T15:00:00.0000000Z,4
101829,39,2026-01-17T15:00:00.0000000Z,3373,5807,2,0,H,0.489650,0.256912,0.253438,H,1,0.714064,0.390691,formax-outcome-4.0,6d861e191d14ee4741a5969b1d2ffbfc,2026-01-17T15:00:00.0000000Z,4
102200,40,2026-01-17T15:00:00.0000000Z,1452,1460,1,0,H,0.376891,0.270207,0.352902,H,1,0.975799,0.585817,formax-outcome-4.0,6d861e191d14ee4741a5969b1d2ffbfc,2026-01-17T15:00:00.0000000Z,4
102248,40,2026-01-17T15:00:00.0000000Z,3483,1502,0,0,D,0.521816,0.258816,0.219368,H,0,1.351639,0.869769,formax-outcome-4.0,6d861e191d14ee4741a5969b1d2ffbfc,2026-01-17T15:00:00.0000000Z,4
102488,40,2026-01-17T15:00:00.0000000Z,4169,1654,0,1,A,0.379688,0.271632,0.348679,H,0,1.053603,0.642166,formax-outcome-4.0,6d861e191d14ee4741a5969b1d2ffbfc,2026-01-17T15:00:00.0000000Z,4
102750,40,2026-01-17T15:00:00.0000000Z,2268,4379,1,2,A,0.628676,0.215152,0.156172,H,0,1.856795,1.153569,formax-outcome-4.0,6d861e191d14ee4741a5969b1d2ffbfc,2026-01-17T15:00:00.0000000Z,4
102996,40,2026-01-17T15:00:00.0000000Z,1476,1053,0,0,D,0.343591,0.281545,0.374864,A,0,1.267464,0.774756,formax-outcome-4.0,6d861e191d14ee4741a5969b1d2ffbfc,2026-01-17T15:00:00.0000000Z,4
104687,40,2026-01-17T15:00:00.0000000Z,4290,1718,1,2,A,0.561902,0.237689,0.200409,H,0,1.607397,1.011577,formax-outcome-4.0,6d861e191d14ee4741a5969b1d2ffbfc,2026-01-17T15:00:00.0000000Z,4
104952,39,2026-01-17T15:00:00.0000000Z,2208,2531,1,1,D,0.704272,0.190264,0.105464,H,0,1.659341,1.162793,formax-outcome-4.0,6d861e191d14ee4741a5969b1d2ffbfc,2026-01-17T15:00:00.0000000Z,4
105001,39,2026-01-17T15:00:00.0000000Z,2355,2751,1,2,A,0.587073,0.230990,0.181938,H,0,1.704091,1.067236,formax-outcome-4.0,6d861e191d14ee4741a5969b1d2ffbfc,2026-01-17T15:00:00.0000000Z,4
106318,39,2026-01-17T15:00:00.0000000Z,2209,1486,2,1,H,0.263236,0.303727,0.433037,A,0,1.334704,0.822592,formax-outcome-4.0,6d861e191d14ee4741a5969b1d2ffbfc,2026-01-17T15:00:00.0000000Z,4
106388,39,2026-01-17T15:00:00.0000000Z,2269,4928,1,0,H,0.363055,0.261613,0.375332,A,0,1.013200,0.615014,formax-outcome-4.0,6d861e191d14ee4741a5969b1d2ffbfc,2026-01-17T15:00:00.0000000Z,4
106121,140,2026-01-17T15:15:00.0000000Z,1925,1906,3,2,H,0.347158,0.316885,0.335957,H,1,1.057975,0.639485,formax-outcome-4.0,6d861e191d14ee4741a5969b1d2ffbfc,2026-01-17T15:15:00.0000000Z,4
88172,88,2026-01-17T15:30:00.0000000Z,2530,1580,2,2,D,0.549093,0.224606,0.226301,H,0,1.493406,0.953950,formax-outcome-4.0,6d861e191d14ee4741a5969b1d2ffbfc,2026-01-17T15:30:00.0000000Z,4
60445,61,2026-01-17T16:00:00.0000000Z,886,1815,1,0,H,0.666541,0.211450,0.122009,H,1,0.405654,0.170792,formax-outcome-4.0,6d861e191d14ee4741a5969b1d2ffbfc,2026-01-17T16:00:00.0000000Z,4
98873,203,2026-01-17T17:00:00.0000000Z,3309,4926,1,1,D,0.761566,0.155226,0.083209,H,0,1.862874,1.300549,formax-outcome-4.0,6d861e191d14ee4741a5969b1d2ffbfc,2026-01-17T17:00:00.0000000Z,4
106905,135,2026-01-17T17:00:00.0000000Z,2845,3903,1,0,H,0.560260,0.255015,0.184725,H,1,0.579354,0.292527,formax-outcome-4.0,6d861e191d14ee4741a5969b1d2ffbfc,2026-01-17T17:00:00.0000000Z,4
101887,78,2026-01-17T17:30:00.0000000Z,821,1328,1,5,A,0.144245,0.171418,0.684337,A,1,0.379305,0.149834,formax-outcome-4.0,6d861e191d14ee4741a5969b1d2ffbfc,2026-01-17T17:30:00.0000000Z,4
102634,40,2026-01-17T17:30:00.0000000Z,3467,1490,1,1,D,0.434993,0.279298,0.285709,H,0,1.275475,0.790259,formax-outcome-4.0,6d861e191d14ee4741a5969b1d2ffbfc,2026-01-17T17:30:00.0000000Z,4
105618,140,2026-01-17T17:30:00.0000000Z,3599,1944,3,2,H,0.621034,0.237278,0.141688,H,1,0.476369,0.219992,formax-outcome-4.0,6d861e191d14ee4741a5969b1d2ffbfc,2026-01-17T17:30:00.0000000Z,4
106419,39,2026-01-17T17:30:00.0000000Z,2480,4559,0,0,D,0.163656,0.242105,0.594238,A,0,1.418382,0.954307,formax-outcome-4.0,6d861e191d14ee4741a5969b1d2ffbfc,2026-01-17T17:30:00.0000000Z,4
103739,88,2026-01-17T17:45:00.0000000Z,2612,1271,3,1,H,0.182686,0.210869,0.606445,A,0,1.699987,1.080244,formax-outcome-4.0,6d861e191d14ee4741a5969b1d2ffbfc,2026-01-17T17:45:00.0000000Z,4
106850,61,2026-01-17T18:00:00.0000000Z,1872,3851,5,1,H,0.560779,0.247533,0.191688,H,1,0.578428,0.290932,formax-outcome-4.0,6d861e191d14ee4741a5969b1d2ffbfc,2026-01-17T18:00:00.0000000Z,4
97864,88,2026-01-17T19:00:00.0000000Z,4124,3539,2,2,D,0.312646,0.254675,0.432679,A,0,1.367769,0.840469,formax-outcome-4.0,6d861e191d14ee4741a5969b1d2ffbfc,2026-01-17T19:00:00.0000000Z,4
104008,88,2026-01-17T19:00:00.0000000Z,1079,1775,1,2,A,0.109806,0.157838,0.732355,A,1,0.311490,0.108604,formax-outcome-4.0,6d861e191d14ee4741a5969b1d2ffbfc,2026-01-17T19:00:00.0000000Z,4
106955,135,2026-01-17T19:45:00.0000000Z,3394,2013,1,0,H,0.132506,0.214295,0.653199,A,0,2.021127,1.225137,formax-outcome-4.0,6d861e191d14ee4741a5969b1d2ffbfc,2026-01-17T19:45:00.0000000Z,4
38695,88,2026-01-17T20:00:00.0000000Z,1378,1080,3,4,A,0.237226,0.238974,0.523800,A,1,0.646645,0.340151,formax-outcome-4.0,6d861e191d14ee4741a5969b1d2ffbfc,2026-01-17T20:00:00.0000000Z,4
104816,140,2026-01-17T20:00:00.0000000Z,2033,1776,2,0,H,0.424399,0.258494,0.317107,H,1,0.857081,0.498692,formax-outcome-4.0,6d861e191d14ee4741a5969b1d2ffbfc,2026-01-17T20:00:00.0000000Z,4
103271,61,2026-01-17T20:05:00.0000000Z,1257,5071,2,5,A,0.269035,0.275178,0.455787,A,1,0.785730,0.444271,formax-outcome-4.0,6d861e191d14ee4741a5969b1d2ffbfc,2026-01-17T20:05:00.0000000Z,4
104470,88,2026-01-18T11:15:00.0000000Z,990,1301,0,2,A,0.474972,0.250991,0.274037,H,0,1.294491,0.815617,formax-outcome-4.0,6d861e191d14ee4741a5969b1d2ffbfc,2026-01-18T11:15:00.0000000Z,4
103497,203,2026-01-18T11:30:00.0000000Z,4226,5867,0,0,D,0.524986,0.249971,0.225044,H,0,1.386412,0.888799,formax-outcome-4.0,6d861e191d14ee4741a5969b1d2ffbfc,2026-01-18T11:30:00.0000000Z,4
106751,135,2026-01-18T11:30:00.0000000Z,3648,1649,0,0,D,0.331713,0.299847,0.368440,A,0,1.204484,0.735997,formax-outcome-4.0,6d861e191d14ee4741a5969b1d2ffbfc,2026-01-18T11:30:00.0000000Z,4
103946,140,2026-01-18T13:00:00.0000000Z,1914,2030,0,1,A,0.430984,0.292872,0.276145,H,0,1.286830,0.795487,formax-outcome-4.0,6d861e191d14ee4741a5969b1d2ffbfc,2026-01-18T13:00:00.0000000Z,4
83328,88,2026-01-18T13:30:00.0000000Z,4157,3707,0,2,A,0.225918,0.221924,0.552158,A,1,0.593921,0.300851,formax-outcome-4.0,6d861e191d14ee4741a5969b1d2ffbfc,2026-01-18T13:30:00.0000000Z,4
103794,88,2026-01-18T13:30:00.0000000Z,4677,4678,2,1,H,0.258156,0.254240,0.487603,A,0,1.354190,0.852728,formax-outcome-4.0,6d861e191d14ee4741a5969b1d2ffbfc,2026-01-18T13:30:00.0000000Z,4
71094,39,2026-01-18T14:00:00.0000000Z,1829,1013,0,0,D,0.294906,0.269385,0.435709,A,0,1.311615,0.810611,formax-outcome-4.0,6d861e191d14ee4741a5969b1d2ffbfc,2026-01-18T14:00:00.0000000Z,4
103573,203,2026-01-18T14:00:00.0000000Z,6988,5068,1,2,A,0.202947,0.247795,0.549259,A,1,0.599186,0.305757,formax-outcome-4.0,6d861e191d14ee4741a5969b1d2ffbfc,2026-01-18T14:00:00.0000000Z,4
104219,203,2026-01-18T14:00:00.0000000Z,6848,1176,1,1,D,0.212673,0.257561,0.529766,A,0,1.356500,0.877098,formax-outcome-4.0,6d861e191d14ee4741a5969b1d2ffbfc,2026-01-18T14:00:00.0000000Z,4
104882,61,2026-01-18T14:00:00.0000000Z,1911,1078,2,1,H,0.666825,0.196571,0.136604,H,1,0.405228,0.168307,formax-outcome-4.0,6d861e191d14ee4741a5969b1d2ffbfc,2026-01-18T14:00:00.0000000Z,4
107454,135,2026-01-18T14:00:00.0000000Z,1520,1503,1,2,A,0.437708,0.275318,0.286974,H,0,1.248363,0.775794,formax-outcome-4.0,6d861e191d14ee4741a5969b1d2ffbfc,2026-01-18T14:00:00.0000000Z,4
103874,140,2026-01-18T15:15:00.0000000Z,4267,759,1,0,H,0.722008,0.186884,0.091107,H,1,0.325719,0.120506,formax-outcome-4.0,6d861e191d14ee4741a5969b1d2ffbfc,2026-01-18T15:15:00.0000000Z,4
97495,88,2026-01-18T15:45:00.0000000Z,2516,1162,3,4,A,0.588865,0.214505,0.196630,H,0,1.626431,1.038178,formax-outcome-4.0,6d861e191d14ee4741a5969b1d2ffbfc,2026-01-18T15:45:00.0000000Z,4
60896,61,2026-01-18T16:15:00.0000000Z,1668,4292,1,2,A,0.336614,0.273473,0.389913,A,1,0.941831,0.560302,formax-outcome-4.0,6d861e191d14ee4741a5969b1d2ffbfc,2026-01-18T16:15:00.0000000Z,4
107232,61,2026-01-18T16:15:00.0000000Z,1781,1823,1,1,D,0.619809,0.220359,0.159832,H,0,1.512497,1.017549,formax-outcome-4.0,6d861e191d14ee4741a5969b1d2ffbfc,2026-01-18T16:15:00.0000000Z,4
71195,39,2026-01-18T16:30:00.0000000Z,2109,1482,0,1,A,0.569141,0.257430,0.173429,H,0,1.751987,1.073411,formax-outcome-4.0,6d861e191d14ee4741a5969b1d2ffbfc,2026-01-18T16:30:00.0000000Z,4
106064,78,2026-01-18T16:30:00.0000000Z,1109,5685,2,2,D,0.320858,0.250024,0.429118,A,0,1.386196,0.849555,formax-outcome-4.0,6d861e191d14ee4741a5969b1d2ffbfc,2026-01-18T16:30:00.0000000Z,4
42776,203,2026-01-18T17:00:00.0000000Z,6847,3588,2,3,A,0.169818,0.248538,0.581645,A,1,0.541896,0.265630,formax-outcome-4.0,6d861e191d14ee4741a5969b1d2ffbfc,2026-01-18T17:00:00.0000000Z,4
107349,135,2026-01-18T17:00:00.0000000Z,1652,2799,0,2,A,0.149534,0.248457,0.602009,A,1,0.507482,0.242488,formax-outcome-4.0,6d861e191d14ee4741a5969b1d2ffbfc,2026-01-18T17:00:00.0000000Z,4
104332,140,2026-01-18T17:30:00.0000000Z,1904,2517,3,0,H,0.521894,0.264345,0.213761,H,1,0.650291,0.344158,formax-outcome-4.0,6d861e191d14ee4741a5969b1d2ffbfc,2026-01-18T17:30:00.0000000Z,4
7907,135,2026-01-18T19:45:00.0000000Z,1488,1584,1,0,H,0.651259,0.225956,0.122786,H,1,0.428849,0.187753,formax-outcome-4.0,6d861e191d14ee4741a5969b1d2ffbfc,2026-01-18T19:45:00.0000000Z,4
53901,61,2026-01-18T19:45:00.0000000Z,3589,4558,2,1,H,0.681500,0.191596,0.126904,H,1,0.383459,0.154256,formax-outcome-4.0,6d861e191d14ee4741a5969b1d2ffbfc,2026-01-18T19:45:00.0000000Z,4
101760,140,2026-01-18T20:00:00.0000000Z,1830,4005,2,1,H,0.181580,0.219772,0.598648,A,0,1.706057,1.076490,formax-outcome-4.0,6d861e191d14ee4741a5969b1d2ffbfc,2026-01-18T20:00:00.0000000Z,4
103352,203,2026-01-19T14:00:00.0000000Z,1717,6991,1,1,D,0.403068,0.284543,0.312389,H,0,1.256873,0.771930,formax-outcome-4.0,6d861e191d14ee4741a5969b1d2ffbfc,2026-01-19T14:00:00.0000000Z,4
29595,203,2026-01-19T17:00:00.0000000Z,3673,6025,1,0,H,0.660453,0.202545,0.137001,H,1,0.414829,0.175086,formax-outcome-4.0,6d861e191d14ee4741a5969b1d2ffbfc,2026-01-19T17:00:00.0000000Z,4
103423,203,2026-01-19T17:00:00.0000000Z,2549,1845,3,1,H,0.508009,0.264066,0.227925,H,1,0.677257,0.363737,formax-outcome-4.0,6d861e191d14ee4741a5969b1d2ffbfc,2026-01-19T17:00:00.0000000Z,4
105436,135,2026-01-19T17:30:00.0000000Z,3558,1719,0,0,D,0.450873,0.285535,0.263592,H,0,1.253390,0.783227,formax-outcome-4.0,6d861e191d14ee4741a5969b1d2ffbfc,2026-01-19T17:30:00.0000000Z,4
105505,135,2026-01-19T19:45:00.0000000Z,2837,5356,0,3,A,0.301555,0.309134,0.389311,A,1,0.943376,0.559440,formax-outcome-4.0,6d861e191d14ee4741a5969b1d2ffbfc,2026-01-19T19:45:00.0000000Z,4
104406,140,2026-01-19T20:00:00.0000000Z,3447,3049,2,2,D,0.414546,0.281496,0.303959,H,0,1.267638,0.780487,formax-outcome-4.0,6d861e191d14ee4741a5969b1d2ffbfc,2026-01-19T20:00:00.0000000Z,4
105930,39,2026-01-19T20:00:00.0000000Z,873,3646,1,1,D,0.499994,0.252642,0.247364,H,0,1.375783,0.869728,formax-outcome-4.0,6d861e191d14ee4741a5969b1d2ffbfc,2026-01-19T20:00:00.0000000Z,4
103027,2,2026-01-20T15:30:00.0000000Z,2657,1782,1,4,A,0.245871,0.230863,0.523266,A,1,0.647665,0.341025,formax-outcome-4.0,6d861e191d14ee4741a5969b1d2ffbfc,2026-01-20T15:30:00.0000000Z,4
104742,2,2026-01-20T17:45:00.0000000Z,2705,4166,3,1,H,0.102132,0.152599,0.745269,A,0,2.281486,1.384879,formax-outcome-4.0,6d861e191d14ee4741a5969b1d2ffbfc,2026-01-20T17:45:00.0000000Z,4
98257,40,2026-01-20T19:45:00.0000000Z,5841,1511,2,1,H,0.555111,0.252638,0.192251,H,1,0.588587,0.298712,formax-outcome-4.0,6d861e191d14ee4741a5969b1d2ffbfc,2026-01-20T19:45:00.0000000Z,4
99578,40,2026-01-20T19:45:00.0000000Z,3467,1912,3,1,H,0.455363,0.295212,0.249425,H,1,0.786661,0.445993,formax-outcome-4.0,6d861e191d14ee4741a5969b1d2ffbfc,2026-01-20T19:45:00.0000000Z,4
101670,40,2026-01-20T19:45:00.0000000Z,1499,1718,0,3,A,0.472979,0.279212,0.247810,H,0,1.395094,0.867458,formax-outcome-4.0,6d861e191d14ee4741a5969b1d2ffbfc,2026-01-20T19:45:00.0000000Z,4
102199,40,2026-01-20T19:45:00.0000000Z,1452,3380,1,2,A,0.401129,0.295074,0.303797,H,0,1.191396,0.732672,formax-outcome-4.0,6d861e191d14ee4741a5969b1d2ffbfc,2026-01-20T19:45:00.0000000Z,4
102247,40,2026-01-20T19:45:00.0000000Z,1476,1502,0,0,D,0.362865,0.290603,0.346532,H,0,1.235798,0.755000,formax-outcome-4.0,6d861e191d14ee4741a5969b1d2ffbfc,2026-01-20T19:45:00.0000000Z,4
102410,40,2026-01-20T19:45:00.0000000Z,1531,4379,0,5,A,0.455871,0.273821,0.270308,H,0,1.308195,0.815248,formax-outcome-4.0,6d861e191d14ee4741a5969b1d2ffbfc,2026-01-20T19:45:00.0000000Z,4
102995,40,2026-01-20T19:45:00.0000000Z,3598,1053,2,0,H,0.625759,0.229452,0.144790,H,1,0.468791,0.213669,formax-outcome-4.0,6d861e191d14ee4741a5969b1d2ffbfc,2026-01-20T19:45:00.0000000Z,4
103709,40,2026-01-20T19:45:00.0000000Z,4169,1490,0,2,A,0.259019,0.269075,0.471907,A,1,0.750974,0.418375,formax-outcome-4.0,6d861e191d14ee4741a5969b1d2ffbfc,2026-01-20T19:45:00.0000000Z,4
38800,2,2026-01-20T20:00:00.0000000Z,1272,1260,2,0,H,0.430059,0.245876,0.324066,H,1,0.843834,0.490307,formax-outcome-4.0,6d861e191d14ee4741a5969b1d2ffbfc,2026-01-20T20:00:00.0000000Z,4
69646,2,2026-01-20T20:00:00.0000000Z,2667,2845,1,1,D,0.286128,0.251107,0.462765,A,0,1.381876,0.856861,formax-outcome-4.0,6d861e191d14ee4741a5969b1d2ffbfc,2026-01-20T20:00:00.0000000Z,4
88171,2,2026-01-20T20:00:00.0000000Z,1776,2530,1,2,A,0.721502,0.157617,0.120882,H,0,2.112943,1.318257,formax-outcome-4.0,6d861e191d14ee4741a5969b1d2ffbfc,2026-01-20T20:00:00.0000000Z,4
98354,2,2026-01-20T20:00:00.0000000Z,4521,2085,6,1,H,0.721796,0.161176,0.117028,H,1,0.326013,0.117071,formax-outcome-4.0,6d861e191d14ee4741a5969b1d2ffbfc,2026-01-20T20:00:00.0000000Z,4
99852,2,2026-01-20T20:00:00.0000000Z,2084,5284,2,1,H,0.402659,0.243155,0.354185,H,1,0.909664,0.541387,formax-outcome-4.0,6d861e191d14ee4741a5969b1d2ffbfc,2026-01-20T20:00:00.0000000Z,4
105742,40,2026-01-20T20:00:00.0000000Z,2268,1910,1,1,D,0.381883,0.275518,0.342599,H,0,1.289104,0.788084,formax-outcome-4.0,6d861e191d14ee4741a5969b1d2ffbfc,2026-01-20T20:00:00.0000000Z,4
106476,2,2026-01-20T20:00:00.0000000Z,2685,4559,1,3,A,0.229793,0.235581,0.534626,A,1,0.626187,0.324876,formax-outcome-4.0,6d861e191d14ee4741a5969b1d2ffbfc,2026-01-20T20:00:00.0000000Z,4
106676,2,2026-01-20T20:00:00.0000000Z,2355,989,2,0,H,0.361379,0.243491,0.395130,A,0,1.017828,0.623252,formax-outcome-4.0,6d861e191d14ee4741a5969b1d2ffbfc,2026-01-20T20:00:00.0000000Z,4
98872,2,2026-01-21T17:45:00.0000000Z,3309,4267,1,1,D,0.319706,0.248053,0.432241,A,0,1.394111,0.854467,formax-outcome-4.0,6d861e191d14ee4741a5969b1d2ffbfc,2026-01-21T17:45:00.0000000Z,4
103738,88,2026-01-21T17:45:00.0000000Z,1271,4124,1,1,D,0.644653,0.192769,0.162579,H,0,1.646265,1.093631,formax-outcome-4.0,6d861e191d14ee4741a5969b1d2ffbfc,2026-01-21T17:45:00.0000000Z,4
102487,40,2026-01-21T19:45:00.0000000Z,1253,1654,1,1,D,0.514819,0.264061,0.221120,H,0,1.331575,0.855539,formax-outcome-4.0,6d861e191d14ee4741a5969b1d2ffbfc,2026-01-21T19:45:00.0000000Z,4
103670,40,2026-01-21T19:45:00.0000000Z,4290,1460,1,0,H,0.412362,0.268274,0.319364,H,1,0.885854,0.519283,formax-outcome-4.0,6d861e191d14ee4741a5969b1d2ffbfc,2026-01-21T19:45:00.0000000Z,4
71093,2,2026-01-21T20:00:00.0000000Z,1013,1775,3,0,H,0.607579,0.196853,0.195568,H,1,0.498273,0.230992,formax-outcome-4.0,6d861e191d14ee4741a5969b1d2ffbfc,2026-01-21T20:00:00.0000000Z,4
82684,2,2026-01-21T20:00:00.0000000Z,3373,3680,1,0,H,0.788331,0.135309,0.076359,H,1,0.237837,0.068943,formax-outcome-4.0,6d861e191d14ee4741a5969b1d2ffbfc,2026-01-21T20:00:00.0000000Z,4
88356,2,2026-01-21T20:00:00.0000000Z,2013,3711,2,0,H,0.410558,0.256261,0.333181,H,1,0.890239,0.524122,formax-outcome-4.0,6d861e191d14ee4741a5969b1d2ffbfc,2026-01-21T20:00:00.0000000Z,4
102028,2,2026-01-21T20:00:00.0000000Z,1328,3977,2,0,H,0.919050,0.056708,0.024243,H,1,0.084415,0.010356,formax-outcome-4.0,6d861e191d14ee4741a5969b1d2ffbfc,2026-01-21T20:00:00.0000000Z,4
102693,40,2026-01-21T20:00:00.0000000Z,3483,4380,1,2,A,0.354558,0.305873,0.339568,H,0,1.080081,0.655440,formax-outcome-4.0,6d861e191d14ee4741a5969b1d2ffbfc,2026-01-21T20:00:00.0000000Z,4
105994,2,2026-01-21T20:00:00.0000000Z,4702,1906,2,3,A,0.605459,0.220747,0.173794,H,0,1.749884,1.097926,formax-outcome-4.0,6d861e191d14ee4741a5969b1d2ffbfc,2026-01-21T20:00:00.0000000Z,4
106166,2,2026-01-21T20:00:00.0000000Z,5071,2208,0,3,A,0.407157,0.241085,0.351759,H,0,1.044810,0.644115,formax-outcome-4.0,6d861e191d14ee4741a5969b1d2ffbfc,2026-01-21T20:00:00.0000000Z,4
107443,2,2026-01-21T20:00:00.0000000Z,2598,4005,2,4,A,0.187397,0.189955,0.622649,A,1,0.473773,0.213594,formax-outcome-4.0,6d861e191d14ee4741a5969b1d2ffbfc,2026-01-21T20:00:00.0000000Z,4
35993,3,2026-01-22T17:45:00.0000000Z,2551,2519,3,3,D,0.188611,0.220200,0.591189,A,0,1.513220,0.993167,formax-outcome-4.0,6d861e191d14ee4741a5969b1d2ffbfc,2026-01-22T17:45:00.0000000Z,4
40268,3,2026-01-22T17:45:00.0000000Z,2682,2865,0,1,A,0.316813,0.269741,0.413446,A,1,0.883229,0.517177,formax-outcome-4.0,6d861e191d14ee4741a5969b1d2ffbfc,2026-01-22T17:45:00.0000000Z,4
42668,3,2026-01-22T17:45:00.0000000Z,2516,3477,3,0,H,0.629307,0.204424,0.166268,H,1,0.463136,0.206847,formax-outcome-4.0,6d861e191d14ee4741a5969b1d2ffbfc,2026-01-22T17:45:00.0000000Z,4
42775,3,2026-01-22T17:45:00.0000000Z,3588,2109,0,1,A,0.281354,0.263691,0.454955,A,1,0.787556,0.445767,formax-outcome-4.0,6d861e191d14ee4741a5969b1d2ffbfc,2026-01-22T17:45:00.0000000Z,4
53900,3,2026-01-22T17:45:00.0000000Z,2522,3589,0,1,A,0.124624,0.187326,0.688050,A,1,0.373894,0.147935,formax-outcome-4.0,6d861e191d14ee4741a5969b1d2ffbfc,2026-01-22T17:45:00.0000000Z,4
86629,3,2026-01-22T17:45:00.0000000Z,5685,3667,1,0,H,0.731036,0.164158,0.104806,H,1,0.313293,0.110274,formax-outcome-4.0,6d861e191d14ee4741a5969b1d2ffbfc,2026-01-22T17:45:00.0000000Z,4
88055,3,2026-01-22T17:45:00.0000000Z,3690,2033,2,0,H,0.403292,0.249132,0.347576,H,1,0.908095,0.538936,formax-outcome-4.0,6d861e191d14ee4741a5969b1d2ffbfc,2026-01-22T17:45:00.0000000Z,4
104305,3,2026-01-22T17:45:00.0000000Z,1631,2108,1,1,D,0.376990,0.276804,0.346206,H,0,1.284447,0.784994,formax-outcome-4.0,6d861e191d14ee4741a5969b1d2ffbfc,2026-01-22T17:45:00.0000000Z,4
105860,3,2026-01-22T17:45:00.0000000Z,1520,1487,2,2,D,0.549899,0.234908,0.215194,H,0,1.448563,0.934063,formax-outcome-4.0,6d861e191d14ee4741a5969b1d2ffbfc,2026-01-22T17:45:00.0000000Z,4
36429,3,2026-01-22T20:00:00.0000000Z,3440,2888,4,1,H,0.479521,0.248361,0.272118,H,1,0.734968,0.406630,formax-outcome-4.0,6d861e191d14ee4741a5969b1d2ffbfc,2026-01-22T20:00:00.0000000Z,4
39091,3,2026-01-22T20:00:00.0000000Z,2956,3702,1,1,D,0.472542,0.267717,0.259741,H,0,1.317824,0.826999,formax-outcome-4.0,6d861e191d14ee4741a5969b1d2ffbfc,2026-01-22T20:00:00.0000000Z,4
81829,3,2026-01-22T20:00:00.0000000Z,1810,1792,3,1,H,0.401754,0.266852,0.331395,H,1,0.911915,0.538930,formax-outcome-4.0,6d861e191d14ee4741a5969b1d2ffbfc,2026-01-22T20:00:00.0000000Z,4
83899,3,2026-01-22T20:00:00.0000000Z,3710,2480,1,0,H,0.446424,0.273254,0.280322,H,1,0.806486,0.459694,formax-outcome-4.0,6d861e191d14ee4741a5969b1d2ffbfc,2026-01-22T20:00:00.0000000Z,4
87810,3,2026-01-22T20:00:00.0000000Z,2750,3248,1,0,H,0.552282,0.238619,0.209099,H,1,0.593696,0.301112,formax-outcome-4.0,6d861e191d14ee4741a5969b1d2ffbfc,2026-01-22T20:00:00.0000000Z,4
102858,3,2026-01-22T20:00:00.0000000Z,1904,4470,2,1,H,0.431069,0.264720,0.304211,H,1,0.841486,0.486303,formax-outcome-4.0,6d861e191d14ee4741a5969b1d2ffbfc,2026-01-22T20:00:00.0000000Z,4
103793,3,2026-01-22T20:00:00.0000000Z,4678,4206,0,2,A,0.296014,0.276448,0.427538,A,1,0.849711,0.491760,formax-outcome-4.0,6d861e191d14ee4741a5969b1d2ffbfc,2026-01-22T20:00:00.0000000Z,4
104569,3,2026-01-22T20:00:00.0000000Z,3851,1580,3,1,H,0.503122,0.250888,0.245989,H,1,0.686922,0.370343,formax-outcome-4.0,6d861e191d14ee4741a5969b1d2ffbfc,2026-01-22T20:00:00.0000000Z,4
107472,3,2026-01-22T20:00:00.0000000Z,2799,1278,2,0,H,0.485873,0.259033,0.255094,H,1,0.721808,0.396498,formax-outcome-4.0,6d861e191d14ee4741a5969b1d2ffbfc,2026-01-22T20:00:00.0000000Z,4
103496,203,2026-01-23T17:00:00.0000000Z,5068,4226,2,1,H,0.614852,0.215991,0.169158,H,1,0.486374,0.223606,formax-outcome-4.0,6d861e191d14ee4741a5969b1d2ffbfc,2026-01-23T17:00:00.0000000Z,4
60444,61,2026-01-23T19:00:00.0000000Z,1815,5284,0,1,A,0.137650,0.210572,0.651778,A,1,0.428051,0.184546,formax-outcome-4.0,6d861e191d14ee4741a5969b1d2ffbfc,2026-01-23T19:00:00.0000000Z,4
106605,135,2026-01-23T19:45:00.0000000Z,2685,1838,6,2,H,0.657161,0.220728,0.122111,H,1,0.419826,0.181171,formax-outcome-4.0,6d861e191d14ee4741a5969b1d2ffbfc,2026-01-23T19:45:00.0000000Z,4
102409,40,2026-01-23T20:00:00.0000000Z,3380,1531,1,1,D,0.514686,0.262914,0.222400,H,0,1.335929,0.857660,formax-outcome-4.0,6d861e191d14ee4741a5969b1d2ffbfc,2026-01-23T20:00:00.0000000Z,4
105325,140,2026-01-23T20:00:00.0000000Z,2383,3447,3,2,H,0.436834,0.277075,0.286091,H,1,0.828203,0.475775,formax-outcome-4.0,6d861e191d14ee4741a5969b1d2ffbfc,2026-01-23T20:00:00.0000000Z,4
29594,203,2026-01-24T11:30:00.0000000Z,6025,3661,0,3,A,0.209213,0.244447,0.546340,A,1,0.604513,0.309332,formax-outcome-4.0,6d861e191d14ee4741a5969b1d2ffbfc,2026-01-24T11:30:00.0000000Z,4
101669,40,2026-01-24T12:30:00.0000000Z,4380,1499,4,0,H,0.457531,0.282613,0.259857,H,1,0.781911,0.441668,formax-outcome-4.0,6d861e191d14ee4741a5969b1d2ffbfc,2026-01-24T12:30:00.0000000Z,4
102198,40,2026-01-24T12:30:00.0000000Z,1511,1452,4,0,H,0.432981,0.293869,0.273150,H,1,0.837062,0.482481,formax-outcome-4.0,6d861e191d14ee4741a5969b1d2ffbfc,2026-01-24T12:30:00.0000000Z,4
105000,39,2026-01-24T12:30:00.0000000Z,2751,2209,3,1,H,0.486443,0.288292,0.225265,H,1,0.720637,0.397598,formax-outcome-4.0,6d861e191d14ee4741a5969b1d2ffbfc,2026-01-24T12:30:00.0000000Z,4
104331,140,2026-01-24T13:00:00.0000000Z,2517,3599,1,3,A,0.442546,0.281760,0.275693,H,0,1.288466,0.799856,formax-outcome-4.0,6d861e191d14ee4741a5969b1d2ffbfc,2026-01-24T13:00:00.0000000Z,4
105127,203,2026-01-24T14:00:00.0000000Z,1176,6988,0,0,D,0.562495,0.256576,0.180930,H,0,1.360332,0.901816,formax-outcome-4.0,6d861e191d14ee4741a5969b1d2ffbfc,2026-01-24T14:00:00.0000000Z,4
106551,135,2026-01-24T14:00:00.0000000Z,5356,1652,6,0,H,0.578476,0.247559,0.173965,H,1,0.547358,0.269232,formax-outcome-4.0,6d861e191d14ee4741a5969b1d2ffbfc,2026-01-24T14:00:00.0000000Z,4
72552,78,2026-01-24T14:30:00.0000000Z,4472,3573,1,3,A,0.497700,0.213651,0.288649,H,0,1.242544,0.799372,formax-outcome-4.0,6d861e191d14ee4741a5969b1d2ffbfc,2026-01-24T14:30:00.0000000Z,4
101570,78,2026-01-24T14:30:00.0000000Z,1260,966,1,0,H,0.669933,0.182023,0.148044,H,1,0.400578,0.163994,formax-outcome-4.0,6d861e191d14ee4741a5969b1d2ffbfc,2026-01-24T14:30:00.0000000Z,4
101886,78,2026-01-24T14:30:00.0000000Z,4330,821,0,3,A,0.202050,0.213249,0.584701,A,1,0.536655,0.258773,formax-outcome-4.0,6d861e191d14ee4741a5969b1d2ffbfc,2026-01-24T14:30:00.0000000Z,4
102027,78,2026-01-24T14:30:00.0000000Z,1328,1109,1,2,A,0.940735,0.042785,0.016480,H,0,4.105624,1.854125,formax-outcome-4.0,6d861e191d14ee4741a5969b1d2ffbfc,2026-01-24T14:30:00.0000000Z,4
99471,39,2026-01-24T15:00:00.0000000Z,4166,1829,2,0,H,0.683278,0.201800,0.114922,H,1,0.380854,0.154243,formax-outcome-4.0,6d861e191d14ee4741a5969b1d2ffbfc,2026-01-24T15:00:00.0000000Z,4
99577,40,2026-01-24T15:00:00.0000000Z,1912,1253,1,1,D,0.351605,0.297837,0.350558,H,0,1.211208,0.739549,formax-outcome-4.0,6d861e191d14ee4741a5969b1d2ffbfc,2026-01-24T15:00:00.0000000Z,4
102246,40,2026-01-24T15:00:00.0000000Z,1502,2268,2,3,A,0.389964,0.276670,0.333366,H,0,1.098516,0.673020,formax-outcome-4.0,6d861e191d14ee4741a5969b1d2ffbfc,2026-01-24T15:00:00.0000000Z,4
102633,40,2026-01-24T15:00:00.0000000Z,1718,3467,2,1,H,0.514629,0.260460,0.224911,H,1,0.664309,0.354009,formax-outcome-4.0,6d861e191d14ee4741a5969b1d2ffbfc,2026-01-24T15:00:00.0000000Z,4
102692,40,2026-01-24T15:00:00.0000000Z,1490,3483,1,1,D,0.417504,0.292287,0.290208,H,0,1.230018,0.759388,formax-outcome-4.0,6d861e191d14ee4741a5969b1d2ffbfc,2026-01-24T15:00:00.0000000Z,4
102994,40,2026-01-24T15:00:00.0000000Z,1053,4169,2,0,H,0.701054,0.192195,0.106751,H,1,0.355170,0.137703,formax-outcome-4.0,6d861e191d14ee4741a5969b1d2ffbfc,2026-01-24T15:00:00.0000000Z,4
103669,40,2026-01-24T15:00:00.0000000Z,1460,3598,3,1,H,0.270914,0.271575,0.457511,A,0,1.305953,0.814636,formax-outcome-4.0,6d861e191d14ee4741a5969b1d2ffbfc,2026-01-24T15:00:00.0000000Z,4
104951,39,2026-01-24T15:00:00.0000000Z,2531,2355,2,2,D,0.283636,0.287016,0.429348,A,0,1.248217,0.773135,formax-outcome-4.0,6d861e191d14ee4741a5969b1d2ffbfc,2026-01-24T15:00:00.0000000Z,4
105929,39,2026-01-24T15:00:00.0000000Z,4928,873,2,1,H,0.407411,0.279043,0.313547,H,1,0.897934,0.527339,formax-outcome-4.0,6d861e191d14ee4741a5969b1d2ffbfc,2026-01-24T15:00:00.0000000Z,4
105268,140,2026-01-24T15:15:00.0000000Z,2030,762,3,2,H,0.385376,0.289944,0.324680,H,1,0.953536,0.567248,formax-outcome-4.0,6d861e191d14ee4741a5969b1d2ffbfc,2026-01-24T15:15:00.0000000Z,4
88170,88,2026-01-24T15:30:00.0000000Z,2530,4677,2,0,H,0.584258,0.218365,0.197377,H,1,0.537412,0.259482,formax-outcome-4.0,6d861e191d14ee4741a5969b1d2ffbfc,2026-01-24T15:30:00.0000000Z,4
106810,61,2026-01-24T16:00:00.0000000Z,1781,1666,0,2,A,0.545119,0.239412,0.215469,H,0,1.534940,0.969962,formax-outcome-4.0,6d861e191d14ee4741a5969b1d2ffbfc,2026-01-24T16:00:00.0000000Z,4
98871,203,2026-01-24T17:00:00.0000000Z,6019,3309,1,3,A,0.063168,0.140470,0.796362,A,1,0.227701,0.065190,formax-outcome-4.0,6d861e191d14ee4741a5969b1d2ffbfc,2026-01-24T17:00:00.0000000Z,4
106954,135,2026-01-24T17:00:00.0000000Z,1503,3394,1,2,A,0.493143,0.258994,0.247862,H,0,1.394883,0.875980,formax-outcome-4.0,6d861e191d14ee4741a5969b1d2ffbfc,2026-01-24T17:00:00.0000000Z,4
104405,140,2026-01-24T17:30:00.0000000Z,3049,1906,2,1,H,0.364911,0.283296,0.351793,H,1,1.008103,0.607354,formax-outcome-4.0,6d861e191d14ee4741a5969b1d2ffbfc,2026-01-24T17:30:00.0000000Z,4
106675,78,2026-01-24T17:30:00.0000000Z,4180,989,0,3,A,0.192602,0.210970,0.596428,A,1,0.516796,0.244474,formax-outcome-4.0,6d861e191d14ee4741a5969b1d2ffbfc,2026-01-24T17:30:00.0000000Z,4
107193,39,2026-01-24T17:30:00.0000000Z,3646,2208,3,2,H,0.380789,0.277229,0.341982,H,1,0.965510,0.577230,formax-outcome-4.0,6d861e191d14ee4741a5969b1d2ffbfc,2026-01-24T17:30:00.0000000Z,4
38693,88,2026-01-24T17:45:00.0000000Z,1080,2612,2,1,H,0.635895,0.192882,0.171223,H,1,0.452722,0.199093,formax-outcome-4.0,6d861e191d14ee4741a5969b1d2ffbfc,2026-01-24T17:45:00.0000000Z,4
98353,61,2026-01-24T18:00:00.0000000Z,1823,2085,0,0,D,0.377131,0.274553,0.348315,H,0,1.292610,0.789825,formax-outcome-4.0,6d861e191d14ee4741a5969b1d2ffbfc,2026-01-24T18:00:00.0000000Z,4
104007,88,2026-01-24T19:00:00.0000000Z,1775,1378,2,2,D,0.826917,0.113043,0.060040,H,0,2.179987,1.474090,formax-outcome-4.0,6d861e191d14ee4741a5969b1d2ffbfc,2026-01-24T19:00:00.0000000Z,4
105504,135,2026-01-24T19:45:00.0000000Z,1584,2837,0,0,D,0.208795,0.284481,0.506724,A,0,1.257090,0.812333,formax-outcome-4.0,6d861e191d14ee4741a5969b1d2ffbfc,2026-01-24T19:45:00.0000000Z,4
83327,88,2026-01-24T20:00:00.0000000Z,3707,4124,0,0,D,0.570719,0.224312,0.204970,H,0,1.494719,0.969425,formax-outcome-4.0,6d861e191d14ee4741a5969b1d2ffbfc,2026-01-24T20:00:00.0000000Z,4
104815,140,2026-01-24T20:00:00.0000000Z,1776,4521,0,2,A,0.267036,0.249359,0.483606,A,1,0.726485,0.400151,formax-outcome-4.0,6d861e191d14ee4741a5969b1d2ffbfc,2026-01-24T20:00:00.0000000Z,4
106165,61,2026-01-24T20:05:00.0000000Z,5071,886,3,1,H,0.437047,0.269340,0.293613,H,1,0.827715,0.475669,formax-outcome-4.0,6d861e191d14ee4741a5969b1d2ffbfc,2026-01-24T20:05:00.0000000Z,4
97863,88,2026-01-25T11:15:00.0000000Z,3539,1271,0,1,A,0.355682,0.251768,0.392550,A,1,0.935091,0.558892,formax-outcome-4.0,6d861e191d14ee4741a5969b1d2ffbfc,2026-01-25T11:15:00.0000000Z,4
103351,203,2026-01-25T11:30:00.0000000Z,4926,1717,1,1,D,0.423691,0.268744,0.307565,H,0,1.313996,0.808846,formax-outcome-4.0,6d861e191d14ee4741a5969b1d2ffbfc,2026-01-25T11:30:00.0000000Z,4
105711,135,2026-01-25T11:30:00.0000000Z,3903,3558,1,0,H,0.390152,0.287541,0.322307,H,1,0.941220,0.558477,formax-outcome-4.0,6d861e191d14ee4741a5969b1d2ffbfc,2026-01-25T11:30:00.0000000Z,4
102486,40,2026-01-25T12:00:00.0000000Z,1654,4290,1,1,D,0.305273,0.275817,0.418911,A,0,1.288019,0.793119,formax-outcome-4.0,6d861e191d14ee4741a5969b1d2ffbfc,2026-01-25T12:00:00.0000000Z,4
105883,140,2026-01-25T13:00:00.0000000Z,4267,1925,3,0,H,0.721693,0.180272,0.098035,H,1,0.326156,0.119564,formax-outcome-4.0,6d861e191d14ee4741a5969b1d2ffbfc,2026-01-25T13:00:00.0000000Z,4
104244,88,2026-01-25T13:30:00.0000000Z,1301,1079,1,2,A,0.468616,0.262422,0.268962,H,0,1.313187,0.822884,formax-outcome-4.0,6d861e191d14ee4741a5969b1d2ffbfc,2026-01-25T13:30:00.0000000Z,4
71092,39,2026-01-25T14:00:00.0000000Z,1013,2109,0,2,A,0.441213,0.281045,0.277743,H,0,1.281060,0.795310,formax-outcome-4.0,6d861e191d14ee4741a5969b1d2ffbfc,2026-01-25T14:00:00.0000000Z,4
101828,39,2026-01-25T14:00:00.0000000Z,1486,3373,1,3,A,0.298104,0.295029,0.406867,A,1,0.899269,0.527715,formax-outcome-4.0,6d861e191d14ee4741a5969b1d2ffbfc,2026-01-25T14:00:00.0000000Z,4
102932,39,2026-01-25T14:00:00.0000000Z,5807,2480,0,2,A,0.575019,0.244912,0.180070,H,0,1.714411,1.062914,formax-outcome-4.0,6d861e191d14ee4741a5969b1d2ffbfc,2026-01-25T14:00:00.0000000Z,4
103422,203,2026-01-25T14:00:00.0000000Z,1845,6847,1,1,D,0.320594,0.281197,0.398210,A,0,1.268700,0.778029,formax-outcome-4.0,6d861e191d14ee4741a5969b1d2ffbfc,2026-01-25T14:00:00.0000000Z,4
104218,203,2026-01-25T14:00:00.0000000Z,5867,6848,2,1,H,0.346382,0.282099,0.371519,A,0,1.060213,0.644823,formax-outcome-4.0,6d861e191d14ee4741a5969b1d2ffbfc,2026-01-25T14:00:00.0000000Z,4
105993,135,2026-01-25T14:00:00.0000000Z,4702,3648,4,0,H,0.568830,0.262750,0.168420,H,1,0.564173,0.283310,formax-outcome-4.0,6d861e191d14ee4741a5969b1d2ffbfc,2026-01-25T14:00:00.0000000Z,4
106750,135,2026-01-25T14:00:00.0000000Z,1649,1520,3,2,H,0.291757,0.279856,0.428388,A,0,1.231836,0.763444,formax-outcome-4.0,6d861e191d14ee4741a5969b1d2ffbfc,2026-01-25T14:00:00.0000000Z,4
107042,61,2026-01-25T14:00:00.0000000Z,1668,3851,1,4,A,0.439122,0.268406,0.292472,H,0,1.229386,0.765466,formax-outcome-4.0,6d861e191d14ee4741a5969b1d2ffbfc,2026-01-25T14:00:00.0000000Z,4
101964,78,2026-01-25T14:30:00.0000000Z,1051,1278,0,3,A,0.291507,0.226293,0.482199,A,1,0.729398,0.404303,formax-outcome-4.0,6d861e191d14ee4741a5969b1d2ffbfc,2026-01-25T14:30:00.0000000Z,4
106516,140,2026-01-25T15:15:00.0000000Z,4005,1944,3,0,H,0.908376,0.066779,0.024846,H,1,0.096097,0.013472,formax-outcome-4.0,6d861e191d14ee4741a5969b1d2ffbfc,2026-01-25T15:15:00.0000000Z,4
97494,88,2026-01-25T15:45:00.0000000Z,4678,1162,0,1,A,0.440948,0.262754,0.296298,H,0,1.216390,0.758671,formax-outcome-4.0,6d861e191d14ee4741a5969b1d2ffbfc,2026-01-25T15:45:00.0000000Z,4
104604,88,2026-01-25T15:45:00.0000000Z,2516,4157,4,2,H,0.726523,0.156145,0.117332,H,1,0.319485,0.112938,formax-outcome-4.0,6d861e191d14ee4741a5969b1d2ffbfc,2026-01-25T15:45:00.0000000Z,4
53899,61,2026-01-25T16:15:00.0000000Z,1078,3589,2,5,A,0.179168,0.221543,0.599289,A,1,0.512011,0.241752,formax-outcome-4.0,6d861e191d14ee4741a5969b1d2ffbfc,2026-01-25T16:15:00.0000000Z,4
60895,61,2026-01-25T16:15:00.0000000Z,4292,1257,0,0,D,0.522831,0.256473,0.220696,H,0,1.360732,0.874891,formax-outcome-4.0,6d861e191d14ee4741a5969b1d2ffbfc,2026-01-25T16:15:00.0000000Z,4
106849,61,2026-01-25T16:15:00.0000000Z,4558,1872,0,2,A,0.337361,0.269857,0.392782,A,1,0.934501,0.555349,formax-outcome-4.0,6d861e191d14ee4741a5969b1d2ffbfc,2026-01-25T16:15:00.0000000Z,4
103100,39,2026-01-25T16:30:00.0000000Z,4559,4266,2,3,A,0.659313,0.210451,0.130235,H,0,2.038411,1.235474,formax-outcome-4.0,6d861e191d14ee4741a5969b1d2ffbfc,2026-01-25T16:30:00.0000000Z,4
106063,78,2026-01-25T16:30:00.0000000Z,5685,5078,2,1,H,0.454232,0.237927,0.307841,H,1,0.789146,0.449237,formax-outcome-4.0,6d861e191d14ee4741a5969b1d2ffbfc,2026-01-25T16:30:00.0000000Z,4
42774,203,2026-01-25T17:00:00.0000000Z,3588,2549,1,1,D,0.564645,0.250966,0.184390,H,0,1.382440,0.913876,formax-outcome-4.0,6d861e191d14ee4741a5969b1d2ffbfc,2026-01-25T17:00:00.0000000Z,4
106904,135,2026-01-25T17:00:00.0000000Z,2013,2845,3,0,H,0.445833,0.290368,0.263799,H,1,0.807811,0.461005,formax-outcome-4.0,6d861e191d14ee4741a5969b1d2ffbfc,2026-01-25T17:00:00.0000000Z,4
101759,140,2026-01-25T17:30:00.0000000Z,1830,1904,3,1,H,0.359433,0.269501,0.371066,A,0,1.023227,0.620646,formax-outcome-4.0,6d861e191d14ee4741a5969b1d2ffbfc,2026-01-25T17:30:00.0000000Z,4
7906,135,2026-01-25T19:45:00.0000000Z,2799,1488,1,1,D,0.470882,0.281684,0.247435,H,0,1.266971,0.798932,formax-outcome-4.0,6d861e191d14ee4741a5969b1d2ffbfc,2026-01-25T19:45:00.0000000Z,4
102857,61,2026-01-25T19:45:00.0000000Z,4470,1911,1,4,A,0.400938,0.272126,0.326936,H,0,1.117990,0.687818,formax-outcome-4.0,6d861e191d14ee4741a5969b1d2ffbfc,2026-01-25T19:45:00.0000000Z,4
103873,140,2026-01-25T20:00:00.0000000Z,759,2033,2,1,H,0.301592,0.281688,0.416720,A,0,1.198679,0.740777,formax-outcome-4.0,6d861e191d14ee4741a5969b1d2ffbfc,2026-01-25T20:00:00.0000000Z,4
82481,203,2026-01-26T17:00:00.0000000Z,6991,3673,2,2,D,0.189765,0.254376,0.555859,A,0,1.368943,0.900946,formax-outcome-4.0,6d861e191d14ee4741a5969b1d2ffbfc,2026-01-26T17:00:00.0000000Z,4
105435,135,2026-01-26T19:45:00.0000000Z,1719,3405,1,3,A,0.353666,0.287205,0.359129,A,1,1.024073,0.618282,formax-outcome-4.0,6d861e191d14ee4741a5969b1d2ffbfc,2026-01-26T19:45:00.0000000Z,4
71194,39,2026-01-26T20:00:00.0000000Z,1482,2269,1,1,D,0.466513,0.274171,0.259316,H,0,1.294004,0.811707,formax-outcome-4.0,6d861e191d14ee4741a5969b1d2ffbfc,2026-01-26T20:00:00.0000000Z,4
98256,40,2026-01-26T20:00:00.0000000Z,4379,5841,2,1,H,0.354312,0.265131,0.380557,A,0,1.037579,0.632032,formax-outcome-4.0,6d861e191d14ee4741a5969b1d2ffbfc,2026-01-26T20:00:00.0000000Z,4
103945,140,2026-01-26T20:00:00.0000000Z,758,1914,1,1,D,0.463897,0.281641,0.254462,H,0,1.267121,0.795990,formax-outcome-4.0,6d861e191d14ee4741a5969b1d2ffbfc,2026-01-26T20:00:00.0000000Z,4
101569,78,2026-01-27T19:30:00.0000000Z,966,3573,0,2,A,0.273365,0.225013,0.501622,A,1,0.689909,0.373740,formax-outcome-4.0,6d861e191d14ee4741a5969b1d2ffbfc,2026-01-27T19:30:00.0000000Z,4
101885,78,2026-01-27T19:30:00.0000000Z,4528,821,1,1,D,0.203569,0.223247,0.573184,A,0,1.499478,0.973326,formax-outcome-4.0,6d861e191d14ee4741a5969b1d2ffbfc,2026-01-27T19:30:00.0000000Z,4
38798,2,2026-01-28T20:00:00.0000000Z,2530,1272,1,2,A,0.216550,0.222048,0.561402,A,1,0.577317,0.288567,formax-outcome-4.0,6d861e191d14ee4741a5969b1d2ffbfc,2026-01-28T20:00:00.0000000Z,4
69644,2,2026-01-28T20:00:00.0000000Z,4005,2667,4,1,H,0.758328,0.141757,0.099915,H,1,0.276640,0.088484,formax-outcome-4.0,6d861e191d14ee4741a5969b1d2ffbfc,2026-01-28T20:00:00.0000000Z,4
71091,2,2026-01-28T20:00:00.0000000Z,5284,1013,1,1,D,0.508914,0.237297,0.253790,H,0,1.438445,0.905119,formax-outcome-4.0,6d861e191d14ee4741a5969b1d2ffbfc,2026-01-28T20:00:00.0000000Z,4
72551,2,2026-01-28T20:00:00.0000000Z,4472,2355,0,2,A,0.325975,0.235665,0.438360,A,1,0.824716,0.477238,formax-outcome-4.0,6d861e191d14ee4741a5969b1d2ffbfc,2026-01-28T20:00:00.0000000Z,4
82682,2,2026-01-28T20:00:00.0000000Z,3680,2598,4,1,H,0.413692,0.253984,0.332325,H,1,0.882634,0.518705,formax-outcome-4.0,6d861e191d14ee4741a5969b1d2ffbfc,2026-01-28T20:00:00.0000000Z,4
88354,2,2026-01-28T20:00:00.0000000Z,3711,4521,4,2,H,0.346426,0.248513,0.405061,A,0,1.060087,0.652992,formax-outcome-4.0,6d861e191d14ee4741a5969b1d2ffbfc,2026-01-28T20:00:00.0000000Z,4
98352,2,2026-01-28T20:00:00.0000000Z,2085,2013,0,0,D,0.215432,0.219040,0.565528,A,0,1.518500,0.976131,formax-outcome-4.0,6d861e191d14ee4741a5969b1d2ffbfc,2026-01-28T20:00:00.0000000Z,4
98870,2,2026-01-28T20:00:00.0000000Z,4166,3309,2,0,H,0.711359,0.173128,0.115512,H,1,0.340578,0.126630,formax-outcome-4.0,6d861e191d14ee4741a5969b1d2ffbfc,2026-01-28T20:00:00.0000000Z,4
99850,2,2026-01-28T20:00:00.0000000Z,1906,2084,2,3,A,0.181674,0.213554,0.604773,A,1,0.502903,0.234815,formax-outcome-4.0,6d861e191d14ee4741a5969b1d2ffbfc,2026-01-28T20:00:00.0000000Z,4
101827,2,2026-01-28T20:00:00.0000000Z,2845,3373,2,3,A,0.241172,0.239647,0.519181,A,1,0.655502,0.346781,formax-outcome-4.0,6d861e191d14ee4741a5969b1d2ffbfc,2026-01-28T20:00:00.0000000Z,4
102026,2,2026-01-28T20:00:00.0000000Z,1775,1328,1,2,A,0.137197,0.160693,0.702109,A,1,0.353666,0.133384,formax-outcome-4.0,6d861e191d14ee4741a5969b1d2ffbfc,2026-01-28T20:00:00.0000000Z,4
102130,2,2026-01-28T20:00:00.0000000Z,1260,1776,3,0,H,0.511706,0.231675,0.256619,H,1,0.670005,0.357958,formax-outcome-4.0,6d861e191d14ee4741a5969b1d2ffbfc,2026-01-28T20:00:00.0000000Z,4
103026,2,2026-01-28T20:00:00.0000000Z,4559,2657,3,2,H,0.923675,0.049294,0.027031,H,1,0.079395,0.008986,formax-outcome-4.0,6d861e191d14ee4741a5969b1d2ffbfc,2026-01-28T20:00:00.0000000Z,4
103041,2,2026-01-28T20:00:00.0000000Z,3977,4702,1,0,H,0.288615,0.246695,0.464690,A,0,1.242663,0.782864,formax-outcome-4.0,6d861e191d14ee4741a5969b1d2ffbfc,2026-01-28T20:00:00.0000000Z,4
105882,2,2026-01-28T20:00:00.0000000Z,4267,2705,1,2,A,0.676506,0.180263,0.143232,H,0,1.943293,1.224207,formax-outcome-4.0,6d861e191d14ee4741a5969b1d2ffbfc,2026-01-28T20:00:00.0000000Z,4
106164,2,2026-01-28T20:00:00.0000000Z,1782,5071,3,0,H,0.356016,0.230616,0.413368,A,0,1.032780,0.638772,formax-outcome-4.0,6d861e191d14ee4741a5969b1d2ffbfc,2026-01-28T20:00:00.0000000Z,4
106604,2,2026-01-28T20:00:00.0000000Z,989,2685,0,2,A,0.401706,0.238732,0.359563,H,0,1.022866,0.628520,formax-outcome-4.0,6d861e191d14ee4741a5969b1d2ffbfc,2026-01-28T20:00:00.0000000Z,4
35992,3,2026-01-29T20:00:00.0000000Z,3477,2551,1,0,H,0.242002,0.251804,0.506194,A,0,1.418809,0.894198,formax-outcome-4.0,6d861e191d14ee4741a5969b1d2ffbfc,2026-01-29T20:00:00.0000000Z,4
36427,3,2026-01-29T20:00:00.0000000Z,2519,3440,2,0,H,0.696800,0.176731,0.126469,H,1,0.361257,0.139158,formax-outcome-4.0,6d861e191d14ee4741a5969b1d2ffbfc,2026-01-29T20:00:00.0000000Z,4
39089,3,2026-01-29T20:00:00.0000000Z,3702,2799,1,1,D,0.222315,0.273432,0.504252,A,0,1.296701,0.831595,formax-outcome-4.0,6d861e191d14ee4741a5969b1d2ffbfc,2026-01-29T20:00:00.0000000Z,4
40267,3,2026-01-29T20:00:00.0000000Z,2865,1904,1,1,D,0.335544,0.279719,0.384737,A,0,1.273970,0.779417,formax-outcome-4.0,6d861e191d14ee4741a5969b1d2ffbfc,2026-01-29T20:00:00.0000000Z,4
42773,3,2026-01-29T20:00:00.0000000Z,2888,3588,1,1,D,0.166923,0.219992,0.613085,A,0,1.514164,1.012149,formax-outcome-4.0,6d861e191d14ee4741a5969b1d2ffbfc,2026-01-29T20:00:00.0000000Z,4
53898,3,2026-01-29T20:00:00.0000000Z,3589,3690,4,2,H,0.529008,0.242210,0.228782,H,1,0.636751,0.332840,formax-outcome-4.0,6d861e191d14ee4741a5969b1d2ffbfc,2026-01-29T20:00:00.0000000Z,4
81828,3,2026-01-29T20:00:00.0000000Z,2109,1810,3,2,H,0.843628,0.110066,0.046306,H,1,0.170044,0.038711,formax-outcome-4.0,6d861e191d14ee4741a5969b1d2ffbfc,2026-01-29T20:00:00.0000000Z,4
82183,3,2026-01-29T20:00:00.0000000Z,2480,2956,4,0,H,0.589413,0.238552,0.172035,H,1,0.528628,0.255085,formax-outcome-4.0,6d861e191d14ee4741a5969b1d2ffbfc,2026-01-29T20:00:00.0000000Z,4
83897,3,2026-01-29T20:00:00.0000000Z,1580,3710,0,0,D,0.109601,0.182831,0.707569,A,0,1.699196,1.180432,formax-outcome-4.0,6d861e191d14ee4741a5969b1d2ffbfc,2026-01-29T20:00:00.0000000Z,4
86628,3,2026-01-29T20:00:00.0000000Z,3667,1520,0,3,A,0.175595,0.212726,0.611679,A,1,0.491547,0.226879,formax-outcome-4.0,6d861e191d14ee4741a5969b1d2ffbfc,2026-01-29T20:00:00.0000000Z,4
87808,3,2026-01-29T20:00:00.0000000Z,2108,2750,3,1,H,0.492071,0.273181,0.234748,H,1,0.709132,0.387726,formax-outcome-4.0,6d861e191d14ee4741a5969b1d2ffbfc,2026-01-29T20:00:00.0000000Z,4
102856,3,2026-01-29T20:00:00.0000000Z,4470,5685,1,0,H,0.447895,0.270665,0.281441,H,1,0.803197,0.457288,formax-outcome-4.0,6d861e191d14ee4741a5969b1d2ffbfc,2026-01-29T20:00:00.0000000Z,4
103792,3,2026-01-29T20:00:00.0000000Z,1487,4678,4,2,H,0.531574,0.254052,0.214374,H,1,0.631913,0.329922,formax-outcome-4.0,6d861e191d14ee4741a5969b1d2ffbfc,2026-01-29T20:00:00.0000000Z,4
104089,3,2026-01-29T20:00:00.0000000Z,3248,3851,1,0,H,0.386138,0.261325,0.352537,H,1,0.951561,0.569400,formax-outcome-4.0,6d861e191d14ee4741a5969b1d2ffbfc,2026-01-29T20:00:00.0000000Z,4
104603,3,2026-01-29T20:00:00.0000000Z,2033,2516,2,1,H,0.609923,0.208594,0.181483,H,1,0.494422,0.228607,formax-outcome-4.0,6d861e191d14ee4741a5969b1d2ffbfc,2026-01-29T20:00:00.0000000Z,4
105974,3,2026-01-29T20:00:00.0000000Z,1792,1631,0,1,A,0.282044,0.265763,0.452193,A,1,0.793645,0.450271,formax-outcome-4.0,6d861e191d14ee4741a5969b1d2ffbfc,2026-01-29T20:00:00.0000000Z,4
107180,3,2026-01-29T20:00:00.0000000Z,1278,2522,3,2,H,0.777975,0.143921,0.078104,H,1,0.251061,0.076109,formax-outcome-4.0,6d861e191d14ee4741a5969b1d2ffbfc,2026-01-29T20:00:00.0000000Z,4
103495,203,2026-01-30T17:00:00.0000000Z,4226,1176,0,1,A,0.263476,0.276469,0.460055,A,1,0.776410,0.437396,formax-outcome-4.0,6d861e191d14ee4741a5969b1d2ffbfc,2026-01-30T17:00:00.0000000Z,4
103572,203,2026-01-30T17:00:00.0000000Z,5867,5068,1,1,D,0.156539,0.212379,0.631082,A,0,1.549381,1.043115,formax-outcome-4.0,6d861e191d14ee4741a5969b1d2ffbfc,2026-01-30T17:00:00.0000000Z,4
83326,88,2026-01-30T19:00:00.0000000Z,1378,3707,2,2,D,0.256095,0.261065,0.482840,A,0,1.342986,0.844744,formax-outcome-4.0,6d861e191d14ee4741a5969b1d2ffbfc,2026-01-30T19:00:00.0000000Z,4
105503,135,2026-01-30T19:45:00.0000000Z,2837,1649,3,2,H,0.465594,0.279553,0.254853,H,1,0.764441,0.428690,formax-outcome-4.0,6d861e191d14ee4741a5969b1d2ffbfc,2026-01-30T19:45:00.0000000Z,4
107231,61,2026-01-30T19:45:00.0000000Z,886,1823,1,0,H,0.588724,0.243359,0.167917,H,1,0.529798,0.256568,formax-outcome-4.0,6d861e191d14ee4741a5969b1d2ffbfc,2026-01-30T19:45:00.0000000Z,4
102555,40,2026-01-30T20:00:00.0000000Z,1053,3380,0,5,A,0.469006,0.275371,0.255623,H,0,1.364052,0.849893,formax-outcome-4.0,6d861e191d14ee4741a5969b1d2ffbfc,2026-01-30T20:00:00.0000000Z,4
103872,140,2026-01-30T20:00:00.0000000Z,762,759,1,2,A,0.498366,0.278334,0.223300,H,0,1.499240,0.929102,formax-outcome-4.0,6d861e191d14ee4741a5969b1d2ffbfc,2026-01-30T20:00:00.0000000Z,4
104164,203,2026-01-31T11:30:00.0000000Z,6847,6991,1,3,A,0.486272,0.282923,0.230805,H,0,1.466180,0.908166,formax-outcome-4.0,6d861e191d14ee4741a5969b1d2ffbfc,2026-01-31T11:30:00.0000000Z,4
102197,40,2026-01-31T12:30:00.0000000Z,1910,1452,0,2,A,0.588669,0.234581,0.176749,H,0,1.733024,1.079302,formax-outcome-4.0,6d861e191d14ee4741a5969b1d2ffbfc,2026-01-31T12:30:00.0000000Z,4
102691,40,2026-01-31T12:30:00.0000000Z,3483,4290,0,2,A,0.374789,0.290613,0.334598,H,0,1.094826,0.667683,formax-outcome-4.0,6d861e191d14ee4741a5969b1d2ffbfc,2026-01-31T12:30:00.0000000Z,4
105741,40,2026-01-31T12:30:00.0000000Z,4169,2268,0,1,A,0.170705,0.225416,0.603879,A,1,0.504381,0.236864,formax-outcome-4.0,6d861e191d14ee4741a5969b1d2ffbfc,2026-01-31T12:30:00.0000000Z,4
105209,140,2026-01-31T13:00:00.0000000Z,1944,758,1,0,H,0.373047,0.286633,0.340320,H,1,0.986050,0.591046,formax-outcome-4.0,6d861e191d14ee4741a5969b1d2ffbfc,2026-01-31T13:00:00.0000000Z,4
103421,203,2026-01-31T14:00:00.0000000Z,3661,1845,2,2,D,0.535846,0.245978,0.218177,H,0,1.402514,0.903281,formax-outcome-4.0,6d861e191d14ee4741a5969b1d2ffbfc,2026-01-31T14:00:00.0000000Z,4
107409,135,2026-01-31T14:00:00.0000000Z,1838,3903,1,3,A,0.356222,0.276788,0.366990,A,1,1.002419,0.604206,formax-outcome-4.0,6d861e191d14ee4741a5969b1d2ffbfc,2026-01-31T14:00:00.0000000Z,4
72550,78,2026-01-31T14:30:00.0000000Z,4472,1260,1,3,A,0.273352,0.230064,0.496584,A,1,0.700002,0.381078,formax-outcome-4.0,6d861e191d14ee4741a5969b1d2ffbfc,2026-01-31T14:30:00.0000000Z,4
101568,78,2026-01-31T14:30:00.0000000Z,966,1051,1,1,D,0.358364,0.250610,0.391026,A,0,1.383858,0.842912,formax-outcome-4.0,6d861e191d14ee4741a5969b1d2ffbfc,2026-01-31T14:30:00.0000000Z,4
101884,78,2026-01-31T14:30:00.0000000Z,821,1281,1,2,A,0.486320,0.245318,0.268363,H,0,1.315415,0.831980,formax-outcome-4.0,6d861e191d14ee4741a5969b1d2ffbfc,2026-01-31T14:30:00.0000000Z,4
71193,39,2026-01-31T15:00:00.0000000Z,873,1482,1,1,D,0.461860,0.279669,0.258471,H,0,1.274148,0.798998,formax-outcome-4.0,6d861e191d14ee4741a5969b1d2ffbfc,2026-01-31T15:00:00.0000000Z,4
98255,40,2026-01-31T15:00:00.0000000Z,1502,5841,2,1,H,0.292733,0.259150,0.448117,A,0,1.228493,0.768193,formax-outcome-4.0,6d861e191d14ee4741a5969b1d2ffbfc,2026-01-31T15:00:00.0000000Z,4
99470,39,2026-01-31T15:00:00.0000000Z,1829,3646,0,2,A,0.316792,0.262091,0.421117,A,1,0.864844,0.504154,formax-outcome-4.0,6d861e191d14ee4741a5969b1d2ffbfc,2026-01-31T15:00:00.0000000Z,4
99576,40,2026-01-31T15:00:00.0000000Z,1912,1718,0,1,A,0.275924,0.280702,0.443374,A,1,0.813342,0.464760,formax-outcome-4.0,6d861e191d14ee4741a5969b1d2ffbfc,2026-01-31T15:00:00.0000000Z,4
101668,40,2026-01-31T15:00:00.0000000Z,3598,1499,1,1,D,0.621768,0.228109,0.150124,H,0,1.477934,1.004949,formax-outcome-4.0,6d861e191d14ee4741a5969b1d2ffbfc,2026-01-31T15:00:00.0000000Z,4
102335,40,2026-01-31T15:00:00.0000000Z,1511,1460,1,1,D,0.361245,0.277887,0.360867,H,0,1.280540,0.782171,formax-outcome-4.0,6d861e191d14ee4741a5969b1d2ffbfc,2026-01-31T15:00:00.0000000Z,4
102408,40,2026-01-31T15:00:00.0000000Z,1654,1531,3,0,H,0.397157,0.277978,0.324865,H,1,0.923423,0.546228,formax-outcome-4.0,6d861e191d14ee4741a5969b1d2ffbfc,2026-01-31T15:00:00.0000000Z,4
102632,40,2026-01-31T15:00:00.0000000Z,1253,3467,0,2,A,0.428393,0.278234,0.293373,H,0,1.226310,0.760256,formax-outcome-4.0,6d861e191d14ee4741a5969b1d2ffbfc,2026-01-31T15:00:00.0000000Z,4
102749,40,2026-01-31T15:00:00.0000000Z,4380,4379,1,0,H,0.505993,0.253284,0.240723,H,1,0.681233,0.366143,formax-outcome-4.0,6d861e191d14ee4741a5969b1d2ffbfc,2026-01-31T15:00:00.0000000Z,4
103708,40,2026-01-31T15:00:00.0000000Z,1476,1490,0,2,A,0.306879,0.286049,0.407072,A,1,0.898765,0.527562,formax-outcome-4.0,6d861e191d14ee4741a5969b1d2ffbfc,2026-01-31T15:00:00.0000000Z,4
106387,39,2026-01-31T15:00:00.0000000Z,2269,4559,0,4,A,0.161120,0.227606,0.611274,A,1,0.492210,0.228872,formax-outcome-4.0,6d861e191d14ee4741a5969b1d2ffbfc,2026-01-31T15:00:00.0000000Z,4
104814,140,2026-01-31T15:15:00.0000000Z,3599,1776,2,2,D,0.438287,0.266449,0.295264,H,0,1.322571,0.817373,formax-outcome-4.0,6d861e191d14ee4741a5969b1d2ffbfc,2026-01-31T15:15:00.0000000Z,4
38692,88,2026-01-31T15:30:00.0000000Z,1271,1080,1,3,A,0.463198,0.235484,0.301318,H,0,1.199588,0.758161,formax-outcome-4.0,6d861e191d14ee4741a5969b1d2ffbfc,2026-01-31T15:30:00.0000000Z,4
60894,61,2026-01-31T16:00:00.0000000Z,4292,5071,2,2,D,0.278945,0.251048,0.470007,A,0,1.382111,0.859646,formax-outcome-4.0,6d861e191d14ee4741a5969b1d2ffbfc,2026-01-31T16:00:00.0000000Z,4
82480,203,2026-01-31T17:00:00.0000000Z,3673,1717,2,1,H,0.583403,0.235659,0.180938,H,1,0.538876,0.261826,formax-outcome-4.0,6d861e191d14ee4741a5969b1d2ffbfc,2026-01-31T17:00:00.0000000Z,4
105696,203,2026-01-31T17:00:00.0000000Z,2549,6019,2,1,H,0.713081,0.185518,0.101401,H,1,0.338160,0.127021,formax-outcome-4.0,6d861e191d14ee4741a5969b1d2ffbfc,2026-01-31T17:00:00.0000000Z,4
106903,135,2026-01-31T17:00:00.0000000Z,2845,1503,2,1,H,0.528991,0.251412,0.219598,H,1,0.636785,0.333281,formax-outcome-4.0,6d861e191d14ee4741a5969b1d2ffbfc,2026-01-31T17:00:00.0000000Z,4
101826,39,2026-01-31T17:30:00.0000000Z,3373,2751,3,2,H,0.654990,0.207102,0.137908,H,1,0.423135,0.180941,formax-outcome-4.0,6d861e191d14ee4741a5969b1d2ffbfc,2026-01-31T17:30:00.0000000Z,4
102025,78,2026-01-31T17:30:00.0000000Z,4469,1328,2,2,D,0.074563,0.114026,0.811411,A,0,2.171332,1.448899,formax-outcome-4.0,6d861e191d14ee4741a5969b1d2ffbfc,2026-01-31T17:30:00.0000000Z,4
105324,140,2026-01-31T17:30:00.0000000Z,2383,4267,0,0,D,0.164705,0.224128,0.611168,A,0,1.495539,1.002631,formax-outcome-4.0,6d861e191d14ee4741a5969b1d2ffbfc,2026-01-31T17:30:00.0000000Z,4
97862,88,2026-01-31T17:45:00.0000000Z,2612,3539,4,1,H,0.274697,0.248615,0.476688,A,0,1.292086,0.815105,formax-outcome-4.0,6d861e191d14ee4741a5969b1d2ffbfc,2026-01-31T17:45:00.0000000Z,4
106809,61,2026-01-31T18:00:00.0000000Z,1666,1668,2,1,H,0.530744,0.248083,0.221174,H,1,0.633476,0.330664,formax-outcome-4.0,6d861e191d14ee4741a5969b1d2ffbfc,2026-01-31T18:00:00.0000000Z,4
105434,135,2026-01-31T19:45:00.0000000Z,3394,1719,4,0,H,0.550478,0.245642,0.203880,H,1,0.596969,0.303977,formax-outcome-4.0,6d861e191d14ee4741a5969b1d2ffbfc,2026-01-31T19:45:00.0000000Z,4
71090,39,2026-01-31T20:00:00.0000000Z,2208,1013,4,1,H,0.451755,0.270989,0.277256,H,1,0.794615,0.450878,formax-outcome-4.0,6d861e191d14ee4741a5969b1d2ffbfc,2026-01-31T20:00:00.0000000Z,4
97493,88,2026-01-31T20:00:00.0000000Z,1162,1301,2,0,H,0.435505,0.262895,0.301600,H,1,0.831249,0.478731,formax-outcome-4.0,6d861e191d14ee4741a5969b1d2ffbfc,2026-01-31T20:00:00.0000000Z,4
105756,140,2026-01-31T20:00:00.0000000Z,3447,4005,1,3,A,0.119488,0.175020,0.705492,A,1,0.348860,0.131644,formax-outcome-4.0,6d861e191d14ee4741a5969b1d2ffbfc,2026-01-31T20:00:00.0000000Z,4
98351,61,2026-01-31T20:05:00.0000000Z,2085,1781,4,0,H,0.350666,0.264082,0.385252,A,0,1.047921,0.639793,formax-outcome-4.0,6d861e191d14ee4741a5969b1d2ffbfc,2026-01-31T20:05:00.0000000Z,4
88169,88,2026-02-01T11:15:00.0000000Z,4124,2530,2,2,D,0.299250,0.246580,0.454170,A,0,1.400069,0.863463,formax-outcome-4.0,6d861e191d14ee4741a5969b1d2ffbfc,2026-02-01T11:15:00.0000000Z,4
105784,135,2026-02-01T11:30:00.0000000Z,1652,1584,1,0,H,0.446262,0.282699,0.271039,H,1,0.806850,0.460007,formax-outcome-4.0,6d861e191d14ee4741a5969b1d2ffbfc,2026-02-01T11:30:00.0000000Z,4
104330,140,2026-02-01T13:00:00.0000000Z,4521,2517,2,1,H,0.790699,0.140210,0.069091,H,1,0.234838,0.068239,formax-outcome-4.0,6d861e191d14ee4741a5969b1d2ffbfc,2026-02-01T13:00:00.0000000Z,4
104006,88,2026-02-01T13:30:00.0000000Z,1775,2516,3,0,H,0.615102,0.189481,0.195417,H,1,0.485968,0.222238,formax-outcome-4.0,6d861e191d14ee4741a5969b1d2ffbfc,2026-02-01T13:30:00.0000000Z,4
104243,88,2026-02-01T13:30:00.0000000Z,4157,1079,2,1,H,0.337351,0.248786,0.413863,A,0,1.086631,0.672281,formax-outcome-4.0,6d861e191d14ee4741a5969b1d2ffbfc,2026-02-01T13:30:00.0000000Z,4
53897,61,2026-02-01T14:00:00.0000000Z,3589,4470,1,0,H,0.577176,0.226054,0.196770,H,1,0.549608,0.268599,formax-outcome-4.0,6d861e191d14ee4741a5969b1d2ffbfc,2026-02-01T14:00:00.0000000Z,4
102072,39,2026-02-01T14:00:00.0000000Z,2109,5807,0,1,A,0.471938,0.262211,0.265851,H,0,1.324821,0.830456,formax-outcome-4.0,6d861e191d14ee4741a5969b1d2ffbfc,2026-02-01T14:00:00.0000000Z,4
103099,39,2026-02-01T14:00:00.0000000Z,4266,4928,3,2,H,0.482535,0.250812,0.266653,H,1,0.728701,0.401780,formax-outcome-4.0,6d861e191d14ee4741a5969b1d2ffbfc,2026-02-01T14:00:00.0000000Z,4
104102,203,2026-02-01T14:00:00.0000000Z,6848,4926,2,1,H,0.291561,0.265318,0.443122,A,0,1.232507,0.768636,formax-outcome-4.0,6d861e191d14ee4741a5969b1d2ffbfc,2026-02-01T14:00:00.0000000Z,4
105992,135,2026-02-01T14:00:00.0000000Z,5356,4702,0,0,D,0.456710,0.269857,0.273432,H,0,1.309861,0.816458,formax-outcome-4.0,6d861e191d14ee4741a5969b1d2ffbfc,2026-02-01T14:00:00.0000000Z,4
106317,39,2026-02-01T14:00:00.0000000Z,2480,1486,1,1,D,0.449447,0.280412,0.270142,H,0,1.271496,0.792786,formax-outcome-4.0,6d861e191d14ee4741a5969b1d2ffbfc,2026-02-01T14:00:00.0000000Z,4
106062,78,2026-02-01T14:30:00.0000000Z,1278,5685,1,0,H,0.478187,0.232200,0.289613,H,1,0.737754,0.410081,formax-outcome-4.0,6d861e191d14ee4741a5969b1d2ffbfc,2026-02-01T14:30:00.0000000Z,4
106221,140,2026-02-01T15:15:00.0000000Z,2033,2030,2,1,H,0.628256,0.215172,0.156572,H,1,0.464807,0.209007,formax-outcome-4.0,6d861e191d14ee4741a5969b1d2ffbfc,2026-02-01T15:15:00.0000000Z,4
103791,88,2026-02-01T15:45:00.0000000Z,990,4678,1,1,D,0.412811,0.258146,0.329043,H,0,1.354229,0.829029,formax-outcome-4.0,6d861e191d14ee4741a5969b1d2ffbfc,2026-02-01T15:45:00.0000000Z,4
60443,61,2026-02-01T16:15:00.0000000Z,1872,1815,0,0,D,0.552488,0.249629,0.197883,H,0,1.387781,0.907458,formax-outcome-4.0,6d861e191d14ee4741a5969b1d2ffbfc,2026-02-01T16:15:00.0000000Z,4
103270,61,2026-02-01T16:15:00.0000000Z,1257,1078,1,0,H,0.485779,0.256545,0.257676,H,1,0.722001,0.396635,formax-outcome-4.0,6d861e191d14ee4741a5969b1d2ffbfc,2026-02-01T16:15:00.0000000Z,4
107041,61,2026-02-01T16:15:00.0000000Z,3851,4558,2,2,D,0.394618,0.261241,0.344142,H,0,1.342313,0.819922,formax-outcome-4.0,6d861e191d14ee4741a5969b1d2ffbfc,2026-02-01T16:15:00.0000000Z,4
104741,39,2026-02-01T16:30:00.0000000Z,2355,4166,2,2,D,0.250504,0.264433,0.485062,A,0,1.330166,0.839096,formax-outcome-4.0,6d861e191d14ee4741a5969b1d2ffbfc,2026-02-01T16:30:00.0000000Z,4
106674,78,2026-02-01T16:30:00.0000000Z,989,4330,3,2,H,0.772071,0.143274,0.084656,H,1,0.258679,0.079646,formax-outcome-4.0,6d861e191d14ee4741a5969b1d2ffbfc,2026-02-01T16:30:00.0000000Z,4
14119,135,2026-02-01T17:00:00.0000000Z,3558,2685,0,2,A,0.127473,0.204539,0.667988,A,1,0.403484,0.168317,formax-outcome-4.0,6d861e191d14ee4741a5969b1d2ffbfc,2026-02-01T17:00:00.0000000Z,4
29593,203,2026-02-01T17:00:00.0000000Z,3309,6025,4,0,H,0.772527,0.153455,0.074018,H,1,0.258088,0.080771,formax-outcome-4.0,6d861e191d14ee4741a5969b1d2ffbfc,2026-02-01T17:00:00.0000000Z,4
103944,140,2026-02-01T17:30:00.0000000Z,1914,1904,0,0,D,0.277309,0.279886,0.442805,A,0,1.273371,0.791540,formax-outcome-4.0,6d861e191d14ee4741a5969b1d2ffbfc,2026-02-01T17:30:00.0000000Z,4
104568,88,2026-02-01T19:00:00.0000000Z,4677,1580,1,1,D,0.363189,0.262530,0.374281,A,0,1.337389,0.815854,formax-outcome-4.0,6d861e191d14ee4741a5969b1d2ffbfc,2026-02-01T19:00:00.0000000Z,4
104881,61,2026-02-01T19:45:00.0000000Z,1911,5284,1,2,A,0.241518,0.261295,0.497186,A,1,0.698791,0.379428,formax-outcome-4.0,6d861e191d14ee4741a5969b1d2ffbfc,2026-02-01T19:45:00.0000000Z,4
107000,135,2026-02-01T19:45:00.0000000Z,3648,2013,1,4,A,0.156026,0.245700,0.598274,A,1,0.513707,0.246096,formax-outcome-4.0,6d861e191d14ee4741a5969b1d2ffbfc,2026-02-01T19:45:00.0000000Z,4
101758,140,2026-02-01T20:00:00.0000000Z,1906,1830,1,1,D,0.445143,0.277818,0.277039,H,0,1.280791,0.796451,formax-outcome-4.0,6d861e191d14ee4741a5969b1d2ffbfc,2026-02-01T20:00:00.0000000Z,4
42772,203,2026-02-02T17:00:00.0000000Z,6988,3588,0,2,A,0.101816,0.195297,0.702888,A,1,0.352558,0.136783,formax-outcome-4.0,6d861e191d14ee4741a5969b1d2ffbfc,2026-02-02T17:00:00.0000000Z,4
107471,135,2026-02-02T19:45:00.0000000Z,3405,2799,1,0,H,0.162317,0.237891,0.599792,A,0,1.818206,1.118056,formax-outcome-4.0,6d861e191d14ee4741a5969b1d2ffbfc,2026-02-02T19:45:00.0000000Z,4
104404,140,2026-02-02T20:00:00.0000000Z,1925,3049,4,1,H,0.447660,0.272261,0.280079,H,1,0.803722,0.457650,formax-outcome-4.0,6d861e191d14ee4741a5969b1d2ffbfc,2026-02-02T20:00:00.0000000Z,4
104950,39,2026-02-02T20:00:00.0000000Z,2209,2531,3,0,H,0.361619,0.296041,0.342340,H,1,1.017164,0.612367,formax-outcome-4.0,6d861e191d14ee4741a5969b1d2ffbfc,2026-02-02T20:00:00.0000000Z,4
7905,135,2026-02-03T19:45:00.0000000Z,1520,1488,0,3,A,0.319155,0.268014,0.412831,A,1,0.884716,0.518458,formax-outcome-4.0,6d861e191d14ee4741a5969b1d2ffbfc,2026-02-03T19:45:00.0000000Z,4
99575,40,2026-02-03T19:45:00.0000000Z,1912,4169,1,0,H,0.529013,0.271873,0.199113,H,1,0.636742,0.335390,formax-outcome-4.0,6d861e191d14ee4741a5969b1d2ffbfc,2026-02-03T19:45:00.0000000Z,4
103668,40,2026-02-03T19:45:00.0000000Z,1460,1476,3,1,H,0.567543,0.251221,0.181236,H,1,0.566438,0.282977,formax-outcome-4.0,6d861e191d14ee4741a5969b1d2ffbfc,2026-02-03T19:45:00.0000000Z,4
104531,40,2026-02-03T19:45:00.0000000Z,1718,1253,0,0,D,0.463864,0.274614,0.261522,H,0,1.292389,0.809748,formax-outcome-4.0,6d861e191d14ee4741a5969b1d2ffbfc,2026-02-03T19:45:00.0000000Z,4
104060,88,2026-02-06T19:00:00.0000000Z,1378,4124,0,2,A,0.388141,0.267356,0.344503,H,0,1.065653,0.651809,formax-outcome-4.0,6d861e191d14ee4741a5969b1d2ffbfc,2026-02-06T19:00:00.0000000Z,4
72549,78,2026-02-06T19:30:00.0000000Z,4180,4472,1,1,D,0.306606,0.239791,0.453603,A,0,1.427987,0.877680,formax-outcome-4.0,6d861e191d14ee4741a5969b1d2ffbfc,2026-02-06T19:30:00.0000000Z,4
102855,61,2026-02-06T19:45:00.0000000Z,1078,4470,0,0,D,0.239698,0.244817,0.515485,A,0,1.407243,0.893481,formax-outcome-4.0,6d861e191d14ee4741a5969b1d2ffbfc,2026-02-06T19:45:00.0000000Z,4
105433,135,2026-02-06T19:45:00.0000000Z,1719,1838,0,0,D,0.314043,0.271212,0.414745,A,0,1.304855,0.801769,formax-outcome-4.0,6d861e191d14ee4741a5969b1d2ffbfc,2026-02-06T19:45:00.0000000Z,4
105573,140,2026-02-06T20:00:00.0000000Z,1904,3599,1,2,A,0.551936,0.243057,0.205007,H,0,1.584709,0.995723,formax-outcome-4.0,6d861e191d14ee4741a5969b1d2ffbfc,2026-02-06T20:00:00.0000000Z,4
106386,39,2026-02-06T20:00:00.0000000Z,2269,2480,3,1,H,0.325049,0.269579,0.405371,A,0,1.123778,0.692557,formax-outcome-4.0,6d861e191d14ee4741a5969b1d2ffbfc,2026-02-06T20:00:00.0000000Z,4
102196,40,2026-02-06T20:01:00.0000000Z,1452,1502,0,0,D,0.358486,0.286648,0.354866,H,0,1.249501,0.763314,formax-outcome-4.0,6d861e191d14ee4741a5969b1d2ffbfc,2026-02-06T20:01:00.0000000Z,4
106147,203,2026-02-07T11:30:00.0000000Z,6019,5867,1,0,H,0.326818,0.273711,0.399471,A,0,1.118352,0.687669,formax-outcome-4.0,6d861e191d14ee4741a5969b1d2ffbfc,2026-02-07T11:30:00.0000000Z,4
103098,39,2026-02-07T12:30:00.0000000Z,4266,2355,2,0,H,0.511788,0.241508,0.246703,H,1,0.669844,0.357539,formax-outcome-4.0,6d861e191d14ee4741a5969b1d2ffbfc,2026-02-07T12:30:00.0000000Z,4
99574,40,2026-02-07T12:31:00.0000000Z,4379,1912,2,0,H,0.473849,0.287882,0.238269,H,1,0.746867,0.416483,formax-outcome-4.0,6d861e191d14ee4741a5969b1d2ffbfc,2026-02-07T12:31:00.0000000Z,4
102554,40,2026-02-07T12:31:00.0000000Z,3380,3598,1,2,A,0.275938,0.287254,0.436808,A,1,0.828262,0.475842,formax-outcome-4.0,6d861e191d14ee4741a5969b1d2ffbfc,2026-02-07T12:31:00.0000000Z,4
104530,40,2026-02-07T12:31:00.0000000Z,4290,1253,1,0,H,0.479702,0.279861,0.240437,H,1,0.734591,0.406843,formax-outcome-4.0,6d861e191d14ee4741a5969b1d2ffbfc,2026-02-07T12:31:00.0000000Z,4
101567,78,2026-02-07T14:30:00.0000000Z,5685,966,1,0,H,0.487049,0.248217,0.264734,H,1,0.719390,0.394814,formax-outcome-4.0,6d861e191d14ee4741a5969b1d2ffbfc,2026-02-07T14:30:00.0000000Z,4
106673,78,2026-02-07T14:30:00.0000000Z,5353,989,1,2,A,0.176327,0.196899,0.626774,A,1,0.467170,0.209158,formax-outcome-4.0,6d861e191d14ee4741a5969b1d2ffbfc,2026-02-07T14:30:00.0000000Z,4
107141,78,2026-02-07T14:30:00.0000000Z,4330,4469,0,2,A,0.231422,0.232773,0.535805,A,1,0.623985,0.323216,formax-outcome-4.0,6d861e191d14ee4741a5969b1d2ffbfc,2026-02-07T14:30:00.0000000Z,4
71192,39,2026-02-07T15:00:00.0000000Z,4928,1482,1,2,A,0.441391,0.278432,0.280177,H,0,1.272334,0.790495,formax-outcome-4.0,6d861e191d14ee4741a5969b1d2ffbfc,2026-02-07T15:00:00.0000000Z,4
99469,39,2026-02-07T15:00:00.0000000Z,1829,3373,1,3,A,0.203652,0.242352,0.553996,A,1,0.590597,0.299128,formax-outcome-4.0,6d861e191d14ee4741a5969b1d2ffbfc,2026-02-07T15:00:00.0000000Z,4
102071,39,2026-02-07T15:00:00.0000000Z,3646,2109,1,1,D,0.376505,0.264582,0.358912,H,0,1.329603,0.811414,formax-outcome-4.0,6d861e191d14ee4741a5969b1d2ffbfc,2026-02-07T15:00:00.0000000Z,4
104949,39,2026-02-07T15:00:00.0000000Z,2531,2751,0,2,A,0.333373,0.266609,0.400018,A,1,0.916246,0.542196,formax-outcome-4.0,6d861e191d14ee4741a5969b1d2ffbfc,2026-02-07T15:00:00.0000000Z,4
106359,39,2026-02-07T15:00:00.0000000Z,4559,2209,3,0,H,0.820720,0.130116,0.049164,H,1,0.197573,0.051489,formax-outcome-4.0,6d861e191d14ee4741a5969b1d2ffbfc,2026-02-07T15:00:00.0000000Z,4
98254,40,2026-02-07T15:01:00.0000000Z,5841,1476,0,0,D,0.607352,0.239333,0.153316,H,0,1.429901,0.970997,formax-outcome-4.0,6d861e191d14ee4741a5969b1d2ffbfc,2026-02-07T15:01:00.0000000Z,4
101667,40,2026-02-07T15:01:00.0000000Z,1499,1654,1,0,H,0.448438,0.292149,0.259413,H,1,0.801984,0.456866,formax-outcome-4.0,6d861e191d14ee4741a5969b1d2ffbfc,2026-02-07T15:01:00.0000000Z,4
102334,40,2026-02-07T15:01:00.0000000Z,2268,1511,0,2,A,0.423127,0.292162,0.284711,H,0,1.256281,0.776034,formax-outcome-4.0,6d861e191d14ee4741a5969b1d2ffbfc,2026-02-07T15:01:00.0000000Z,4
102407,40,2026-02-07T15:01:00.0000000Z,1531,3483,0,0,D,0.300314,0.305804,0.393882,A,0,1.184810,0.727239,formax-outcome-4.0,6d861e191d14ee4741a5969b1d2ffbfc,2026-02-07T15:01:00.0000000Z,4
102993,40,2026-02-07T15:01:00.0000000Z,1718,1053,2,3,A,0.474225,0.280574,0.245201,H,0,1.405676,0.873332,formax-outcome-4.0,6d861e191d14ee4741a5969b1d2ffbfc,2026-02-07T15:01:00.0000000Z,4
103707,40,2026-02-07T15:01:00.0000000Z,1490,1910,2,1,H,0.374755,0.287996,0.337249,H,1,0.981482,0.587610,formax-outcome-4.0,6d861e191d14ee4741a5969b1d2ffbfc,2026-02-07T15:01:00.0000000Z,4
107442,140,2026-02-07T15:15:00.0000000Z,4005,1925,3,0,H,0.820908,0.118961,0.060131,H,1,0.197344,0.049841,formax-outcome-4.0,6d861e191d14ee4741a5969b1d2ffbfc,2026-02-07T15:15:00.0000000Z,4
38690,88,2026-02-07T15:30:00.0000000Z,1080,4157,4,1,H,0.715621,0.163585,0.120794,H,1,0.334604,0.122222,formax-outcome-4.0,6d861e191d14ee4741a5969b1d2ffbfc,2026-02-07T15:30:00.0000000Z,4
107381,61,2026-02-07T16:00:00.0000000Z,886,1781,3,1,H,0.552354,0.249575,0.198071,H,1,0.593566,0.301907,formax-outcome-4.0,6d861e191d14ee4741a5969b1d2ffbfc,2026-02-07T16:00:00.0000000Z,4
103571,203,2026-02-07T17:00:00.0000000Z,1176,5068,0,3,A,0.377307,0.274172,0.348521,H,0,1.054056,0.641955,formax-outcome-4.0,6d861e191d14ee4741a5969b1d2ffbfc,2026-02-07T17:00:00.0000000Z,4
106749,135,2026-02-07T17:00:00.0000000Z,1649,2845,2,3,A,0.243500,0.268062,0.488439,A,1,0.716541,0.392844,formax-outcome-4.0,6d861e191d14ee4741a5969b1d2ffbfc,2026-02-07T17:00:00.0000000Z,4
71088,39,2026-02-07T17:30:00.0000000Z,1013,5807,2,3,A,0.401630,0.267914,0.330456,H,0,1.107282,0.681374,formax-outcome-4.0,6d861e191d14ee4741a5969b1d2ffbfc,2026-02-07T17:30:00.0000000Z,4
101963,78,2026-02-07T17:30:00.0000000Z,1051,1260,1,1,D,0.194889,0.221023,0.584088,A,0,1.509489,0.985946,formax-outcome-4.0,6d861e191d14ee4741a5969b1d2ffbfc,2026-02-07T17:30:00.0000000Z,4
104638,88,2026-02-07T17:45:00.0000000Z,2612,4677,1,2,A,0.482871,0.254670,0.262459,H,0,1.337660,0.841988,formax-outcome-4.0,6d861e191d14ee4741a5969b1d2ffbfc,2026-02-07T17:45:00.0000000Z,4
106808,61,2026-02-07T18:00:00.0000000Z,4558,1666,2,0,H,0.339552,0.271657,0.388790,A,0,1.080127,0.661147,formax-outcome-4.0,6d861e191d14ee4741a5969b1d2ffbfc,2026-02-07T18:00:00.0000000Z,4
83324,88,2026-02-07T19:00:00.0000000Z,3707,990,5,0,H,0.499701,0.249002,0.251297,H,1,0.693746,0.375452,formax-outcome-4.0,6d861e191d14ee4741a5969b1d2ffbfc,2026-02-07T19:00:00.0000000Z,4
107348,135,2026-02-07T19:45:00.0000000Z,1503,1652,2,2,D,0.534627,0.245056,0.220317,H,0,1.406267,0.904305,formax-outcome-4.0,6d861e191d14ee4741a5969b1d2ffbfc,2026-02-07T19:45:00.0000000Z,4
97492,88,2026-02-07T20:00:00.0000000Z,1079,1162,2,2,D,0.348072,0.266597,0.385331,A,0,1.322017,0.807514,formax-outcome-4.0,6d861e191d14ee4741a5969b1d2ffbfc,2026-02-07T20:00:00.0000000Z,4
101757,140,2026-02-07T20:00:00.0000000Z,1830,3447,3,1,H,0.640481,0.212033,0.147487,H,1,0.445536,0.195964,formax-outcome-4.0,6d861e191d14ee4741a5969b1d2ffbfc,2026-02-07T20:00:00.0000000Z,4
53895,61,2026-02-07T20:05:00.0000000Z,1668,3589,0,1,A,0.134552,0.206670,0.658777,A,1,0.417370,0.177250,formax-outcome-4.0,6d861e191d14ee4741a5969b1d2ffbfc,2026-02-07T20:05:00.0000000Z,4
103790,88,2026-02-08T11:15:00.0000000Z,4678,2516,0,1,A,0.345295,0.241992,0.412713,A,1,0.885003,0.522695,formax-outcome-4.0,6d861e191d14ee4741a5969b1d2ffbfc,2026-02-08T11:15:00.0000000Z,4
105056,203,2026-02-08T11:30:00.0000000Z,6991,3661,1,2,A,0.212478,0.252636,0.534886,A,1,0.625702,0.325303,formax-outcome-4.0,6d861e191d14ee4741a5969b1d2ffbfc,2026-02-08T11:30:00.0000000Z,4
106999,135,2026-02-08T11:30:00.0000000Z,1520,3648,0,1,A,0.554529,0.244970,0.200501,H,0,1.606938,1.006713,formax-outcome-4.0,6d861e191d14ee4741a5969b1d2ffbfc,2026-02-08T11:30:00.0000000Z,4
102631,40,2026-02-08T12:01:00.0000000Z,3467,4169,4,0,H,0.616913,0.240501,0.142586,H,1,0.483027,0.224927,formax-outcome-4.0,6d861e191d14ee4741a5969b1d2ffbfc,2026-02-08T12:01:00.0000000Z,4
15463,140,2026-02-08T13:00:00.0000000Z,759,1914,0,2,A,0.497308,0.289493,0.213199,H,0,1.545529,0.950177,formax-outcome-4.0,6d861e191d14ee4741a5969b1d2ffbfc,2026-02-08T13:00:00.0000000Z,4
88168,88,2026-02-08T13:30:00.0000000Z,1271,2530,1,1,D,0.501883,0.235432,0.262685,H,0,1.446333,0.905454,formax-outcome-4.0,6d861e191d14ee4741a5969b1d2ffbfc,2026-02-08T13:30:00.0000000Z,4
97860,88,2026-02-08T13:30:00.0000000Z,1580,3539,1,1,D,0.364695,0.258462,0.376844,A,0,1.353008,0.824893,formax-outcome-4.0,6d861e191d14ee4741a5969b1d2ffbfc,2026-02-08T13:30:00.0000000Z,4
15613,61,2026-02-08T14:00:00.0000000Z,3851,2085,0,0,D,0.340934,0.266006,0.393060,A,0,1.324237,0.809480,formax-outcome-4.0,6d861e191d14ee4741a5969b1d2ffbfc,2026-02-08T14:00:00.0000000Z,4
98868,203,2026-02-08T14:00:00.0000000Z,1845,3309,0,3,A,0.146083,0.215235,0.638681,A,1,0.448350,0.198218,formax-outcome-4.0,6d861e191d14ee4741a5969b1d2ffbfc,2026-02-08T14:00:00.0000000Z,4
103350,203,2026-02-08T14:00:00.0000000Z,1717,2549,0,0,D,0.198220,0.256149,0.545631,A,0,1.361997,0.890319,formax-outcome-4.0,6d861e191d14ee4741a5969b1d2ffbfc,2026-02-08T14:00:00.0000000Z,4
105783,135,2026-02-08T14:00:00.0000000Z,1584,3405,2,1,H,0.278290,0.291935,0.429775,A,0,1.279093,0.790799,formax-outcome-4.0,6d861e191d14ee4741a5969b1d2ffbfc,2026-02-08T14:00:00.0000000Z,4
105928,39,2026-02-08T14:00:00.0000000Z,873,1486,0,1,A,0.490857,0.259814,0.249329,H,0,1.388983,0.871952,formax-outcome-4.0,6d861e191d14ee4741a5969b1d2ffbfc,2026-02-08T14:00:00.0000000Z,4
101883,78,2026-02-08T14:30:00.0000000Z,5078,821,1,2,A,0.270299,0.238160,0.491541,A,1,0.710209,0.388312,formax-outcome-4.0,6d861e191d14ee4741a5969b1d2ffbfc,2026-02-08T14:30:00.0000000Z,4
104403,140,2026-02-08T15:15:00.0000000Z,3049,758,1,1,D,0.507736,0.253937,0.238328,H,0,1.370671,0.871206,formax-outcome-4.0,6d861e191d14ee4741a5969b1d2ffbfc,2026-02-08T15:15:00.0000000Z,4
105323,140,2026-02-08T15:15:00.0000000Z,1906,2383,4,2,H,0.599419,0.236353,0.164227,H,1,0.511794,0.243298,formax-outcome-4.0,6d861e191d14ee4741a5969b1d2ffbfc,2026-02-08T15:15:00.0000000Z,4
104005,88,2026-02-08T15:45:00.0000000Z,1301,1775,1,2,A,0.151824,0.196531,0.651645,A,1,0.428256,0.183026,formax-outcome-4.0,6d861e191d14ee4741a5969b1d2ffbfc,2026-02-08T15:45:00.0000000Z,4
60442,61,2026-02-08T16:15:00.0000000Z,1815,4292,0,0,D,0.343501,0.294824,0.361675,A,0,1.221378,0.746075,formax-outcome-4.0,6d861e191d14ee4741a5969b1d2ffbfc,2026-02-08T16:15:00.0000000Z,4
103269,61,2026-02-08T16:15:00.0000000Z,1257,1872,1,0,H,0.293280,0.299771,0.406949,A,0,1.226629,0.754924,formax-outcome-4.0,6d861e191d14ee4741a5969b1d2ffbfc,2026-02-08T16:15:00.0000000Z,4
104880,61,2026-02-08T16:15:00.0000000Z,1823,1911,2,1,H,0.235009,0.278150,0.486841,A,0,1.448130,0.899592,formax-outcome-4.0,6d861e191d14ee4741a5969b1d2ffbfc,2026-02-08T16:15:00.0000000Z,4
102024,78,2026-02-08T16:30:00.0000000Z,1328,3573,5,1,H,0.730108,0.155172,0.114720,H,1,0.314563,0.110081,formax-outcome-4.0,6d861e191d14ee4741a5969b1d2ffbfc,2026-02-08T16:30:00.0000000Z,4
104740,39,2026-02-08T16:30:00.0000000Z,2208,4166,1,2,A,0.396283,0.269089,0.334629,H,0,1.094734,0.672168,formax-outcome-4.0,6d861e191d14ee4741a5969b1d2ffbfc,2026-02-08T16:30:00.0000000Z,4
82478,203,2026-02-08T17:00:00.0000000Z,3673,6847,2,2,D,0.455713,0.276538,0.267749,H,0,1.285407,0.802761,formax-outcome-4.0,6d861e191d14ee4741a5969b1d2ffbfc,2026-02-08T17:00:00.0000000Z,4
106603,135,2026-02-08T17:00:00.0000000Z,3903,2685,0,5,A,0.121088,0.194454,0.684458,A,1,0.379128,0.152042,formax-outcome-4.0,6d861e191d14ee4741a5969b1d2ffbfc,2026-02-08T17:00:00.0000000Z,4
105881,140,2026-02-08T17:30:00.0000000Z,4267,2033,0,1,A,0.595024,0.228955,0.176021,H,0,1.737149,1.085414,formax-outcome-4.0,6d861e191d14ee4741a5969b1d2ffbfc,2026-02-08T17:30:00.0000000Z,4
8177,135,2026-02-08T19:45:00.0000000Z,2013,2837,2,2,D,0.560642,0.250541,0.188817,H,0,1.384132,0.911660,formax-outcome-4.0,6d861e191d14ee4741a5969b1d2ffbfc,2026-02-08T19:45:00.0000000Z,4
106163,61,2026-02-08T19:45:00.0000000Z,5284,5071,5,0,H,0.588656,0.233682,0.177662,H,1,0.529914,0.255375,formax-outcome-4.0,6d861e191d14ee4741a5969b1d2ffbfc,2026-02-08T19:45:00.0000000Z,4
106644,140,2026-02-08T20:00:00.0000000Z,2030,4521,0,2,A,0.164736,0.215437,0.619827,A,1,0.478315,0.218083,formax-outcome-4.0,6d861e191d14ee4741a5969b1d2ffbfc,2026-02-08T20:00:00.0000000Z,4
29592,203,2026-02-09T14:00:00.0000000Z,6025,6988,1,2,A,0.308466,0.290704,0.400830,A,1,0.914218,0.538665,formax-outcome-4.0,6d861e191d14ee4741a5969b1d2ffbfc,2026-02-09T14:00:00.0000000Z,4
42770,203,2026-02-09T17:00:00.0000000Z,3588,6848,3,1,H,0.769065,0.155104,0.075831,H,1,0.262580,0.083139,formax-outcome-4.0,6d861e191d14ee4741a5969b1d2ffbfc,2026-02-09T17:00:00.0000000Z,4
103494,203,2026-02-09T17:00:00.0000000Z,4926,4226,2,1,H,0.371640,0.273346,0.355014,H,1,0.989829,0.595589,formax-outcome-4.0,6d861e191d14ee4741a5969b1d2ffbfc,2026-02-09T17:00:00.0000000Z,4
14118,135,2026-02-09T17:30:00.0000000Z,4702,3558,2,1,H,0.601767,0.235755,0.162478,H,1,0.507884,0.240569,formax-outcome-4.0,6d861e191d14ee4741a5969b1d2ffbfc,2026-02-09T17:30:00.0000000Z,4
106953,135,2026-02-09T19:45:00.0000000Z,2799,3394,2,0,H,0.579926,0.242157,0.177917,H,1,0.544855,0.266757,formax-outcome-4.0,6d861e191d14ee4741a5969b1d2ffbfc,2026-02-09T19:45:00.0000000Z,4
104813,140,2026-02-09T20:00:00.0000000Z,1776,762,4,1,H,0.562854,0.241075,0.196071,H,1,0.574735,0.287658,formax-outcome-4.0,6d861e191d14ee4741a5969b1d2ffbfc,2026-02-09T20:00:00.0000000Z,4
102801,40,2026-02-09T20:01:00.0000000Z,1460,4380,1,2,A,0.388417,0.284519,0.327064,H,0,1.117599,0.684661,formax-outcome-4.0,6d861e191d14ee4741a5969b1d2ffbfc,2026-02-09T20:01:00.0000000Z,4
71087,39,2026-02-10T19:30:00.0000000Z,2355,1013,1,2,A,0.367621,0.268241,0.364138,H,0,1.010222,0.611418,formax-outcome-4.0,6d861e191d14ee4741a5969b1d2ffbfc,2026-02-10T19:30:00.0000000Z,4
71191,39,2026-02-10T19:30:00.0000000Z,1482,3646,1,2,A,0.361213,0.274190,0.364598,A,1,1.008961,0.609391,formax-outcome-4.0,6d861e191d14ee4741a5969b1d2ffbfc,2026-02-10T19:30:00.0000000Z,4
101825,39,2026-02-10T19:30:00.0000000Z,3373,2269,2,2,D,0.654308,0.198886,0.146805,H,0,1.615021,1.091454,formax-outcome-4.0,6d861e191d14ee4741a5969b1d2ffbfc,2026-02-10T19:30:00.0000000Z,4
102748,40,2026-02-10T19:45:00.0000000Z,1476,4379,0,3,A,0.279710,0.298979,0.421311,A,1,0.864384,0.502507,formax-outcome-4.0,6d861e191d14ee4741a5969b1d2ffbfc,2026-02-10T19:45:00.0000000Z,4
104686,40,2026-02-10T19:45:00.0000000Z,1910,4290,3,4,A,0.370368,0.290689,0.338943,H,0,1.081923,0.658669,formax-outcome-4.0,6d861e191d14ee4741a5969b1d2ffbfc,2026-02-10T19:45:00.0000000Z,4
102406,40,2026-02-10T20:00:00.0000000Z,1490,1531,0,0,D,0.529276,0.256333,0.214391,H,0,1.361278,0.879137,formax-outcome-4.0,6d861e191d14ee4741a5969b1d2ffbfc,2026-02-10T20:00:00.0000000Z,4
103097,39,2026-02-10T20:15:00.0000000Z,2751,4266,1,1,D,0.225285,0.229982,0.544734,A,0,1.469755,0.940416,formax-outcome-4.0,6d861e191d14ee4741a5969b1d2ffbfc,2026-02-10T20:15:00.0000000Z,4
104567,88,2026-02-11T17:45:00.0000000Z,1580,990,1,3,A,0.444426,0.254382,0.301192,H,0,1.200006,0.750556,formax-outcome-4.0,6d861e191d14ee4741a5969b1d2ffbfc,2026-02-11T17:45:00.0000000Z,4
99468,39,2026-02-11T19:30:00.0000000Z,2480,1829,0,0,D,0.485827,0.263325,0.250849,H,0,1.334367,0.841643,formax-outcome-4.0,6d861e191d14ee4741a5969b1d2ffbfc,2026-02-11T19:30:00.0000000Z,4
102070,39,2026-02-11T19:30:00.0000000Z,2109,873,1,0,H,0.464071,0.266145,0.269784,H,1,0.767717,0.430836,formax-outcome-4.0,6d861e191d14ee4741a5969b1d2ffbfc,2026-02-11T19:30:00.0000000Z,4
104739,39,2026-02-11T19:30:00.0000000Z,4166,4928,3,0,H,0.589963,0.227733,0.182304,H,1,0.527695,0.253227,formax-outcome-4.0,6d861e191d14ee4741a5969b1d2ffbfc,2026-02-11T19:30:00.0000000Z,4
104948,39,2026-02-11T19:30:00.0000000Z,1486,2531,2,3,A,0.572209,0.245462,0.182328,H,0,1.701947,1.056263,formax-outcome-4.0,6d861e191d14ee4741a5969b1d2ffbfc,2026-02-11T19:30:00.0000000Z,4
102195,40,2026-02-11T19:45:00.0000000Z,1452,3483,1,0,H,0.330239,0.318569,0.351192,A,0,1.107940,0.673403,formax-outcome-4.0,6d861e191d14ee4741a5969b1d2ffbfc,2026-02-11T19:45:00.0000000Z,4
38689,88,2026-02-11T20:00:00.0000000Z,1080,4678,1,3,A,0.566012,0.224904,0.209084,H,0,1.565018,0.996499,formax-outcome-4.0,6d861e191d14ee4741a5969b1d2ffbfc,2026-02-11T20:00:00.0000000Z,4
106358,39,2026-02-11T20:15:00.0000000Z,2209,2208,0,1,A,0.129908,0.214921,0.655170,A,1,0.422860,0.181975,formax-outcome-4.0,6d861e191d14ee4741a5969b1d2ffbfc,2026-02-11T20:15:00.0000000Z,4
102931,39,2026-02-12T20:00:00.0000000Z,5807,4559,1,1,D,0.207108,0.247601,0.545291,A,0,1.395937,0.906341,formax-outcome-4.0,6d861e191d14ee4741a5969b1d2ffbfc,2026-02-12T20:00:00.0000000Z,4
98867,203,2026-02-13T17:00:00.0000000Z,3309,6991,5,1,H,0.714161,0.186843,0.098996,H,1,0.336647,0.126415,formax-outcome-4.0,6d861e191d14ee4741a5969b1d2ffbfc,2026-02-13T17:00:00.0000000Z,4
105674,203,2026-02-13T17:00:00.0000000Z,5867,1176,3,1,H,0.189558,0.255783,0.554659,A,0,1.663061,1.029888,formax-outcome-4.0,6d861e191d14ee4741a5969b1d2ffbfc,2026-02-13T17:00:00.0000000Z,4
107380,61,2026-02-13T18:00:00.0000000Z,1781,5284,3,1,H,0.151432,0.219711,0.628857,A,0,1.887617,1.163801,formax-outcome-4.0,6d861e191d14ee4741a5969b1d2ffbfc,2026-02-13T18:00:00.0000000Z,4
104004,88,2026-02-13T19:00:00.0000000Z,4677,1775,2,1,H,0.112400,0.171385,0.716216,A,0,2.185694,1.330172,formax-outcome-4.0,6d861e191d14ee4741a5969b1d2ffbfc,2026-02-13T19:00:00.0000000Z,4
106672,78,2026-02-13T19:30:00.0000000Z,989,1281,4,0,H,0.551103,0.232024,0.216874,H,1,0.595834,0.302378,formax-outcome-4.0,6d861e191d14ee4741a5969b1d2ffbfc,2026-02-13T19:30:00.0000000Z,4
7904,135,2026-02-13T19:45:00.0000000Z,1838,1488,1,2,A,0.119802,0.191036,0.689163,A,1,0.372278,0.147467,formax-outcome-4.0,6d861e191d14ee4741a5969b1d2ffbfc,2026-02-13T19:45:00.0000000Z,4
105617,140,2026-02-13T20:00:00.0000000Z,3447,3599,0,0,D,0.300870,0.263130,0.436000,A,0,1.335105,0.823595,formax-outcome-4.0,6d861e191d14ee4741a5969b1d2ffbfc,2026-02-13T20:00:00.0000000Z,4
15612,61,2026-02-13T20:05:00.0000000Z,2085,1668,3,1,H,0.587535,0.242168,0.170297,H,1,0.531820,0.257774,formax-outcome-4.0,6d861e191d14ee4741a5969b1d2ffbfc,2026-02-13T20:05:00.0000000Z,4
103420,203,2026-02-14T11:30:00.0000000Z,6848,1845,2,2,D,0.306049,0.258523,0.435428,A,0,1.352770,0.833051,formax-outcome-4.0,6d861e191d14ee4741a5969b1d2ffbfc,2026-02-14T11:30:00.0000000Z,4
105267,140,2026-02-14T13:00:00.0000000Z,762,1904,2,2,D,0.342364,0.275439,0.382196,A,0,1.289388,0.788276,formax-outcome-4.0,6d861e191d14ee4741a5969b1d2ffbfc,2026-02-14T13:00:00.0000000Z,4
103349,203,2026-02-14T14:00:00.0000000Z,6847,1717,2,1,H,0.486473,0.265040,0.248488,H,1,0.720574,0.395702,formax-outcome-4.0,6d861e191d14ee4741a5969b1d2ffbfc,2026-02-14T14:00:00.0000000Z,4
106550,135,2026-02-14T14:00:00.0000000Z,5356,1503,1,2,A,0.568909,0.231195,0.199896,H,0,1.609959,1.017276,formax-outcome-4.0,6d861e191d14ee4741a5969b1d2ffbfc,2026-02-14T14:00:00.0000000Z,4
72548,78,2026-02-14T14:30:00.0000000Z,4472,1051,3,0,H,0.455154,0.240366,0.304480,H,1,0.787119,0.447341,formax-outcome-4.0,6d861e191d14ee4741a5969b1d2ffbfc,2026-02-14T14:30:00.0000000Z,4
101566,78,2026-02-14T14:30:00.0000000Z,966,1328,0,3,A,0.052503,0.102195,0.845302,A,1,0.168061,0.037132,formax-outcome-4.0,6d861e191d14ee4741a5969b1d2ffbfc,2026-02-14T14:30:00.0000000Z,4
102129,78,2026-02-14T14:30:00.0000000Z,1260,4528,4,0,H,0.650193,0.203842,0.145965,H,1,0.430486,0.185223,formax-outcome-4.0,6d861e191d14ee4741a5969b1d2ffbfc,2026-02-14T14:30:00.0000000Z,4
106061,78,2026-02-14T14:30:00.0000000Z,3573,5685,3,0,H,0.442414,0.243918,0.313668,H,1,0.815509,0.468786,formax-outcome-4.0,6d861e191d14ee4741a5969b1d2ffbfc,2026-02-14T14:30:00.0000000Z,4
99573,40,2026-02-14T15:00:00.0000000Z,1502,1912,1,3,A,0.461391,0.292277,0.246331,H,0,1.401078,0.866324,formax-outcome-4.0,6d861e191d14ee4741a5969b1d2ffbfc,2026-02-14T15:00:00.0000000Z,4
101666,40,2026-02-14T15:00:00.0000000Z,1499,1253,2,2,D,0.389607,0.305253,0.305141,H,0,1.186615,0.727578,formax-outcome-4.0,6d861e191d14ee4741a5969b1d2ffbfc,2026-02-14T15:00:00.0000000Z,4
102333,40,2026-02-14T15:00:00.0000000Z,4169,1511,1,2,A,0.141407,0.237088,0.621504,A,1,0.475612,0.219466,formax-outcome-4.0,6d861e191d14ee4741a5969b1d2ffbfc,2026-02-14T15:00:00.0000000Z,4
102485,40,2026-02-14T15:00:00.0000000Z,1654,1460,0,1,A,0.267702,0.276387,0.455910,A,1,0.785459,0.444088,formax-outcome-4.0,6d861e191d14ee4741a5969b1d2ffbfc,2026-02-14T15:00:00.0000000Z,4
102553,40,2026-02-14T15:00:00.0000000Z,3380,3467,2,0,H,0.419581,0.286955,0.293464,H,1,0.868498,0.505350,formax-outcome-4.0,6d861e191d14ee4741a5969b1d2ffbfc,2026-02-14T15:00:00.0000000Z,4
15462,140,2026-02-14T15:15:00.0000000Z,1914,1776,2,1,H,0.309316,0.282490,0.408195,A,0,1.173393,0.723468,formax-outcome-4.0,6d861e191d14ee4741a5969b1d2ffbfc,2026-02-14T15:15:00.0000000Z,4
104879,61,2026-02-14T16:00:00.0000000Z,5071,1911,2,2,D,0.471202,0.254530,0.274268,H,0,1.368337,0.852980,formax-outcome-4.0,6d861e191d14ee4741a5969b1d2ffbfc,2026-02-14T16:00:00.0000000Z,4
42769,203,2026-02-14T17:00:00.0000000Z,5068,3588,2,3,A,0.254894,0.244072,0.501034,A,1,0.691082,0.373510,formax-outcome-4.0,6d861e191d14ee4741a5969b1d2ffbfc,2026-02-14T17:00:00.0000000Z,4
105502,135,2026-02-14T17:00:00.0000000Z,2837,4702,0,2,A,0.256882,0.274113,0.469005,A,1,0.757142,0.423082,formax-outcome-4.0,6d861e191d14ee4741a5969b1d2ffbfc,2026-02-14T17:00:00.0000000Z,4
103871,140,2026-02-14T17:30:00.0000000Z,3049,759,1,1,D,0.439959,0.276302,0.283739,H,0,1.286260,0.797810,formax-outcome-4.0,6d861e191d14ee4741a5969b1d2ffbfc,2026-02-14T17:30:00.0000000Z,4
103737,88,2026-02-14T17:45:00.0000000Z,4124,1271,1,2,A,0.281331,0.250588,0.468081,A,1,0.759115,0.424880,formax-outcome-4.0,6d861e191d14ee4741a5969b1d2ffbfc,2026-02-14T17:45:00.0000000Z,4
102854,61,2026-02-14T18:00:00.0000000Z,4470,4558,1,1,D,0.533674,0.255529,0.210798,H,0,1.364421,0.883481,formax-outcome-4.0,6d861e191d14ee4741a5969b1d2ffbfc,2026-02-14T18:00:00.0000000Z,4
88167,88,2026-02-14T19:00:00.0000000Z,2530,1079,4,1,H,0.575276,0.223235,0.201490,H,1,0.552906,0.270823,formax-outcome-4.0,6d861e191d14ee4741a5969b1d2ffbfc,2026-02-14T19:00:00.0000000Z,4
8176,135,2026-02-14T19:45:00.0000000Z,2685,2013,3,2,H,0.466052,0.260200,0.273747,H,1,0.763457,0.427742,formax-outcome-4.0,6d861e191d14ee4741a5969b1d2ffbfc,2026-02-14T19:45:00.0000000Z,4
101756,140,2026-02-14T20:00:00.0000000Z,4521,1830,4,1,H,0.750813,0.158563,0.090624,H,1,0.286599,0.095449,formax-outcome-4.0,6d861e191d14ee4741a5969b1d2ffbfc,2026-02-14T20:00:00.0000000Z,4
103789,88,2026-02-14T20:00:00.0000000Z,1301,4678,1,2,A,0.350769,0.269531,0.379700,A,1,0.968374,0.580458,formax-outcome-4.0,6d861e191d14ee4741a5969b1d2ffbfc,2026-02-14T20:00:00.0000000Z,4
60892,61,2026-02-14T20:05:00.0000000Z,4292,886,0,5,A,0.307179,0.290060,0.402761,A,1,0.909411,0.535188,formax-outcome-4.0,6d861e191d14ee4741a5969b1d2ffbfc,2026-02-14T20:05:00.0000000Z,4
104566,88,2026-02-15T11:15:00.0000000Z,2516,1580,1,0,H,0.640521,0.193768,0.165711,H,1,0.445473,0.194231,formax-outcome-4.0,6d861e191d14ee4741a5969b1d2ffbfc,2026-02-15T11:15:00.0000000Z,4
104101,203,2026-02-15T11:30:00.0000000Z,6988,4926,3,0,H,0.350194,0.276698,0.373108,A,0,1.049269,0.638020,formax-outcome-4.0,6d861e191d14ee4741a5969b1d2ffbfc,2026-02-15T11:30:00.0000000Z,4
107408,135,2026-02-15T11:30:00.0000000Z,3405,3903,1,2,A,0.358328,0.266566,0.375106,A,1,0.980547,0.589949,formax-outcome-4.0,6d861e191d14ee4741a5969b1d2ffbfc,2026-02-15T11:30:00.0000000Z,4
106120,140,2026-02-15T13:00:00.0000000Z,1944,1906,1,2,A,0.278510,0.283815,0.437675,A,1,0.826279,0.474328,formax-outcome-4.0,6d861e191d14ee4741a5969b1d2ffbfc,2026-02-15T13:00:00.0000000Z,4
83323,88,2026-02-15T13:30:00.0000000Z,3539,3707,1,1,D,0.345150,0.261842,0.393008,A,0,1.340016,0.818462,formax-outcome-4.0,6d861e191d14ee4741a5969b1d2ffbfc,2026-02-15T13:30:00.0000000Z,4
104637,88,2026-02-15T13:30:00.0000000Z,990,2612,4,2,H,0.455119,0.246718,0.298163,H,1,0.787197,0.446666,formax-outcome-4.0,6d861e191d14ee4741a5969b1d2ffbfc,2026-02-15T13:30:00.0000000Z,4
14117,135,2026-02-15T14:00:00.0000000Z,3558,1649,0,0,D,0.317581,0.264446,0.417973,A,0,1.330118,0.816599,formax-outcome-4.0,6d861e191d14ee4741a5969b1d2ffbfc,2026-02-15T14:00:00.0000000Z,4
29591,203,2026-02-15T14:00:00.0000000Z,2549,6025,0,0,D,0.695289,0.190184,0.114527,H,0,1.659763,1.152345,formax-outcome-4.0,6d861e191d14ee4741a5969b1d2ffbfc,2026-02-15T14:00:00.0000000Z,4
105432,135,2026-02-15T14:00:00.0000000Z,3648,1719,2,1,H,0.466398,0.272443,0.261159,H,1,0.762715,0.427160,formax-outcome-4.0,6d861e191d14ee4741a5969b1d2ffbfc,2026-02-15T14:00:00.0000000Z,4
106848,61,2026-02-15T14:00:00.0000000Z,1823,1872,2,1,H,0.308646,0.295206,0.396148,A,0,1.175560,0.722050,formax-outcome-4.0,6d861e191d14ee4741a5969b1d2ffbfc,2026-02-15T14:00:00.0000000Z,4
107140,78,2026-02-15T14:30:00.0000000Z,1109,4330,1,0,H,0.583291,0.227766,0.188943,H,1,0.539070,0.261224,formax-outcome-4.0,6d861e191d14ee4741a5969b1d2ffbfc,2026-02-15T14:30:00.0000000Z,4
104329,140,2026-02-15T15:15:00.0000000Z,2517,4267,3,0,H,0.270583,0.276625,0.452793,A,0,1.307178,0.813592,formax-outcome-4.0,6d861e191d14ee4741a5969b1d2ffbfc,2026-02-15T15:15:00.0000000Z,4
60441,61,2026-02-15T16:15:00.0000000Z,1078,1815,1,3,A,0.367490,0.282718,0.349792,H,0,1.050417,0.637749,formax-outcome-4.0,6d861e191d14ee4741a5969b1d2ffbfc,2026-02-15T16:15:00.0000000Z,4
103268,61,2026-02-15T16:15:00.0000000Z,1666,1257,2,0,H,0.475740,0.279887,0.244373,H,1,0.742885,0.412904,formax-outcome-4.0,6d861e191d14ee4741a5969b1d2ffbfc,2026-02-15T16:15:00.0000000Z,4
101882,78,2026-02-15T16:30:00.0000000Z,821,5353,2,2,D,0.597249,0.211074,0.191677,H,0,1.555548,1.015851,formax-outcome-4.0,6d861e191d14ee4741a5969b1d2ffbfc,2026-02-15T16:30:00.0000000Z,4
82477,203,2026-02-15T17:00:00.0000000Z,3661,3673,2,3,A,0.433848,0.257525,0.308627,H,0,1.175621,0.732539,formax-outcome-4.0,6d861e191d14ee4741a5969b1d2ffbfc,2026-02-15T17:00:00.0000000Z,4
107347,135,2026-02-15T17:00:00.0000000Z,1652,1520,1,2,A,0.231032,0.245019,0.523949,A,1,0.646361,0.340035,formax-outcome-4.0,6d861e191d14ee4741a5969b1d2ffbfc,2026-02-15T17:00:00.0000000Z,4
105322,140,2026-02-15T17:30:00.0000000Z,2383,2030,0,2,A,0.411025,0.267673,0.321302,H,0,1.135375,0.701222,formax-outcome-4.0,6d861e191d14ee4741a5969b1d2ffbfc,2026-02-15T17:30:00.0000000Z,4
53894,61,2026-02-15T19:45:00.0000000Z,3589,3851,2,0,H,0.734370,0.169280,0.096350,H,1,0.308743,0.108499,formax-outcome-4.0,6d861e191d14ee4741a5969b1d2ffbfc,2026-02-15T19:45:00.0000000Z,4
106902,135,2026-02-15T19:45:00.0000000Z,2845,2799,2,2,D,0.288941,0.287173,0.423886,A,0,1.247671,0.771289,formax-outcome-4.0,6d861e191d14ee4741a5969b1d2ffbfc,2026-02-15T19:45:00.0000000Z,4
106220,140,2026-02-15T20:00:00.0000000Z,1925,2033,1,2,A,0.315107,0.270068,0.414826,A,1,0.879897,0.514658,formax-outcome-4.0,6d861e191d14ee4741a5969b1d2ffbfc,2026-02-15T20:00:00.0000000Z,4
103493,203,2026-02-16T17:00:00.0000000Z,4226,6019,3,2,H,0.536407,0.242596,0.220997,H,1,0.622863,0.322611,formax-outcome-4.0,6d861e191d14ee4741a5969b1d2ffbfc,2026-02-16T17:00:00.0000000Z,4
105782,135,2026-02-16T19:45:00.0000000Z,3394,1584,0,2,A,0.470521,0.274075,0.255404,H,0,1.364910,0.850931,formax-outcome-4.0,6d861e191d14ee4741a5969b1d2ffbfc,2026-02-16T19:45:00.0000000Z,4
98253,40,2026-02-16T20:00:00.0000000Z,5841,4380,3,1,H,0.335615,0.280980,0.383404,A,0,1.091790,0.667356,formax-outcome-4.0,6d861e191d14ee4741a5969b1d2ffbfc,2026-02-16T20:00:00.0000000Z,4
105208,140,2026-02-16T20:00:00.0000000Z,758,4005,2,1,H,0.124119,0.180847,0.695034,A,0,2.086513,1.282945,formax-outcome-4.0,6d861e191d14ee4741a5969b1d2ffbfc,2026-02-16T20:00:00.0000000Z,4
8175,2,2026-02-17T17:45:00.0000000Z,3309,2013,5,2,H,0.386960,0.247558,0.365482,H,1,0.949435,0.570681,formax-outcome-4.0,6d861e191d14ee4741a5969b1d2ffbfc,2026-02-17T17:45:00.0000000Z,4
38688,88,2026-02-17T19:00:00.0000000Z,1162,1080,1,1,D,0.349481,0.248071,0.402448,A,0,1.394041,0.849499,formax-outcome-4.0,6d861e191d14ee4741a5969b1d2ffbfc,2026-02-17T19:00:00.0000000Z,4
102194,40,2026-02-17T19:45:00.0000000Z,1452,1654,1,3,A,0.408223,0.297458,0.294318,H,0,1.223093,0.753114,formax-outcome-4.0,6d861e191d14ee4741a5969b1d2ffbfc,2026-02-17T19:45:00.0000000Z,4
102992,40,2026-02-17T19:45:00.0000000Z,1053,2268,2,2,D,0.358555,0.280818,0.360627,A,0,1.270048,0.775836,formax-outcome-4.0,6d861e191d14ee4741a5969b1d2ffbfc,2026-02-17T19:45:00.0000000Z,4
15611,2,2026-02-17T20:00:00.0000000Z,2085,5284,2,3,A,0.195089,0.209313,0.595598,A,1,0.518189,0.245412,formax-outcome-4.0,6d861e191d14ee4741a5969b1d2ffbfc,2026-02-17T20:00:00.0000000Z,4
16881,2,2026-02-17T20:00:00.0000000Z,3711,4521,0,1,A,0.412449,0.242193,0.345358,H,0,1.063175,0.657328,formax-outcome-4.0,6d861e191d14ee4741a5969b1d2ffbfc,2026-02-17T20:00:00.0000000Z,4
105991,2,2026-02-17T20:00:00.0000000Z,989,4702,2,0,H,0.520956,0.231648,0.247396,H,1,0.652090,0.344349,formax-outcome-4.0,6d861e191d14ee4741a5969b1d2ffbfc,2026-02-17T20:00:00.0000000Z,4
104812,140,2026-02-18T19:00:00.0000000Z,2383,1776,0,1,A,0.244151,0.243524,0.512325,A,1,0.668797,0.356741,formax-outcome-4.0,6d861e191d14ee4741a5969b1d2ffbfc,2026-02-18T19:00:00.0000000Z,4
7903,135,2026-02-18T19:45:00.0000000Z,1488,5356,1,1,D,0.378329,0.270307,0.351364,H,0,1.308196,0.799041,formax-outcome-4.0,6d861e191d14ee4741a5969b1d2ffbfc,2026-02-18T19:45:00.0000000Z,4
7943,2,2026-02-18T20:00:00.0000000Z,2705,2685,3,1,H,0.205203,0.198531,0.596266,A,0,1.583754,1.026649,formax-outcome-4.0,6d861e191d14ee4741a5969b1d2ffbfc,2026-02-18T20:00:00.0000000Z,4
38793,2,2026-02-18T20:00:00.0000000Z,1272,1260,0,2,A,0.453418,0.249008,0.297574,H,0,1.212092,0.760995,formax-outcome-4.0,6d861e191d14ee4741a5969b1d2ffbfc,2026-02-18T20:00:00.0000000Z,4
99466,39,2026-02-18T20:00:00.0000000Z,1829,4559,2,2,D,0.112658,0.201156,0.686186,A,0,1.603675,1.121695,formax-outcome-4.0,6d861e191d14ee4741a5969b1d2ffbfc,2026-02-18T20:00:00.0000000Z,4
105880,2,2026-02-18T20:00:00.0000000Z,1782,4267,3,3,D,0.478217,0.234468,0.287315,H,0,1.450435,0.897280,formax-outcome-4.0,6d861e191d14ee4741a5969b1d2ffbfc,2026-02-18T20:00:00.0000000Z,4
35990,3,2026-02-19T17:45:00.0000000Z,2551,1520,0,1,A,0.431133,0.257030,0.311837,H,0,1.165274,0.725508,formax-outcome-4.0,6d861e191d14ee4741a5969b1d2ffbfc,2026-02-19T17:45:00.0000000Z,4
36423,3,2026-02-19T17:45:00.0000000Z,3440,4206,1,3,A,0.406711,0.262563,0.330726,H,0,1.106466,0.682282,formax-outcome-4.0,6d861e191d14ee4741a5969b1d2ffbfc,2026-02-19T17:45:00.0000000Z,4
42768,3,2026-02-19T17:45:00.0000000Z,3588,2480,0,3,A,0.423360,0.280123,0.296517,H,0,1.215651,0.752591,formax-outcome-4.0,6d861e191d14ee4741a5969b1d2ffbfc,2026-02-19T17:45:00.0000000Z,4
83191,848,2026-02-19T17:45:00.0000000Z,1345,2056,0,2,A,0.373300,0.312905,0.313794,H,0,1.159018,0.708141,formax-outcome-4.0,6d861e191d14ee4741a5969b1d2ffbfc,2026-02-19T17:45:00.0000000Z,4
88052,3,2026-02-19T17:45:00.0000000Z,3690,1904,1,2,A,0.556495,0.236312,0.207193,H,0,1.574104,0.994073,formax-outcome-4.0,6d861e191d14ee4741a5969b1d2ffbfc,2026-02-19T17:45:00.0000000Z,4
103237,848,2026-02-19T17:45:00.0000000Z,2797,1789,1,1,D,0.491963,0.298248,0.209789,H,0,1.209830,0.778495,formax-outcome-4.0,6d861e191d14ee4741a5969b1d2ffbfc,2026-02-19T17:45:00.0000000Z,4
103736,848,2026-02-19T17:45:00.0000000Z,3654,1271,1,0,H,0.341461,0.299162,0.359377,A,0,1.074522,0.652323,formax-outcome-4.0,6d861e191d14ee4741a5969b1d2ffbfc,2026-02-19T17:45:00.0000000Z,4
39085,3,2026-02-19T20:00:00.0000000Z,3702,1631,2,2,D,0.378175,0.286441,0.335384,H,0,1.250222,0.764665,formax-outcome-4.0,6d861e191d14ee4741a5969b1d2ffbfc,2026-02-19T20:00:00.0000000Z,4
40262,3,2026-02-19T20:00:00.0000000Z,4470,2865,0,1,A,0.400406,0.285912,0.313682,H,0,1.159375,0.713102,formax-outcome-4.0,6d861e191d14ee4741a5969b1d2ffbfc,2026-02-19T20:00:00.0000000Z,4
81222,848,2026-02-19T20:00:00.0000000Z,3559,3689,0,1,A,0.673825,0.214690,0.111485,H,0,2.193869,1.289592,formax-outcome-4.0,6d861e191d14ee4741a5969b1d2ffbfc,2026-02-19T20:00:00.0000000Z,4
82178,3,2026-02-19T20:00:00.0000000Z,3248,2956,2,1,H,0.340746,0.267393,0.391861,A,0,1.076618,0.659670,formax-outcome-4.0,6d861e191d14ee4741a5969b1d2ffbfc,2026-02-19T20:00:00.0000000Z,4
87695,848,2026-02-19T20:00:00.0000000Z,1177,1503,0,3,A,0.524314,0.271553,0.204132,H,0,1.588987,0.982052,formax-outcome-4.0,6d861e191d14ee4741a5969b1d2ffbfc,2026-02-19T20:00:00.0000000Z,4
105859,3,2026-02-19T20:00:00.0000000Z,1487,1278,1,4,A,0.312046,0.252997,0.434957,A,1,0.832509,0.480654,formax-outcome-4.0,6d861e191d14ee4741a5969b1d2ffbfc,2026-02-19T20:00:00.0000000Z,4
103419,203,2026-02-20T17:00:00.0000000Z,1845,6988,2,0,H,0.437041,0.267673,0.295286,H,1,0.827729,0.475766,formax-outcome-4.0,6d861e191d14ee4741a5969b1d2ffbfc,2026-02-20T17:00:00.0000000Z,4
104059,88,2026-02-20T19:00:00.0000000Z,1079,4124,2,1,H,0.361754,0.260427,0.377820,A,0,1.016792,0.617928,formax-outcome-4.0,6d861e191d14ee4741a5969b1d2ffbfc,2026-02-20T19:00:00.0000000Z,4
105431,135,2026-02-20T19:45:00.0000000Z,3903,1719,3,0,H,0.518726,0.251802,0.229472,H,1,0.656379,0.347686,formax-outcome-4.0,6d861e191d14ee4741a5969b1d2ffbfc,2026-02-20T19:45:00.0000000Z,4
106162,61,2026-02-20T19:45:00.0000000Z,4558,5071,2,0,H,0.323838,0.257598,0.418564,A,0,1.127511,0.698747,formax-outcome-4.0,6d861e191d14ee4741a5969b1d2ffbfc,2026-02-20T19:45:00.0000000Z,4
99572,40,2026-02-20T20:00:00.0000000Z,1912,1499,1,0,H,0.312083,0.299804,0.388113,A,0,1.164487,0.713744,formax-outcome-4.0,6d861e191d14ee4741a5969b1d2ffbfc,2026-02-20T20:00:00.0000000Z,4
105755,140,2026-02-20T20:00:00.0000000Z,1906,3447,2,1,H,0.617497,0.224717,0.157786,H,1,0.482082,0.221703,formax-outcome-4.0,6d861e191d14ee4741a5969b1d2ffbfc,2026-02-20T20:00:00.0000000Z,4
104217,203,2026-02-21T10:30:00.0000000Z,6991,6848,1,0,H,0.456535,0.258138,0.285327,H,1,0.784089,0.443400,formax-outcome-4.0,6d861e191d14ee4741a5969b1d2ffbfc,2026-02-21T10:30:00.0000000Z,5
98252,40,2026-02-21T12:30:00.0000000Z,1531,5841,0,2,A,0.211661,0.252720,0.535618,A,1,0.624333,0.324318,formax-outcome-4.0,6d861e191d14ee4741a5969b1d2ffbfc,2026-02-21T12:30:00.0000000Z,5
102245,40,2026-02-21T12:30:00.0000000Z,1718,1502,1,3,A,0.461156,0.268113,0.270731,H,0,1.306630,0.816383,formax-outcome-4.0,6d861e191d14ee4741a5969b1d2ffbfc,2026-02-21T12:30:00.0000000Z,5
102630,40,2026-02-21T12:30:00.0000000Z,3467,1053,1,0,H,0.395463,0.279252,0.325285,H,1,0.927699,0.549258,formax-outcome-4.0,6d861e191d14ee4741a5969b1d2ffbfc,2026-02-21T12:30:00.0000000Z,5
102690,40,2026-02-21T12:30:00.0000000Z,3483,1910,2,2,D,0.333167,0.296936,0.369897,A,0,1.214239,0.742123,formax-outcome-4.0,6d861e191d14ee4741a5969b1d2ffbfc,2026-02-21T12:30:00.0000000Z,5
101755,140,2026-02-21T13:00:00.0000000Z,1830,1944,3,3,D,0.675125,0.201865,0.123010,H,0,1.600157,1.107945,formax-outcome-4.0,6d861e191d14ee4741a5969b1d2ffbfc,2026-02-21T13:00:00.0000000Z,5
104163,203,2026-02-21T13:00:00.0000000Z,6847,3661,1,2,A,0.327882,0.264709,0.407409,A,1,0.897938,0.528742,formax-outcome-4.0,6d861e191d14ee4741a5969b1d2ffbfc,2026-02-21T13:00:00.0000000Z,5
8174,135,2026-02-21T14:00:00.0000000Z,2013,5356,0,2,A,0.408620,0.266102,0.325277,H,0,1.123077,0.693032,formax-outcome-4.0,6d861e191d14ee4741a5969b1d2ffbfc,2026-02-21T14:00:00.0000000Z,5
72547,78,2026-02-21T14:30:00.0000000Z,1328,4472,3,2,H,0.847734,0.098204,0.054062,H,1,0.165188,0.035752,formax-outcome-4.0,6d861e191d14ee4741a5969b1d2ffbfc,2026-02-21T14:30:00.0000000Z,5
102128,78,2026-02-21T14:30:00.0000000Z,4180,1260,1,0,H,0.185368,0.222937,0.591694,A,0,1.685411,1.063428,formax-outcome-4.0,6d861e191d14ee4741a5969b1d2ffbfc,2026-02-21T14:30:00.0000000Z,5
8247,39,2026-02-21T15:00:00.0000000Z,3373,2531,1,1,D,0.748770,0.162757,0.088472,H,0,1.815494,1.269460,formax-outcome-4.0,6d861e191d14ee4741a5969b1d2ffbfc,2026-02-21T15:00:00.0000000Z,5
102069,39,2026-02-21T15:00:00.0000000Z,2109,2269,1,1,D,0.533468,0.246967,0.219565,H,0,1.398499,0.899855,formax-outcome-4.0,6d861e191d14ee4741a5969b1d2ffbfc,2026-02-21T15:00:00.0000000Z,5
102193,40,2026-02-21T15:00:00.0000000Z,4290,1452,1,1,D,0.523023,0.259086,0.217892,H,0,1.350596,0.869983,formax-outcome-4.0,6d861e191d14ee4741a5969b1d2ffbfc,2026-02-21T15:00:00.0000000Z,5
102332,40,2026-02-21T15:00:00.0000000Z,1511,1654,1,3,A,0.463920,0.281210,0.254870,H,0,1.367002,0.849520,formax-outcome-4.0,6d861e191d14ee4741a5969b1d2ffbfc,2026-02-21T15:00:00.0000000Z,5
102552,40,2026-02-21T15:00:00.0000000Z,1253,3380,2,0,H,0.289218,0.282960,0.427821,A,0,1.240574,0.768308,formax-outcome-4.0,6d861e191d14ee4741a5969b1d2ffbfc,2026-02-21T15:00:00.0000000Z,5
102747,40,2026-02-21T15:00:00.0000000Z,4379,1490,1,2,A,0.403922,0.275668,0.320410,H,0,1.138155,0.700989,formax-outcome-4.0,6d861e191d14ee4741a5969b1d2ffbfc,2026-02-21T15:00:00.0000000Z,5
102800,40,2026-02-21T15:00:00.0000000Z,4380,1476,0,0,D,0.602312,0.240306,0.157381,H,0,1.425842,0.964684,formax-outcome-4.0,6d861e191d14ee4741a5969b1d2ffbfc,2026-02-21T15:00:00.0000000Z,5
102930,39,2026-02-21T15:00:00.0000000Z,5807,873,0,2,A,0.460684,0.262571,0.276745,H,0,1.284658,0.804271,formax-outcome-4.0,6d861e191d14ee4741a5969b1d2ffbfc,2026-02-21T15:00:00.0000000Z,5
105740,40,2026-02-21T15:00:00.0000000Z,2268,3598,5,3,H,0.219906,0.256708,0.523386,A,0,1.514557,0.948380,formax-outcome-4.0,6d861e191d14ee4741a5969b1d2ffbfc,2026-02-21T15:00:00.0000000Z,5
104328,140,2026-02-21T15:15:00.0000000Z,2033,2517,1,1,D,0.577135,0.234034,0.188830,H,0,1.452288,0.955446,formax-outcome-4.0,6d861e191d14ee4741a5969b1d2ffbfc,2026-02-21T15:15:00.0000000Z,5
15610,61,2026-02-21T16:00:00.0000000Z,886,2085,2,3,A,0.633421,0.219504,0.147074,H,0,1.916818,1.176887,formax-outcome-4.0,6d861e191d14ee4741a5969b1d2ffbfc,2026-02-21T16:00:00.0000000Z,5
7942,135,2026-02-21T17:00:00.0000000Z,1584,2685,0,2,A,0.062246,0.139947,0.797808,A,1,0.225888,0.064341,formax-outcome-4.0,6d861e191d14ee4741a5969b1d2ffbfc,2026-02-21T17:00:00.0000000Z,5
98866,203,2026-02-21T17:00:00.0000000Z,1717,3309,2,0,H,0.091816,0.163566,0.744618,A,0,2.387968,1.406008,formax-outcome-4.0,6d861e191d14ee4741a5969b1d2ffbfc,2026-02-21T17:00:00.0000000Z,5
101881,78,2026-02-21T17:30:00.0000000Z,821,989,2,2,D,0.297626,0.243726,0.458648,A,0,1.411712,0.870891,formax-outcome-4.0,6d861e191d14ee4741a5969b1d2ffbfc,2026-02-21T17:30:00.0000000Z,5
104999,39,2026-02-21T17:30:00.0000000Z,2751,3646,0,0,D,0.266988,0.249443,0.483569,A,0,1.388524,0.868457,formax-outcome-4.0,6d861e191d14ee4741a5969b1d2ffbfc,2026-02-21T17:30:00.0000000Z,5
105616,140,2026-02-21T17:30:00.0000000Z,3599,4521,2,1,H,0.202322,0.234620,0.563058,A,0,1.597895,1.008371,formax-outcome-4.0,6d861e191d14ee4741a5969b1d2ffbfc,2026-02-21T17:30:00.0000000Z,5
104003,88,2026-02-21T17:45:00.0000000Z,1775,990,3,1,H,0.745513,0.151145,0.103342,H,1,0.293683,0.098288,formax-outcome-4.0,6d861e191d14ee4741a5969b1d2ffbfc,2026-02-21T17:45:00.0000000Z,5
60891,61,2026-02-21T18:00:00.0000000Z,1872,4292,1,1,D,0.523453,0.256805,0.219742,H,0,1.359436,0.874627,formax-outcome-4.0,6d861e191d14ee4741a5969b1d2ffbfc,2026-02-21T18:00:00.0000000Z,5
29663,135,2026-02-21T19:45:00.0000000Z,3394,2837,0,0,D,0.265835,0.267014,0.467151,A,0,1.320453,0.826166,formax-outcome-4.0,6d861e191d14ee4741a5969b1d2ffbfc,2026-02-21T19:45:00.0000000Z,5
8010,39,2026-02-21T20:00:00.0000000Z,4166,1013,2,1,H,0.470171,0.262704,0.267124,H,1,0.754658,0.421088,formax-outcome-4.0,6d861e191d14ee4741a5969b1d2ffbfc,2026-02-21T20:00:00.0000000Z,5
38687,88,2026-02-21T20:00:00.0000000Z,2530,1080,1,1,D,0.450637,0.235255,0.314108,H,0,1.447085,0.886572,formax-outcome-4.0,6d861e191d14ee4741a5969b1d2ffbfc,2026-02-21T20:00:00.0000000Z,5
105266,140,2026-02-21T20:00:00.0000000Z,4267,762,4,2,H,0.670645,0.201426,0.127929,H,1,0.399515,0.165413,formax-outcome-4.0,6d861e191d14ee4741a5969b1d2ffbfc,2026-02-21T20:00:00.0000000Z,5
107425,61,2026-02-21T20:05:00.0000000Z,5284,1078,3,0,H,0.874647,0.088927,0.036426,H,1,0.133935,0.024948,formax-outcome-4.0,6d861e191d14ee4741a5969b1d2ffbfc,2026-02-21T20:05:00.0000000Z,5
29590,203,2026-02-22T10:30:00.0000000Z,6025,5867,1,0,H,0.403528,0.270491,0.325980,H,1,0.907508,0.535207,formax-outcome-4.0,6d861e191d14ee4741a5969b1d2ffbfc,2026-02-22T10:30:00.0000000Z,5
83322,88,2026-02-22T11:15:00.0000000Z,3707,1301,2,1,H,0.580475,0.231246,0.188278,H,1,0.543908,0.264924,formax-outcome-4.0,6d861e191d14ee4741a5969b1d2ffbfc,2026-02-22T11:15:00.0000000Z,5
106748,135,2026-02-22T11:30:00.0000000Z,1649,1652,3,0,H,0.429124,0.266761,0.304116,H,1,0.846010,0.489547,formax-outcome-4.0,6d861e191d14ee4741a5969b1d2ffbfc,2026-02-22T11:30:00.0000000Z,5
103667,40,2026-02-22T12:00:00.0000000Z,1460,4169,2,1,H,0.731240,0.171838,0.096922,H,1,0.313013,0.111154,formax-outcome-4.0,6d861e191d14ee4741a5969b1d2ffbfc,2026-02-22T12:00:00.0000000Z,5
15461,140,2026-02-22T13:00:00.0000000Z,1914,3049,0,1,A,0.496335,0.263335,0.240331,H,0,1.425739,0.892790,formax-outcome-4.0,6d861e191d14ee4741a5969b1d2ffbfc,2026-02-22T13:00:00.0000000Z,5
103570,203,2026-02-22T13:00:00.0000000Z,4926,5068,1,2,A,0.229656,0.228759,0.541585,A,1,0.613255,0.315217,formax-outcome-4.0,6d861e191d14ee4741a5969b1d2ffbfc,2026-02-22T13:00:00.0000000Z,5
103788,88,2026-02-22T13:30:00.0000000Z,4678,2612,1,1,D,0.564101,0.227619,0.208279,H,0,1.480080,0.958162,formax-outcome-4.0,6d861e191d14ee4741a5969b1d2ffbfc,2026-02-22T13:30:00.0000000Z,5
104565,88,2026-02-22T13:30:00.0000000Z,1580,4157,4,0,H,0.532905,0.230861,0.236234,H,1,0.629411,0.327280,formax-outcome-4.0,6d861e191d14ee4741a5969b1d2ffbfc,2026-02-22T13:30:00.0000000Z,5
60440,61,2026-02-22T14:00:00.0000000Z,1815,1781,0,3,A,0.389483,0.279751,0.330766,H,0,1.106344,0.677832,formax-outcome-4.0,6d861e191d14ee4741a5969b1d2ffbfc,2026-02-22T14:00:00.0000000Z,5
99465,39,2026-02-22T14:00:00.0000000Z,1486,1829,1,0,H,0.415031,0.287986,0.296982,H,1,0.879402,0.513323,formax-outcome-4.0,6d861e191d14ee4741a5969b1d2ffbfc,2026-02-22T14:00:00.0000000Z,5
105990,135,2026-02-22T14:00:00.0000000Z,4702,2845,2,1,H,0.379951,0.286316,0.333733,H,1,0.967713,0.577815,formax-outcome-4.0,6d861e191d14ee4741a5969b1d2ffbfc,2026-02-22T14:00:00.0000000Z,5
106357,39,2026-02-22T14:00:00.0000000Z,2209,4928,1,3,A,0.236101,0.279100,0.484799,A,1,0.724021,0.399073,formax-outcome-4.0,6d861e191d14ee4741a5969b1d2ffbfc,2026-02-22T14:00:00.0000000Z,5
106418,39,2026-02-22T14:00:00.0000000Z,2480,2208,0,1,A,0.255234,0.275073,0.469692,A,1,0.755677,0.422036,formax-outcome-4.0,6d861e191d14ee4741a5969b1d2ffbfc,2026-02-22T14:00:00.0000000Z,5
101962,78,2026-02-22T14:30:00.0000000Z,5685,1051,2,1,H,0.499473,0.249342,0.251184,H,1,0.694201,0.375792,formax-outcome-4.0,6d861e191d14ee4741a5969b1d2ffbfc,2026-02-22T14:30:00.0000000Z,5
105321,140,2026-02-22T15:15:00.0000000Z,4005,2383,3,0,H,0.890253,0.076825,0.032922,H,1,0.116250,0.019030,formax-outcome-4.0,6d861e191d14ee4741a5969b1d2ffbfc,2026-02-22T15:15:00.0000000Z,5
97491,88,2026-02-22T15:45:00.0000000Z,1271,1162,3,1,H,0.540387,0.240731,0.218882,H,1,0.615470,0.317105,formax-outcome-4.0,6d861e191d14ee4741a5969b1d2ffbfc,2026-02-22T15:45:00.0000000Z,5
102853,61,2026-02-22T16:15:00.0000000Z,1257,4470,0,1,A,0.336016,0.299396,0.364588,A,1,1.008987,0.606293,formax-outcome-4.0,6d861e191d14ee4741a5969b1d2ffbfc,2026-02-22T16:15:00.0000000Z,5
106807,61,2026-02-22T16:15:00.0000000Z,3851,1666,3,3,D,0.333620,0.272143,0.394237,A,0,1.301429,0.796502,formax-outcome-4.0,6d861e191d14ee4741a5969b1d2ffbfc,2026-02-22T16:15:00.0000000Z,5
107230,61,2026-02-22T16:15:00.0000000Z,1668,1823,2,0,H,0.337901,0.291007,0.371092,A,0,1.085002,0.660769,formax-outcome-4.0,6d861e191d14ee4741a5969b1d2ffbfc,2026-02-22T16:15:00.0000000Z,5
101565,78,2026-02-22T16:30:00.0000000Z,4528,966,2,1,H,0.392895,0.269004,0.338101,H,1,0.934214,0.555252,formax-outcome-4.0,6d861e191d14ee4741a5969b1d2ffbfc,2026-02-22T16:30:00.0000000Z,5
106475,39,2026-02-22T16:30:00.0000000Z,2355,4559,1,4,A,0.153652,0.231669,0.614678,A,1,0.486656,0.225753,formax-outcome-4.0,6d861e191d14ee4741a5969b1d2ffbfc,2026-02-22T16:30:00.0000000Z,5
7902,135,2026-02-22T17:00:00.0000000Z,1488,3648,0,1,A,0.642183,0.218706,0.139111,H,0,1.972484,1.201362,formax-outcome-4.0,6d861e191d14ee4741a5969b1d2ffbfc,2026-02-22T17:00:00.0000000Z,5
82476,203,2026-02-22T17:00:00.0000000Z,3673,2549,4,0,H,0.430656,0.275229,0.294115,H,1,0.842446,0.486408,formax-outcome-4.0,6d861e191d14ee4741a5969b1d2ffbfc,2026-02-22T17:00:00.0000000Z,5
105673,203,2026-02-22T17:00:00.0000000Z,6019,1176,0,0,D,0.190492,0.238640,0.570868,A,0,1.432798,0.941846,formax-outcome-4.0,6d861e191d14ee4741a5969b1d2ffbfc,2026-02-22T17:00:00.0000000Z,5
105572,140,2026-02-22T17:30:00.0000000Z,1904,1925,2,0,H,0.634505,0.211984,0.153510,H,1,0.454909,0.202089,formax-outcome-4.0,6d861e191d14ee4741a5969b1d2ffbfc,2026-02-22T17:30:00.0000000Z,5
107139,78,2026-02-22T18:30:00.0000000Z,4330,1278,3,3,D,0.144525,0.185907,0.669568,A,0,1.682506,1.131955,formax-outcome-4.0,6d861e191d14ee4741a5969b1d2ffbfc,2026-02-22T18:30:00.0000000Z,5
97859,88,2026-02-22T19:00:00.0000000Z,2516,3539,2,1,H,0.565094,0.222978,0.211929,H,1,0.570764,0.283776,formax-outcome-4.0,6d861e191d14ee4741a5969b1d2ffbfc,2026-02-22T19:00:00.0000000Z,5
14116,135,2026-02-22T19:45:00.0000000Z,2799,3558,3,0,H,0.617998,0.237557,0.144445,H,1,0.481270,0.223223,formax-outcome-4.0,6d861e191d14ee4741a5969b1d2ffbfc,2026-02-22T19:45:00.0000000Z,5
53893,61,2026-02-22T19:45:00.0000000Z,1911,3589,3,1,H,0.335485,0.270439,0.394077,A,0,1.092179,0.670014,formax-outcome-4.0,6d861e191d14ee4741a5969b1d2ffbfc,2026-02-22T19:45:00.0000000Z,5
104811,140,2026-02-22T20:00:00.0000000Z,1776,2030,2,1,H,0.620908,0.215719,0.163373,H,1,0.476572,0.216936,formax-outcome-4.0,6d861e191d14ee4741a5969b1d2ffbfc,2026-02-22T20:00:00.0000000Z,5
42767,203,2026-02-23T17:00:00.0000000Z,3588,4226,1,1,D,0.782660,0.144536,0.072804,H,0,1.934226,1.349676,formax-outcome-4.0,6d861e191d14ee4741a5969b1d2ffbfc,2026-02-23T17:00:00.0000000Z,5
107488,135,2026-02-23T17:30:00.0000000Z,1503,1838,1,0,H,0.573621,0.231683,0.194696,H,1,0.555786,0.273383,formax-outcome-4.0,6d861e191d14ee4741a5969b1d2ffbfc,2026-02-23T17:30:00.0000000Z,5
107453,135,2026-02-23T19:45:00.0000000Z,1520,3405,1,0,H,0.508348,0.255929,0.235724,H,1,0.676590,0.362787,formax-outcome-4.0,6d861e191d14ee4741a5969b1d2ffbfc,2026-02-23T19:45:00.0000000Z,5
71190,39,2026-02-23T20:00:00.0000000Z,1482,4266,0,1,A,0.273523,0.276328,0.450149,A,1,0.798177,0.453508,formax-outcome-4.0,6d861e191d14ee4741a5969b1d2ffbfc,2026-02-23T20:00:00.0000000Z,5
103870,140,2026-02-23T20:00:00.0000000Z,759,758,2,2,D,0.484898,0.275563,0.239538,H,0,1.288937,0.817313,formax-outcome-4.0,6d861e191d14ee4741a5969b1d2ffbfc,2026-02-23T20:00:00.0000000Z,5
105879,2,2026-02-24T17:45:00.0000000Z,4267,1782,4,1,H,0.464100,0.227514,0.308386,H,1,0.767655,0.434054,formax-outcome-4.0,6d861e191d14ee4741a5969b1d2ffbfc,2026-02-24T17:45:00.0000000Z,5
99571,40,2026-02-24T19:45:00.0000000Z,1912,1053,1,2,A,0.328212,0.288438,0.383350,A,1,0.958807,0.571177,formax-outcome-4.0,6d861e191d14ee4741a5969b1d2ffbfc,2026-02-24T19:45:00.0000000Z,5
101665,40,2026-02-24T19:45:00.0000000Z,3467,1499,1,1,D,0.405425,0.283958,0.310617,H,0,1.258928,0.773568,formax-outcome-4.0,6d861e191d14ee4741a5969b1d2ffbfc,2026-02-24T19:45:00.0000000Z,5
102192,40,2026-02-24T19:45:00.0000000Z,1531,1452,1,1,D,0.318372,0.285709,0.395918,A,0,1.252780,0.768323,formax-outcome-4.0,6d861e191d14ee4741a5969b1d2ffbfc,2026-02-24T19:45:00.0000000Z,5
102484,40,2026-02-24T19:45:00.0000000Z,2268,1654,2,1,H,0.475564,0.257600,0.266835,H,1,0.743253,0.412592,formax-outcome-4.0,6d861e191d14ee4741a5969b1d2ffbfc,2026-02-24T19:45:00.0000000Z,5
102551,40,2026-02-24T19:45:00.0000000Z,1718,3380,4,2,H,0.352308,0.274049,0.373643,A,0,1.043248,0.634216,formax-outcome-4.0,6d861e191d14ee4741a5969b1d2ffbfc,2026-02-24T19:45:00.0000000Z,5
102799,40,2026-02-24T19:45:00.0000000Z,4380,1910,1,1,D,0.454024,0.261117,0.284859,H,0,1.342786,0.833230,formax-outcome-4.0,6d861e191d14ee4741a5969b1d2ffbfc,2026-02-24T19:45:00.0000000Z,5
104529,40,2026-02-24T19:45:00.0000000Z,1253,3598,0,2,A,0.227067,0.256886,0.516047,A,1,0.661557,0.351760,formax-outcome-4.0,6d861e191d14ee4741a5969b1d2ffbfc,2026-02-24T19:45:00.0000000Z,5
7941,2,2026-02-24T20:00:00.0000000Z,2685,2705,1,2,A,0.703810,0.162388,0.133801,H,0,2.011399,1.272019,formax-outcome-4.0,6d861e191d14ee4741a5969b1d2ffbfc,2026-02-24T20:00:00.0000000Z,5
38791,2,2026-02-24T20:00:00.0000000Z,1260,1272,0,0,D,0.474390,0.247083,0.278526,H,0,1.398029,0.869506,formax-outcome-4.0,6d861e191d14ee4741a5969b1d2ffbfc,2026-02-24T20:00:00.0000000Z,5
102244,40,2026-02-24T20:00:00.0000000Z,4290,1502,5,0,H,0.481101,0.253308,0.265591,H,1,0.731678,0.403960,formax-outcome-4.0,6d861e191d14ee4741a5969b1d2ffbfc,2026-02-24T20:00:00.0000000Z,5
105989,2,2026-02-25T17:45:00.0000000Z,4702,989,4,1,H,0.409452,0.244806,0.345742,H,1,0.892937,0.528215,formax-outcome-4.0,6d861e191d14ee4741a5969b1d2ffbfc,2026-02-25T17:45:00.0000000Z,5
98251,40,2026-02-25T19:45:00.0000000Z,1460,5841,1,2,A,0.372325,0.259881,0.367795,H,0,1.000231,0.605847,formax-outcome-4.0,6d861e191d14ee4741a5969b1d2ffbfc,2026-02-25T19:45:00.0000000Z,5
102331,40,2026-02-25T19:45:00.0000000Z,1511,1490,3,0,H,0.402042,0.274647,0.323311,H,1,0.911198,0.537514,formax-outcome-4.0,6d861e191d14ee4741a5969b1d2ffbfc,2026-02-25T19:45:00.0000000Z,5
102746,40,2026-02-25T19:45:00.0000000Z,4379,4169,2,0,H,0.718154,0.176748,0.105099,H,1,0.331072,0.121723,formax-outcome-4.0,6d861e191d14ee4741a5969b1d2ffbfc,2026-02-25T19:45:00.0000000Z,5
8173,2,2026-02-25T20:00:00.0000000Z,2013,3309,3,2,H,0.527136,0.220061,0.252803,H,1,0.640296,0.335936,formax-outcome-4.0,6d861e191d14ee4741a5969b1d2ffbfc,2026-02-25T20:00:00.0000000Z,5
15609,2,2026-02-25T20:00:00.0000000Z,5284,2085,2,2,D,0.779757,0.133342,0.086901,H,0,2.014841,1.366670,formax-outcome-4.0,6d861e191d14ee4741a5969b1d2ffbfc,2026-02-25T20:00:00.0000000Z,5
16879,2,2026-02-25T20:00:00.0000000Z,4521,3711,2,1,H,0.547268,0.222974,0.229759,H,1,0.602817,0.307473,formax-outcome-4.0,6d861e191d14ee4741a5969b1d2ffbfc,2026-02-25T20:00:00.0000000Z,5
102689,40,2026-02-25T20:00:00.0000000Z,3483,1476,2,1,H,0.504245,0.283893,0.211862,H,1,0.684693,0.371254,formax-outcome-4.0,6d861e191d14ee4741a5969b1d2ffbfc,2026-02-25T20:00:00.0000000Z,5
39083,3,2026-02-26T17:45:00.0000000Z,1631,3702,1,1,D,0.440068,0.276840,0.283092,H,0,1.284316,0.796762,formax-outcome-4.0,6d861e191d14ee4741a5969b1d2ffbfc,2026-02-26T17:45:00.0000000Z,5
40260,3,2026-02-26T17:45:00.0000000Z,2865,4470,0,1,A,0.457315,0.279002,0.263683,H,0,1.333008,0.829142,formax-outcome-4.0,6d861e191d14ee4741a5969b1d2ffbfc,2026-02-26T17:45:00.0000000Z,5
81220,848,2026-02-26T17:45:00.0000000Z,3689,3559,3,1,H,0.304964,0.307214,0.387822,A,0,1.187562,0.727861,formax-outcome-4.0,6d861e191d14ee4741a5969b1d2ffbfc,2026-02-26T17:45:00.0000000Z,5
82176,3,2026-02-26T17:45:00.0000000Z,2956,3248,2,0,H,0.509665,0.247562,0.242773,H,1,0.674001,0.360654,formax-outcome-4.0,6d861e191d14ee4741a5969b1d2ffbfc,2026-02-26T17:45:00.0000000Z,5
87693,848,2026-02-26T17:45:00.0000000Z,1503,1177,2,4,A,0.487760,0.280608,0.231632,H,0,1.462606,0.907041,formax-outcome-4.0,6d861e191d14ee4741a5969b1d2ffbfc,2026-02-26T17:45:00.0000000Z,5
105858,3,2026-02-26T17:45:00.0000000Z,1278,1487,0,1,A,0.637060,0.198599,0.164341,H,0,1.805814,1.143614,formax-outcome-4.0,6d861e191d14ee4741a5969b1d2ffbfc,2026-02-26T17:45:00.0000000Z,5
15312,3,2026-02-26T20:00:00.0000000Z,1904,3690,1,0,H,0.396360,0.267990,0.335650,H,1,0.925433,0.548861,formax-outcome-4.0,6d861e191d14ee4741a5969b1d2ffbfc,2026-02-26T20:00:00.0000000Z,5
35988,3,2026-02-26T20:00:00.0000000Z,1520,2551,1,0,H,0.500901,0.253164,0.245934,H,1,0.691346,0.373675,formax-outcome-4.0,6d861e191d14ee4741a5969b1d2ffbfc,2026-02-26T20:00:00.0000000Z,5
36421,3,2026-02-26T20:00:00.0000000Z,4206,3440,3,3,D,0.509967,0.245629,0.244404,H,0,1.403932,0.888875,formax-outcome-4.0,6d861e191d14ee4741a5969b1d2ffbfc,2026-02-26T20:00:00.0000000Z,5
42766,3,2026-02-26T20:00:00.0000000Z,2480,3588,1,2,A,0.518511,0.263987,0.217501,H,0,1.525551,0.950848,formax-outcome-4.0,6d861e191d14ee4741a5969b1d2ffbfc,2026-02-26T20:00:00.0000000Z,5
83189,848,2026-02-26T20:00:00.0000000Z,2056,1345,1,0,H,0.655121,0.218495,0.126384,H,1,0.422935,0.182654,formax-outcome-4.0,6d861e191d14ee4741a5969b1d2ffbfc,2026-02-26T20:00:00.0000000Z,5
103236,848,2026-02-26T20:00:00.0000000Z,1789,2797,1,2,A,0.442888,0.297344,0.259767,H,0,1.347969,0.832508,formax-outcome-4.0,6d861e191d14ee4741a5969b1d2ffbfc,2026-02-26T20:00:00.0000000Z,5
103735,848,2026-02-26T20:00:00.0000000Z,1271,3654,4,0,H,0.632847,0.224547,0.142606,H,1,0.457527,0.205559,formax-outcome-4.0,6d861e191d14ee4741a5969b1d2ffbfc,2026-02-26T20:00:00.0000000Z,5
103348,203,2026-02-27T17:00:00.0000000Z,3661,1717,2,0,H,0.613683,0.221525,0.164792,H,1,0.488277,0.225471,formax-outcome-4.0,6d861e191d14ee4741a5969b1d2ffbfc,2026-02-27T17:00:00.0000000Z,5
103569,203,2026-02-27T17:00:00.0000000Z,5068,6019,3,1,H,0.788901,0.136759,0.074341,H,1,0.237115,0.068792,formax-outcome-4.0,6d861e191d14ee4741a5969b1d2ffbfc,2026-02-27T17:00:00.0000000Z,5
97858,88,2026-02-27T19:00:00.0000000Z,3539,1378,3,0,H,0.583187,0.232565,0.184248,H,1,0.539247,0.261766,formax-outcome-4.0,6d861e191d14ee4741a5969b1d2ffbfc,2026-02-27T19:00:00.0000000Z,5
104878,61,2026-02-27T19:45:00.0000000Z,1911,886,1,1,D,0.398651,0.269950,0.331399,H,0,1.309517,0.801720,formax-outcome-4.0,6d861e191d14ee4741a5969b1d2ffbfc,2026-02-27T19:45:00.0000000Z,5
106952,135,2026-02-27T19:45:00.0000000Z,3648,3394,1,1,D,0.352812,0.292693,0.354495,A,0,1.228632,0.750427,formax-outcome-4.0,6d861e191d14ee4741a5969b1d2ffbfc,2026-02-27T19:45:00.0000000Z,5
16506,40,2026-02-27T20:00:00.0000000Z,1053,1253,1,2,A,0.422771,0.271863,0.305366,H,0,1.186244,0.735161,formax-outcome-4.0,6d861e191d14ee4741a5969b1d2ffbfc,2026-02-27T20:00:00.0000000Z,5
99464,39,2026-02-27T20:00:00.0000000Z,1829,2109,2,0,H,0.218104,0.273042,0.508854,A,0,1.522781,0.944845,formax-outcome-4.0,6d861e191d14ee4741a5969b1d2ffbfc,2026-02-27T20:00:00.0000000Z,5
103869,140,2026-02-27T20:00:00.0000000Z,2383,759,2,0,H,0.380037,0.283747,0.336216,H,1,0.967486,0.577907,formax-outcome-4.0,6d861e191d14ee4741a5969b1d2ffbfc,2026-02-27T20:00:00.0000000Z,5
103418,203,2026-02-28T10:30:00.0000000Z,4226,1845,0,3,A,0.412137,0.264838,0.323025,H,0,1.130025,0.698291,formax-outcome-4.0,6d861e191d14ee4741a5969b1d2ffbfc,2026-02-28T10:30:00.0000000Z,5
99570,40,2026-02-28T12:30:00.0000000Z,3380,1912,3,1,H,0.510779,0.261657,0.227564,H,1,0.671818,0.359586,formax-outcome-4.0,6d861e191d14ee4741a5969b1d2ffbfc,2026-02-28T12:30:00.0000000Z,5
102483,40,2026-02-28T12:30:00.0000000Z,1654,1718,0,1,A,0.345021,0.265200,0.389779,A,1,0.942175,0.561740,formax-outcome-4.0,6d861e191d14ee4741a5969b1d2ffbfc,2026-02-28T12:30:00.0000000Z,5
102745,40,2026-02-28T12:30:00.0000000Z,1910,4379,0,2,A,0.416785,0.258218,0.324998,H,0,1.123938,0.696014,formax-outcome-4.0,6d861e191d14ee4741a5969b1d2ffbfc,2026-02-28T12:30:00.0000000Z,5
106356,39,2026-02-28T12:30:00.0000000Z,3646,2209,1,1,D,0.597654,0.240422,0.161924,H,0,1.425360,0.960369,formax-outcome-4.0,6d861e191d14ee4741a5969b1d2ffbfc,2026-02-28T12:30:00.0000000Z,5
82475,203,2026-02-28T13:00:00.0000000Z,6988,3673,0,1,A,0.212560,0.255030,0.532410,A,1,0.630341,0.328862,formax-outcome-4.0,6d861e191d14ee4741a5969b1d2ffbfc,2026-02-28T13:00:00.0000000Z,5
104327,140,2026-02-28T13:00:00.0000000Z,2517,1906,1,1,D,0.476563,0.267846,0.255590,H,0,1.317342,0.828488,formax-outcome-4.0,6d861e191d14ee4741a5969b1d2ffbfc,2026-02-28T13:00:00.0000000Z,5
105781,135,2026-02-28T14:00:00.0000000Z,5356,1584,3,1,H,0.664766,0.219420,0.115813,H,1,0.408320,0.173940,formax-outcome-4.0,6d861e191d14ee4741a5969b1d2ffbfc,2026-02-28T14:00:00.0000000Z,5
101564,78,2026-02-28T14:30:00.0000000Z,966,4330,2,0,H,0.526967,0.239037,0.233996,H,1,0.640618,0.335654,formax-outcome-4.0,6d861e191d14ee4741a5969b1d2ffbfc,2026-02-28T14:30:00.0000000Z,5
101961,78,2026-02-28T14:30:00.0000000Z,1051,4180,1,0,H,0.420692,0.259654,0.319654,H,1,0.865855,0.505197,formax-outcome-4.0,6d861e191d14ee4741a5969b1d2ffbfc,2026-02-28T14:30:00.0000000Z,5
102127,78,2026-02-28T14:30:00.0000000Z,1260,1281,1,1,D,0.626244,0.213149,0.160606,H,0,1.545762,1.037110,formax-outcome-4.0,6d861e191d14ee4741a5969b1d2ffbfc,2026-02-28T14:30:00.0000000Z,5
71083,39,2026-02-28T15:00:00.0000000Z,1013,1482,2,3,A,0.485228,0.274267,0.240505,H,0,1.425015,0.887502,formax-outcome-4.0,6d861e191d14ee4741a5969b1d2ffbfc,2026-02-28T15:00:00.0000000Z,5
98250,40,2026-02-28T15:00:00.0000000Z,5841,3483,2,1,H,0.528843,0.257691,0.213466,H,1,0.637063,0.333961,formax-outcome-4.0,6d861e191d14ee4741a5969b1d2ffbfc,2026-02-28T15:00:00.0000000Z,5
101664,40,2026-02-28T15:00:00.0000000Z,1499,1511,0,2,A,0.334018,0.283028,0.382953,A,1,0.959842,0.572420,formax-outcome-4.0,6d861e191d14ee4741a5969b1d2ffbfc,2026-02-28T15:00:00.0000000Z,5
102191,40,2026-02-28T15:00:00.0000000Z,1452,2268,0,1,A,0.293069,0.264083,0.442848,A,1,0.814528,0.466047,formax-outcome-4.0,6d861e191d14ee4741a5969b1d2ffbfc,2026-02-28T15:00:00.0000000Z,5
102243,40,2026-02-28T15:00:00.0000000Z,1502,1460,0,2,A,0.306734,0.254849,0.438417,A,1,0.824585,0.474409,formax-outcome-4.0,6d861e191d14ee4741a5969b1d2ffbfc,2026-02-28T15:00:00.0000000Z,5
102405,40,2026-02-28T15:00:00.0000000Z,1476,1531,2,1,H,0.376994,0.290869,0.332137,H,1,0.975526,0.583056,formax-outcome-4.0,6d861e191d14ee4741a5969b1d2ffbfc,2026-02-28T15:00:00.0000000Z,5
102629,40,2026-02-28T15:00:00.0000000Z,3598,3467,3,0,H,0.595837,0.228901,0.175261,H,1,0.517788,0.246460,formax-outcome-4.0,6d861e191d14ee4741a5969b1d2ffbfc,2026-02-28T15:00:00.0000000Z,5
102929,39,2026-02-28T15:00:00.0000000Z,2531,5807,3,4,A,0.167085,0.234717,0.598198,A,1,0.513834,0.244455,formax-outcome-4.0,6d861e191d14ee4741a5969b1d2ffbfc,2026-02-28T15:00:00.0000000Z,5
104685,40,2026-02-28T15:00:00.0000000Z,4169,4290,1,3,A,0.101556,0.173637,0.724807,A,1,0.321850,0.116195,formax-outcome-4.0,6d861e191d14ee4741a5969b1d2ffbfc,2026-02-28T15:00:00.0000000Z,5
104998,39,2026-02-28T15:00:00.0000000Z,2208,2751,5,2,H,0.591636,0.237182,0.171182,H,1,0.524864,0.252320,formax-outcome-4.0,6d861e191d14ee4741a5969b1d2ffbfc,2026-02-28T15:00:00.0000000Z,5
104810,140,2026-02-28T15:15:00.0000000Z,4005,1776,4,1,H,0.714392,0.168356,0.117252,H,1,0.336323,0.123663,formax-outcome-4.0,6d861e191d14ee4741a5969b1d2ffbfc,2026-02-28T15:15:00.0000000Z,5
97490,88,2026-02-28T15:30:00.0000000Z,990,1162,2,1,H,0.444591,0.253512,0.301898,H,1,0.810601,0.463890,formax-outcome-4.0,6d861e191d14ee4741a5969b1d2ffbfc,2026-02-28T15:30:00.0000000Z,5
106847,61,2026-02-28T16:00:00.0000000Z,1781,1872,1,0,H,0.452052,0.264137,0.283811,H,1,0.793958,0.450564,formax-outcome-4.0,6d861e191d14ee4741a5969b1d2ffbfc,2026-02-28T16:00:00.0000000Z,5
98865,203,2026-02-28T17:00:00.0000000Z,3309,6847,3,1,H,0.716108,0.181226,0.102666,H,1,0.333924,0.123978,formax-outcome-4.0,6d861e191d14ee4741a5969b1d2ffbfc,2026-02-28T17:00:00.0000000Z,5
105405,203,2026-02-28T17:00:00.0000000Z,2549,6991,0,0,D,0.572192,0.250997,0.176811,H,0,1.382315,0.919672,formax-outcome-4.0,6d861e191d14ee4741a5969b1d2ffbfc,2026-02-28T17:00:00.0000000Z,5
105430,135,2026-02-28T17:00:00.0000000Z,1719,2845,1,2,A,0.109032,0.192744,0.698224,A,1,0.359215,0.140107,formax-outcome-4.0,6d861e191d14ee4741a5969b1d2ffbfc,2026-02-28T17:00:00.0000000Z,5
8009,39,2026-02-28T17:30:00.0000000Z,2269,4166,0,1,A,0.157802,0.208625,0.633573,A,1,0.456380,0.202694,formax-outcome-4.0,6d861e191d14ee4741a5969b1d2ffbfc,2026-02-28T17:30:00.0000000Z,5
101754,140,2026-02-28T17:30:00.0000000Z,1925,1830,0,1,A,0.426701,0.261756,0.311543,H,0,1.166218,0.724563,formax-outcome-4.0,6d861e191d14ee4741a5969b1d2ffbfc,2026-02-28T17:30:00.0000000Z,5
102023,78,2026-02-28T17:30:00.0000000Z,989,1328,2,3,A,0.250188,0.222656,0.527156,A,1,0.640258,0.335751,formax-outcome-4.0,6d861e191d14ee4741a5969b1d2ffbfc,2026-02-28T17:30:00.0000000Z,5
104002,88,2026-02-28T17:45:00.0000000Z,4157,1775,1,3,A,0.102811,0.147233,0.749956,A,1,0.287741,0.094770,formax-outcome-4.0,6d861e191d14ee4741a5969b1d2ffbfc,2026-02-28T17:45:00.0000000Z,5
15608,61,2026-02-28T18:00:00.0000000Z,2085,1257,2,0,H,0.561520,0.251412,0.187068,H,1,0.577108,0.290467,formax-outcome-4.0,6d861e191d14ee4741a5969b1d2ffbfc,2026-02-28T18:00:00.0000000Z,5
7940,135,2026-02-28T19:45:00.0000000Z,2685,1649,2,0,H,0.706922,0.182028,0.111050,H,1,0.346835,0.131361,formax-outcome-4.0,6d861e191d14ee4741a5969b1d2ffbfc,2026-02-28T19:45:00.0000000Z,5
38686,88,2026-02-28T20:00:00.0000000Z,1080,1079,2,3,A,0.673126,0.186634,0.140239,H,0,1.964404,1.227120,formax-outcome-4.0,6d861e191d14ee4741a5969b1d2ffbfc,2026-02-28T20:00:00.0000000Z,5
105878,140,2026-02-28T20:00:00.0000000Z,1944,4267,0,1,A,0.163507,0.226400,0.610093,A,1,0.494143,0.230019,formax-outcome-4.0,6d861e191d14ee4741a5969b1d2ffbfc,2026-02-28T20:00:00.0000000Z,5
107229,61,2026-02-28T20:05:00.0000000Z,1823,5284,0,1,A,0.150313,0.231028,0.618658,A,1,0.480202,0.221390,formax-outcome-4.0,6d861e191d14ee4741a5969b1d2ffbfc,2026-02-28T20:05:00.0000000Z,5
88166,88,2026-03-01T11:15:00.0000000Z,2612,2530,0,0,D,0.295365,0.238361,0.466275,A,0,1.433970,0.884747,formax-outcome-4.0,6d861e191d14ee4741a5969b1d2ffbfc,2026-03-01T11:15:00.0000000Z,5
7901,135,2026-03-01T11:30:00.0000000Z,3558,1488,0,2,A,0.169093,0.242423,0.588484,A,1,0.530206,0.256707,formax-outcome-4.0,6d861e191d14ee4741a5969b1d2ffbfc,2026-03-01T11:30:00.0000000Z,5
29589,203,2026-03-01T13:00:00.0000000Z,6848,6025,0,0,D,0.439462,0.271286,0.289252,H,0,1.304582,0.807818,formax-outcome-4.0,6d861e191d14ee4741a5969b1d2ffbfc,2026-03-01T13:00:00.0000000Z,5
105265,140,2026-03-01T13:00:00.0000000Z,3447,762,2,2,D,0.407893,0.268121,0.323986,H,0,1.316316,0.806990,formax-outcome-4.0,6d861e191d14ee4741a5969b1d2ffbfc,2026-03-01T13:00:00.0000000Z,5
15915,88,2026-03-01T13:30:00.0000000Z,3707,2516,2,0,H,0.446395,0.246444,0.307161,H,1,0.806551,0.461561,formax-outcome-4.0,6d861e191d14ee4741a5969b1d2ffbfc,2026-03-01T13:30:00.0000000Z,5
104469,88,2026-03-01T13:30:00.0000000Z,4677,1301,3,2,H,0.427769,0.274680,0.297551,H,1,0.849172,0.491434,formax-outcome-4.0,6d861e191d14ee4741a5969b1d2ffbfc,2026-03-01T13:30:00.0000000Z,5
60890,61,2026-03-01T14:00:00.0000000Z,4292,3851,1,0,H,0.497139,0.257171,0.245690,H,1,0.698887,0.379370,formax-outcome-4.0,6d861e191d14ee4741a5969b1d2ffbfc,2026-03-01T14:00:00.0000000Z,5
103096,39,2026-03-01T14:00:00.0000000Z,4266,1486,2,1,H,0.476021,0.261907,0.262072,H,1,0.742294,0.411832,formax-outcome-4.0,6d861e191d14ee4741a5969b1d2ffbfc,2026-03-01T14:00:00.0000000Z,5
105927,39,2026-03-01T14:00:00.0000000Z,873,2480,2,1,H,0.409196,0.280113,0.310691,H,1,0.893560,0.524041,formax-outcome-4.0,6d861e191d14ee4741a5969b1d2ffbfc,2026-03-01T14:00:00.0000000Z,5
105988,135,2026-03-01T14:00:00.0000000Z,3903,4702,2,1,H,0.184436,0.245149,0.570416,A,0,1.690455,1.050617,formax-outcome-4.0,6d861e191d14ee4741a5969b1d2ffbfc,2026-03-01T14:00:00.0000000Z,5
107496,39,2026-03-01T14:00:00.0000000Z,4928,2355,2,1,H,0.393004,0.263097,0.343899,H,1,0.933935,0.555930,formax-outcome-4.0,6d861e191d14ee4741a5969b1d2ffbfc,2026-03-01T14:00:00.0000000Z,5
105615,140,2026-03-01T15:15:00.0000000Z,2030,3599,1,0,H,0.379986,0.274583,0.345431,H,1,0.967621,0.579136,formax-outcome-4.0,6d861e191d14ee4741a5969b1d2ffbfc,2026-03-01T15:15:00.0000000Z,5
103734,88,2026-03-01T15:45:00.0000000Z,4678,1271,2,0,H,0.341006,0.261792,0.397202,A,0,1.075854,0.660577,formax-outcome-4.0,6d861e191d14ee4741a5969b1d2ffbfc,2026-03-01T15:45:00.0000000Z,5
60439,61,2026-03-01T16:15:00.0000000Z,1666,1815,2,2,D,0.536422,0.261469,0.202109,H,0,1.341439,0.874024,formax-outcome-4.0,6d861e191d14ee4741a5969b1d2ffbfc,2026-03-01T16:15:00.0000000Z,5
102852,61,2026-03-01T16:15:00.0000000Z,4470,1668,1,0,H,0.610753,0.237727,0.151521,H,1,0.493063,0.230986,formax-outcome-4.0,6d861e191d14ee4741a5969b1d2ffbfc,2026-03-01T16:15:00.0000000Z,5
107083,61,2026-03-01T16:15:00.0000000Z,1078,4558,0,1,A,0.313275,0.269953,0.416772,A,1,0.875217,0.511172,formax-outcome-4.0,6d861e191d14ee4741a5969b1d2ffbfc,2026-03-01T16:15:00.0000000Z,5
8246,39,2026-03-01T16:30:00.0000000Z,4559,3373,2,1,H,0.539335,0.245985,0.214681,H,1,0.617419,0.318809,formax-outcome-4.0,6d861e191d14ee4741a5969b1d2ffbfc,2026-03-01T16:30:00.0000000Z,5
72546,78,2026-03-01T16:30:00.0000000Z,4472,5685,2,0,H,0.487806,0.242068,0.270126,H,1,0.717837,0.393907,formax-outcome-4.0,6d861e191d14ee4741a5969b1d2ffbfc,2026-03-01T16:30:00.0000000Z,5
29662,135,2026-03-01T17:00:00.0000000Z,1652,2837,2,0,H,0.231993,0.268880,0.499127,A,0,1.461048,0.911259,formax-outcome-4.0,6d861e191d14ee4741a5969b1d2ffbfc,2026-03-01T17:00:00.0000000Z,5
42765,203,2026-03-01T17:00:00.0000000Z,5867,3588,2,2,D,0.113840,0.198935,0.687225,A,0,1.614778,1.126943,formax-outcome-4.0,6d861e191d14ee4741a5969b1d2ffbfc,2026-03-01T17:00:00.0000000Z,5
104100,203,2026-03-01T17:00:00.0000000Z,1176,4926,0,0,D,0.593515,0.237048,0.169436,H,0,1.439491,0.963064,formax-outcome-4.0,6d861e191d14ee4741a5969b1d2ffbfc,2026-03-01T17:00:00.0000000Z,5
104402,140,2026-03-01T17:30:00.0000000Z,2033,3049,2,2,D,0.686145,0.189956,0.123899,H,0,1.660963,1.142317,formax-outcome-4.0,6d861e191d14ee4741a5969b1d2ffbfc,2026-03-01T17:30:00.0000000Z,5
101880,78,2026-03-01T18:30:00.0000000Z,4469,821,1,2,A,0.368216,0.256553,0.375231,A,1,0.980214,0.591739,formax-outcome-4.0,6d861e191d14ee4741a5969b1d2ffbfc,2026-03-01T18:30:00.0000000Z,5
104058,88,2026-03-01T19:00:00.0000000Z,4124,1580,0,1,A,0.465412,0.255016,0.279572,H,0,1.274496,0.800658,formax-outcome-4.0,6d861e191d14ee4741a5969b1d2ffbfc,2026-03-01T19:00:00.0000000Z,5
8172,135,2026-03-01T19:45:00.0000000Z,2799,2013,3,3,D,0.425924,0.282648,0.291428,H,0,1.263554,0.780936,formax-outcome-4.0,6d861e191d14ee4741a5969b1d2ffbfc,2026-03-01T19:45:00.0000000Z,5
53892,61,2026-03-01T19:45:00.0000000Z,5071,3589,3,2,H,0.336026,0.266578,0.397396,A,0,1.090568,0.669850,formax-outcome-4.0,6d861e191d14ee4741a5969b1d2ffbfc,2026-03-01T19:45:00.0000000Z,5
105207,140,2026-03-01T20:00:00.0000000Z,758,1904,1,2,A,0.298005,0.269157,0.432838,A,1,0.837391,0.482925,formax-outcome-4.0,6d861e191d14ee4741a5969b1d2ffbfc,2026-03-01T20:00:00.0000000Z,5
107452,135,2026-03-02T17:30:00.0000000Z,1838,1520,0,1,A,0.232415,0.259930,0.507654,A,1,0.677954,0.363985,formax-outcome-4.0,6d861e191d14ee4741a5969b1d2ffbfc,2026-03-02T17:30:00.0000000Z,5
107487,135,2026-03-02T19:45:00.0000000Z,3405,1503,3,0,H,0.285933,0.260330,0.453737,A,0,1.251997,0.783540,formax-outcome-4.0,6d861e191d14ee4741a5969b1d2ffbfc,2026-03-02T19:45:00.0000000Z,5
15460,140,2026-03-02T20:00:00.0000000Z,4521,1914,0,1,A,0.811577,0.132487,0.055936,H,0,2.883555,1.567468,formax-outcome-4.0,6d861e191d14ee4741a5969b1d2ffbfc,2026-03-02T20:00:00.0000000Z,5
102798,40,2026-03-02T20:00:00.0000000Z,1490,4380,1,3,A,0.306036,0.270549,0.423415,A,1,0.859403,0.499305,formax-outcome-4.0,6d861e191d14ee4741a5969b1d2ffbfc,2026-03-02T20:00:00.0000000Z,5
71189,39,2026-03-03T19:30:00.0000000Z,1482,2531,2,0,H,0.565375,0.246057,0.188568,H,1,0.570267,0.285001,formax-outcome-4.0,6d861e191d14ee4741a5969b1d2ffbfc,2026-03-03T19:30:00.0000000Z,5
102928,39,2026-03-03T19:30:00.0000000Z,3646,5807,0,0,D,0.370314,0.256482,0.373204,A,0,1.360696,0.829232,formax-outcome-4.0,6d861e191d14ee4741a5969b1d2ffbfc,2026-03-03T19:30:00.0000000Z,5
106355,39,2026-03-03T19:30:00.0000000Z,2269,2209,0,1,A,0.526069,0.257846,0.216084,H,0,1.532086,0.957757,formax-outcome-4.0,6d861e191d14ee4741a5969b1d2ffbfc,2026-03-03T19:30:00.0000000Z,5
106244,40,2026-03-03T19:45:00.0000000Z,3598,1718,1,0,H,0.566291,0.231594,0.202115,H,1,0.568647,0.282589,formax-outcome-4.0,6d861e191d14ee4741a5969b1d2ffbfc,2026-03-03T19:45:00.0000000Z,5
99463,39,2026-03-03T20:15:00.0000000Z,1829,2208,2,1,H,0.183204,0.239930,0.576866,A,0,1.697157,1.057497,formax-outcome-4.0,6d861e191d14ee4741a5969b1d2ffbfc,2026-03-03T20:15:00.0000000Z,5
104326,140,2026-03-04T18:00:00.0000000Z,2517,1944,3,0,H,0.645971,0.219650,0.134379,H,1,0.437001,0.191640,formax-outcome-4.0,6d861e191d14ee4741a5969b1d2ffbfc,2026-03-04T18:00:00.0000000Z,5
8008,39,2026-03-04T19:30:00.0000000Z,4166,2480,2,2,D,0.601581,0.238270,0.160148,H,0,1.434351,0.967780,formax-outcome-4.0,6d861e191d14ee4741a5969b1d2ffbfc,2026-03-04T19:30:00.0000000Z,5
8245,39,2026-03-04T19:30:00.0000000Z,2109,3373,1,4,A,0.310839,0.281154,0.408007,A,1,0.896471,0.526124,formax-outcome-4.0,6d861e191d14ee4741a5969b1d2ffbfc,2026-03-04T19:30:00.0000000Z,5
102126,78,2026-03-04T19:30:00.0000000Z,4469,1260,0,1,A,0.273177,0.256886,0.469938,A,1,0.755155,0.421582,formax-outcome-4.0,6d861e191d14ee4741a5969b1d2ffbfc,2026-03-04T19:30:00.0000000Z,5
104997,39,2026-03-04T19:30:00.0000000Z,4928,2751,0,1,A,0.492030,0.252594,0.255376,H,0,1.365019,0.860362,formax-outcome-4.0,6d861e191d14ee4741a5969b1d2ffbfc,2026-03-04T19:30:00.0000000Z,5
105926,39,2026-03-04T19:30:00.0000000Z,873,4559,0,1,A,0.184866,0.241390,0.573744,A,1,0.555572,0.274139,formax-outcome-4.0,6d861e191d14ee4741a5969b1d2ffbfc,2026-03-04T19:30:00.0000000Z,5
71082,39,2026-03-04T20:15:00.0000000Z,1013,4266,2,1,H,0.381887,0.256978,0.361135,H,1,0.962630,0.578519,formax-outcome-4.0,6d861e191d14ee4741a5969b1d2ffbfc,2026-03-04T20:15:00.0000000Z,5
106316,39,2026-03-05T20:00:00.0000000Z,2355,1486,1,3,A,0.350281,0.282916,0.366803,A,1,1.002929,0.603676,formax-outcome-4.0,6d861e191d14ee4741a5969b1d2ffbfc,2026-03-05T20:00:00.0000000Z,5
103787,88,2026-03-06T19:00:00.0000000Z,4157,4678,0,0,D,0.250415,0.242691,0.506893,A,0,1.415965,0.893165,formax-outcome-4.0,6d861e191d14ee4741a5969b1d2ffbfc,2026-03-06T19:00:00.0000000Z,5
20294,78,2026-03-06T19:30:00.0000000Z,1328,1051,4,1,H,0.883195,0.080803,0.036002,H,1,0.124209,0.021469,formax-outcome-4.0,6d861e191d14ee4741a5969b1d2ffbfc,2026-03-06T19:30:00.0000000Z,5
15607,61,2026-03-06T19:45:00.0000000Z,5284,2085,1,3,A,0.675361,0.199598,0.125041,H,0,2.079110,1.261504,formax-outcome-4.0,6d861e191d14ee4741a5969b1d2ffbfc,2026-03-06T19:45:00.0000000Z,5
106901,135,2026-03-06T19:45:00.0000000Z,2845,1652,2,1,H,0.659921,0.207004,0.133076,H,1,0.415636,0.176214,formax-outcome-4.0,6d861e191d14ee4741a5969b1d2ffbfc,2026-03-06T19:45:00.0000000Z,5
101663,40,2026-03-06T20:00:00.0000000Z,1499,1476,1,3,A,0.467069,0.281987,0.250944,H,0,1.382525,0.858755,formax-outcome-4.0,6d861e191d14ee4741a5969b1d2ffbfc,2026-03-06T20:00:00.0000000Z,5
105571,140,2026-03-06T20:00:00.0000000Z,1904,4521,1,2,A,0.322851,0.265435,0.411714,A,1,0.887426,0.520768,formax-outcome-4.0,6d861e191d14ee4741a5969b1d2ffbfc,2026-03-06T20:00:00.0000000Z,5
99569,40,2026-03-07T12:30:00.0000000Z,1912,1654,1,1,D,0.335349,0.286562,0.378090,A,0,1.249802,0.764405,formax-outcome-4.0,6d861e191d14ee4741a5969b1d2ffbfc,2026-03-07T12:30:00.0000000Z,5
102330,40,2026-03-07T12:30:00.0000000Z,1718,1511,1,3,A,0.351539,0.273356,0.375106,A,1,0.980547,0.588795,formax-outcome-4.0,6d861e191d14ee4741a5969b1d2ffbfc,2026-03-07T12:30:00.0000000Z,5
105055,203,2026-03-07T13:00:00.0000000Z,3661,2549,2,1,H,0.487336,0.274817,0.237846,H,1,0.718801,0.394920,formax-outcome-4.0,6d861e191d14ee4741a5969b1d2ffbfc,2026-03-07T13:00:00.0000000Z,5
105614,140,2026-03-07T13:00:00.0000000Z,3599,1925,2,2,D,0.586631,0.239211,0.174157,H,0,1.430408,0.953266,formax-outcome-4.0,6d861e191d14ee4741a5969b1d2ffbfc,2026-03-07T13:00:00.0000000Z,5
106549,135,2026-03-07T14:00:00.0000000Z,3394,5356,1,2,A,0.194330,0.247445,0.558225,A,1,0.582993,0.294158,formax-outcome-4.0,6d861e191d14ee4741a5969b1d2ffbfc,2026-03-07T14:00:00.0000000Z,5
101879,78,2026-03-07T14:30:00.0000000Z,821,1109,2,1,H,0.581398,0.228453,0.190149,H,1,0.542319,0.263575,formax-outcome-4.0,6d861e191d14ee4741a5969b1d2ffbfc,2026-03-07T14:30:00.0000000Z,5
102125,78,2026-03-07T14:30:00.0000000Z,5685,1260,3,3,D,0.270127,0.263829,0.466044,A,0,1.332455,0.832114,formax-outcome-4.0,6d861e191d14ee4741a5969b1d2ffbfc,2026-03-07T14:30:00.0000000Z,5
107138,78,2026-03-07T14:30:00.0000000Z,4330,3573,2,4,A,0.190422,0.210128,0.599450,A,1,0.511742,0.240854,formax-outcome-4.0,6d861e191d14ee4741a5969b1d2ffbfc,2026-03-07T14:30:00.0000000Z,5
16504,40,2026-03-07T15:00:00.0000000Z,1053,5841,0,2,A,0.244420,0.247159,0.508420,A,1,0.676447,0.362480,formax-outcome-4.0,6d861e191d14ee4741a5969b1d2ffbfc,2026-03-07T15:00:00.0000000Z,5
102190,40,2026-03-07T15:00:00.0000000Z,1452,1490,1,0,H,0.318901,0.275572,0.405527,A,0,1.142874,0.704287,formax-outcome-4.0,6d861e191d14ee4741a5969b1d2ffbfc,2026-03-07T15:00:00.0000000Z,5
102404,40,2026-03-07T15:00:00.0000000Z,1460,1531,1,1,D,0.581224,0.231495,0.187281,H,0,1.463196,0.963495,formax-outcome-4.0,6d861e191d14ee4741a5969b1d2ffbfc,2026-03-07T15:00:00.0000000Z,5
102550,40,2026-03-07T15:00:00.0000000Z,3380,4169,2,1,H,0.698795,0.185492,0.115713,H,1,0.358398,0.138522,formax-outcome-4.0,6d861e191d14ee4741a5969b1d2ffbfc,2026-03-07T15:00:00.0000000Z,5
102628,40,2026-03-07T15:00:00.0000000Z,3467,3483,2,0,H,0.367483,0.289958,0.342559,H,1,1.001078,0.601500,formax-outcome-4.0,6d861e191d14ee4741a5969b1d2ffbfc,2026-03-07T15:00:00.0000000Z,5
106443,40,2026-03-07T15:00:00.0000000Z,3598,1910,1,1,D,0.588784,0.224739,0.186477,H,0,1.492816,0.982470,formax-outcome-4.0,6d861e191d14ee4741a5969b1d2ffbfc,2026-03-07T15:00:00.0000000Z,5
105206,140,2026-03-07T15:15:00.0000000Z,2383,758,1,1,D,0.408470,0.274076,0.317454,H,0,1.294350,0.794591,formax-outcome-4.0,6d861e191d14ee4741a5969b1d2ffbfc,2026-03-07T15:15:00.0000000Z,5
88165,88,2026-03-07T15:30:00.0000000Z,1301,2530,3,1,H,0.317655,0.263700,0.418645,A,0,1.146790,0.710396,formax-outcome-4.0,6d861e191d14ee4741a5969b1d2ffbfc,2026-03-07T15:30:00.0000000Z,5
103267,61,2026-03-07T16:00:00.0000000Z,1668,1257,0,1,A,0.375694,0.302794,0.321512,H,0,1.134722,0.693177,formax-outcome-4.0,6d861e191d14ee4741a5969b1d2ffbfc,2026-03-07T16:00:00.0000000Z,5
82473,203,2026-03-07T17:00:00.0000000Z,3673,3309,0,1,A,0.326303,0.267742,0.405955,A,1,0.901512,0.531048,formax-outcome-4.0,6d861e191d14ee4741a5969b1d2ffbfc,2026-03-07T17:00:00.0000000Z,5
105987,135,2026-03-07T17:00:00.0000000Z,4702,3405,2,2,D,0.641944,0.215846,0.142210,H,0,1.533191,1.047214,formax-outcome-4.0,6d861e191d14ee4741a5969b1d2ffbfc,2026-03-07T17:00:00.0000000Z,5
101753,140,2026-03-07T17:30:00.0000000Z,4267,1830,3,2,H,0.649800,0.204895,0.145305,H,1,0.431090,0.185735,formax-outcome-4.0,6d861e191d14ee4741a5969b1d2ffbfc,2026-03-07T17:30:00.0000000Z,5
106671,78,2026-03-07T17:30:00.0000000Z,5078,989,1,2,A,0.229747,0.217347,0.552906,A,1,0.592567,0.299916,formax-outcome-4.0,6d861e191d14ee4741a5969b1d2ffbfc,2026-03-07T17:30:00.0000000Z,5
60438,61,2026-03-07T18:00:00.0000000Z,1815,1911,0,0,D,0.246424,0.272976,0.480600,A,0,1.298372,0.820266,formax-outcome-4.0,6d861e191d14ee4741a5969b1d2ffbfc,2026-03-07T18:00:00.0000000Z,5
103733,88,2026-03-07T19:00:00.0000000Z,1775,1271,2,1,H,0.577110,0.220734,0.202156,H,1,0.549723,0.268427,formax-outcome-4.0,6d861e191d14ee4741a5969b1d2ffbfc,2026-03-07T19:00:00.0000000Z,5
8171,135,2026-03-07T19:45:00.0000000Z,2013,1838,4,0,H,0.739660,0.166116,0.094224,H,1,0.301564,0.104249,formax-outcome-4.0,6d861e191d14ee4741a5969b1d2ffbfc,2026-03-07T19:45:00.0000000Z,5
104057,88,2026-03-07T20:00:00.0000000Z,4124,990,1,2,A,0.433510,0.258575,0.307914,H,0,1.177933,0.733775,formax-outcome-4.0,6d861e191d14ee4741a5969b1d2ffbfc,2026-03-07T20:00:00.0000000Z,5
106119,140,2026-03-07T20:00:00.0000000Z,1906,4005,0,1,A,0.233564,0.235813,0.530623,A,1,0.633703,0.330474,formax-outcome-4.0,6d861e191d14ee4741a5969b1d2ffbfc,2026-03-07T20:00:00.0000000Z,5
106161,61,2026-03-07T20:05:00.0000000Z,1872,5071,0,1,A,0.374594,0.274330,0.351076,H,0,1.046752,0.636680,formax-outcome-4.0,6d861e191d14ee4741a5969b1d2ffbfc,2026-03-07T20:05:00.0000000Z,5
103417,203,2026-03-08T10:30:00.0000000Z,1845,5867,1,0,H,0.545997,0.248652,0.205351,H,1,0.605142,0.310116,formax-outcome-4.0,6d861e191d14ee4741a5969b1d2ffbfc,2026-03-08T10:30:00.0000000Z,5
104099,203,2026-03-08T10:30:00.0000000Z,4926,6019,1,1,D,0.538450,0.250584,0.210966,H,0,1.383961,0.896060,formax-outcome-4.0,6d861e191d14ee4741a5969b1d2ffbfc,2026-03-08T10:30:00.0000000Z,5
97489,88,2026-03-08T11:15:00.0000000Z,1162,2612,1,1,D,0.537007,0.242136,0.220858,H,0,1.418258,0.911513,formax-outcome-4.0,6d861e191d14ee4741a5969b1d2ffbfc,2026-03-08T11:15:00.0000000Z,5
14115,135,2026-03-08T11:30:00.0000000Z,1584,3558,2,1,H,0.374939,0.299106,0.325955,H,1,0.980991,0.586412,formax-outcome-4.0,6d861e191d14ee4741a5969b1d2ffbfc,2026-03-08T11:30:00.0000000Z,5
103347,203,2026-03-08T13:00:00.0000000Z,1717,4226,1,1,D,0.457036,0.281695,0.261268,H,0,1.266929,0.793105,formax-outcome-4.0,6d861e191d14ee4741a5969b1d2ffbfc,2026-03-08T13:00:00.0000000Z,5
104809,140,2026-03-08T13:00:00.0000000Z,1776,3447,2,1,H,0.687651,0.187064,0.125285,H,1,0.374474,0.148251,formax-outcome-4.0,6d861e191d14ee4741a5969b1d2ffbfc,2026-03-08T13:00:00.0000000Z,5
15914,88,2026-03-08T13:30:00.0000000Z,1580,3707,1,4,A,0.324574,0.270808,0.404618,A,1,0.904812,0.533165,formax-outcome-4.0,6d861e191d14ee4741a5969b1d2ffbfc,2026-03-08T13:30:00.0000000Z,5
97856,88,2026-03-08T13:30:00.0000000Z,1079,3539,1,4,A,0.364299,0.268288,0.367412,A,1,1.001271,0.604860,formax-outcome-4.0,6d861e191d14ee4741a5969b1d2ffbfc,2026-03-08T13:30:00.0000000Z,5
15379,135,2026-03-08T14:00:00.0000000Z,1503,3648,0,0,D,0.500757,0.256325,0.242918,H,0,1.361309,0.862819,formax-outcome-4.0,6d861e191d14ee4741a5969b1d2ffbfc,2026-03-08T14:00:00.0000000Z,5
105429,135,2026-03-08T14:00:00.0000000Z,1520,1719,1,2,A,0.717123,0.181528,0.101349,H,0,2.289185,1.354791,formax-outcome-4.0,6d861e191d14ee4741a5969b1d2ffbfc,2026-03-08T14:00:00.0000000Z,5
107529,61,2026-03-08T14:00:00.0000000Z,886,1078,3,0,H,0.749703,0.165978,0.084319,H,1,0.288079,0.097307,formax-outcome-4.0,6d861e191d14ee4741a5969b1d2ffbfc,2026-03-08T14:00:00.0000000Z,5
72545,78,2026-03-08T14:30:00.0000000Z,4528,4472,0,0,D,0.261877,0.239357,0.498766,A,0,1.429800,0.895925,formax-outcome-4.0,6d861e191d14ee4741a5969b1d2ffbfc,2026-03-08T14:30:00.0000000Z,5
15459,140,2026-03-08T15:15:00.0000000Z,1914,2033,2,0,H,0.320367,0.289132,0.390501,A,0,1.138288,0.697990,formax-outcome-4.0,6d861e191d14ee4741a5969b1d2ffbfc,2026-03-08T15:15:00.0000000Z,5
104602,88,2026-03-08T15:45:00.0000000Z,1378,2516,3,3,D,0.225823,0.236892,0.537285,A,0,1.440152,0.922006,formax-outcome-4.0,6d861e191d14ee4741a5969b1d2ffbfc,2026-03-08T15:45:00.0000000Z,5
102851,61,2026-03-08T16:15:00.0000000Z,4470,1666,1,1,D,0.460851,0.280983,0.258167,H,0,1.269462,0.796019,formax-outcome-4.0,6d861e191d14ee4741a5969b1d2ffbfc,2026-03-08T16:15:00.0000000Z,5
107040,61,2026-03-08T16:15:00.0000000Z,3851,1781,0,4,A,0.311779,0.270989,0.417232,A,1,0.874113,0.510260,formax-outcome-4.0,6d861e191d14ee4741a5969b1d2ffbfc,2026-03-08T16:15:00.0000000Z,5
107082,61,2026-03-08T16:15:00.0000000Z,4558,1823,2,0,H,0.492705,0.283369,0.223926,H,1,0.707844,0.387788,formax-outcome-4.0,6d861e191d14ee4741a5969b1d2ffbfc,2026-03-08T16:15:00.0000000Z,5
101563,78,2026-03-08T16:30:00.0000000Z,4180,966,1,4,A,0.444582,0.265352,0.290066,H,0,1.237648,0.772072,formax-outcome-4.0,6d861e191d14ee4741a5969b1d2ffbfc,2026-03-08T16:30:00.0000000Z,5
102242,40,2026-03-08T16:30:00.0000000Z,1502,4380,0,4,A,0.222853,0.246140,0.531006,A,1,0.632981,0.330204,formax-outcome-4.0,6d861e191d14ee4741a5969b1d2ffbfc,2026-03-08T16:30:00.0000000Z,5
42763,203,2026-03-08T17:00:00.0000000Z,3588,1176,3,2,H,0.606595,0.240994,0.152411,H,1,0.499894,0.236075,formax-outcome-4.0,6d861e191d14ee4741a5969b1d2ffbfc,2026-03-08T17:00:00.0000000Z,5
106747,135,2026-03-08T17:00:00.0000000Z,1649,2799,2,1,H,0.205616,0.252080,0.542303,A,0,1.581743,0.988683,formax-outcome-4.0,6d861e191d14ee4741a5969b1d2ffbfc,2026-03-08T17:00:00.0000000Z,5
104325,140,2026-03-08T17:30:00.0000000Z,3049,2517,1,1,D,0.377100,0.272746,0.350154,H,0,1.299214,0.793711,formax-outcome-4.0,6d861e191d14ee4741a5969b1d2ffbfc,2026-03-08T17:30:00.0000000Z,5
38684,88,2026-03-08T19:00:00.0000000Z,1080,4677,3,0,H,0.614019,0.212340,0.173641,H,1,0.487730,0.224221,formax-outcome-4.0,6d861e191d14ee4741a5969b1d2ffbfc,2026-03-08T19:00:00.0000000Z,5
7900,135,2026-03-08T19:45:00.0000000Z,1488,2685,1,0,H,0.311073,0.274207,0.414720,A,0,1.167727,0.721802,formax-outcome-4.0,6d861e191d14ee4741a5969b1d2ffbfc,2026-03-08T19:45:00.0000000Z,5
53890,61,2026-03-08T19:45:00.0000000Z,3589,4292,1,1,D,0.643057,0.217169,0.139774,H,0,1.527078,1.045883,formax-outcome-4.0,6d861e191d14ee4741a5969b1d2ffbfc,2026-03-08T19:45:00.0000000Z,5
103868,140,2026-03-08T20:00:00.0000000Z,2030,759,3,2,H,0.506713,0.269816,0.223472,H,1,0.679811,0.366073,formax-outcome-4.0,6d861e191d14ee4741a5969b1d2ffbfc,2026-03-08T20:00:00.0000000Z,5
105126,203,2026-03-09T13:00:00.0000000Z,6991,6988,0,1,A,0.413581,0.305044,0.281374,H,0,1.268069,0.780524,formax-outcome-4.0,6d861e191d14ee4741a5969b1d2ffbfc,2026-03-09T13:00:00.0000000Z,5
29588,203,2026-03-09T17:00:00.0000000Z,6025,5068,1,3,A,0.190106,0.238038,0.571856,A,1,0.558868,0.276110,formax-outcome-4.0,6d861e191d14ee4741a5969b1d2ffbfc,2026-03-09T17:00:00.0000000Z,5
104162,203,2026-03-09T17:00:00.0000000Z,6847,6848,0,0,D,0.570742,0.251099,0.178159,H,0,1.381908,0.918339,formax-outcome-4.0,6d861e191d14ee4741a5969b1d2ffbfc,2026-03-09T17:00:00.0000000Z,5
29660,135,2026-03-09T19:45:00.0000000Z,2837,3903,2,1,H,0.443599,0.273988,0.282413,H,1,0.812834,0.464408,formax-outcome-4.0,6d861e191d14ee4741a5969b1d2ffbfc,2026-03-09T19:45:00.0000000Z,5
105264,140,2026-03-09T20:00:00.0000000Z,762,1944,1,1,D,0.619187,0.222598,0.158215,H,0,1.502386,1.012777,formax-outcome-4.0,6d861e191d14ee4741a5969b1d2ffbfc,2026-03-09T20:00:00.0000000Z,5
98863,2,2026-03-10T17:45:00.0000000Z,3309,2208,1,0,H,0.237463,0.214525,0.548012,A,0,1.437744,0.927801,formax-outcome-4.0,6d861e191d14ee4741a5969b1d2ffbfc,2026-03-10T17:45:00.0000000Z,5
16503,40,2026-03-10T19:45:00.0000000Z,1910,1053,2,0,H,0.415345,0.266181,0.318473,H,1,0.878645,0.514099,formax-outcome-4.0,6d861e191d14ee4741a5969b1d2ffbfc,2026-03-10T19:45:00.0000000Z,5
102329,40,2026-03-10T19:45:00.0000000Z,1511,3380,1,0,H,0.411244,0.269744,0.319012,H,1,0.888569,0.521164,formax-outcome-4.0,6d861e191d14ee4741a5969b1d2ffbfc,2026-03-10T19:45:00.0000000Z,5
102482,40,2026-03-10T19:45:00.0000000Z,1654,3467,1,2,A,0.301959,0.277173,0.420867,A,1,0.865437,0.503399,formax-outcome-4.0,6d861e191d14ee4741a5969b1d2ffbfc,2026-03-10T19:45:00.0000000Z,5
104528,40,2026-03-10T19:45:00.0000000Z,4169,1253,1,1,D,0.142197,0.218709,0.639094,A,0,1.520012,1.039076,formax-outcome-4.0,6d861e191d14ee4741a5969b1d2ffbfc,2026-03-10T19:45:00.0000000Z,5
105739,40,2026-03-10T19:45:00.0000000Z,2268,1718,1,2,A,0.416257,0.258451,0.325293,H,0,1.123030,0.695297,formax-outcome-4.0,6d861e191d14ee4741a5969b1d2ffbfc,2026-03-10T19:45:00.0000000Z,5
20293,2,2026-03-10T20:00:00.0000000Z,4702,1328,1,6,A,0.233765,0.209524,0.556711,A,1,0.585709,0.295052,formax-outcome-4.0,6d861e191d14ee4741a5969b1d2ffbfc,2026-03-10T20:00:00.0000000Z,5
71081,2,2026-03-10T20:00:00.0000000Z,1013,4005,1,1,D,0.515354,0.207050,0.277596,H,0,1.574795,0.971419,formax-outcome-4.0,6d861e191d14ee4741a5969b1d2ffbfc,2026-03-10T20:00:00.0000000Z,5
102688,40,2026-03-10T20:00:00.0000000Z,3483,3598,3,3,D,0.168893,0.246341,0.584766,A,0,1.401037,0.938477,formax-outcome-4.0,6d861e191d14ee4741a5969b1d2ffbfc,2026-03-10T20:00:00.0000000Z,5
105877,2,2026-03-10T20:00:00.0000000Z,4267,2355,5,2,H,0.538503,0.217765,0.243732,H,1,0.618963,0.319807,formax-outcome-4.0,6d861e191d14ee4741a5969b1d2ffbfc,2026-03-10T20:00:00.0000000Z,5
102124,2,2026-03-11T17:45:00.0000000Z,1260,4559,1,1,D,0.156044,0.193144,0.650812,A,0,1.644320,1.098922,formax-outcome-4.0,6d861e191d14ee4741a5969b1d2ffbfc,2026-03-11T17:45:00.0000000Z,5
99568,40,2026-03-11T19:45:00.0000000Z,1476,1912,1,0,H,0.329573,0.295261,0.375167,A,0,1.109959,0.677402,formax-outcome-4.0,6d861e191d14ee4741a5969b1d2ffbfc,2026-03-11T19:45:00.0000000Z,5
102189,40,2026-03-11T19:45:00.0000000Z,4380,1452,0,1,A,0.551492,0.250312,0.198196,H,0,1.618497,1.009688,formax-outcome-4.0,6d861e191d14ee4741a5969b1d2ffbfc,2026-03-11T19:45:00.0000000Z,5
102241,40,2026-03-11T19:45:00.0000000Z,1490,1502,1,0,H,0.438717,0.259188,0.302094,H,1,0.823900,0.473478,formax-outcome-4.0,6d861e191d14ee4741a5969b1d2ffbfc,2026-03-11T19:45:00.0000000Z,5
102403,40,2026-03-11T19:45:00.0000000Z,1531,4290,1,1,D,0.158337,0.215329,0.626334,A,0,1.535586,1.033073,formax-outcome-4.0,6d861e191d14ee4741a5969b1d2ffbfc,2026-03-11T19:45:00.0000000Z,5
102744,40,2026-03-11T19:45:00.0000000Z,4379,1460,2,1,H,0.362198,0.266271,0.371532,A,0,1.015565,0.615728,formax-outcome-4.0,6d861e191d14ee4741a5969b1d2ffbfc,2026-03-11T19:45:00.0000000Z,5
8006,2,2026-03-11T20:00:00.0000000Z,4521,4166,3,0,H,0.323096,0.231345,0.445559,A,0,1.129807,0.710243,formax-outcome-4.0,6d861e191d14ee4741a5969b1d2ffbfc,2026-03-11T20:00:00.0000000Z,5
8243,2,2026-03-11T20:00:00.0000000Z,5284,3373,5,2,H,0.368048,0.232429,0.399523,A,0,0.999541,0.613005,formax-outcome-4.0,6d861e191d14ee4741a5969b1d2ffbfc,2026-03-11T20:00:00.0000000Z,5
98249,40,2026-03-11T20:00:00.0000000Z,5841,1499,3,0,H,0.559691,0.244448,0.195861,H,1,0.580371,0.291989,formax-outcome-4.0,6d861e191d14ee4741a5969b1d2ffbfc,2026-03-11T20:00:00.0000000Z,5
99844,2,2026-03-11T20:00:00.0000000Z,2705,2084,3,0,H,0.334517,0.232992,0.432491,A,0,1.095066,0.684201,formax-outcome-4.0,6d861e191d14ee4741a5969b1d2ffbfc,2026-03-11T20:00:00.0000000Z,5
39079,3,2026-03-12T17:45:00.0000000Z,3702,2033,1,0,H,0.396436,0.272097,0.331467,H,1,0.925240,0.548197,formax-outcome-4.0,6d861e191d14ee4741a5969b1d2ffbfc,2026-03-12T17:45:00.0000000Z,5
53784,848,2026-03-12T17:45:00.0000000Z,1271,2027,2,1,H,0.420270,0.285600,0.294130,H,1,0.866857,0.504166,formax-outcome-4.0,6d861e191d14ee4741a5969b1d2ffbfc,2026-03-12T17:45:00.0000000Z,5
81216,848,2026-03-12T17:45:00.0000000Z,3689,1911,1,2,A,0.327963,0.296053,0.375984,A,1,0.978209,0.584603,formax-outcome-4.0,6d861e191d14ee4741a5969b1d2ffbfc,2026-03-12T17:45:00.0000000Z,5
102068,3,2026-03-12T17:45:00.0000000Z,4470,2109,0,1,A,0.249685,0.280864,0.469451,A,1,0.756191,0.422709,formax-outcome-4.0,6d861e191d14ee4741a5969b1d2ffbfc,2026-03-12T17:45:00.0000000Z,5
104304,3,2026-03-12T17:45:00.0000000Z,1278,2108,1,2,A,0.407108,0.276499,0.316392,H,0,1.150772,0.709508,formax-outcome-4.0,6d861e191d14ee4741a5969b1d2ffbfc,2026-03-12T17:45:00.0000000Z,5
104324,848,2026-03-12T17:45:00.0000000Z,1176,2517,1,3,A,0.353899,0.306937,0.339164,H,0,1.081273,0.656160,formax-outcome-4.0,6d861e191d14ee4741a5969b1d2ffbfc,2026-03-12T17:45:00.0000000Z,5
107451,3,2026-03-12T17:45:00.0000000Z,1520,2799,1,1,D,0.251611,0.268887,0.479502,A,0,1.313464,0.827756,formax-outcome-4.0,6d861e191d14ee4741a5969b1d2ffbfc,2026-03-12T17:45:00.0000000Z,5
15378,848,2026-03-12T20:00:00.0000000Z,1503,2576,2,1,H,0.361202,0.285408,0.353390,H,1,1.018318,0.614405,formax-outcome-4.0,6d861e191d14ee4741a5969b1d2ffbfc,2026-03-12T20:00:00.0000000Z,5
53889,3,2026-03-12T20:00:00.0000000Z,1904,3589,1,1,D,0.340301,0.273277,0.386422,A,0,1.297269,0.793253,formax-outcome-4.0,6d861e191d14ee4741a5969b1d2ffbfc,2026-03-12T20:00:00.0000000Z,5
82172,3,2026-03-12T20:00:00.0000000Z,2956,3710,2,0,H,0.222771,0.252460,0.524769,A,0,1.501610,0.943203,formax-outcome-4.0,6d861e191d14ee4741a5969b1d2ffbfc,2026-03-12T20:00:00.0000000Z,5
83546,3,2026-03-12T20:00:00.0000000Z,2480,2519,0,1,A,0.397134,0.287248,0.315618,H,0,1.153223,0.708606,formax-outcome-4.0,6d861e191d14ee4741a5969b1d2ffbfc,2026-03-12T20:00:00.0000000Z,5
103235,848,2026-03-12T20:00:00.0000000Z,2797,1281,0,0,D,0.348683,0.300434,0.350883,A,0,1.202527,0.734091,formax-outcome-4.0,6d861e191d14ee4741a5969b1d2ffbfc,2026-03-12T20:00:00.0000000Z,5
106060,3,2026-03-12T20:00:00.0000000Z,4206,5685,1,0,H,0.507162,0.264794,0.228043,H,1,0.678924,0.365009,formax-outcome-4.0,6d861e191d14ee4741a5969b1d2ffbfc,2026-03-12T20:00:00.0000000Z,5
106315,848,2026-03-12T20:00:00.0000000Z,1486,3684,0,0,D,0.724692,0.187442,0.087866,H,0,1.674283,1.193148,formax-outcome-4.0,6d861e191d14ee4741a5969b1d2ffbfc,2026-03-12T20:00:00.0000000Z,5
42762,203,2026-03-13T17:00:00.0000000Z,6019,3588,2,0,H,0.079684,0.159303,0.761013,A,0,2.529685,1.451500,formax-outcome-4.0,6d861e191d14ee4741a5969b1d2ffbfc,2026-03-13T17:00:00.0000000Z,5
104098,203,2026-03-13T17:00:00.0000000Z,5867,4926,1,4,A,0.374187,0.289724,0.336089,H,0,1.090380,0.664734,formax-outcome-4.0,6d861e191d14ee4741a5969b1d2ffbfc,2026-03-13T17:00:00.0000000Z,5
104468,88,2026-03-13T19:00:00.0000000Z,2612,1301,1,1,D,0.420422,0.256587,0.322991,H,0,1.360289,0.833741,formax-outcome-4.0,6d861e191d14ee4741a5969b1d2ffbfc,2026-03-13T19:00:00.0000000Z,5
101960,78,2026-03-13T19:30:00.0000000Z,1051,4528,2,0,H,0.461969,0.259075,0.278956,H,1,0.772257,0.434413,formax-outcome-4.0,6d861e191d14ee4741a5969b1d2ffbfc,2026-03-13T19:30:00.0000000Z,5
60437,61,2026-03-13T19:45:00.0000000Z,5071,1815,1,0,H,0.583443,0.240791,0.175766,H,1,0.538809,0.262394,formax-outcome-4.0,6d861e191d14ee4741a5969b1d2ffbfc,2026-03-13T19:45:00.0000000Z,5
106998,135,2026-03-13T19:45:00.0000000Z,1652,3648,4,1,H,0.369079,0.289976,0.340944,H,1,0.996744,0.598390,formax-outcome-4.0,6d861e191d14ee4741a5969b1d2ffbfc,2026-03-13T19:45:00.0000000Z,5
102627,40,2026-03-13T20:00:00.0000000Z,2268,3467,2,0,H,0.435367,0.266088,0.298546,H,1,0.831566,0.478742,formax-outcome-4.0,6d861e191d14ee4741a5969b1d2ffbfc,2026-03-13T20:00:00.0000000Z,5
103867,140,2026-03-13T20:00:00.0000000Z,759,1776,1,1,D,0.318046,0.272271,0.409683,A,0,1.300958,0.798583,formax-outcome-4.0,6d861e191d14ee4741a5969b1d2ffbfc,2026-03-13T20:00:00.0000000Z,5
103346,203,2026-03-14T10:30:00.0000000Z,6988,1717,1,2,A,0.369335,0.310230,0.320435,H,0,1.138076,0.694459,formax-outcome-4.0,6d861e191d14ee4741a5969b1d2ffbfc,2026-03-14T10:30:00.0000000Z,5
16502,40,2026-03-14T12:30:00.0000000Z,4380,1053,1,1,D,0.564585,0.245097,0.190319,H,0,1.406102,0.924856,formax-outcome-4.0,6d861e191d14ee4741a5969b1d2ffbfc,2026-03-14T12:30:00.0000000Z,5
98248,40,2026-03-14T12:30:00.0000000Z,5841,4290,1,2,A,0.433775,0.262055,0.304170,H,0,1.190168,0.741013,formax-outcome-4.0,6d861e191d14ee4741a5969b1d2ffbfc,2026-03-14T12:30:00.0000000Z,5
102188,40,2026-03-14T12:30:00.0000000Z,1476,1452,1,1,D,0.325490,0.304556,0.369954,A,0,1.188900,0.726452,formax-outcome-4.0,6d861e191d14ee4741a5969b1d2ffbfc,2026-03-14T12:30:00.0000000Z,5
105205,140,2026-03-14T13:00:00.0000000Z,758,1906,3,0,H,0.356951,0.283169,0.359880,A,0,1.030158,0.623211,formax-outcome-4.0,6d861e191d14ee4741a5969b1d2ffbfc,2026-03-14T13:00:00.0000000Z,5
7938,135,2026-03-14T14:00:00.0000000Z,2685,4702,1,1,D,0.599674,0.227784,0.172542,H,0,1.479358,0.985698,formax-outcome-4.0,6d861e191d14ee4741a5969b1d2ffbfc,2026-03-14T14:00:00.0000000Z,5
20292,78,2026-03-14T14:30:00.0000000Z,1260,1328,1,1,D,0.187983,0.204677,0.607340,A,0,1.586325,1.036739,formax-outcome-4.0,6d861e191d14ee4741a5969b1d2ffbfc,2026-03-14T14:30:00.0000000Z,5
72544,78,2026-03-14T14:30:00.0000000Z,4472,4330,1,0,H,0.711135,0.170089,0.118776,H,1,0.340892,0.126481,formax-outcome-4.0,6d861e191d14ee4741a5969b1d2ffbfc,2026-03-14T14:30:00.0000000Z,5
106670,78,2026-03-14T14:30:00.0000000Z,989,1109,2,0,H,0.668495,0.192574,0.138932,H,1,0.402727,0.166282,formax-outcome-4.0,6d861e191d14ee4741a5969b1d2ffbfc,2026-03-14T14:30:00.0000000Z,5
99567,40,2026-03-14T15:00:00.0000000Z,1511,1912,1,2,A,0.558085,0.259612,0.182303,H,0,1.702083,1.047484,formax-outcome-4.0,6d861e191d14ee4741a5969b1d2ffbfc,2026-03-14T15:00:00.0000000Z,5
101662,40,2026-03-14T15:00:00.0000000Z,4379,1499,2,0,H,0.532780,0.255332,0.211888,H,1,0.629647,0.328385,formax-outcome-4.0,6d861e191d14ee4741a5969b1d2ffbfc,2026-03-14T15:00:00.0000000Z,5
102240,40,2026-03-14T15:00:00.0000000Z,1910,1502,1,3,A,0.539640,0.243720,0.216641,H,0,1.529515,0.964262,formax-outcome-4.0,6d861e191d14ee4741a5969b1d2ffbfc,2026-03-14T15:00:00.0000000Z,5
102402,40,2026-03-14T15:00:00.0000000Z,1531,1718,3,0,H,0.250999,0.266681,0.482320,A,0,1.382307,0.864754,formax-outcome-4.0,6d861e191d14ee4741a5969b1d2ffbfc,2026-03-14T15:00:00.0000000Z,5
102687,40,2026-03-14T15:00:00.0000000Z,3483,1253,3,1,H,0.354633,0.298449,0.346918,H,1,1.036673,0.625923,formax-outcome-4.0,6d861e191d14ee4741a5969b1d2ffbfc,2026-03-14T15:00:00.0000000Z,5
103666,40,2026-03-14T15:00:00.0000000Z,1490,1460,1,1,D,0.313289,0.274227,0.412483,A,0,1.293798,0.795039,formax-outcome-4.0,6d861e191d14ee4741a5969b1d2ffbfc,2026-03-14T15:00:00.0000000Z,5
104947,39,2026-03-14T15:00:00.0000000Z,2531,3646,0,0,D,0.169462,0.222799,0.607739,A,0,1.501484,1.002105,formax-outcome-4.0,6d861e191d14ee4741a5969b1d2ffbfc,2026-03-14T15:00:00.0000000Z,5
105925,39,2026-03-14T15:00:00.0000000Z,2209,873,0,1,A,0.178274,0.257568,0.564158,A,1,0.572420,0.288081,formax-outcome-4.0,6d861e191d14ee4741a5969b1d2ffbfc,2026-03-14T15:00:00.0000000Z,5
106442,40,2026-03-14T15:00:00.0000000Z,4169,3598,0,2,A,0.070897,0.147818,0.781284,A,1,0.246816,0.074713,formax-outcome-4.0,6d861e191d14ee4741a5969b1d2ffbfc,2026-03-14T15:00:00.0000000Z,5
15458,140,2026-03-14T15:15:00.0000000Z,4267,1914,1,0,H,0.690776,0.199695,0.109529,H,1,0.369940,0.147494,formax-outcome-4.0,6d861e191d14ee4741a5969b1d2ffbfc,2026-03-14T15:15:00.0000000Z,5
104242,88,2026-03-14T15:30:00.0000000Z,4677,1079,1,2,A,0.452990,0.258538,0.288472,H,0,1.243157,0.778314,formax-outcome-4.0,6d861e191d14ee4741a5969b1d2ffbfc,2026-03-14T15:30:00.0000000Z,5
106806,61,2026-03-14T16:00:00.0000000Z,1666,886,2,1,H,0.268634,0.276324,0.455042,A,0,1.314406,0.818315,formax-outcome-4.0,6d861e191d14ee4741a5969b1d2ffbfc,2026-03-14T16:00:00.0000000Z,5
98862,203,2026-03-14T17:00:00.0000000Z,3309,3661,3,0,H,0.592543,0.233163,0.174295,H,1,0.523333,0.250765,formax-outcome-4.0,6d861e191d14ee4741a5969b1d2ffbfc,2026-03-14T17:00:00.0000000Z,5
103416,203,2026-03-14T17:00:00.0000000Z,5068,1845,1,0,H,0.577608,0.226290,0.196102,H,1,0.548860,0.268078,formax-outcome-4.0,6d861e191d14ee4741a5969b1d2ffbfc,2026-03-14T17:00:00.0000000Z,5
104161,203,2026-03-14T17:00:00.0000000Z,2549,6847,2,2,D,0.426861,0.300812,0.272327,H,0,1.201270,0.745236,formax-outcome-4.0,6d861e191d14ee4741a5969b1d2ffbfc,2026-03-14T17:00:00.0000000Z,5
105780,135,2026-03-14T17:00:00.0000000Z,2845,1584,2,1,H,0.677590,0.207297,0.115113,H,1,0.389213,0.160171,formax-outcome-4.0,6d861e191d14ee4741a5969b1d2ffbfc,2026-03-14T17:00:00.0000000Z,5
8242,39,2026-03-14T17:30:00.0000000Z,3373,1013,0,1,A,0.389028,0.260514,0.350457,H,0,1.048517,0.641117,formax-outcome-4.0,6d861e191d14ee4741a5969b1d2ffbfc,2026-03-14T17:30:00.0000000Z,5
71188,39,2026-03-14T17:30:00.0000000Z,4559,1482,2,0,H,0.593182,0.248760,0.158057,H,1,0.522254,0.252365,formax-outcome-4.0,6d861e191d14ee4741a5969b1d2ffbfc,2026-03-14T17:30:00.0000000Z,5
106515,140,2026-03-14T17:30:00.0000000Z,1944,2030,1,0,H,0.322055,0.283795,0.394149,A,0,1.133033,0.695503,formax-outcome-4.0,6d861e191d14ee4741a5969b1d2ffbfc,2026-03-14T17:30:00.0000000Z,5
38683,88,2026-03-14T17:45:00.0000000Z,1775,1080,2,3,A,0.564764,0.214441,0.220795,H,0,1.510521,0.972104,formax-outcome-4.0,6d861e191d14ee4741a5969b1d2ffbfc,2026-03-14T17:45:00.0000000Z,5
103266,61,2026-03-14T18:00:00.0000000Z,1257,3851,0,2,A,0.457668,0.289674,0.252658,H,0,1.375719,0.851891,formax-outcome-4.0,6d861e191d14ee4741a5969b1d2ffbfc,2026-03-14T18:00:00.0000000Z,5
97855,88,2026-03-14T19:00:00.0000000Z,990,3539,3,0,H,0.366123,0.253076,0.380801,A,0,1.004787,0.610858,formax-outcome-4.0,6d861e191d14ee4741a5969b1d2ffbfc,2026-03-14T19:00:00.0000000Z,5
8170,135,2026-03-14T19:45:00.0000000Z,3405,2013,0,1,A,0.212190,0.236724,0.551086,A,1,0.595865,0.302587,formax-outcome-4.0,6d861e191d14ee4741a5969b1d2ffbfc,2026-03-14T19:45:00.0000000Z,5
8005,39,2026-03-14T20:00:00.0000000Z,2751,4166,1,1,D,0.153337,0.226049,0.620613,A,0,1.487001,1.007673,formax-outcome-4.0,6d861e191d14ee4741a5969b1d2ffbfc,2026-03-14T20:00:00.0000000Z,5
15649,88,2026-03-14T20:00:00.0000000Z,2530,1162,4,0,H,0.523454,0.239627,0.236918,H,1,0.647305,0.340647,formax-outcome-4.0,6d861e191d14ee4741a5969b1d2ffbfc,2026-03-14T20:00:00.0000000Z,5
105754,140,2026-03-14T20:00:00.0000000Z,4521,3447,4,1,H,0.884682,0.084049,0.031269,H,1,0.122527,0.021340,formax-outcome-4.0,6d861e191d14ee4741a5969b1d2ffbfc,2026-03-14T20:00:00.0000000Z,5
15606,61,2026-03-14T20:05:00.0000000Z,2085,4558,2,0,H,0.496313,0.266031,0.237655,H,1,0.700548,0.380953,formax-outcome-4.0,6d861e191d14ee4741a5969b1d2ffbfc,2026-03-14T20:05:00.0000000Z,5
15913,88,2026-03-15T11:15:00.0000000Z,3707,4678,0,2,A,0.557030,0.238466,0.204504,H,0,1.587167,0.999962,formax-outcome-4.0,6d861e191d14ee4741a5969b1d2ffbfc,2026-03-15T11:15:00.0000000Z,5
105428,135,2026-03-15T11:30:00.0000000Z,1719,1649,0,2,A,0.239272,0.258019,0.502709,A,1,0.687743,0.371123,formax-outcome-4.0,6d861e191d14ee4741a5969b1d2ffbfc,2026-03-15T11:30:00.0000000Z,5
103492,203,2026-03-15T13:00:00.0000000Z,4226,6991,1,0,H,0.412639,0.287837,0.299525,H,1,0.885183,0.517559,formax-outcome-4.0,6d861e191d14ee4741a5969b1d2ffbfc,2026-03-15T13:00:00.0000000Z,5
105263,140,2026-03-15T13:00:00.0000000Z,1925,762,2,1,H,0.492913,0.261586,0.245501,H,1,0.707423,0.385835,formax-outcome-4.0,6d861e191d14ee4741a5969b1d2ffbfc,2026-03-15T13:00:00.0000000Z,5
103732,88,2026-03-15T13:30:00.0000000Z,1271,4157,4,0,H,0.783270,0.136754,0.079976,H,1,0.244278,0.072070,formax-outcome-4.0,6d861e191d14ee4741a5969b1d2ffbfc,2026-03-15T13:30:00.0000000Z,5
104056,88,2026-03-15T13:30:00.0000000Z,2516,4124,2,1,H,0.634350,0.199944,0.165705,H,1,0.455154,0.201135,formax-outcome-4.0,6d861e191d14ee4741a5969b1d2ffbfc,2026-03-15T13:30:00.0000000Z,5
20365,39,2026-03-15T14:00:00.0000000Z,4266,2109,3,1,H,0.416850,0.279882,0.303268,H,1,0.875029,0.510369,formax-outcome-4.0,6d861e191d14ee4741a5969b1d2ffbfc,2026-03-15T14:00:00.0000000Z,5
60889,61,2026-03-15T14:00:00.0000000Z,1911,4292,0,0,D,0.573538,0.248791,0.177671,H,0,1.391141,0.924827,formax-outcome-4.0,6d861e191d14ee4741a5969b1d2ffbfc,2026-03-15T14:00:00.0000000Z,5
106314,39,2026-03-15T14:00:00.0000000Z,1486,2269,0,0,D,0.399411,0.286714,0.313875,H,0,1.249270,0.766824,formax-outcome-4.0,6d861e191d14ee4741a5969b1d2ffbfc,2026-03-15T14:00:00.0000000Z,5
106417,39,2026-03-15T14:00:00.0000000Z,2480,4928,0,0,D,0.349944,0.288943,0.361113,A,0,1.241525,0.758465,formax-outcome-4.0,6d861e191d14ee4741a5969b1d2ffbfc,2026-03-15T14:00:00.0000000Z,5
106951,135,2026-03-15T14:00:00.0000000Z,1838,3394,3,1,H,0.325832,0.278650,0.395518,A,0,1.121375,0.688584,formax-outcome-4.0,6d861e191d14ee4741a5969b1d2ffbfc,2026-03-15T14:00:00.0000000Z,5
107407,135,2026-03-15T14:00:00.0000000Z,3903,1520,0,1,A,0.366542,0.276422,0.357037,H,0,1.029917,0.624164,formax-outcome-4.0,6d861e191d14ee4741a5969b1d2ffbfc,2026-03-15T14:00:00.0000000Z,5
101562,78,2026-03-15T14:30:00.0000000Z,966,1281,0,2,A,0.376149,0.271674,0.352176,H,0,1.043624,0.634971,formax-outcome-4.0,6d861e191d14ee4741a5969b1d2ffbfc,2026-03-15T14:30:00.0000000Z,5
104401,140,2026-03-15T15:15:00.0000000Z,4005,3049,5,2,H,0.849665,0.103053,0.047282,H,1,0.162913,0.035456,formax-outcome-4.0,6d861e191d14ee4741a5969b1d2ffbfc,2026-03-15T15:15:00.0000000Z,5
104564,88,2026-03-15T15:45:00.0000000Z,1580,1378,6,0,H,0.533966,0.241281,0.224753,H,1,0.627423,0.325918,formax-outcome-4.0,6d861e191d14ee4741a5969b1d2ffbfc,2026-03-15T15:45:00.0000000Z,5
53888,61,2026-03-15T16:15:00.0000000Z,1823,3589,0,0,D,0.195908,0.272616,0.531476,A,0,1.299693,0.849935,formax-outcome-4.0,6d861e191d14ee4741a5969b1d2ffbfc,2026-03-15T16:15:00.0000000Z,5
106846,61,2026-03-15T16:15:00.0000000Z,1078,1872,3,4,A,0.252169,0.283694,0.464137,A,1,0.767576,0.431221,formax-outcome-4.0,6d861e191d14ee4741a5969b1d2ffbfc,2026-03-15T16:15:00.0000000Z,5
106059,78,2026-03-15T16:30:00.0000000Z,5685,4180,0,1,A,0.504188,0.255505,0.240307,H,0,1.425837,0.896621,formax-outcome-4.0,6d861e191d14ee4741a5969b1d2ffbfc,2026-03-15T16:30:00.0000000Z,5
107268,39,2026-03-15T16:30:00.0000000Z,2208,2355,1,1,D,0.604664,0.229227,0.166109,H,0,1.473041,0.987301,formax-outcome-4.0,6d861e191d14ee4741a5969b1d2ffbfc,2026-03-15T16:30:00.0000000Z,5
29587,203,2026-03-15T17:00:00.0000000Z,1176,6025,2,1,H,0.607827,0.239360,0.152814,H,1,0.497865,0.234445,formax-outcome-4.0,6d861e191d14ee4741a5969b1d2ffbfc,2026-03-15T17:00:00.0000000Z,5
82472,203,2026-03-15T17:00:00.0000000Z,6848,3673,0,2,A,0.160874,0.232834,0.606292,A,1,0.500393,0.235098,formax-outcome-4.0,6d861e191d14ee4741a5969b1d2ffbfc,2026-03-15T17:00:00.0000000Z,5
106548,135,2026-03-15T17:00:00.0000000Z,5356,2799,2,1,H,0.415966,0.284498,0.299536,H,1,0.877152,0.511757,formax-outcome-4.0,6d861e191d14ee4741a5969b1d2ffbfc,2026-03-15T17:00:00.0000000Z,5
105570,140,2026-03-15T17:30:00.0000000Z,2033,1904,1,1,D,0.470399,0.258395,0.271206,H,0,1.353265,0.844806,formax-outcome-4.0,6d861e191d14ee4741a5969b1d2ffbfc,2026-03-15T17:30:00.0000000Z,5
101878,78,2026-03-15T18:30:00.0000000Z,1278,821,1,0,H,0.429346,0.243224,0.327431,H,1,0.845493,0.492015,formax-outcome-4.0,6d861e191d14ee4741a5969b1d2ffbfc,2026-03-15T18:30:00.0000000Z,5
7899,135,2026-03-15T19:45:00.0000000Z,2837,1488,1,0,H,0.259655,0.276319,0.464026,A,0,1.348401,0.839783,formax-outcome-4.0,6d861e191d14ee4741a5969b1d2ffbfc,2026-03-15T19:45:00.0000000Z,5
102850,61,2026-03-15T19:45:00.0000000Z,1781,4470,1,2,A,0.451006,0.284316,0.264679,H,0,1.329238,0.824939,formax-outcome-4.0,6d861e191d14ee4741a5969b1d2ffbfc,2026-03-15T19:45:00.0000000Z,5
101752,140,2026-03-15T20:00:00.0000000Z,1830,3599,3,1,H,0.499946,0.249966,0.250087,H,1,0.693255,0.375081,formax-outcome-4.0,6d861e191d14ee4741a5969b1d2ffbfc,2026-03-15T20:00:00.0000000Z,5
14114,135,2026-03-16T19:45:00.0000000Z,3558,1503,1,4,A,0.318529,0.273801,0.407670,A,1,0.897297,0.527283,formax-outcome-4.0,6d861e191d14ee4741a5969b1d2ffbfc,2026-03-16T19:45:00.0000000Z,5
99461,39,2026-03-16T20:00:00.0000000Z,5807,1829,2,2,D,0.474194,0.276921,0.248885,H,0,1.284024,0.809648,formax-outcome-4.0,6d861e191d14ee4741a5969b1d2ffbfc,2026-03-16T20:00:00.0000000Z,5
102481,40,2026-03-16T20:00:00.0000000Z,1654,3380,0,1,A,0.310092,0.274516,0.415392,A,1,0.878532,0.513282,formax-outcome-4.0,6d861e191d14ee4741a5969b1d2ffbfc,2026-03-16T20:00:00.0000000Z,5
104323,140,2026-03-16T20:00:00.0000000Z,2517,2383,1,1,D,0.701367,0.188525,0.110108,H,0,1.668524,1.162531,formax-outcome-4.0,6d861e191d14ee4741a5969b1d2ffbfc,2026-03-16T20:00:00.0000000Z,5
42761,203,2026-03-17T17:00:00.0000000Z,3588,4926,4,1,H,0.722947,0.177192,0.099861,H,1,0.324420,0.118128,formax-outcome-4.0,6d861e191d14ee4741a5969b1d2ffbfc,2026-03-17T17:00:00.0000000Z,5
99843,2,2026-03-17T17:45:00.0000000Z,2084,2705,5,0,H,0.538139,0.217446,0.244415,H,1,0.619639,0.320337,formax-outcome-4.0,6d861e191d14ee4741a5969b1d2ffbfc,2026-03-17T17:45:00.0000000Z,5
104527,40,2026-03-17T19:45:00.0000000Z,1253,2268,3,1,H,0.289803,0.268796,0.441401,A,0,1.238555,0.771466,formax-outcome-4.0,6d861e191d14ee4741a5969b1d2ffbfc,2026-03-17T19:45:00.0000000Z,5
8004,2,2026-03-17T20:00:00.0000000Z,4166,4521,1,2,A,0.545538,0.214821,0.239641,H,0,1.428613,0.921906,formax-outcome-4.0,6d861e191d14ee4741a5969b1d2ffbfc,2026-03-17T20:00:00.0000000Z,5
8241,2,2026-03-17T20:00:00.0000000Z,3373,5284,0,3,A,0.518039,0.214761,0.267200,H,0,1.319758,0.851483,formax-outcome-4.0,6d861e191d14ee4741a5969b1d2ffbfc,2026-03-17T20:00:00.0000000Z,5
102123,2,2026-03-17T20:00:00.0000000Z,4559,1260,2,0,H,0.783573,0.137058,0.079368,H,1,0.243891,0.071925,formax-outcome-4.0,6d861e191d14ee4741a5969b1d2ffbfc,2026-03-17T20:00:00.0000000Z,5
104160,203,2026-03-18T13:00:00.0000000Z,6847,6988,5,0,H,0.499268,0.283868,0.216864,H,1,0.694612,0.378343,formax-outcome-4.0,6d861e191d14ee4741a5969b1d2ffbfc,2026-03-18T13:00:00.0000000Z,5
82171,3,2026-03-18T15:30:00.0000000Z,3710,2956,4,0,H,0.531069,0.256930,0.212001,H,1,0.632864,0.330854,formax-outcome-4.0,6d861e191d14ee4741a5969b1d2ffbfc,2026-03-18T15:30:00.0000000Z,5
103568,203,2026-03-18T17:00:00.0000000Z,6991,5068,0,1,A,0.228674,0.254819,0.516507,A,1,0.660666,0.350990,formax-outcome-4.0,6d861e191d14ee4741a5969b1d2ffbfc,2026-03-18T17:00:00.0000000Z,5
105054,203,2026-03-18T17:00:00.0000000Z,3661,5867,0,0,D,0.732498,0.172362,0.095140,H,0,1.758160,1.230591,formax-outcome-4.0,6d861e191d14ee4741a5969b1d2ffbfc,2026-03-18T17:00:00.0000000Z,5
71080,2,2026-03-18T17:45:00.0000000Z,4005,1013,7,2,H,0.542872,0.203719,0.253409,H,1,0.610882,0.314684,formax-outcome-4.0,6d861e191d14ee4741a5969b1d2ffbfc,2026-03-18T17:45:00.0000000Z,5
102743,40,2026-03-18T19:45:00.0000000Z,4290,4379,1,0,H,0.449898,0.262375,0.287727,H,1,0.798734,0.454240,formax-outcome-4.0,6d861e191d14ee4741a5969b1d2ffbfc,2026-03-18T19:45:00.0000000Z,5
20291,2,2026-03-18T20:00:00.0000000Z,1328,4702,4,1,H,0.852401,0.092061,0.055538,H,1,0.159698,0.033345,formax-outcome-4.0,6d861e191d14ee4741a5969b1d2ffbfc,2026-03-18T20:00:00.0000000Z,5
98861,2,2026-03-18T20:00:00.0000000Z,2208,3309,4,0,H,0.678864,0.175952,0.145184,H,1,0.387334,0.155165,formax-outcome-4.0,6d861e191d14ee4741a5969b1d2ffbfc,2026-03-18T20:00:00.0000000Z,5
105876,2,2026-03-18T20:00:00.0000000Z,2355,4267,3,2,H,0.396967,0.225129,0.377904,H,1,0.923903,0.557144,formax-outcome-4.0,6d861e191d14ee4741a5969b1d2ffbfc,2026-03-18T20:00:00.0000000Z,5
29586,203,2026-03-19T13:00:00.0000000Z,6025,6019,1,0,H,0.439773,0.280484,0.279743,H,1,0.821496,0.470781,formax-outcome-4.0,6d861e191d14ee4741a5969b1d2ffbfc,2026-03-19T13:00:00.0000000Z,5
82471,203,2026-03-19T17:00:00.0000000Z,3673,4226,2,1,H,0.708495,0.188203,0.103303,H,1,0.344613,0.131067,formax-outcome-4.0,6d861e191d14ee4741a5969b1d2ffbfc,2026-03-19T17:00:00.0000000Z,5
103345,203,2026-03-19T17:00:00.0000000Z,1717,6848,1,0,H,0.522348,0.271024,0.206627,H,1,0.649421,0.344300,formax-outcome-4.0,6d861e191d14ee4741a5969b1d2ffbfc,2026-03-19T17:00:00.0000000Z,5
15377,848,2026-03-19T17:45:00.0000000Z,2576,1503,1,2,A,0.480579,0.268847,0.250574,H,0,1.383999,0.864873,formax-outcome-4.0,6d861e191d14ee4741a5969b1d2ffbfc,2026-03-19T17:45:00.0000000Z,5
16593,3,2026-03-19T17:45:00.0000000Z,2519,2480,1,2,A,0.428517,0.296760,0.274724,H,0,1.291990,0.797719,formax-outcome-4.0,6d861e191d14ee4741a5969b1d2ffbfc,2026-03-19T17:45:00.0000000Z,5
28778,848,2026-03-19T17:45:00.0000000Z,1281,2797,2,0,H,0.537761,0.273694,0.188544,H,1,0.620340,0.324122,formax-outcome-4.0,6d861e191d14ee4741a5969b1d2ffbfc,2026-03-19T17:45:00.0000000Z,5
53887,3,2026-03-19T17:45:00.0000000Z,3589,1904,0,2,A,0.472777,0.271368,0.255855,H,0,1.363144,0.850911,formax-outcome-4.0,6d861e191d14ee4741a5969b1d2ffbfc,2026-03-19T17:45:00.0000000Z,5
106058,3,2026-03-19T17:45:00.0000000Z,5685,4206,5,1,H,0.300372,0.291403,0.408225,A,0,1.202735,0.741043,formax-outcome-4.0,6d861e191d14ee4741a5969b1d2ffbfc,2026-03-19T17:45:00.0000000Z,5
106313,848,2026-03-19T17:45:00.0000000Z,3684,1486,1,2,A,0.215319,0.293818,0.490863,A,1,0.711590,0.391912,formax-outcome-4.0,6d861e191d14ee4741a5969b1d2ffbfc,2026-03-19T17:45:00.0000000Z,5
16627,848,2026-03-19T20:00:00.0000000Z,1911,3689,1,1,D,0.615774,0.235876,0.148351,H,0,1.444450,0.985071,formax-outcome-4.0,6d861e191d14ee4741a5969b1d2ffbfc,2026-03-19T20:00:00.0000000Z,5
20364,3,2026-03-19T20:00:00.0000000Z,2109,4470,2,0,H,0.538981,0.266229,0.194790,H,1,0.618076,0.321360,formax-outcome-4.0,6d861e191d14ee4741a5969b1d2ffbfc,2026-03-19T20:00:00.0000000Z,5
39077,3,2026-03-19T20:00:00.0000000Z,2033,3702,4,0,H,0.432592,0.280374,0.287034,H,1,0.837960,0.482950,formax-outcome-4.0,6d861e191d14ee4741a5969b1d2ffbfc,2026-03-19T20:00:00.0000000Z,5
53782,848,2026-03-19T20:00:00.0000000Z,2027,1271,0,4,A,0.475204,0.267696,0.257100,H,0,1.358291,0.849381,formax-outcome-4.0,6d861e191d14ee4741a5969b1d2ffbfc,2026-03-19T20:00:00.0000000Z,5
104303,3,2026-03-19T20:00:00.0000000Z,2108,1278,2,0,H,0.439375,0.277904,0.282721,H,1,0.822402,0.471462,formax-outcome-4.0,6d861e191d14ee4741a5969b1d2ffbfc,2026-03-19T20:00:00.0000000Z,5
104322,848,2026-03-19T20:00:00.0000000Z,2517,1176,0,1,A,0.563738,0.258005,0.178257,H,0,1.724530,1.059629,formax-outcome-4.0,6d861e191d14ee4741a5969b1d2ffbfc,2026-03-19T20:00:00.0000000Z,5
107450,3,2026-03-19T20:00:00.0000000Z,2799,1520,3,4,A,0.564537,0.250884,0.184579,H,0,1.689676,1.046555,formax-outcome-4.0,6d861e191d14ee4741a5969b1d2ffbfc,2026-03-19T20:00:00.0000000Z,5
106900,135,2026-03-20T17:30:00.0000000Z,3394,2845,0,1,A,0.238691,0.256543,0.504765,A,1,0.683662,0.368046,formax-outcome-4.0,6d861e191d14ee4741a5969b1d2ffbfc,2026-03-20T17:30:00.0000000Z,5
104055,88,2026-03-20T19:00:00.0000000Z,4157,4124,1,1,D,0.362667,0.251578,0.385755,A,0,1.380004,0.840471,formax-outcome-4.0,6d861e191d14ee4741a5969b1d2ffbfc,2026-03-20T19:00:00.0000000Z,5
101877,78,2026-03-20T19:30:00.0000000Z,821,3573,5,0,H,0.429481,0.245118,0.325401,H,1,0.845179,0.491461,formax-outcome-4.0,6d861e191d14ee4741a5969b1d2ffbfc,2026-03-20T19:30:00.0000000Z,5
103265,61,2026-03-20T19:45:00.0000000Z,886,1257,5,1,H,0.642931,0.233153,0.123916,H,1,0.441717,0.197214,formax-outcome-4.0,6d861e191d14ee4741a5969b1d2ffbfc,2026-03-20T19:45:00.0000000Z,5
106746,135,2026-03-20T19:45:00.0000000Z,1649,3405,0,2,A,0.469117,0.266203,0.264681,H,0,1.329230,0.831628,formax-outcome-4.0,6d861e191d14ee4741a5969b1d2ffbfc,2026-03-20T19:45:00.0000000Z,5
101661,40,2026-03-20T20:00:00.0000000Z,1499,3483,3,1,H,0.315509,0.292918,0.391573,A,0,1.153569,0.707659,formax-outcome-4.0,6d861e191d14ee4741a5969b1d2ffbfc,2026-03-20T20:00:00.0000000Z,5
101751,140,2026-03-20T20:00:00.0000000Z,1776,1830,3,1,H,0.556157,0.229174,0.214669,H,1,0.586704,0.295600,formax-outcome-4.0,6d861e191d14ee4741a5969b1d2ffbfc,2026-03-20T20:00:00.0000000Z,5
103095,39,2026-03-20T20:00:00.0000000Z,3646,4266,2,2,D,0.294583,0.272782,0.432634,A,0,1.299081,0.802797,formax-outcome-4.0,6d861e191d14ee4741a5969b1d2ffbfc,2026-03-20T20:00:00.0000000Z,5
99566,40,2026-03-21T12:30:00.0000000Z,1912,4380,0,0,D,0.234617,0.274122,0.491261,A,0,1.294180,0.823280,formax-outcome-4.0,6d861e191d14ee4741a5969b1d2ffbfc,2026-03-21T12:30:00.0000000Z,5
102328,40,2026-03-21T12:30:00.0000000Z,3598,1511,1,1,D,0.524360,0.255198,0.220442,H,0,1.365715,0.878277,formax-outcome-4.0,6d861e191d14ee4741a5969b1d2ffbfc,2026-03-21T12:30:00.0000000Z,5
102549,40,2026-03-21T12:30:00.0000000Z,3380,1490,1,0,H,0.467362,0.268629,0.264009,H,1,0.760651,0.425565,formax-outcome-4.0,6d861e191d14ee4741a5969b1d2ffbfc,2026-03-21T12:30:00.0000000Z,5
105924,39,2026-03-21T12:30:00.0000000Z,873,2208,2,1,H,0.260593,0.277171,0.462237,A,0,1.344797,0.837210,formax-outcome-4.0,6d861e191d14ee4741a5969b1d2ffbfc,2026-03-21T12:30:00.0000000Z,5
105753,140,2026-03-21T13:00:00.0000000Z,3447,1925,2,1,H,0.446439,0.265500,0.288060,H,1,0.806451,0.459898,formax-outcome-4.0,6d861e191d14ee4741a5969b1d2ffbfc,2026-03-21T13:00:00.0000000Z,5
14113,135,2026-03-21T14:00:00.0000000Z,3648,3558,0,2,A,0.438603,0.285867,0.275530,H,0,1.289057,0.798948,formax-outcome-4.0,6d861e191d14ee4741a5969b1d2ffbfc,2026-03-21T14:00:00.0000000Z,5
20290,78,2026-03-21T14:30:00.0000000Z,1328,4180,4,0,H,0.905120,0.068206,0.026674,H,1,0.099688,0.014366,formax-outcome-4.0,6d861e191d14ee4741a5969b1d2ffbfc,2026-03-21T14:30:00.0000000Z,5
101561,78,2026-03-21T14:30:00.0000000Z,5353,966,0,1,A,0.479575,0.247952,0.272473,H,0,1.300214,0.820767,formax-outcome-4.0,6d861e191d14ee4741a5969b1d2ffbfc,2026-03-21T14:30:00.0000000Z,5
101959,78,2026-03-21T14:30:00.0000000Z,5078,1051,3,3,D,0.456572,0.254521,0.288908,H,0,1.368374,0.847665,formax-outcome-4.0,6d861e191d14ee4741a5969b1d2ffbfc,2026-03-21T14:30:00.0000000Z,5
102122,78,2026-03-21T14:30:00.0000000Z,4330,1260,3,3,D,0.125986,0.197376,0.676638,A,0,1.622644,1.117917,formax-outcome-4.0,6d861e191d14ee4741a5969b1d2ffbfc,2026-03-21T14:30:00.0000000Z,5
16501,40,2026-03-21T15:00:00.0000000Z,1053,1531,0,1,A,0.436724,0.283834,0.279442,H,0,1.274961,0.790493,formax-outcome-4.0,6d861e191d14ee4741a5969b1d2ffbfc,2026-03-21T15:00:00.0000000Z,5
102187,40,2026-03-21T15:00:00.0000000Z,1452,4379,0,1,A,0.294762,0.293532,0.411706,A,1,0.887446,0.519136,formax-outcome-4.0,6d861e191d14ee4741a5969b1d2ffbfc,2026-03-21T15:00:00.0000000Z,5
102239,40,2026-03-21T15:00:00.0000000Z,1502,1654,6,1,H,0.394157,0.280181,0.325662,H,1,0.931006,0.551603,formax-outcome-4.0,6d861e191d14ee4741a5969b1d2ffbfc,2026-03-21T15:00:00.0000000Z,5
103665,40,2026-03-21T15:00:00.0000000Z,1460,2268,1,2,A,0.412034,0.267996,0.319970,H,0,1.139528,0.704035,formax-outcome-4.0,6d861e191d14ee4741a5969b1d2ffbfc,2026-03-21T15:00:00.0000000Z,5
104526,40,2026-03-21T15:00:00.0000000Z,1253,1910,0,0,D,0.397983,0.278794,0.323223,H,0,1.277284,0.783003,formax-outcome-4.0,6d861e191d14ee4741a5969b1d2ffbfc,2026-03-21T15:00:00.0000000Z,5
104684,40,2026-03-21T15:00:00.0000000Z,4290,1476,2,0,H,0.631858,0.227020,0.141122,H,1,0.459091,0.206982,formax-outcome-4.0,6d861e191d14ee4741a5969b1d2ffbfc,2026-03-21T15:00:00.0000000Z,5
104946,39,2026-03-21T15:00:00.0000000Z,4928,2531,3,1,H,0.538740,0.257262,0.203998,H,1,0.618523,0.320560,formax-outcome-4.0,6d861e191d14ee4741a5969b1d2ffbfc,2026-03-21T15:00:00.0000000Z,5
106243,40,2026-03-21T15:00:00.0000000Z,1718,4169,3,1,H,0.675453,0.203680,0.120867,H,1,0.392371,0.161425,formax-outcome-4.0,6d861e191d14ee4741a5969b1d2ffbfc,2026-03-21T15:00:00.0000000Z,5
15457,140,2026-03-21T15:15:00.0000000Z,762,1914,1,2,A,0.451080,0.282666,0.266255,H,0,1.323302,0.821755,formax-outcome-4.0,6d861e191d14ee4741a5969b1d2ffbfc,2026-03-21T15:15:00.0000000Z,5
15912,88,2026-03-21T15:30:00.0000000Z,1079,3707,1,2,A,0.295846,0.249094,0.455061,A,1,0.787324,0.446531,formax-outcome-4.0,6d861e191d14ee4741a5969b1d2ffbfc,2026-03-21T15:30:00.0000000Z,5
106805,61,2026-03-21T16:00:00.0000000Z,1872,1666,1,0,H,0.419745,0.279852,0.300403,H,1,0.868107,0.505254,formax-outcome-4.0,6d861e191d14ee4741a5969b1d2ffbfc,2026-03-21T16:00:00.0000000Z,5
7898,135,2026-03-21T17:00:00.0000000Z,1488,1652,3,2,H,0.665498,0.205840,0.128662,H,1,0.407219,0.170815,formax-outcome-4.0,6d861e191d14ee4741a5969b1d2ffbfc,2026-03-21T17:00:00.0000000Z,5
98247,40,2026-03-21T17:15:00.0000000Z,3467,5841,0,3,A,0.303642,0.277351,0.419007,A,1,0.869867,0.506675,formax-outcome-4.0,6d861e191d14ee4741a5969b1d2ffbfc,2026-03-21T17:15:00.0000000Z,5
8240,39,2026-03-21T17:30:00.0000000Z,1482,3373,3,0,H,0.312455,0.289535,0.398010,A,0,1.163296,0.714961,formax-outcome-4.0,6d861e191d14ee4741a5969b1d2ffbfc,2026-03-21T17:30:00.0000000Z,5
105204,140,2026-03-21T17:30:00.0000000Z,3599,758,1,0,H,0.590222,0.230971,0.178807,H,1,0.527257,0.253238,formax-outcome-4.0,6d861e191d14ee4741a5969b1d2ffbfc,2026-03-21T17:30:00.0000000Z,5
105320,140,2026-03-21T17:30:00.0000000Z,2383,1944,4,2,H,0.546587,0.253510,0.199903,H,1,0.604062,0.309812,formax-outcome-4.0,6d861e191d14ee4741a5969b1d2ffbfc,2026-03-21T17:30:00.0000000Z,5
106669,78,2026-03-21T17:30:00.0000000Z,989,4469,3,2,H,0.673611,0.189930,0.136459,H,1,0.395103,0.161225,formax-outcome-4.0,6d861e191d14ee4741a5969b1d2ffbfc,2026-03-21T17:30:00.0000000Z,5
97488,88,2026-03-21T17:45:00.0000000Z,1162,4677,2,0,H,0.525126,0.248123,0.226751,H,1,0.644117,0.338486,formax-outcome-4.0,6d861e191d14ee4741a5969b1d2ffbfc,2026-03-21T17:45:00.0000000Z,5
60436,61,2026-03-21T18:00:00.0000000Z,1815,4558,3,0,H,0.352344,0.306154,0.341502,H,1,1.043147,0.629812,formax-outcome-4.0,6d861e191d14ee4741a5969b1d2ffbfc,2026-03-21T18:00:00.0000000Z,5
8169,135,2026-03-21T19:45:00.0000000Z,2013,3903,1,1,D,0.660708,0.200351,0.138941,H,0,1.607684,1.095278,formax-outcome-4.0,6d861e191d14ee4741a5969b1d2ffbfc,2026-03-21T19:45:00.0000000Z,5
102927,39,2026-03-21T20:00:00.0000000Z,2269,5807,0,0,D,0.292458,0.270133,0.437409,A,0,1.308841,0.809564,formax-outcome-4.0,6d861e191d14ee4741a5969b1d2ffbfc,2026-03-21T20:00:00.0000000Z,5
104400,140,2026-03-21T20:00:00.0000000Z,3049,2030,0,2,A,0.498420,0.249098,0.252482,H,0,1.376416,0.869256,formax-outcome-4.0,6d861e191d14ee4741a5969b1d2ffbfc,2026-03-21T20:00:00.0000000Z,5
104636,88,2026-03-21T20:00:00.0000000Z,2612,1378,2,1,H,0.597060,0.219963,0.182977,H,1,0.515738,0.244225,formax-outcome-4.0,6d861e191d14ee4741a5969b1d2ffbfc,2026-03-21T20:00:00.0000000Z,5
107039,61,2026-03-21T20:05:00.0000000Z,3851,5284,0,4,A,0.115948,0.192992,0.691060,A,1,0.369528,0.146134,formax-outcome-4.0,6d861e191d14ee4741a5969b1d2ffbfc,2026-03-21T20:05:00.0000000Z,5
38682,88,2026-03-22T11:15:00.0000000Z,1080,990,2,2,D,0.640684,0.194261,0.165056,H,0,1.638555,1.086935,formax-outcome-4.0,6d861e191d14ee4741a5969b1d2ffbfc,2026-03-22T11:15:00.0000000Z,5
106547,135,2026-03-22T11:30:00.0000000Z,5356,1838,5,0,H,0.730853,0.174862,0.094285,H,1,0.313543,0.111906,formax-outcome-4.0,6d861e191d14ee4741a5969b1d2ffbfc,2026-03-22T11:30:00.0000000Z,5
71079,39,2026-03-22T12:00:00.0000000Z,1013,2209,1,2,A,0.619745,0.235167,0.145088,H,0,1.930417,1.170263,formax-outcome-4.0,6d861e191d14ee4741a5969b1d2ffbfc,2026-03-22T12:00:00.0000000Z,5
104321,140,2026-03-22T13:00:00.0000000Z,4005,2517,1,0,H,0.820484,0.118960,0.060556,H,1,0.197861,0.050044,formax-outcome-4.0,6d861e191d14ee4741a5969b1d2ffbfc,2026-03-22T13:00:00.0000000Z,5
15648,88,2026-03-22T13:30:00.0000000Z,2516,2530,1,1,D,0.494177,0.231032,0.274791,H,0,1.465198,0.911032,formax-outcome-4.0,6d861e191d14ee4741a5969b1d2ffbfc,2026-03-22T13:30:00.0000000Z,5
103786,88,2026-03-22T13:30:00.0000000Z,4678,1580,2,0,H,0.553686,0.237849,0.208465,H,1,0.591158,0.299226,formax-outcome-4.0,6d861e191d14ee4741a5969b1d2ffbfc,2026-03-22T13:30:00.0000000Z,5
15605,61,2026-03-22T14:00:00.0000000Z,3589,2085,1,2,A,0.463027,0.268151,0.268822,H,0,1.313705,0.820920,formax-outcome-4.0,6d861e191d14ee4741a5969b1d2ffbfc,2026-03-22T14:00:00.0000000Z,5
29659,135,2026-03-22T14:00:00.0000000Z,1520,2837,0,2,A,0.454367,0.272759,0.272873,H,0,1.298748,0.809561,formax-outcome-4.0,6d861e191d14ee4741a5969b1d2ffbfc,2026-03-22T14:00:00.0000000Z,5
105427,135,2026-03-22T14:00:00.0000000Z,4702,1719,1,0,H,0.785212,0.144621,0.070167,H,1,0.241802,0.071973,formax-outcome-4.0,6d861e191d14ee4741a5969b1d2ffbfc,2026-03-22T14:00:00.0000000Z,5
20363,39,2026-03-22T14:15:00.0000000Z,2109,2751,2,0,H,0.470988,0.277007,0.252006,H,1,0.752924,0.420094,formax-outcome-4.0,6d861e191d14ee4741a5969b1d2ffbfc,2026-03-22T14:15:00.0000000Z,5
106416,39,2026-03-22T14:15:00.0000000Z,2355,2480,0,3,A,0.336884,0.287485,0.375631,A,1,0.979147,0.585975,formax-outcome-4.0,6d861e191d14ee4741a5969b1d2ffbfc,2026-03-22T14:15:00.0000000Z,5
72543,78,2026-03-22T14:30:00.0000000Z,1281,4472,2,1,H,0.430100,0.260308,0.309592,H,1,0.843737,0.488393,formax-outcome-4.0,6d861e191d14ee4741a5969b1d2ffbfc,2026-03-22T14:30:00.0000000Z,5
103866,140,2026-03-22T15:15:00.0000000Z,1904,759,3,4,A,0.717889,0.182922,0.099189,H,0,2.310731,1.360286,formax-outcome-4.0,6d861e191d14ee4741a5969b1d2ffbfc,2026-03-22T15:15:00.0000000Z,5
97854,88,2026-03-22T15:45:00.0000000Z,3539,1775,3,1,H,0.324295,0.247061,0.428644,A,0,1.126101,0.701352,formax-outcome-4.0,6d861e191d14ee4741a5969b1d2ffbfc,2026-03-22T15:45:00.0000000Z,5
103731,88,2026-03-22T15:45:00.0000000Z,1301,1271,3,0,H,0.257726,0.247713,0.494560,A,0,1.355857,0.856922,formax-outcome-4.0,6d861e191d14ee4741a5969b1d2ffbfc,2026-03-22T15:45:00.0000000Z,5
60888,61,2026-03-22T16:15:00.0000000Z,4292,1823,3,2,H,0.463622,0.294597,0.241781,H,1,0.768685,0.432946,formax-outcome-4.0,6d861e191d14ee4741a5969b1d2ffbfc,2026-03-22T16:15:00.0000000Z,5
102849,61,2026-03-22T16:15:00.0000000Z,5071,4470,1,2,A,0.476007,0.269338,0.254656,H,0,1.367843,0.854663,formax-outcome-4.0,6d861e191d14ee4741a5969b1d2ffbfc,2026-03-22T16:15:00.0000000Z,5
107379,61,2026-03-22T16:15:00.0000000Z,1781,1078,0,0,D,0.689640,0.186405,0.123955,H,0,1.679834,1.152905,formax-outcome-4.0,6d861e191d14ee4741a5969b1d2ffbfc,2026-03-22T16:15:00.0000000Z,5
106057,78,2026-03-22T16:30:00.0000000Z,4528,5685,1,2,A,0.305587,0.268158,0.426255,A,1,0.852717,0.494475,formax-outcome-4.0,6d861e191d14ee4741a5969b1d2ffbfc,2026-03-22T16:30:00.0000000Z,5
105779,135,2026-03-22T17:00:00.0000000Z,2799,1584,1,0,H,0.694918,0.199642,0.105440,H,1,0.363961,0.144049,formax-outcome-4.0,6d861e191d14ee4741a5969b1d2ffbfc,2026-03-22T17:00:00.0000000Z,5
106118,140,2026-03-22T17:30:00.0000000Z,1906,2033,2,1,H,0.392774,0.268934,0.338293,H,1,0.934521,0.555491,formax-outcome-4.0,6d861e191d14ee4741a5969b1d2ffbfc,2026-03-22T17:30:00.0000000Z,5
7937,135,2026-03-22T19:45:00.0000000Z,1503,2685,1,1,D,0.209049,0.240112,0.550839,A,0,1.426649,0.924554,formax-outcome-4.0,6d861e191d14ee4741a5969b1d2ffbfc,2026-03-22T19:45:00.0000000Z,5
104877,61,2026-03-22T19:45:00.0000000Z,1668,1911,2,3,A,0.193977,0.257696,0.548327,A,1,0.600883,0.308043,formax-outcome-4.0,6d861e191d14ee4741a5969b1d2ffbfc,2026-03-22T19:45:00.0000000Z,5
105875,140,2026-03-22T20:00:00.0000000Z,4521,4267,3,2,H,0.658649,0.196216,0.145135,H,1,0.417564,0.176085,formax-outcome-4.0,6d861e191d14ee4741a5969b1d2ffbfc,2026-03-22T20:00:00.0000000Z,5
102327,40,2026-04-03T11:30:00.0000000Z,4380,1511,1,2,A,0.428003,0.285880,0.286117,H,0,1.251354,0.774542,formax-outcome-4.0,6d861e191d14ee4741a5969b1d2ffbfc,2026-04-03T11:30:00.0000000Z,5
16500,40,2026-04-03T14:00:00.0000000Z,1452,1053,1,2,A,0.402859,0.297034,0.300107,H,0,1.203616,0.740374,formax-outcome-4.0,6d861e191d14ee4741a5969b1d2ffbfc,2026-04-03T14:00:00.0000000Z,5
99565,40,2026-04-03T14:00:00.0000000Z,1490,1912,0,1,A,0.438673,0.293426,0.267901,H,0,1.317137,0.814501,formax-outcome-4.0,6d861e191d14ee4741a5969b1d2ffbfc,2026-04-03T14:00:00.0000000Z,5
101660,40,2026-04-03T14:00:00.0000000Z,1910,1499,2,2,D,0.491441,0.265976,0.242583,H,0,1.324349,0.839152,formax-outcome-4.0,6d861e191d14ee4741a5969b1d2ffbfc,2026-04-03T14:00:00.0000000Z,5
102238,40,2026-04-03T14:00:00.0000000Z,1502,1253,2,1,H,0.377915,0.275418,0.346666,H,1,0.973085,0.583022,formax-outcome-4.0,6d861e191d14ee4741a5969b1d2ffbfc,2026-04-03T14:00:00.0000000Z,5
102401,40,2026-04-03T14:00:00.0000000Z,1531,2268,2,2,D,0.283925,0.270727,0.445348,A,0,1.306646,0.810788,formax-outcome-4.0,6d861e191d14ee4741a5969b1d2ffbfc,2026-04-03T14:00:00.0000000Z,5
102480,40,2026-04-03T14:00:00.0000000Z,4379,1654,1,1,D,0.593661,0.237244,0.169095,H,0,1.438666,0.962823,formax-outcome-4.0,6d861e191d14ee4741a5969b1d2ffbfc,2026-04-03T14:00:00.0000000Z,5
102626,40,2026-04-03T14:00:00.0000000Z,1460,3467,3,3,D,0.474238,0.269056,0.256706,H,0,1.312835,0.825078,formax-outcome-4.0,6d861e191d14ee4741a5969b1d2ffbfc,2026-04-03T14:00:00.0000000Z,5
102686,40,2026-04-03T14:00:00.0000000Z,3483,4169,2,0,H,0.635715,0.225873,0.138411,H,1,0.453005,0.202880,formax-outcome-4.0,6d861e191d14ee4741a5969b1d2ffbfc,2026-04-03T14:00:00.0000000Z,5
106242,40,2026-04-03T14:00:00.0000000Z,1476,1718,1,1,D,0.296563,0.284411,0.419027,A,0,1.257336,0.775601,formax-outcome-4.0,6d861e191d14ee4741a5969b1d2ffbfc,2026-04-03T14:00:00.0000000Z,5
106845,61,2026-04-03T18:45:00.0000000Z,5284,1872,3,1,H,0.712264,0.185388,0.102348,H,1,0.339306,0.127635,formax-outcome-4.0,6d861e191d14ee4741a5969b1d2ffbfc,2026-04-03T18:45:00.0000000Z,5
98246,40,2026-04-03T19:00:00.0000000Z,5841,3380,3,2,H,0.536542,0.246182,0.217277,H,1,0.622611,0.322608,formax-outcome-4.0,6d861e191d14ee4741a5969b1d2ffbfc,2026-04-03T19:00:00.0000000Z,5
104320,140,2026-04-03T19:00:00.0000000Z,2517,3447,1,0,H,0.664329,0.201688,0.133983,H,1,0.408978,0.171305,formax-outcome-4.0,6d861e191d14ee4741a5969b1d2ffbfc,2026-04-03T19:00:00.0000000Z,5
29585,203,2026-04-04T11:30:00.0000000Z,4226,6025,2,0,H,0.507862,0.272357,0.219780,H,1,0.677545,0.364681,formax-outcome-4.0,6d861e191d14ee4741a5969b1d2ffbfc,2026-04-04T11:30:00.0000000Z,5
104216,203,2026-04-04T11:30:00.0000000Z,6848,2549,0,2,A,0.257564,0.301196,0.441240,A,1,0.818167,0.469272,formax-outcome-4.0,6d861e191d14ee4741a5969b1d2ffbfc,2026-04-04T11:30:00.0000000Z,5
101750,140,2026-04-04T12:00:00.0000000Z,1830,2383,2,0,H,0.672606,0.190068,0.137325,H,1,0.396595,0.162171,formax-outcome-4.0,6d861e191d14ee4741a5969b1d2ffbfc,2026-04-04T12:00:00.0000000Z,5
106950,135,2026-04-04T13:00:00.0000000Z,3903,3394,2,1,H,0.472168,0.267756,0.260076,H,1,0.750420,0.417939,formax-outcome-4.0,6d861e191d14ee4741a5969b1d2ffbfc,2026-04-04T13:00:00.0000000Z,5
20289,78,2026-04-04T13:30:00.0000000Z,5685,1328,2,3,A,0.104902,0.155239,0.739859,A,1,0.301296,0.102777,formax-outcome-4.0,6d861e191d14ee4741a5969b1d2ffbfc,2026-04-04T13:30:00.0000000Z,5
101560,78,2026-04-04T13:30:00.0000000Z,966,821,1,2,A,0.262400,0.247404,0.490196,A,1,0.712949,0.389962,formax-outcome-4.0,6d861e191d14ee4741a5969b1d2ffbfc,2026-04-04T13:30:00.0000000Z,5
101958,78,2026-04-04T13:30:00.0000000Z,1051,4330,2,2,D,0.608842,0.212360,0.178798,H,0,1.549472,1.023034,formax-outcome-4.0,6d861e191d14ee4741a5969b1d2ffbfc,2026-04-04T13:30:00.0000000Z,5
102121,78,2026-04-04T13:30:00.0000000Z,1260,5353,6,3,H,0.697757,0.179306,0.122937,H,1,0.359884,0.138615,formax-outcome-4.0,6d861e191d14ee4741a5969b1d2ffbfc,2026-04-04T13:30:00.0000000Z,5
104097,203,2026-04-04T14:00:00.0000000Z,4926,6847,1,1,D,0.315826,0.281209,0.402965,A,0,1.268656,0.778787,formax-outcome-4.0,6d861e191d14ee4741a5969b1d2ffbfc,2026-04-04T14:00:00.0000000Z,5
107122,140,2026-04-04T14:15:00.0000000Z,1925,4521,2,1,H,0.154361,0.209882,0.635756,A,0,1.868458,1.163341,formax-outcome-4.0,6d861e191d14ee4741a5969b1d2ffbfc,2026-04-04T14:15:00.0000000Z,5
103785,88,2026-04-04T14:30:00.0000000Z,1775,4678,4,3,H,0.620824,0.211223,0.167953,H,1,0.476708,0.216598,formax-outcome-4.0,6d861e191d14ee4741a5969b1d2ffbfc,2026-04-04T14:30:00.0000000Z,5
104876,61,2026-04-04T15:00:00.0000000Z,1911,3851,3,1,H,0.672719,0.197551,0.129730,H,1,0.396428,0.162970,formax-outcome-4.0,6d861e191d14ee4741a5969b1d2ffbfc,2026-04-04T15:00:00.0000000Z,5
15376,135,2026-04-04T16:00:00.0000000Z,1719,1503,0,1,A,0.183463,0.233522,0.583015,A,1,0.539543,0.262068,formax-outcome-4.0,6d861e191d14ee4741a5969b1d2ffbfc,2026-04-04T16:00:00.0000000Z,5
105262,140,2026-04-04T16:30:00.0000000Z,2033,762,0,0,D,0.702530,0.179738,0.117732,H,0,1.716257,1.180240,formax-outcome-4.0,6d861e191d14ee4741a5969b1d2ffbfc,2026-04-04T16:30:00.0000000Z,5
106668,78,2026-04-04T16:30:00.0000000Z,1278,989,0,2,A,0.341818,0.231397,0.426785,A,1,0.851476,0.498960,formax-outcome-4.0,6d861e191d14ee4741a5969b1d2ffbfc,2026-04-04T16:30:00.0000000Z,5
97853,88,2026-04-04T16:45:00.0000000Z,3539,1301,0,2,A,0.570004,0.228616,0.201380,H,0,1.602562,1.014964,formax-outcome-4.0,6d861e191d14ee4741a5969b1d2ffbfc,2026-04-04T16:45:00.0000000Z,5
103730,88,2026-04-04T16:45:00.0000000Z,1271,1079,2,0,H,0.776210,0.140644,0.083146,H,1,0.253332,0.076776,formax-outcome-4.0,6d861e191d14ee4741a5969b1d2ffbfc,2026-04-04T16:45:00.0000000Z,5
98860,203,2026-04-04T17:00:00.0000000Z,5068,3309,2,1,H,0.280380,0.273058,0.446562,A,0,1.271611,0.791832,formax-outcome-4.0,6d861e191d14ee4741a5969b1d2ffbfc,2026-04-04T17:00:00.0000000Z,5
107081,61,2026-04-04T17:00:00.0000000Z,4558,1781,3,4,A,0.348447,0.274081,0.377471,A,1,0.974261,0.584078,formax-outcome-4.0,6d861e191d14ee4741a5969b1d2ffbfc,2026-04-04T17:00:00.0000000Z,5
29658,135,2026-04-04T18:45:00.0000000Z,2837,3648,1,1,D,0.554584,0.262638,0.182778,H,0,1.336978,0.884673,formax-outcome-4.0,6d861e191d14ee4741a5969b1d2ffbfc,2026-04-04T18:45:00.0000000Z,5
15646,88,2026-04-04T19:00:00.0000000Z,2530,3707,1,2,A,0.489785,0.245226,0.264988,H,0,1.328069,0.840268,formax-outcome-4.0,6d861e191d14ee4741a5969b1d2ffbfc,2026-04-04T19:00:00.0000000Z,5
38681,88,2026-04-04T19:00:00.0000000Z,4124,1080,0,2,A,0.305604,0.247850,0.446546,A,1,0.806213,0.461135,formax-outcome-4.0,6d861e191d14ee4741a5969b1d2ffbfc,2026-04-04T19:00:00.0000000Z,5
105874,140,2026-04-04T19:00:00.0000000Z,4267,4005,1,2,A,0.414402,0.246639,0.338959,H,0,1.081877,0.669535,formax-outcome-4.0,6d861e191d14ee4741a5969b1d2ffbfc,2026-04-04T19:00:00.0000000Z,5
102848,61,2026-04-04T19:05:00.0000000Z,4470,886,3,0,H,0.277063,0.272936,0.450001,A,0,1.283509,0.799632,formax-outcome-4.0,6d861e191d14ee4741a5969b1d2ffbfc,2026-04-04T19:05:00.0000000Z,5
104563,88,2026-04-05T10:15:00.0000000Z,1580,2612,5,0,H,0.542523,0.233669,0.223808,H,1,0.611524,0.313976,formax-outcome-4.0,6d861e191d14ee4741a5969b1d2ffbfc,2026-04-05T10:15:00.0000000Z,5
103344,203,2026-04-05T11:30:00.0000000Z,1176,1717,2,2,D,0.539837,0.270607,0.189556,H,0,1.307086,0.859369,formax-outcome-4.0,6d861e191d14ee4741a5969b1d2ffbfc,2026-04-05T11:30:00.0000000Z,5
103415,203,2026-04-05T11:30:00.0000000Z,6019,1845,2,1,H,0.304021,0.284382,0.411597,A,0,1.190659,0.734672,formax-outcome-4.0,6d861e191d14ee4741a5969b1d2ffbfc,2026-04-05T11:30:00.0000000Z,5
15456,140,2026-04-05T12:00:00.0000000Z,1914,1906,2,0,H,0.463277,0.287959,0.248764,H,1,0.769430,0.432876,formax-outcome-4.0,6d861e191d14ee4741a5969b1d2ffbfc,2026-04-05T12:00:00.0000000Z,5
104601,88,2026-04-05T12:30:00.0000000Z,4677,2516,0,0,D,0.315130,0.253884,0.430986,A,0,1.370879,0.841746,formax-outcome-4.0,6d861e191d14ee4741a5969b1d2ffbfc,2026-04-05T12:30:00.0000000Z,5
104782,88,2026-04-05T12:30:00.0000000Z,990,4157,4,1,H,0.759300,0.147221,0.093479,H,1,0.275358,0.088349,formax-outcome-4.0,6d861e191d14ee4741a5969b1d2ffbfc,2026-04-05T12:30:00.0000000Z,5
14112,135,2026-04-05T13:00:00.0000000Z,3558,1520,1,2,A,0.256945,0.273569,0.469485,A,1,0.756118,0.422307,formax-outcome-4.0,6d861e191d14ee4741a5969b1d2ffbfc,2026-04-05T13:00:00.0000000Z,5
53886,61,2026-04-05T13:00:00.0000000Z,1257,3589,0,0,D,0.201654,0.256594,0.541752,A,0,1.360261,0.886812,formax-outcome-4.0,6d861e191d14ee4741a5969b1d2ffbfc,2026-04-05T13:00:00.0000000Z,5
105404,203,2026-04-05T14:00:00.0000000Z,5867,6991,3,0,H,0.391224,0.304313,0.304463,H,1,0.938476,0.555913,formax-outcome-4.0,6d861e191d14ee4741a5969b1d2ffbfc,2026-04-05T14:00:00.0000000Z,5
105569,140,2026-04-05T14:15:00.0000000Z,2030,1904,2,3,A,0.378510,0.269924,0.351566,H,0,1.045357,0.636595,formax-outcome-4.0,6d861e191d14ee4741a5969b1d2ffbfc,2026-04-05T14:15:00.0000000Z,5
97487,88,2026-04-05T14:45:00.0000000Z,1378,1162,0,0,D,0.364683,0.265704,0.369612,A,0,1.325371,0.808797,formax-outcome-4.0,6d861e191d14ee4741a5969b1d2ffbfc,2026-04-05T14:45:00.0000000Z,5
60435,61,2026-04-05T15:15:00.0000000Z,1823,1815,1,1,D,0.362492,0.303731,0.333777,H,0,1.191612,0.727598,formax-outcome-4.0,6d861e191d14ee4741a5969b1d2ffbfc,2026-04-05T15:15:00.0000000Z,5
60887,61,2026-04-05T15:15:00.0000000Z,1666,4292,1,1,D,0.465117,0.265483,0.269399,H,0,1.326203,0.828425,formax-outcome-4.0,6d861e191d14ee4741a5969b1d2ffbfc,2026-04-05T15:15:00.0000000Z,5
72542,78,2026-04-05T15:30:00.0000000Z,4472,5078,2,2,D,0.540677,0.221305,0.238018,H,0,1.508212,0.955349,formax-outcome-4.0,6d861e191d14ee4741a5969b1d2ffbfc,2026-04-05T15:30:00.0000000Z,5
107346,135,2026-04-05T16:00:00.0000000Z,1838,1652,0,1,A,0.333807,0.270391,0.395802,A,1,0.926842,0.549594,formax-outcome-4.0,6d861e191d14ee4741a5969b1d2ffbfc,2026-04-05T16:00:00.0000000Z,5
104399,140,2026-04-05T16:30:00.0000000Z,1944,3049,1,0,H,0.398774,0.267515,0.333710,H,1,0.919359,0.544399,formax-outcome-4.0,6d861e191d14ee4741a5969b1d2ffbfc,2026-04-05T16:30:00.0000000Z,5
42760,203,2026-04-05T17:00:00.0000000Z,3588,3673,1,0,H,0.534333,0.250410,0.215257,H,1,0.626736,0.325886,formax-outcome-4.0,6d861e191d14ee4741a5969b1d2ffbfc,2026-04-05T17:00:00.0000000Z,5
7936,135,2026-04-05T18:45:00.0000000Z,2685,2799,5,2,H,0.484358,0.273716,0.241925,H,1,0.724930,0.399335,formax-outcome-4.0,6d861e191d14ee4741a5969b1d2ffbfc,2026-04-05T18:45:00.0000000Z,5
15604,61,2026-04-05T18:45:00.0000000Z,2085,5071,2,1,H,0.484204,0.247298,0.268497,H,1,0.725248,0.399292,formax-outcome-4.0,6d861e191d14ee4741a5969b1d2ffbfc,2026-04-05T18:45:00.0000000Z,5
103865,140,2026-04-05T19:00:00.0000000Z,759,3599,2,2,D,0.406501,0.276862,0.316637,H,0,1.284236,0.788431,formax-outcome-4.0,6d861e191d14ee4741a5969b1d2ffbfc,2026-04-05T19:00:00.0000000Z,5
106546,135,2026-04-06T10:30:00.0000000Z,3405,5356,0,0,D,0.190032,0.242844,0.567124,A,0,1.415335,0.931027,formax-outcome-4.0,6d861e191d14ee4741a5969b1d2ffbfc,2026-04-06T10:30:00.0000000Z,5
102479,40,2026-04-06T11:30:00.0000000Z,1654,1476,2,2,D,0.412942,0.284993,0.302065,H,0,1.255291,0.772999,formax-outcome-4.0,6d861e191d14ee4741a5969b1d2ffbfc,2026-04-06T11:30:00.0000000Z,5
102326,40,2026-04-06T12:00:00.0000000Z,1511,4379,1,2,A,0.432853,0.273242,0.293904,H,0,1.224501,0.760594,formax-outcome-4.0,6d861e191d14ee4741a5969b1d2ffbfc,2026-04-06T12:00:00.0000000Z,5
105778,135,2026-04-06T13:00:00.0000000Z,1584,4702,0,3,A,0.185567,0.262586,0.551847,A,1,0.594485,0.304228,formax-outcome-4.0,6d861e191d14ee4741a5969b1d2ffbfc,2026-04-06T13:00:00.0000000Z,5
16499,40,2026-04-06T14:00:00.0000000Z,1053,1460,1,0,H,0.328351,0.265320,0.406330,A,0,1.113673,0.686611,formax-outcome-4.0,6d861e191d14ee4741a5969b1d2ffbfc,2026-04-06T14:00:00.0000000Z,5
99564,40,2026-04-06T14:00:00.0000000Z,1912,1531,0,0,D,0.393422,0.290717,0.315861,H,0,1.235404,0.757631,formax-outcome-4.0,6d861e191d14ee4741a5969b1d2ffbfc,2026-04-06T14:00:00.0000000Z,5
101659,40,2026-04-06T14:00:00.0000000Z,1499,1502,1,1,D,0.375422,0.261394,0.363183,H,0,1.341725,0.818382,formax-outcome-4.0,6d861e191d14ee4741a5969b1d2ffbfc,2026-04-06T14:00:00.0000000Z,5
102186,40,2026-04-06T14:00:00.0000000Z,1253,1452,1,1,D,0.439504,0.283057,0.277439,H,0,1.262107,0.784144,formax-outcome-4.0,6d861e191d14ee4741a5969b1d2ffbfc,2026-04-06T14:00:00.0000000Z,5
102548,40,2026-04-06T14:00:00.0000000Z,3380,3483,2,0,H,0.464790,0.267796,0.267414,H,1,0.766169,0.429674,formax-outcome-4.0,6d861e191d14ee4741a5969b1d2ffbfc,2026-04-06T14:00:00.0000000Z,5
103706,40,2026-04-06T14:00:00.0000000Z,3598,1490,2,1,H,0.640606,0.213505,0.145889,H,1,0.445341,0.196032,formax-outcome-4.0,6d861e191d14ee4741a5969b1d2ffbfc,2026-04-06T14:00:00.0000000Z,5
107517,40,2026-04-06T14:00:00.0000000Z,4169,1910,1,1,D,0.163333,0.220830,0.615837,A,0,1.510362,1.013039,formax-outcome-4.0,6d861e191d14ee4741a5969b1d2ffbfc,2026-04-06T14:00:00.0000000Z,5
8168,135,2026-04-06T16:00:00.0000000Z,2013,1649,2,0,H,0.620926,0.218900,0.160175,H,1,0.476544,0.217270,formax-outcome-4.0,6d861e191d14ee4741a5969b1d2ffbfc,2026-04-06T16:00:00.0000000Z,5
102625,40,2026-04-06T16:30:00.0000000Z,3467,4380,2,2,D,0.305749,0.278271,0.415980,A,0,1.279160,0.787415,formax-outcome-4.0,6d861e191d14ee4741a5969b1d2ffbfc,2026-04-06T16:30:00.0000000Z,5
105053,203,2026-04-06T17:00:00.0000000Z,6988,3661,0,0,D,0.248639,0.287338,0.464024,A,0,1.247098,0.785027,formax-outcome-4.0,6d861e191d14ee4741a5969b1d2ffbfc,2026-04-06T17:00:00.0000000Z,5
7897,135,2026-04-06T18:45:00.0000000Z,2845,1488,1,0,H,0.352230,0.285134,0.362636,A,0,1.043472,0.632413,formax-outcome-4.0,6d861e191d14ee4741a5969b1d2ffbfc,2026-04-06T18:45:00.0000000Z,5
98245,40,2026-04-06T19:00:00.0000000Z,1718,5841,0,0,D,0.271734,0.253775,0.474492,A,0,1.371309,0.855834,formax-outcome-4.0,6d861e191d14ee4741a5969b1d2ffbfc,2026-04-06T19:00:00.0000000Z,5
104808,140,2026-04-06T19:00:00.0000000Z,758,1776,1,0,H,0.373278,0.266307,0.360415,H,1,0.985432,0.593599,formax-outcome-4.0,6d861e191d14ee4741a5969b1d2ffbfc,2026-04-06T19:00:00.0000000Z,5
20288,2,2026-04-07T19:00:00.0000000Z,4521,1328,1,2,A,0.434392,0.215512,0.350096,H,0,1.049548,0.657517,formax-outcome-4.0,6d861e191d14ee4741a5969b1d2ffbfc,2026-04-07T19:00:00.0000000Z,5
99841,2,2026-04-07T19:00:00.0000000Z,2084,4559,0,1,A,0.398556,0.234296,0.367148,H,0,1.001989,0.614243,formax-outcome-4.0,6d861e191d14ee4741a5969b1d2ffbfc,2026-04-07T19:00:00.0000000Z,5
104683,40,2026-04-07T19:00:00.0000000Z,2268,4290,1,5,A,0.345685,0.264714,0.389601,A,1,0.942632,0.562159,formax-outcome-4.0,6d861e191d14ee4741a5969b1d2ffbfc,2026-04-07T19:00:00.0000000Z,5
16401,3,2026-04-08T16:45:00.0000000Z,3710,2033,1,1,D,0.581033,0.235668,0.183299,H,0,1.445331,0.955401,formax-outcome-4.0,6d861e191d14ee4741a5969b1d2ffbfc,2026-04-08T16:45:00.0000000Z,5
98859,203,2026-04-08T17:00:00.0000000Z,2549,3309,1,3,A,0.245850,0.295004,0.459147,A,1,0.778385,0.439991,formax-outcome-4.0,6d861e191d14ee4741a5969b1d2ffbfc,2026-04-08T17:00:00.0000000Z,5
105873,2,2026-04-08T19:00:00.0000000Z,4005,4267,0,2,A,0.707524,0.154670,0.137805,H,0,1.981913,1.267893,formax-outcome-4.0,6d861e191d14ee4741a5969b1d2ffbfc,2026-04-08T19:00:00.0000000Z,5
107267,2,2026-04-08T19:00:00.0000000Z,5284,2208,2,0,H,0.601227,0.196489,0.202283,H,1,0.508782,0.238546,formax-outcome-4.0,6d861e191d14ee4741a5969b1d2ffbfc,2026-04-08T19:00:00.0000000Z,5
73193,848,2026-04-09T16:45:00.0000000Z,2517,2613,3,0,H,0.293942,0.300192,0.405866,A,0,1.224373,0.753360,formax-outcome-4.0,6d861e191d14ee4741a5969b1d2ffbfc,2026-04-09T16:45:00.0000000Z,5
103414,203,2026-04-09T17:00:00.0000000Z,1845,1176,4,1,H,0.362238,0.290851,0.346911,H,1,1.015454,0.611682,formax-outcome-4.0,6d861e191d14ee4741a5969b1d2ffbfc,2026-04-09T17:00:00.0000000Z,5
15375,848,2026-04-09T19:00:00.0000000Z,1486,1503,3,0,H,0.527434,0.259940,0.212626,H,1,0.639731,0.336097,formax-outcome-4.0,6d861e191d14ee4741a5969b1d2ffbfc,2026-04-09T19:00:00.0000000Z,5
20361,3,2026-04-09T19:00:00.0000000Z,1520,2109,1,3,A,0.280084,0.273058,0.446858,A,1,0.805514,0.458973,formax-outcome-4.0,6d861e191d14ee4741a5969b1d2ffbfc,2026-04-09T19:00:00.0000000Z,5
104302,3,2026-04-09T19:00:00.0000000Z,2108,2480,1,1,D,0.416818,0.293370,0.289812,H,0,1.226321,0.757055,formax-outcome-4.0,6d861e191d14ee4741a5969b1d2ffbfc,2026-04-09T19:00:00.0000000Z,5
104875,848,2026-04-09T19:00:00.0000000Z,1281,1911,2,0,H,0.324058,0.297400,0.378542,A,0,1.126834,0.688639,formax-outcome-4.0,6d861e191d14ee4741a5969b1d2ffbfc,2026-04-09T19:00:00.0000000Z,5
105568,3,2026-04-09T19:00:00.0000000Z,5685,1904,3,0,H,0.351539,0.273014,0.375447,A,0,1.045435,0.635999,formax-outcome-4.0,6d861e191d14ee4741a5969b1d2ffbfc,2026-04-09T19:00:00.0000000Z,5
15603,61,2026-04-10T17:00:00.0000000Z,4292,2085,4,1,H,0.305288,0.271036,0.423676,A,0,1.186499,0.735586,formax-outcome-4.0,6d861e191d14ee4741a5969b1d2ffbfc,2026-04-10T17:00:00.0000000Z,5
82470,203,2026-04-10T17:00:00.0000000Z,3673,5867,4,2,H,0.746283,0.171138,0.082578,H,1,0.292650,0.100480,formax-outcome-4.0,6d861e191d14ee4741a5969b1d2ffbfc,2026-04-10T17:00:00.0000000Z,5
15911,88,2026-04-10T18:00:00.0000000Z,3707,4677,2,1,H,0.727801,0.175688,0.096511,H,1,0.317728,0.114273,formax-outcome-4.0,6d861e191d14ee4741a5969b1d2ffbfc,2026-04-10T18:00:00.0000000Z,5
107470,135,2026-04-10T18:45:00.0000000Z,2799,1838,3,0,H,0.729984,0.175971,0.094045,H,1,0.314732,0.112719,formax-outcome-4.0,6d861e191d14ee4741a5969b1d2ffbfc,2026-04-10T18:45:00.0000000Z,5
99460,39,2026-04-10T19:00:00.0000000Z,2751,1829,4,0,H,0.353113,0.287243,0.359644,A,0,1.040968,0.630316,formax-outcome-4.0,6d861e191d14ee4741a5969b1d2ffbfc,2026-04-10T19:00:00.0000000Z,5
102325,40,2026-04-10T19:00:00.0000000Z,1531,1511,0,0,D,0.257904,0.274735,0.467361,A,0,1.291948,0.810950,formax-outcome-4.0,6d861e191d14ee4741a5969b1d2ffbfc,2026-04-10T19:00:00.0000000Z,5
105203,140,2026-04-10T19:00:00.0000000Z,4521,758,1,1,D,0.822925,0.122751,0.054324,H,0,2.097596,1.449721,formax-outcome-4.0,6d861e191d14ee4741a5969b1d2ffbfc,2026-04-10T19:00:00.0000000Z,5
106160,61,2026-04-10T19:05:00.0000000Z,5071,1078,3,1,H,0.717698,0.170256,0.112046,H,1,0.331706,0.121235,formax-outcome-4.0,6d861e191d14ee4741a5969b1d2ffbfc,2026-04-10T19:05:00.0000000Z,5
16498,40,2026-04-11T11:30:00.0000000Z,1502,1053,0,0,D,0.400986,0.271713,0.327301,H,0,1.303010,0.798319,formax-outcome-4.0,6d861e191d14ee4741a5969b1d2ffbfc,2026-04-11T11:30:00.0000000Z,5
98244,40,2026-04-11T11:30:00.0000000Z,5841,4169,0,0,D,0.806495,0.133727,0.059778,H,0,2.011953,1.404436,formax-outcome-4.0,6d861e191d14ee4741a5969b1d2ffbfc,2026-04-11T11:30:00.0000000Z,5
102742,40,2026-04-11T11:30:00.0000000Z,4379,3598,0,2,A,0.298473,0.274144,0.427383,A,1,0.850076,0.492132,formax-outcome-4.0,6d861e191d14ee4741a5969b1d2ffbfc,2026-04-11T11:30:00.0000000Z,5
104215,203,2026-04-11T11:30:00.0000000Z,3661,6848,3,0,H,0.718150,0.185468,0.096382,H,1,0.331077,0.123128,formax-outcome-4.0,6d861e191d14ee4741a5969b1d2ffbfc,2026-04-11T11:30:00.0000000Z,5
106474,39,2026-04-11T11:30:00.0000000Z,4559,3646,1,2,A,0.626908,0.230735,0.142357,H,0,1.949417,1.181804,formax-outcome-4.0,6d861e191d14ee4741a5969b1d2ffbfc,2026-04-11T11:30:00.0000000Z,5
101749,140,2026-04-11T12:00:00.0000000Z,1830,759,3,3,D,0.609519,0.220924,0.169557,H,0,1.509937,1.007223,formax-outcome-4.0,6d861e191d14ee4741a5969b1d2ffbfc,2026-04-11T12:00:00.0000000Z,5
14111,135,2026-04-11T13:00:00.0000000Z,3394,3558,1,0,H,0.464951,0.273996,0.261053,H,1,0.765823,0.429500,formax-outcome-4.0,6d861e191d14ee4741a5969b1d2ffbfc,2026-04-11T13:00:00.0000000Z,5
105426,135,2026-04-11T13:00:00.0000000Z,1652,1719,2,1,H,0.559111,0.249319,0.191570,H,1,0.581407,0.293242,formax-outcome-4.0,6d861e191d14ee4741a5969b1d2ffbfc,2026-04-11T13:00:00.0000000Z,5
72541,78,2026-04-11T13:30:00.0000000Z,5353,4472,1,2,A,0.332380,0.233307,0.434313,A,1,0.833989,0.484910,formax-outcome-4.0,6d861e191d14ee4741a5969b1d2ffbfc,2026-04-11T13:30:00.0000000Z,5
101876,78,2026-04-11T13:30:00.0000000Z,821,1051,1,0,H,0.653274,0.191364,0.155362,H,1,0.425758,0.180976,formax-outcome-4.0,6d861e191d14ee4741a5969b1d2ffbfc,2026-04-11T13:30:00.0000000Z,5
102120,78,2026-04-11T13:30:00.0000000Z,989,1260,0,1,A,0.467217,0.235885,0.296898,H,0,1.214367,0.768286,formax-outcome-4.0,6d861e191d14ee4741a5969b1d2ffbfc,2026-04-11T13:30:00.0000000Z,5
107137,78,2026-04-11T13:30:00.0000000Z,4330,4180,3,1,H,0.343668,0.254853,0.401479,A,0,1.068080,0.656908,formax-outcome-4.0,6d861e191d14ee4741a5969b1d2ffbfc,2026-04-11T13:30:00.0000000Z,5
71187,39,2026-04-11T14:00:00.0000000Z,5807,1482,2,2,D,0.403036,0.293250,0.303714,H,0,1.226731,0.754176,formax-outcome-4.0,6d861e191d14ee4741a5969b1d2ffbfc,2026-04-11T14:00:00.0000000Z,5
99563,40,2026-04-11T14:00:00.0000000Z,3483,1912,1,1,D,0.385567,0.313429,0.301004,H,0,1.160181,0.710644,formax-outcome-4.0,6d861e191d14ee4741a5969b1d2ffbfc,2026-04-11T14:00:00.0000000Z,5
101658,40,2026-04-11T14:00:00.0000000Z,1452,1499,1,2,A,0.377671,0.301690,0.320640,H,0,1.137437,0.695182,formax-outcome-4.0,6d861e191d14ee4741a5969b1d2ffbfc,2026-04-11T14:00:00.0000000Z,5
102478,40,2026-04-11T14:00:00.0000000Z,4380,1654,0,1,A,0.565508,0.249110,0.185382,H,0,1.685336,1.045457,formax-outcome-4.0,6d861e191d14ee4741a5969b1d2ffbfc,2026-04-11T14:00:00.0000000Z,5
102547,40,2026-04-11T14:00:00.0000000Z,4290,3380,2,1,H,0.509689,0.258186,0.232125,H,1,0.673954,0.360946,formax-outcome-4.0,6d861e191d14ee4741a5969b1d2ffbfc,2026-04-11T14:00:00.0000000Z,5
102624,40,2026-04-11T14:00:00.0000000Z,1910,3467,0,1,A,0.397948,0.278014,0.324038,H,0,1.126893,0.692578,formax-outcome-4.0,6d861e191d14ee4741a5969b1d2ffbfc,2026-04-11T14:00:00.0000000Z,5
103567,203,2026-04-11T14:00:00.0000000Z,6847,5068,1,1,D,0.385506,0.272706,0.341788,H,0,1.299361,0.794391,formax-outcome-4.0,6d861e191d14ee4741a5969b1d2ffbfc,2026-04-11T14:00:00.0000000Z,5
103664,40,2026-04-11T14:00:00.0000000Z,1460,1718,2,1,H,0.394831,0.277886,0.327283,H,1,0.929298,0.550565,formax-outcome-4.0,6d861e191d14ee4741a5969b1d2ffbfc,2026-04-11T14:00:00.0000000Z,5
104525,40,2026-04-11T14:00:00.0000000Z,1476,1253,2,0,H,0.294719,0.300785,0.404496,A,0,1.221733,0.751510,formax-outcome-4.0,6d861e191d14ee4741a5969b1d2ffbfc,2026-04-11T14:00:00.0000000Z,5
104945,39,2026-04-11T14:00:00.0000000Z,2531,873,0,2,A,0.177688,0.245803,0.576509,A,1,0.550764,0.271336,formax-outcome-4.0,6d861e191d14ee4741a5969b1d2ffbfc,2026-04-11T14:00:00.0000000Z,5
105752,140,2026-04-11T14:15:00.0000000Z,3447,2030,1,0,H,0.399660,0.266962,0.333377,H,1,0.917140,0.542817,formax-outcome-4.0,6d861e191d14ee4741a5969b1d2ffbfc,2026-04-11T14:15:00.0000000Z,5
97852,88,2026-04-11T14:30:00.0000000Z,4678,3539,4,1,H,0.555284,0.241710,0.203006,H,1,0.588275,0.297407,formax-outcome-4.0,6d861e191d14ee4741a5969b1d2ffbfc,2026-04-11T14:30:00.0000000Z,5
7896,135,2026-04-11T16:00:00.0000000Z,1488,3405,0,3,A,0.596507,0.242980,0.160514,H,0,1.829375,1.119596,formax-outcome-4.0,6d861e191d14ee4741a5969b1d2ffbfc,2026-04-11T16:00:00.0000000Z,5
20287,78,2026-04-11T16:30:00.0000000Z,4528,1328,0,5,A,0.039672,0.087324,0.873004,A,1,0.135815,0.025327,formax-outcome-4.0,6d861e191d14ee4741a5969b1d2ffbfc,2026-04-11T16:30:00.0000000Z,5
105261,140,2026-04-11T16:30:00.0000000Z,4005,762,4,1,H,0.848169,0.103909,0.047922,H,1,0.164675,0.036146,formax-outcome-4.0,6d861e191d14ee4741a5969b1d2ffbfc,2026-04-11T16:30:00.0000000Z,5
107266,39,2026-04-11T16:30:00.0000000Z,2208,4928,2,0,H,0.498664,0.261938,0.239398,H,1,0.695823,0.377261,formax-outcome-4.0,6d861e191d14ee4741a5969b1d2ffbfc,2026-04-11T16:30:00.0000000Z,5
97486,88,2026-04-11T16:45:00.0000000Z,1162,1775,0,2,A,0.315238,0.248023,0.436738,A,1,0.828421,0.478155,formax-outcome-4.0,6d861e191d14ee4741a5969b1d2ffbfc,2026-04-11T16:45:00.0000000Z,5
29584,203,2026-04-11T17:00:00.0000000Z,6025,3588,0,4,A,0.138963,0.218070,0.642967,A,1,0.441661,0.194337,formax-outcome-4.0,6d861e191d14ee4741a5969b1d2ffbfc,2026-04-11T17:00:00.0000000Z,5
60434,61,2026-04-11T17:00:00.0000000Z,1815,1668,0,0,D,0.542219,0.259385,0.198396,H,0,1.349443,0.881873,formax-outcome-4.0,6d861e191d14ee4741a5969b1d2ffbfc,2026-04-11T17:00:00.0000000Z,5
104467,88,2026-04-11T18:00:00.0000000Z,1301,1580,0,0,D,0.510575,0.245448,0.243978,H,0,1.404671,0.889561,formax-outcome-4.0,6d861e191d14ee4741a5969b1d2ffbfc,2026-04-11T18:00:00.0000000Z,5
8167,135,2026-04-11T18:45:00.0000000Z,4702,2013,0,1,A,0.366572,0.276576,0.356853,H,0,1.030433,0.624508,formax-outcome-4.0,6d861e191d14ee4741a5969b1d2ffbfc,2026-04-11T18:45:00.0000000Z,5
15645,88,2026-04-11T19:00:00.0000000Z,4157,2530,0,3,A,0.230410,0.232525,0.537065,A,1,0.621636,0.321465,formax-outcome-4.0,6d861e191d14ee4741a5969b1d2ffbfc,2026-04-11T19:00:00.0000000Z,5
104398,140,2026-04-11T19:00:00.0000000Z,3049,4267,2,1,H,0.204743,0.232056,0.563201,A,0,1.586001,1.003480,formax-outcome-4.0,6d861e191d14ee4741a5969b1d2ffbfc,2026-04-11T19:00:00.0000000Z,5
103264,61,2026-04-11T19:05:00.0000000Z,1781,1257,2,1,H,0.626204,0.225216,0.148580,H,1,0.468078,0.212521,formax-outcome-4.0,6d861e191d14ee4741a5969b1d2ffbfc,2026-04-11T19:05:00.0000000Z,5
104241,88,2026-04-12T10:15:00.0000000Z,1079,1378,1,1,D,0.575898,0.231939,0.192163,H,0,1.461280,0.958502,formax-outcome-4.0,6d861e191d14ee4741a5969b1d2ffbfc,2026-04-12T10:15:00.0000000Z,5
106745,135,2026-04-12T10:30:00.0000000Z,1649,3903,2,1,H,0.401875,0.280539,0.317586,H,1,0.911615,0.537317,formax-outcome-4.0,6d861e191d14ee4741a5969b1d2ffbfc,2026-04-12T10:30:00.0000000Z,5
103705,40,2026-04-12T11:00:00.0000000Z,1490,2268,2,0,H,0.321782,0.276761,0.401457,A,0,1.133880,0.697744,formax-outcome-4.0,6d861e191d14ee4741a5969b1d2ffbfc,2026-04-12T11:00:00.0000000Z,5
103343,203,2026-04-12T11:30:00.0000000Z,1717,6019,3,0,H,0.565521,0.248599,0.185880,H,1,0.570008,0.285125,formax-outcome-4.0,6d861e191d14ee4741a5969b1d2ffbfc,2026-04-12T11:30:00.0000000Z,5
105613,140,2026-04-12T12:00:00.0000000Z,3599,2033,1,1,D,0.451900,0.264436,0.283664,H,0,1.330156,0.825733,formax-outcome-4.0,6d861e191d14ee4741a5969b1d2ffbfc,2026-04-12T12:00:00.0000000Z,5
38680,88,2026-04-12T12:30:00.0000000Z,1080,2516,1,1,D,0.580684,0.216884,0.202432,H,0,1.528391,0.991442,formax-outcome-4.0,6d861e191d14ee4741a5969b1d2ffbfc,2026-04-12T12:30:00.0000000Z,5
104054,88,2026-04-12T12:30:00.0000000Z,2612,4124,2,2,D,0.461962,0.260548,0.277489,H,0,1.344967,0.837198,formax-outcome-4.0,6d861e191d14ee4741a5969b1d2ffbfc,2026-04-12T12:30:00.0000000Z,5
20360,39,2026-04-12T13:00:00.0000000Z,2480,2109,1,1,D,0.353510,0.297989,0.348501,H,0,1.210698,0.739241,formax-outcome-4.0,6d861e191d14ee4741a5969b1d2ffbfc,2026-04-12T13:00:00.0000000Z,5
71078,39,2026-04-12T13:00:00.0000000Z,1486,1013,2,1,H,0.359724,0.282106,0.358170,H,1,1.022418,0.617822,formax-outcome-4.0,6d861e191d14ee4741a5969b1d2ffbfc,2026-04-12T13:00:00.0000000Z,5
106354,39,2026-04-12T13:00:00.0000000Z,2209,2355,1,0,H,0.317593,0.294561,0.387846,A,0,1.146985,0.702870,formax-outcome-4.0,6d861e191d14ee4741a5969b1d2ffbfc,2026-04-12T13:00:00.0000000Z,5
106899,135,2026-04-12T13:00:00.0000000Z,3648,2845,1,1,D,0.198266,0.268532,0.533202,A,0,1.314786,0.858660,formax-outcome-4.0,6d861e191d14ee4741a5969b1d2ffbfc,2026-04-12T13:00:00.0000000Z,5
101559,78,2026-04-12T13:30:00.0000000Z,5078,966,3,1,H,0.450819,0.244328,0.304853,H,1,0.796690,0.454232,formax-outcome-4.0,6d861e191d14ee4741a5969b1d2ffbfc,2026-04-12T13:30:00.0000000Z,5
103491,203,2026-04-12T14:00:00.0000000Z,2549,4226,3,3,D,0.576162,0.250569,0.173268,H,0,1.384021,0.923632,formax-outcome-4.0,6d861e191d14ee4741a5969b1d2ffbfc,2026-04-12T14:00:00.0000000Z,5
104319,140,2026-04-12T14:15:00.0000000Z,1925,2517,3,0,H,0.385162,0.283955,0.330883,H,1,0.954092,0.568140,formax-outcome-4.0,6d861e191d14ee4741a5969b1d2ffbfc,2026-04-12T14:15:00.0000000Z,5
103728,88,2026-04-12T14:45:00.0000000Z,1271,990,3,0,H,0.593045,0.219258,0.187697,H,1,0.522485,0.248917,formax-outcome-4.0,6d861e191d14ee4741a5969b1d2ffbfc,2026-04-12T14:45:00.0000000Z,5
102847,61,2026-04-12T15:15:00.0000000Z,1872,4470,0,4,A,0.384172,0.291475,0.324352,H,0,1.125924,0.689046,formax-outcome-4.0,6d861e191d14ee4741a5969b1d2ffbfc,2026-04-12T15:15:00.0000000Z,5
107038,61,2026-04-12T15:15:00.0000000Z,3851,1823,1,1,D,0.412162,0.278515,0.309323,H,0,1.278285,0.786100,formax-outcome-4.0,6d861e191d14ee4741a5969b1d2ffbfc,2026-04-12T15:15:00.0000000Z,5
8001,39,2026-04-12T15:30:00.0000000Z,3373,4166,0,3,A,0.282377,0.271865,0.445758,A,1,0.807979,0.460831,formax-outcome-4.0,6d861e191d14ee4741a5969b1d2ffbfc,2026-04-12T15:30:00.0000000Z,5
105777,135,2026-04-12T16:00:00.0000000Z,1520,1584,2,0,H,0.574253,0.254590,0.171157,H,1,0.554685,0.275371,formax-outcome-4.0,6d861e191d14ee4741a5969b1d2ffbfc,2026-04-12T16:00:00.0000000Z,5
105567,140,2026-04-12T16:30:00.0000000Z,1904,1944,0,3,A,0.788438,0.141635,0.069927,H,0,2.660305,1.506731,formax-outcome-4.0,6d861e191d14ee4741a5969b1d2ffbfc,2026-04-12T16:30:00.0000000Z,5
98858,203,2026-04-12T17:00:00.0000000Z,3309,6988,1,1,D,0.851318,0.109540,0.039142,H,0,2.211468,1.519195,formax-outcome-4.0,6d861e191d14ee4741a5969b1d2ffbfc,2026-04-12T17:00:00.0000000Z,5
106056,78,2026-04-12T17:30:00.0000000Z,1281,5685,0,1,A,0.412142,0.259571,0.328286,H,0,1.113869,0.688438,formax-outcome-4.0,6d861e191d14ee4741a5969b1d2ffbfc,2026-04-12T17:30:00.0000000Z,5
7935,135,2026-04-12T18:45:00.0000000Z,5356,2685,3,4,A,0.357506,0.285144,0.357349,H,0,1.029041,0.622118,formax-outcome-4.0,6d861e191d14ee4741a5969b1d2ffbfc,2026-04-12T18:45:00.0000000Z,5
53885,61,2026-04-12T18:45:00.0000000Z,3589,1666,2,0,H,0.540389,0.248088,0.211524,H,1,0.615467,0.317532,formax-outcome-4.0,6d861e191d14ee4741a5969b1d2ffbfc,2026-04-12T18:45:00.0000000Z,5
104807,140,2026-04-12T19:00:00.0000000Z,1906,1776,1,2,A,0.426081,0.266252,0.307667,H,0,1.178738,0.731761,formax-outcome-4.0,6d861e191d14ee4741a5969b1d2ffbfc,2026-04-12T19:00:00.0000000Z,5
103413,203,2026-04-13T17:00:00.0000000Z,1845,4926,2,1,H,0.569574,0.230982,0.199444,H,1,0.562866,0.278397,formax-outcome-4.0,6d861e191d14ee4741a5969b1d2ffbfc,2026-04-13T17:00:00.0000000Z,5
105403,203,2026-04-13T17:00:00.0000000Z,6991,1176,1,2,A,0.299515,0.286672,0.413813,A,1,0.882340,0.515505,formax-outcome-4.0,6d861e191d14ee4741a5969b1d2ffbfc,2026-04-13T17:00:00.0000000Z,5
15374,135,2026-04-13T18:45:00.0000000Z,1503,2837,1,0,H,0.402380,0.275598,0.322022,H,1,0.910359,0.536803,formax-outcome-4.0,6d861e191d14ee4741a5969b1d2ffbfc,2026-04-13T18:45:00.0000000Z,5
15455,140,2026-04-13T19:00:00.0000000Z,2383,1914,1,0,H,0.351808,0.293523,0.354669,A,0,1.044670,0.632099,formax-outcome-4.0,6d861e191d14ee4741a5969b1d2ffbfc,2026-04-13T19:00:00.0000000Z,5
103094,39,2026-04-13T19:00:00.0000000Z,4266,2269,1,2,A,0.550442,0.245723,0.203835,H,0,1.590445,0.997245,formax-outcome-4.0,6d861e191d14ee4741a5969b1d2ffbfc,2026-04-13T19:00:00.0000000Z,5
99562,40,2026-04-14T19:00:00.0000000Z,4290,1912,3,0,H,0.617046,0.238721,0.144232,H,1,0.482811,0.224444,formax-outcome-4.0,6d861e191d14ee4741a5969b1d2ffbfc,2026-04-14T19:00:00.0000000Z,5
102477,40,2026-04-14T19:00:00.0000000Z,1654,3598,2,0,H,0.163231,0.238615,0.598154,A,0,1.812590,1.114908,formax-outcome-4.0,6d861e191d14ee4741a5969b1d2ffbfc,2026-04-14T19:00:00.0000000Z,5
105872,2,2026-04-14T19:00:00.0000000Z,4267,4005,1,2,A,0.440886,0.221405,0.337709,H,0,1.085571,0.682030,formax-outcome-4.0,6d861e191d14ee4741a5969b1d2ffbfc,2026-04-14T19:00:00.0000000Z,5
107265,2,2026-04-14T19:00:00.0000000Z,2208,5284,0,2,A,0.461468,0.229977,0.308555,H,0,1.175855,0.743939,formax-outcome-4.0,6d861e191d14ee4741a5969b1d2ffbfc,2026-04-14T19:00:00.0000000Z,5
20286,2,2026-04-15T19:00:00.0000000Z,1328,4521,4,3,H,0.723734,0.152931,0.123336,H,1,0.323332,0.114922,formax-outcome-4.0,6d861e191d14ee4741a5969b1d2ffbfc,2026-04-15T19:00:00.0000000Z,5
99839,2,2026-04-15T19:00:00.0000000Z,4559,2084,0,0,D,0.651447,0.192675,0.155878,H,0,1.646748,1.100454,formax-outcome-4.0,6d861e191d14ee4741a5969b1d2ffbfc,2026-04-15T19:00:00.0000000Z,5
105566,3,2026-04-16T16:45:00.0000000Z,1904,5685,1,3,A,0.428031,0.269860,0.302108,H,0,1.196970,0.743088,formax-outcome-4.0,6d861e191d14ee4741a5969b1d2ffbfc,2026-04-16T16:45:00.0000000Z,5
15373,848,2026-04-16T19:00:00.0000000Z,1503,1486,2,1,H,0.264737,0.274683,0.460580,A,0,1.329020,0.828197,formax-outcome-4.0,6d861e191d14ee4741a5969b1d2ffbfc,2026-04-16T19:00:00.0000000Z,5
16399,3,2026-04-16T19:00:00.0000000Z,2033,3710,2,4,A,0.349445,0.278072,0.372483,A,1,0.987564,0.593213,formax-outcome-4.0,6d861e191d14ee4741a5969b1d2ffbfc,2026-04-16T19:00:00.0000000Z,5
20359,3,2026-04-16T19:00:00.0000000Z,2109,1520,4,0,H,0.657426,0.206478,0.136096,H,1,0.419423,0.178512,formax-outcome-4.0,6d861e191d14ee4741a5969b1d2ffbfc,2026-04-16T19:00:00.0000000Z,5
73192,848,2026-04-16T19:00:00.0000000Z,2613,2517,3,1,H,0.472963,0.283837,0.243200,H,1,0.748737,0.417477,formax-outcome-4.0,6d861e191d14ee4741a5969b1d2ffbfc,2026-04-16T19:00:00.0000000Z,5
104301,3,2026-04-16T19:00:00.0000000Z,2480,2108,1,0,H,0.457325,0.284305,0.258369,H,1,0.782360,0.442080,formax-outcome-4.0,6d861e191d14ee4741a5969b1d2ffbfc,2026-04-16T19:00:00.0000000Z,5
104874,848,2026-04-16T19:00:00.0000000Z,1911,1281,4,0,H,0.458693,0.287578,0.253729,H,1,0.779374,0.440092,formax-outcome-4.0,6d861e191d14ee4741a5969b1d2ffbfc,2026-04-16T19:00:00.0000000Z,5
106545,135,2026-04-17T16:30:00.0000000Z,3903,5356,2,1,H,0.205648,0.247415,0.546937,A,0,1.581590,0.991350,formax-outcome-4.0,6d861e191d14ee4741a5969b1d2ffbfc,2026-04-17T16:30:00.0000000Z,5
42759,203,2026-04-17T17:00:00.0000000Z,3588,1845,2,2,D,0.751749,0.158177,0.090075,H,0,1.844044,1.281906,formax-outcome-4.0,6d861e191d14ee4741a5969b1d2ffbfc,2026-04-17T17:00:00.0000000Z,5
103342,203,2026-04-17T17:00:00.0000000Z,5867,1717,0,2,A,0.353422,0.281343,0.365235,A,1,1.007214,0.606988,formax-outcome-4.0,6d861e191d14ee4741a5969b1d2ffbfc,2026-04-17T17:00:00.0000000Z,5
7934,135,2026-04-17T18:45:00.0000000Z,2685,3394,3,0,H,0.793219,0.140044,0.066736,H,1,0.231655,0.066824,formax-outcome-4.0,6d861e191d14ee4741a5969b1d2ffbfc,2026-04-17T18:45:00.0000000Z,5
106844,61,2026-04-17T18:45:00.0000000Z,886,1872,3,2,H,0.627586,0.219124,0.153290,H,1,0.465874,0.210205,formax-outcome-4.0,6d861e191d14ee4741a5969b1d2ffbfc,2026-04-17T18:45:00.0000000Z,5
98243,40,2026-04-17T19:00:00.0000000Z,1912,5841,1,1,D,0.219513,0.285748,0.494739,A,0,1.252644,0.803108,formax-outcome-4.0,6d861e191d14ee4741a5969b1d2ffbfc,2026-04-17T19:00:00.0000000Z,5
102237,40,2026-04-18T11:30:00.0000000Z,1511,1502,2,0,H,0.524946,0.262942,0.212112,H,1,0.644461,0.339807,formax-outcome-4.0,6d861e191d14ee4741a5969b1d2ffbfc,2026-04-18T11:30:00.0000000Z,5
102476,40,2026-04-18T11:30:00.0000000Z,1654,1910,1,0,H,0.374116,0.289901,0.335983,H,1,0.983189,0.588658,formax-outcome-4.0,6d861e191d14ee4741a5969b1d2ffbfc,2026-04-18T11:30:00.0000000Z,5
102546,40,2026-04-18T11:30:00.0000000Z,3380,1476,1,0,H,0.531116,0.270228,0.198656,H,1,0.632775,0.332340,formax-outcome-4.0,6d861e191d14ee4741a5969b1d2ffbfc,2026-04-18T11:30:00.0000000Z,5
102926,39,2026-04-18T11:30:00.0000000Z,5807,4928,0,0,D,0.444660,0.272287,0.283053,H,0,1.300898,0.807407,formax-outcome-4.0,6d861e191d14ee4741a5969b1d2ffbfc,2026-04-18T11:30:00.0000000Z,5
105402,203,2026-04-18T11:30:00.0000000Z,6019,6991,1,2,A,0.408029,0.282356,0.309615,H,0,1.172425,0.722843,formax-outcome-4.0,6d861e191d14ee4741a5969b1d2ffbfc,2026-04-18T11:30:00.0000000Z,5
106997,135,2026-04-18T13:00:00.0000000Z,3405,3648,0,1,A,0.545913,0.263155,0.190932,H,0,1.655837,1.021862,formax-outcome-4.0,6d861e191d14ee4741a5969b1d2ffbfc,2026-04-18T13:00:00.0000000Z,5
101558,78,2026-04-18T13:30:00.0000000Z,966,4469,3,1,H,0.343690,0.259518,0.396792,A,0,1.068015,0.655536,formax-outcome-4.0,6d861e191d14ee4741a5969b1d2ffbfc,2026-04-18T13:30:00.0000000Z,5
102119,78,2026-04-18T13:30:00.0000000Z,1260,1109,1,2,A,0.669453,0.196635,0.133912,H,0,2.010572,1.236941,formax-outcome-4.0,6d861e191d14ee4741a5969b1d2ffbfc,2026-04-18T13:30:00.0000000Z,5
106667,78,2026-04-18T13:30:00.0000000Z,3573,989,2,1,H,0.270282,0.222035,0.507683,A,0,1.308290,0.839530,formax-outcome-4.0,6d861e191d14ee4741a5969b1d2ffbfc,2026-04-18T13:30:00.0000000Z,5
16497,40,2026-04-18T14:00:00.0000000Z,1053,4379,2,4,A,0.326359,0.306471,0.367170,A,1,1.001931,0.600909,formax-outcome-4.0,6d861e191d14ee4741a5969b1d2ffbfc,2026-04-18T14:00:00.0000000Z,5
71077,39,2026-04-18T14:00:00.0000000Z,1013,3646,1,2,A,0.374012,0.272666,0.353322,H,0,1.040375,0.632424,formax-outcome-4.0,6d861e191d14ee4741a5969b1d2ffbfc,2026-04-18T14:00:00.0000000Z,5
99459,39,2026-04-18T14:00:00.0000000Z,2269,1829,3,0,H,0.426300,0.284997,0.288704,H,1,0.852613,0.493705,formax-outcome-4.0,6d861e191d14ee4741a5969b1d2ffbfc,2026-04-18T14:00:00.0000000Z,5
101657,40,2026-04-18T14:00:00.0000000Z,1499,1531,0,2,A,0.416551,0.302425,0.281024,H,0,1.269316,0.781903,formax-outcome-4.0,6d861e191d14ee4741a5969b1d2ffbfc,2026-04-18T14:00:00.0000000Z,5
102185,40,2026-04-18T14:00:00.0000000Z,4169,1452,1,1,D,0.259534,0.309589,0.430877,A,0,1.172509,0.729680,formax-outcome-4.0,6d861e191d14ee4741a5969b1d2ffbfc,2026-04-18T14:00:00.0000000Z,5
102623,40,2026-04-18T14:00:00.0000000Z,3467,4290,1,2,A,0.243800,0.270206,0.485994,A,1,0.721559,0.396652,formax-outcome-4.0,6d861e191d14ee4741a5969b1d2ffbfc,2026-04-18T14:00:00.0000000Z,5
102685,40,2026-04-18T14:00:00.0000000Z,2268,3483,2,0,H,0.476217,0.275039,0.248744,H,1,0.741882,0.411869,formax-outcome-4.0,6d861e191d14ee4741a5969b1d2ffbfc,2026-04-18T14:00:00.0000000Z,5
103663,40,2026-04-18T14:00:00.0000000Z,1253,1460,0,2,A,0.358817,0.295321,0.345862,H,0,1.061714,0.643860,formax-outcome-4.0,6d861e191d14ee4741a5969b1d2ffbfc,2026-04-18T14:00:00.0000000Z,5
103704,40,2026-04-18T14:00:00.0000000Z,1718,1490,1,1,D,0.443713,0.290665,0.265622,H,0,1.235584,0.770593,formax-outcome-4.0,6d861e191d14ee4741a5969b1d2ffbfc,2026-04-18T14:00:00.0000000Z,5
105125,203,2026-04-18T14:00:00.0000000Z,6988,2549,1,1,D,0.285573,0.294749,0.419677,A,0,1.221630,0.755060,formax-outcome-4.0,6d861e191d14ee4741a5969b1d2ffbfc,2026-04-18T14:00:00.0000000Z,5
106159,61,2026-04-18T15:00:00.0000000Z,1666,5071,2,0,H,0.376200,0.259229,0.364571,H,1,0.977633,0.589237,formax-outcome-4.0,6d861e191d14ee4741a5969b1d2ffbfc,2026-04-18T15:00:00.0000000Z,5
29657,135,2026-04-18T16:00:00.0000000Z,2845,2837,0,2,A,0.509863,0.273193,0.216944,H,0,1.528115,0.947771,formax-outcome-4.0,6d861e191d14ee4741a5969b1d2ffbfc,2026-04-18T16:00:00.0000000Z,5
72540,78,2026-04-18T16:30:00.0000000Z,4472,821,1,3,A,0.327971,0.247640,0.424389,A,1,0.857104,0.500218,formax-outcome-4.0,6d861e191d14ee4741a5969b1d2ffbfc,2026-04-18T16:30:00.0000000Z,5
105923,39,2026-04-18T16:30:00.0000000Z,2355,873,2,2,D,0.238087,0.266662,0.495251,A,0,1.321775,0.839744,formax-outcome-4.0,6d861e191d14ee4741a5969b1d2ffbfc,2026-04-18T16:30:00.0000000Z,5
98857,203,2026-04-18T17:00:00.0000000Z,6848,3309,1,2,A,0.083118,0.165647,0.751235,A,1,0.286037,0.096232,formax-outcome-4.0,6d861e191d14ee4741a5969b1d2ffbfc,2026-04-18T17:00:00.0000000Z,5
103263,61,2026-04-18T17:00:00.0000000Z,1257,1823,1,1,D,0.398218,0.304387,0.297396,H,0,1.189457,0.730899,formax-outcome-4.0,6d861e191d14ee4741a5969b1d2ffbfc,2026-04-18T17:00:00.0000000Z,5
105986,135,2026-04-18T18:45:00.0000000Z,2799,4702,1,1,D,0.429036,0.277361,0.293602,H,0,1.282434,0.792481,formax-outcome-4.0,6d861e191d14ee4741a5969b1d2ffbfc,2026-04-18T18:45:00.0000000Z,5
8238,39,2026-04-18T19:00:00.0000000Z,3373,4266,0,1,A,0.380756,0.263654,0.355590,H,0,1.033976,0.629752,formax-outcome-4.0,6d861e191d14ee4741a5969b1d2ffbfc,2026-04-18T19:00:00.0000000Z,5
102846,61,2026-04-18T19:05:00.0000000Z,4470,3851,0,0,D,0.702404,0.187699,0.109897,H,0,1.672913,1.165281,formax-outcome-4.0,6d861e191d14ee4741a5969b1d2ffbfc,2026-04-18T19:05:00.0000000Z,5
14110,135,2026-04-19T10:30:00.0000000Z,3558,1652,0,0,D,0.362528,0.281592,0.355880,H,0,1.267296,0.774187,formax-outcome-4.0,6d861e191d14ee4741a5969b1d2ffbfc,2026-04-19T10:30:00.0000000Z,5
102797,40,2026-04-19T11:00:00.0000000Z,3598,4380,2,2,D,0.489848,0.275710,0.234442,H,0,1.288406,0.819511,formax-outcome-4.0,6d861e191d14ee4741a5969b1d2ffbfc,2026-04-19T11:00:00.0000000Z,5
103490,203,2026-04-19T11:30:00.0000000Z,4226,6847,1,0,H,0.327301,0.274573,0.398126,A,0,1.116876,0.686419,formax-outcome-4.0,6d861e191d14ee4741a5969b1d2ffbfc,2026-04-19T11:30:00.0000000Z,5
7895,135,2026-04-19T13:00:00.0000000Z,1719,1488,0,1,A,0.136401,0.230224,0.633375,A,1,0.456693,0.206023,formax-outcome-4.0,6d861e191d14ee4741a5969b1d2ffbfc,2026-04-19T13:00:00.0000000Z,5
15602,61,2026-04-19T13:00:00.0000000Z,2085,1815,2,2,D,0.579480,0.244299,0.176221,H,0,1.409363,0.937936,formax-outcome-4.0,6d861e191d14ee4741a5969b1d2ffbfc,2026-04-19T13:00:00.0000000Z,5
20358,39,2026-04-19T13:00:00.0000000Z,2109,2209,4,3,H,0.574380,0.264553,0.161067,H,1,0.554464,0.277083,formax-outcome-4.0,6d861e191d14ee4741a5969b1d2ffbfc,2026-04-19T13:00:00.0000000Z,5
71186,39,2026-04-19T13:00:00.0000000Z,1482,2208,1,2,A,0.311712,0.299059,0.389229,A,1,0.943588,0.559642,formax-outcome-4.0,6d861e191d14ee4741a5969b1d2ffbfc,2026-04-19T13:00:00.0000000Z,5
104944,39,2026-04-19T13:00:00.0000000Z,2480,2531,4,1,H,0.597783,0.245929,0.156288,H,1,0.514528,0.246686,formax-outcome-4.0,6d861e191d14ee4741a5969b1d2ffbfc,2026-04-19T13:00:00.0000000Z,5
106055,78,2026-04-19T13:30:00.0000000Z,5685,4330,2,1,H,0.690926,0.178797,0.130277,H,1,0.369723,0.144468,formax-outcome-4.0,6d861e191d14ee4741a5969b1d2ffbfc,2026-04-19T13:30:00.0000000Z,5
82469,203,2026-04-19T14:00:00.0000000Z,1176,3673,2,1,H,0.302014,0.268079,0.429906,A,0,1.197281,0.743870,formax-outcome-4.0,6d861e191d14ee4741a5969b1d2ffbfc,2026-04-19T14:00:00.0000000Z,5
60886,61,2026-04-19T15:15:00.0000000Z,1078,4292,1,3,A,0.268742,0.260409,0.470849,A,1,0.753219,0.420037,formax-outcome-4.0,6d861e191d14ee4741a5969b1d2ffbfc,2026-04-19T15:15:00.0000000Z,5
104873,61,2026-04-19T15:15:00.0000000Z,1911,1781,0,3,A,0.537337,0.239548,0.223115,H,0,1.500068,0.949665,formax-outcome-4.0,6d861e191d14ee4741a5969b1d2ffbfc,2026-04-19T15:15:00.0000000Z,5
107080,61,2026-04-19T15:15:00.0000000Z,1668,4558,1,1,D,0.342117,0.279427,0.378456,A,0,1.275016,0.779499,formax-outcome-4.0,6d861e191d14ee4741a5969b1d2ffbfc,2026-04-19T15:15:00.0000000Z,5
8000,39,2026-04-19T15:30:00.0000000Z,4166,4559,2,1,H,0.391499,0.294797,0.313704,H,1,0.937773,0.555590,formax-outcome-4.0,6d861e191d14ee4741a5969b1d2ffbfc,2026-04-19T15:30:00.0000000Z,5
20285,78,2026-04-19T15:30:00.0000000Z,1328,1278,4,2,H,0.844298,0.098453,0.057249,H,1,0.169250,0.037214,formax-outcome-4.0,6d861e191d14ee4741a5969b1d2ffbfc,2026-04-19T15:30:00.0000000Z,5
106744,135,2026-04-19T16:00:00.0000000Z,1838,1649,1,2,A,0.248999,0.274073,0.476928,A,1,0.740389,0.410721,formax-outcome-4.0,6d861e191d14ee4741a5969b1d2ffbfc,2026-04-19T16:00:00.0000000Z,5
103566,203,2026-04-19T17:00:00.0000000Z,5068,3661,1,1,D,0.493794,0.251148,0.255058,H,0,1.381713,0.869667,formax-outcome-4.0,6d861e191d14ee4741a5969b1d2ffbfc,2026-04-19T17:00:00.0000000Z,5
101957,78,2026-04-19T17:30:00.0000000Z,1051,1281,1,1,D,0.355437,0.260095,0.384467,A,0,1.346706,0.821609,formax-outcome-4.0,6d861e191d14ee4741a5969b1d2ffbfc,2026-04-19T17:30:00.0000000Z,5
8166,135,2026-04-19T18:45:00.0000000Z,2013,1520,2,0,H,0.606150,0.230594,0.163255,H,1,0.500627,0.234944,formax-outcome-4.0,6d861e191d14ee4741a5969b1d2ffbfc,2026-04-19T18:45:00.0000000Z,5
53884,61,2026-04-19T18:45:00.0000000Z,5284,3589,1,2,A,0.657934,0.207977,0.134089,H,0,2.009249,1.225933,formax-outcome-4.0,6d861e191d14ee4741a5969b1d2ffbfc,2026-04-19T18:45:00.0000000Z,5
29583,203,2026-04-20T17:00:00.0000000Z,4926,6025,3,0,H,0.550028,0.244433,0.205539,H,1,0.597785,0.304468,formax-outcome-4.0,6d861e191d14ee4741a5969b1d2ffbfc,2026-04-20T17:00:00.0000000Z,5
15372,135,2026-04-20T18:45:00.0000000Z,1584,1503,1,1,D,0.223983,0.276196,0.499822,A,0,1.286646,0.823883,formax-outcome-4.0,6d861e191d14ee4741a5969b1d2ffbfc,2026-04-20T18:45:00.0000000Z,5
104996,39,2026-04-20T19:00:00.0000000Z,1486,2751,0,0,D,0.445220,0.277390,0.277390,H,0,1.282331,0.797331,formax-outcome-4.0,6d861e191d14ee4741a5969b1d2ffbfc,2026-04-20T19:00:00.0000000Z,5
105612,140,2026-04-21T17:00:00.0000000Z,1906,3599,1,0,H,0.444896,0.271336,0.283768,H,1,0.809914,0.462288,formax-outcome-4.0,6d861e191d14ee4741a5969b1d2ffbfc,2026-04-21T17:00:00.0000000Z,5
106643,140,2026-04-21T17:00:00.0000000Z,1925,2030,1,1,D,0.507077,0.257887,0.235036,H,0,1.355234,0.863101,formax-outcome-4.0,6d861e191d14ee4741a5969b1d2ffbfc,2026-04-21T17:00:00.0000000Z,5
16496,40,2026-04-21T18:45:00.0000000Z,4290,1053,2,2,D,0.655023,0.212426,0.132552,H,0,1.549164,1.066898,formax-outcome-4.0,6d861e191d14ee4741a5969b1d2ffbfc,2026-04-21T18:45:00.0000000Z,5
98242,40,2026-04-21T18:45:00.0000000Z,5841,1654,5,1,H,0.569613,0.250577,0.179810,H,1,0.562798,0.280353,formax-outcome-4.0,6d861e191d14ee4741a5969b1d2ffbfc,2026-04-21T18:45:00.0000000Z,5
102236,40,2026-04-21T18:45:00.0000000Z,1502,3467,1,2,A,0.367483,0.280362,0.352155,H,0,1.043683,0.633349,formax-outcome-4.0,6d861e191d14ee4741a5969b1d2ffbfc,2026-04-21T18:45:00.0000000Z,5
102324,40,2026-04-21T18:45:00.0000000Z,3483,1511,1,3,A,0.260246,0.295797,0.443957,A,1,0.812028,0.464408,formax-outcome-4.0,6d861e191d14ee4741a5969b1d2ffbfc,2026-04-21T18:45:00.0000000Z,5
102400,40,2026-04-21T18:45:00.0000000Z,1531,1253,3,0,H,0.401382,0.302927,0.295691,H,1,0.912841,0.537541,formax-outcome-4.0,6d861e191d14ee4741a5969b1d2ffbfc,2026-04-21T18:45:00.0000000Z,5
102545,40,2026-04-21T18:45:00.0000000Z,4379,3380,2,1,H,0.428381,0.281511,0.290107,H,1,0.847741,0.490159,formax-outcome-4.0,6d861e191d14ee4741a5969b1d2ffbfc,2026-04-21T18:45:00.0000000Z,5
105738,40,2026-04-21T18:45:00.0000000Z,1476,2268,0,1,A,0.296111,0.283561,0.420328,A,1,0.866720,0.504108,formax-outcome-4.0,6d861e191d14ee4741a5969b1d2ffbfc,2026-04-21T18:45:00.0000000Z,5
106241,40,2026-04-21T18:45:00.0000000Z,1910,1718,2,2,D,0.373483,0.286398,0.340119,H,0,1.250371,0.764397,formax-outcome-4.0,6d861e191d14ee4741a5969b1d2ffbfc,2026-04-21T18:45:00.0000000Z,5
8237,39,2026-04-21T19:00:00.0000000Z,873,3373,3,0,H,0.410332,0.273514,0.316155,H,1,0.890790,0.522472,formax-outcome-4.0,6d861e191d14ee4741a5969b1d2ffbfc,2026-04-21T19:00:00.0000000Z,5
103864,140,2026-04-21T19:30:00.0000000Z,4521,759,2,1,H,0.826717,0.119167,0.054115,H,1,0.190293,0.047156,formax-outcome-4.0,6d861e191d14ee4741a5969b1d2ffbfc,2026-04-21T19:30:00.0000000Z,5
105202,140,2026-04-21T19:30:00.0000000Z,758,2033,2,3,A,0.398482,0.278966,0.322552,H,0,1.131490,0.695545,formax-outcome-4.0,6d861e191d14ee4741a5969b1d2ffbfc,2026-04-21T19:30:00.0000000Z,5
105751,140,2026-04-22T17:00:00.0000000Z,3447,4267,3,2,H,0.203856,0.240592,0.555552,A,0,1.590343,1.000369,formax-outcome-4.0,6d861e191d14ee4741a5969b1d2ffbfc,2026-04-22T17:00:00.0000000Z,5
107424,61,2026-04-22T17:00:00.0000000Z,5284,1668,3,0,H,0.857965,0.102731,0.039304,H,1,0.153191,0.032272,formax-outcome-4.0,6d861e191d14ee4741a5969b1d2ffbfc,2026-04-22T17:00:00.0000000Z,5
15454,140,2026-04-22T18:00:00.0000000Z,1830,1914,0,1,A,0.507726,0.261030,0.231244,H,0,1.464283,0.916908,formax-outcome-4.0,6d861e191d14ee4741a5969b1d2ffbfc,2026-04-22T18:00:00.0000000Z,5
97485,88,2026-04-22T18:00:00.0000000Z,3539,1162,4,1,H,0.539391,0.247122,0.213487,H,1,0.617315,0.318807,formax-outcome-4.0,6d861e191d14ee4741a5969b1d2ffbfc,2026-04-22T18:00:00.0000000Z,5
99561,40,2026-04-22T18:45:00.0000000Z,1460,1912,1,3,A,0.527643,0.264172,0.208185,H,0,1.569328,0.975165,formax-outcome-4.0,6d861e191d14ee4741a5969b1d2ffbfc,2026-04-22T18:45:00.0000000Z,5
101656,40,2026-04-22T18:45:00.0000000Z,1490,1499,2,1,H,0.465767,0.275358,0.258875,H,1,0.764069,0.428243,formax-outcome-4.0,6d861e191d14ee4741a5969b1d2ffbfc,2026-04-22T18:45:00.0000000Z,5
102184,40,2026-04-22T18:45:00.0000000Z,1452,3598,1,2,A,0.198925,0.255686,0.545389,A,1,0.606256,0.311618,formax-outcome-4.0,6d861e191d14ee4741a5969b1d2ffbfc,2026-04-22T18:45:00.0000000Z,5
102796,40,2026-04-22T18:45:00.0000000Z,4380,4169,1,0,H,0.721774,0.183680,0.094546,H,1,0.326043,0.120087,formax-outcome-4.0,6d861e191d14ee4741a5969b1d2ffbfc,2026-04-22T18:45:00.0000000Z,5
7999,39,2026-04-22T19:00:00.0000000Z,2531,4166,0,1,A,0.072055,0.151415,0.776530,A,1,0.252920,0.078057,formax-outcome-4.0,6d861e191d14ee4741a5969b1d2ffbfc,2026-04-22T19:00:00.0000000Z,5
106385,39,2026-04-22T19:00:00.0000000Z,3646,2269,2,2,D,0.481710,0.265905,0.252386,H,0,1.324618,0.834639,formax-outcome-4.0,6d861e191d14ee4741a5969b1d2ffbfc,2026-04-22T19:00:00.0000000Z,5
105565,140,2026-04-22T19:30:00.0000000Z,4005,1904,1,0,H,0.788866,0.134315,0.076819,H,1,0.237158,0.068519,formax-outcome-4.0,6d861e191d14ee4741a5969b1d2ffbfc,2026-04-22T19:30:00.0000000Z,5
103726,88,2026-04-23T16:45:00.0000000Z,1580,1271,0,0,D,0.338472,0.257840,0.403688,A,0,1.355418,0.828330,formax-outcome-4.0,6d861e191d14ee4741a5969b1d2ffbfc,2026-04-23T16:45:00.0000000Z,5
104397,140,2026-04-23T17:00:00.0000000Z,2383,3049,2,0,H,0.457358,0.262829,0.279813,H,1,0.782289,0.441835,formax-outcome-4.0,6d861e191d14ee4741a5969b1d2ffbfc,2026-04-23T17:00:00.0000000Z,5
104318,140,2026-04-23T18:00:00.0000000Z,2517,762,1,0,H,0.582114,0.238981,0.178905,H,1,0.541089,0.263748,formax-outcome-4.0,6d861e191d14ee4741a5969b1d2ffbfc,2026-04-23T18:00:00.0000000Z,5
104001,88,2026-04-23T19:00:00.0000000Z,1775,2612,6,1,H,0.826813,0.113136,0.060051,H,1,0.190177,0.046400,formax-outcome-4.0,6d861e191d14ee4741a5969b1d2ffbfc,2026-04-23T19:00:00.0000000Z,5
104806,140,2026-04-23T19:30:00.0000000Z,1944,1776,1,1,D,0.291214,0.273925,0.434861,A,0,1.294900,0.801094,formax-outcome-4.0,6d861e191d14ee4741a5969b1d2ffbfc,2026-04-23T19:30:00.0000000Z,5
103489,203,2026-04-24T17:00:00.0000000Z,3661,4226,4,0,H,0.621425,0.222415,0.156161,H,1,0.475741,0.217174,formax-outcome-4.0,6d861e191d14ee4741a5969b1d2ffbfc,2026-04-24T17:00:00.0000000Z,5
101875,78,2026-04-24T18:30:00.0000000Z,821,4180,3,1,H,0.696532,0.180684,0.122784,H,1,0.361642,0.139816,formax-outcome-4.0,6d861e191d14ee4741a5969b1d2ffbfc,2026-04-24T18:30:00.0000000Z,5
14109,135,2026-04-24T18:45:00.0000000Z,2845,3558,4,0,H,0.627877,0.234258,0.137865,H,1,0.465411,0.212359,formax-outcome-4.0,6d861e191d14ee4741a5969b1d2ffbfc,2026-04-24T18:45:00.0000000Z,5
107079,61,2026-04-24T18:45:00.0000000Z,4558,886,3,3,D,0.235820,0.247810,0.516370,A,0,1.395094,0.888040,formax-outcome-4.0,6d861e191d14ee4741a5969b1d2ffbfc,2026-04-24T18:45:00.0000000Z,5
102323,40,2026-04-24T19:00:00.0000000Z,1910,1511,1,1,D,0.277664,0.272680,0.449656,A,0,1.299458,0.808283,formax-outcome-4.0,6d861e191d14ee4741a5969b1d2ffbfc,2026-04-24T19:00:00.0000000Z,5
106219,140,2026-04-24T19:00:00.0000000Z,2033,4521,1,1,D,0.309679,0.264154,0.426167,A,0,1.331223,0.818989,formax-outcome-4.0,6d861e191d14ee4741a5969b1d2ffbfc,2026-04-24T19:00:00.0000000Z,5
106353,39,2026-04-24T19:00:00.0000000Z,2209,2480,0,5,A,0.225834,0.287529,0.486636,A,1,0.720238,0.397216,formax-outcome-4.0,6d861e191d14ee4741a5969b1d2ffbfc,2026-04-24T19:00:00.0000000Z,5
20357,39,2026-04-25T11:30:00.0000000Z,4928,2109,1,0,H,0.294131,0.272315,0.433554,A,0,1.223732,0.760377,formax-outcome-4.0,6d861e191d14ee4741a5969b1d2ffbfc,2026-04-25T11:30:00.0000000Z,5
102183,40,2026-04-25T11:30:00.0000000Z,1452,1718,2,1,H,0.324592,0.284663,0.390745,A,0,1.125185,0.689890,formax-outcome-4.0,6d861e191d14ee4741a5969b1d2ffbfc,2026-04-25T11:30:00.0000000Z,5
102399,40,2026-04-25T11:30:00.0000000Z,1531,3598,0,0,D,0.235970,0.265595,0.498436,A,0,1.325784,0.843471,formax-outcome-4.0,6d861e191d14ee4741a5969b1d2ffbfc,2026-04-25T11:30:00.0000000Z,5
102795,40,2026-04-25T11:30:00.0000000Z,4380,1253,5,1,H,0.553948,0.253005,0.193047,H,1,0.590685,0.300241,formax-outcome-4.0,6d861e191d14ee4741a5969b1d2ffbfc,2026-04-25T11:30:00.0000000Z,5
104096,203,2026-04-25T11:30:00.0000000Z,6991,4926,3,0,H,0.399279,0.276363,0.324358,H,1,0.918094,0.542450,formax-outcome-4.0,6d861e191d14ee4741a5969b1d2ffbfc,2026-04-25T11:30:00.0000000Z,5
103863,140,2026-04-25T12:00:00.0000000Z,759,1925,2,1,H,0.470636,0.270629,0.258735,H,1,0.753670,0.420410,formax-outcome-4.0,6d861e191d14ee4741a5969b1d2ffbfc,2026-04-25T12:00:00.0000000Z,5
53883,61,2026-04-25T13:00:00.0000000Z,3589,1815,3,2,H,0.604480,0.236735,0.158785,H,1,0.503387,0.237693,formax-outcome-4.0,6d861e191d14ee4741a5969b1d2ffbfc,2026-04-25T13:00:00.0000000Z,5
106996,135,2026-04-25T13:00:00.0000000Z,3648,1838,1,0,H,0.515063,0.275121,0.209816,H,1,0.663466,0.354878,formax-outcome-4.0,6d861e191d14ee4741a5969b1d2ffbfc,2026-04-25T13:00:00.0000000Z,5
20283,78,2026-04-25T13:30:00.0000000Z,1281,1328,3,4,A,0.092587,0.145569,0.761843,A,1,0.272014,0.086481,formax-outcome-4.0,6d861e191d14ee4741a5969b1d2ffbfc,2026-04-25T13:30:00.0000000Z,5
72539,78,2026-04-25T13:30:00.0000000Z,1109,4472,1,1,D,0.374631,0.258130,0.367239,H,0,1.354291,0.825583,formax-outcome-4.0,6d861e191d14ee4741a5969b1d2ffbfc,2026-04-25T13:30:00.0000000Z,5
101956,78,2026-04-25T13:30:00.0000000Z,5353,1051,0,0,D,0.405308,0.241167,0.353525,H,0,1.422266,0.865082,formax-outcome-4.0,6d861e191d14ee4741a5969b1d2ffbfc,2026-04-25T13:30:00.0000000Z,5
102118,78,2026-04-25T13:30:00.0000000Z,5078,1260,1,2,A,0.221932,0.221773,0.556295,A,1,0.586457,0.295311,formax-outcome-4.0,6d861e191d14ee4741a5969b1d2ffbfc,2026-04-25T13:30:00.0000000Z,5
107136,78,2026-04-25T13:30:00.0000000Z,4330,4528,2,0,H,0.431546,0.253807,0.314647,H,1,0.840381,0.486560,formax-outcome-4.0,6d861e191d14ee4741a5969b1d2ffbfc,2026-04-25T13:30:00.0000000Z,5
16495,40,2026-04-25T14:00:00.0000000Z,1490,1053,2,1,H,0.446155,0.277280,0.276565,H,1,0.807089,0.460116,formax-outcome-4.0,6d861e191d14ee4741a5969b1d2ffbfc,2026-04-25T14:00:00.0000000Z,5
29582,203,2026-04-25T14:00:00.0000000Z,6025,1845,2,0,H,0.262538,0.260012,0.477449,A,0,1.337359,0.839414,formax-outcome-4.0,6d861e191d14ee4741a5969b1d2ffbfc,2026-04-25T14:00:00.0000000Z,5
71185,39,2026-04-25T14:00:00.0000000Z,2751,1482,2,1,H,0.319498,0.289602,0.390900,A,0,1.141004,0.699755,formax-outcome-4.0,6d861e191d14ee4741a5969b1d2ffbfc,2026-04-25T14:00:00.0000000Z,5
99458,39,2026-04-25T14:00:00.0000000Z,1829,2355,0,1,A,0.364734,0.271593,0.363673,H,0,1.011502,0.611707,formax-outcome-4.0,6d861e191d14ee4741a5969b1d2ffbfc,2026-04-25T14:00:00.0000000Z,5
101655,40,2026-04-25T14:00:00.0000000Z,1460,1499,2,3,A,0.543925,0.244109,0.211965,H,0,1.551333,0.976443,formax-outcome-4.0,6d861e191d14ee4741a5969b1d2ffbfc,2026-04-25T14:00:00.0000000Z,5
102235,40,2026-04-25T14:00:00.0000000Z,1502,3380,2,3,A,0.326505,0.268250,0.405245,A,1,0.903263,0.532297,formax-outcome-4.0,6d861e191d14ee4741a5969b1d2ffbfc,2026-04-25T14:00:00.0000000Z,5
102475,40,2026-04-25T14:00:00.0000000Z,3483,1654,1,3,A,0.423539,0.278830,0.297630,H,0,1.211903,0.750455,formax-outcome-4.0,6d861e191d14ee4741a5969b1d2ffbfc,2026-04-25T14:00:00.0000000Z,5
102622,40,2026-04-25T14:00:00.0000000Z,4379,3467,1,1,D,0.523774,0.251258,0.224968,H,0,1.381277,0.885565,formax-outcome-4.0,6d861e191d14ee4741a5969b1d2ffbfc,2026-04-25T14:00:00.0000000Z,5
106312,39,2026-04-25T14:00:00.0000000Z,2208,1486,3,1,H,0.477766,0.278897,0.243337,H,1,0.738634,0.409725,formax-outcome-4.0,6d861e191d14ee4741a5969b1d2ffbfc,2026-04-25T14:00:00.0000000Z,5
107516,40,2026-04-25T14:00:00.0000000Z,1476,4169,4,1,H,0.547736,0.266808,0.185456,H,1,0.601962,0.310124,formax-outcome-4.0,6d861e191d14ee4741a5969b1d2ffbfc,2026-04-25T14:00:00.0000000Z,5
15453,140,2026-04-25T14:15:00.0000000Z,1914,4005,0,2,A,0.236874,0.278820,0.484306,A,1,0.725039,0.399790,formax-outcome-4.0,6d861e191d14ee4741a5969b1d2ffbfc,2026-04-25T14:15:00.0000000Z,5
104466,88,2026-04-25T14:30:00.0000000Z,2516,1301,3,1,H,0.595191,0.224523,0.180286,H,1,0.518873,0.246784,formax-outcome-4.0,6d861e191d14ee4741a5969b1d2ffbfc,2026-04-25T14:30:00.0000000Z,5
107449,135,2026-04-25T16:00:00.0000000Z,1520,2799,0,2,A,0.292440,0.280489,0.427071,A,1,0.850805,0.492443,formax-outcome-4.0,6d861e191d14ee4741a5969b1d2ffbfc,2026-04-25T16:00:00.0000000Z,5
71076,39,2026-04-25T16:30:00.0000000Z,4559,1013,1,0,H,0.598273,0.233870,0.167857,H,1,0.513708,0.244256,formax-outcome-4.0,6d861e191d14ee4741a5969b1d2ffbfc,2026-04-25T16:30:00.0000000Z,5
105201,140,2026-04-25T16:30:00.0000000Z,2030,758,2,1,H,0.480691,0.271897,0.247412,H,1,0.732531,0.404823,formax-outcome-4.0,6d861e191d14ee4741a5969b1d2ffbfc,2026-04-25T16:30:00.0000000Z,5
104240,88,2026-04-25T16:45:00.0000000Z,990,1079,2,1,H,0.664631,0.193136,0.142233,H,1,0.408524,0.170005,formax-outcome-4.0,6d861e191d14ee4741a5969b1d2ffbfc,2026-04-25T16:45:00.0000000Z,5
103262,61,2026-04-25T17:00:00.0000000Z,1257,5284,0,3,A,0.077108,0.160567,0.762325,A,1,0.271383,0.088217,formax-outcome-4.0,6d861e191d14ee4741a5969b1d2ffbfc,2026-04-25T17:00:00.0000000Z,5
105695,203,2026-04-25T17:00:00.0000000Z,2549,5867,2,0,H,0.667904,0.208557,0.123539,H,1,0.403611,0.169046,formax-outcome-4.0,6d861e191d14ee4741a5969b1d2ffbfc,2026-04-25T17:00:00.0000000Z,5
15643,88,2026-04-25T18:00:00.0000000Z,1378,2530,0,2,A,0.263142,0.254675,0.482183,A,1,0.729432,0.402238,formax-outcome-4.0,6d861e191d14ee4741a5969b1d2ffbfc,2026-04-25T18:00:00.0000000Z,5
105425,135,2026-04-25T18:45:00.0000000Z,1719,1584,0,0,D,0.341453,0.317747,0.340800,H,0,1.146499,0.698203,formax-outcome-4.0,6d861e191d14ee4741a5969b1d2ffbfc,2026-04-25T18:45:00.0000000Z,5
15910,88,2026-04-25T19:00:00.0000000Z,3707,1080,1,1,D,0.564612,0.226540,0.208848,H,0,1.484835,0.960645,formax-outcome-4.0,6d861e191d14ee4741a5969b1d2ffbfc,2026-04-25T19:00:00.0000000Z,5
105871,140,2026-04-25T19:00:00.0000000Z,4267,1906,3,2,H,0.677327,0.201376,0.121297,H,1,0.389602,0.159384,formax-outcome-4.0,6d861e191d14ee4741a5969b1d2ffbfc,2026-04-25T19:00:00.0000000Z,5
15601,61,2026-04-25T19:05:00.0000000Z,1872,2085,2,2,D,0.318663,0.256327,0.425010,A,0,1.361299,0.835228,formax-outcome-4.0,6d861e191d14ee4741a5969b1d2ffbfc,2026-04-25T19:05:00.0000000Z,5
103784,88,2026-04-26T10:15:00.0000000Z,4124,4678,5,0,H,0.329718,0.273336,0.396946,A,0,1.109517,0.681556,formax-outcome-4.0,6d861e191d14ee4741a5969b1d2ffbfc,2026-04-26T10:15:00.0000000Z,5
15371,135,2026-04-26T10:30:00.0000000Z,1503,3903,0,0,D,0.472507,0.270456,0.257037,H,0,1.307646,0.821565,formax-outcome-4.0,6d861e191d14ee4741a5969b1d2ffbfc,2026-04-26T10:30:00.0000000Z,5
98241,40,2026-04-26T11:00:00.0000000Z,5841,2268,3,1,H,0.581156,0.219392,0.199451,H,1,0.542735,0.263344,formax-outcome-4.0,6d861e191d14ee4741a5969b1d2ffbfc,2026-04-26T11:00:00.0000000Z,5
104214,203,2026-04-26T11:30:00.0000000Z,6848,6988,1,0,H,0.439893,0.298345,0.261762,H,1,0.821224,0.471249,formax-outcome-4.0,6d861e191d14ee4741a5969b1d2ffbfc,2026-04-26T11:30:00.0000000Z,5
101748,140,2026-04-26T12:00:00.0000000Z,2517,1830,3,3,D,0.504591,0.256445,0.238964,H,0,1.360842,0.864591,formax-outcome-4.0,6d861e191d14ee4741a5969b1d2ffbfc,2026-04-26T12:00:00.0000000Z,5
104872,61,2026-04-26T13:00:00.0000000Z,1666,1911,2,3,A,0.338659,0.262000,0.399341,A,1,0.917939,0.544125,formax-outcome-4.0,6d861e191d14ee4741a5969b1d2ffbfc,2026-04-26T13:00:00.0000000Z,5
106544,135,2026-04-26T13:00:00.0000000Z,1649,5356,0,2,A,0.238553,0.271192,0.490256,A,1,0.712828,0.390292,formax-outcome-4.0,6d861e191d14ee4741a5969b1d2ffbfc,2026-04-26T13:00:00.0000000Z,5
101557,78,2026-04-26T13:30:00.0000000Z,1278,966,1,1,D,0.579442,0.216673,0.203885,H,0,1.529367,0.990924,formax-outcome-4.0,6d861e191d14ee4741a5969b1d2ffbfc,2026-04-26T13:30:00.0000000Z,5
105750,140,2026-04-26T14:15:00.0000000Z,1944,3447,1,2,A,0.441071,0.272570,0.286359,H,0,1.250510,0.778122,formax-outcome-4.0,6d861e191d14ee4741a5969b1d2ffbfc,2026-04-26T14:15:00.0000000Z,5
60885,61,2026-04-26T15:15:00.0000000Z,4292,4470,0,1,A,0.334158,0.275583,0.390260,A,1,0.940943,0.559390,formax-outcome-4.0,6d861e191d14ee4741a5969b1d2ffbfc,2026-04-26T15:15:00.0000000Z,5
107228,61,2026-04-26T15:15:00.0000000Z,1823,1078,4,4,D,0.496336,0.254366,0.249298,H,0,1.368981,0.864469,formax-outcome-4.0,6d861e191d14ee4741a5969b1d2ffbfc,2026-04-26T15:15:00.0000000Z,5
107378,61,2026-04-26T15:15:00.0000000Z,1781,1668,2,1,H,0.664510,0.196930,0.138561,H,1,0.408706,0.170534,formax-outcome-4.0,6d861e191d14ee4741a5969b1d2ffbfc,2026-04-26T15:15:00.0000000Z,5
106054,78,2026-04-26T15:30:00.0000000Z,989,5685,4,0,H,0.523043,0.234848,0.242109,H,1,0.648092,0.341259,formax-outcome-4.0,6d861e191d14ee4741a5969b1d2ffbfc,2026-04-26T15:30:00.0000000Z,5
7932,135,2026-04-26T16:00:00.0000000Z,1652,2685,2,2,D,0.111133,0.194359,0.694508,A,0,1.638048,1.143749,formax-outcome-4.0,6d861e191d14ee4741a5969b1d2ffbfc,2026-04-26T16:00:00.0000000Z,5
104396,140,2026-04-26T16:30:00.0000000Z,3599,3049,2,1,H,0.596176,0.227239,0.176585,H,1,0.517219,0.245893,formax-outcome-4.0,6d861e191d14ee4741a5969b1d2ffbfc,2026-04-26T16:30:00.0000000Z,5
42757,203,2026-04-26T17:00:00.0000000Z,3309,3588,3,0,H,0.522877,0.256905,0.220218,H,1,0.648409,0.342142,formax-outcome-4.0,6d861e191d14ee4741a5969b1d2ffbfc,2026-04-26T17:00:00.0000000Z,5
7894,135,2026-04-26T18:45:00.0000000Z,1488,2013,0,0,D,0.313044,0.295372,0.391584,A,0,1.219521,0.747836,formax-outcome-4.0,6d861e191d14ee4741a5969b1d2ffbfc,2026-04-26T18:45:00.0000000Z,5
106158,61,2026-04-26T18:45:00.0000000Z,5071,3851,1,1,D,0.618356,0.204774,0.176870,H,0,1.585848,1.046032,formax-outcome-4.0,6d861e191d14ee4741a5969b1d2ffbfc,2026-04-26T18:45:00.0000000Z,5
104805,140,2026-04-26T19:00:00.0000000Z,1776,1904,2,1,H,0.526036,0.240827,0.233137,H,1,0.642386,0.336993,formax-outcome-4.0,6d861e191d14ee4741a5969b1d2ffbfc,2026-04-26T19:00:00.0000000Z,5
104159,203,2026-04-27T14:00:00.0000000Z,6847,1176,2,3,A,0.462931,0.277359,0.259710,H,0,1.348191,0.839263,formax-outcome-4.0,6d861e191d14ee4741a5969b1d2ffbfc,2026-04-27T14:00:00.0000000Z,5
105985,135,2026-04-27T16:30:00.0000000Z,3394,4702,3,2,H,0.207998,0.276764,0.515238,A,0,1.570225,0.969335,formax-outcome-4.0,6d861e191d14ee4741a5969b1d2ffbfc,2026-04-27T16:30:00.0000000Z,5
82467,203,2026-04-27T17:00:00.0000000Z,3673,6019,0,0,D,0.856841,0.101672,0.041487,H,0,2.285999,1.542890,formax-outcome-4.0,6d861e191d14ee4741a5969b1d2ffbfc,2026-04-27T17:00:00.0000000Z,5
103341,203,2026-04-27T17:00:00.0000000Z,1717,5068,2,1,H,0.376027,0.275502,0.348471,H,1,0.978094,0.586675,formax-outcome-4.0,6d861e191d14ee4741a5969b1d2ffbfc,2026-04-27T17:00:00.0000000Z,5
29655,135,2026-04-27T18:45:00.0000000Z,2837,3405,3,3,D,0.441693,0.302227,0.256081,H,0,1.196578,0.747557,formax-outcome-4.0,6d861e191d14ee4741a5969b1d2ffbfc,2026-04-27T18:45:00.0000000Z,5
102925,39,2026-04-27T19:00:00.0000000Z,4266,5807,2,1,H,0.452568,0.266169,0.281263,H,1,0.792817,0.449636,formax-outcome-4.0,6d861e191d14ee4741a5969b1d2ffbfc,2026-04-27T19:00:00.0000000Z,5
105260,140,2026-04-27T19:00:00.0000000Z,762,2383,0,0,D,0.507685,0.255647,0.236668,H,0,1.363958,0.867817,formax-outcome-4.0,6d861e191d14ee4741a5969b1d2ffbfc,2026-04-27T19:00:00.0000000Z,5
104682,40,2026-04-28T18:45:00.0000000Z,4290,3598,2,2,D,0.488516,0.246665,0.264819,H,0,1.399726,0.876291,formax-outcome-4.0,6d861e191d14ee4741a5969b1d2ffbfc,2026-04-28T18:45:00.0000000Z,5
20282,2,2026-04-28T19:00:00.0000000Z,5284,1328,5,4,H,0.466101,0.219384,0.314515,H,1,0.763352,0.432097,formax-outcome-4.0,6d861e191d14ee4741a5969b1d2ffbfc,2026-04-28T19:00:00.0000000Z,5
105870,2,2026-04-29T19:00:00.0000000Z,4267,4559,1,1,D,0.266772,0.229708,0.503521,A,0,1.470948,0.918051,formax-outcome-4.0,6d861e191d14ee4741a5969b1d2ffbfc,2026-04-29T19:00:00.0000000Z,5
16395,3,2026-04-30T19:00:00.0000000Z,3710,5685,2,1,H,0.574444,0.236360,0.189197,H,1,0.554353,0.272760,formax-outcome-4.0,6d861e191d14ee4741a5969b1d2ffbfc,2026-04-30T19:00:00.0000000Z,5
20356,3,2026-04-30T19:00:00.0000000Z,2480,2109,1,0,H,0.468680,0.263890,0.267429,H,1,0.757834,0.423457,formax-outcome-4.0,6d861e191d14ee4741a5969b1d2ffbfc,2026-04-30T19:00:00.0000000Z,5
104317,848,2026-04-30T19:00:00.0000000Z,2517,1911,1,0,H,0.376423,0.280126,0.343451,H,1,0.977041,0.585277,formax-outcome-4.0,6d861e191d14ee4741a5969b1d2ffbfc,2026-04-30T19:00:00.0000000Z,5
103340,203,2026-05-01T14:00:00.0000000Z,1845,1717,3,2,H,0.463731,0.270476,0.265793,H,1,0.768450,0.431387,formax-outcome-4.0,6d861e191d14ee4741a5969b1d2ffbfc,2026-05-01T14:00:00.0000000Z,5
82466,203,2026-05-01T17:00:00.0000000Z,4926,3673,0,2,A,0.254543,0.255371,0.490086,A,1,0.713175,0.390019,formax-outcome-4.0,6d861e191d14ee4741a5969b1d2ffbfc,2026-05-01T17:00:00.0000000Z,5
105776,135,2026-05-01T18:45:00.0000000Z,1838,1584,1,2,A,0.355468,0.310130,0.334402,H,0,1.095411,0.665559,formax-outcome-4.0,6d861e191d14ee4741a5969b1d2ffbfc,2026-05-01T18:45:00.0000000Z,5
104943,39,2026-05-01T19:00:00.0000000Z,2269,2531,3,1,H,0.607078,0.232651,0.160271,H,1,0.499098,0.234201,formax-outcome-4.0,6d861e191d14ee4741a5969b1d2ffbfc,2026-05-01T19:00:00.0000000Z,5
105200,140,2026-05-01T19:00:00.0000000Z,758,1925,0,1,A,0.464662,0.270468,0.264870,H,0,1.328517,0.829480,formax-outcome-4.0,6d861e191d14ee4741a5969b1d2ffbfc,2026-05-01T19:00:00.0000000Z,5
16494,40,2026-05-02T11:30:00.0000000Z,1053,3483,2,0,H,0.469780,0.260964,0.269256,H,1,0.755490,0.421734,formax-outcome-4.0,6d861e191d14ee4741a5969b1d2ffbfc,2026-05-02T11:30:00.0000000Z,5
98240,40,2026-05-02T11:30:00.0000000Z,1253,5841,0,4,A,0.170034,0.213867,0.616099,A,1,0.484347,0.222030,formax-outcome-4.0,6d861e191d14ee4741a5969b1d2ffbfc,2026-05-02T11:30:00.0000000Z,5
99560,40,2026-05-02T11:30:00.0000000Z,1912,1910,0,1,A,0.385518,0.278266,0.336216,H,0,1.090002,0.666666,formax-outcome-4.0,6d861e191d14ee4741a5969b1d2ffbfc,2026-05-02T11:30:00.0000000Z,5
101654,40,2026-05-02T11:30:00.0000000Z,1499,4290,1,3,A,0.174847,0.211461,0.613692,A,1,0.488261,0.224521,formax-outcome-4.0,6d861e191d14ee4741a5969b1d2ffbfc,2026-05-02T11:30:00.0000000Z,5
102182,40,2026-05-02T11:30:00.0000000Z,3467,1452,3,1,H,0.491830,0.259877,0.248293,H,1,0.709623,0.387423,formax-outcome-4.0,6d861e191d14ee4741a5969b1d2ffbfc,2026-05-02T11:30:00.0000000Z,5
102234,40,2026-05-02T11:30:00.0000000Z,3598,1502,3,0,H,0.691725,0.181372,0.126904,H,1,0.368567,0.144034,formax-outcome-4.0,6d861e191d14ee4741a5969b1d2ffbfc,2026-05-02T11:30:00.0000000Z,5
102322,40,2026-05-02T11:30:00.0000000Z,1511,1476,2,0,H,0.596808,0.233993,0.169199,H,1,0.516160,0.245945,formax-outcome-4.0,6d861e191d14ee4741a5969b1d2ffbfc,2026-05-02T11:30:00.0000000Z,5
102398,40,2026-05-02T11:30:00.0000000Z,4169,1531,2,1,H,0.192252,0.249074,0.558675,A,0,1.648951,1.026613,formax-outcome-4.0,6d861e191d14ee4741a5969b1d2ffbfc,2026-05-02T11:30:00.0000000Z,5
102474,40,2026-05-02T11:30:00.0000000Z,1654,1490,1,1,D,0.376745,0.267060,0.356196,H,0,1.320283,0.806013,formax-outcome-4.0,6d861e191d14ee4741a5969b1d2ffbfc,2026-05-02T11:30:00.0000000Z,5
102544,40,2026-05-02T11:30:00.0000000Z,3380,1460,1,2,A,0.486400,0.243189,0.270411,H,0,1.307813,0.828026,formax-outcome-4.0,6d861e191d14ee4741a5969b1d2ffbfc,2026-05-02T11:30:00.0000000Z,5
102741,40,2026-05-02T11:30:00.0000000Z,1718,4379,2,1,H,0.333096,0.258313,0.408591,A,0,1.099326,0.678434,formax-outcome-4.0,6d861e191d14ee4741a5969b1d2ffbfc,2026-05-02T11:30:00.0000000Z,5
102794,40,2026-05-02T11:30:00.0000000Z,2268,4380,2,2,D,0.345744,0.252388,0.401869,A,0,1.376789,0.839961,formax-outcome-4.0,6d861e191d14ee4741a5969b1d2ffbfc,2026-05-02T11:30:00.0000000Z,5
104804,140,2026-05-02T12:00:00.0000000Z,1776,2383,5,1,H,0.641748,0.214296,0.143955,H,1,0.443559,0.194990,formax-outcome-4.0,6d861e191d14ee4741a5969b1d2ffbfc,2026-05-02T12:00:00.0000000Z,5
106157,61,2026-05-02T13:00:00.0000000Z,1668,5071,3,0,H,0.227871,0.238827,0.533302,A,0,1.478976,0.937633,formax-outcome-4.0,6d861e191d14ee4741a5969b1d2ffbfc,2026-05-02T13:00:00.0000000Z,5
107345,135,2026-05-02T13:00:00.0000000Z,3405,1652,2,0,H,0.477830,0.271150,0.251019,H,1,0.738499,0.409194,formax-outcome-4.0,6d861e191d14ee4741a5969b1d2ffbfc,2026-05-02T13:00:00.0000000Z,5
20281,78,2026-05-02T13:30:00.0000000Z,1328,4330,3,3,D,0.914326,0.059477,0.026198,H,0,2.822172,1.721262,formax-outcome-4.0,6d861e191d14ee4741a5969b1d2ffbfc,2026-05-02T13:30:00.0000000Z,5
72538,78,2026-05-02T13:30:00.0000000Z,4472,4469,1,2,A,0.500084,0.239389,0.260527,H,0,1.345049,0.854212,formax-outcome-4.0,6d861e191d14ee4741a5969b1d2ffbfc,2026-05-02T13:30:00.0000000Z,5
101556,78,2026-05-02T13:30:00.0000000Z,966,1109,1,3,A,0.404829,0.268857,0.326315,H,0,1.119893,0.690022,formax-outcome-4.0,6d861e191d14ee4741a5969b1d2ffbfc,2026-05-02T13:30:00.0000000Z,5
71075,39,2026-05-02T14:00:00.0000000Z,1013,873,3,1,H,0.347228,0.271945,0.380827,A,0,1.057774,0.645095,formax-outcome-4.0,6d861e191d14ee4741a5969b1d2ffbfc,2026-05-02T14:00:00.0000000Z,5
99457,39,2026-05-02T14:00:00.0000000Z,1829,2209,1,1,D,0.463312,0.283913,0.252775,H,0,1.259087,0.791334,formax-outcome-4.0,6d861e191d14ee4741a5969b1d2ffbfc,2026-05-02T14:00:00.0000000Z,5
102924,39,2026-05-02T14:00:00.0000000Z,5807,2751,3,0,H,0.479039,0.265779,0.255182,H,1,0.735973,0.407156,formax-outcome-4.0,6d861e191d14ee4741a5969b1d2ffbfc,2026-05-02T14:00:00.0000000Z,5
105869,140,2026-05-02T14:15:00.0000000Z,2030,4267,0,2,A,0.288249,0.263256,0.448495,A,1,0.801858,0.456549,formax-outcome-4.0,6d861e191d14ee4741a5969b1d2ffbfc,2026-05-02T14:15:00.0000000Z,5
103783,88,2026-05-02T14:30:00.0000000Z,4678,1378,2,0,H,0.743651,0.165676,0.090673,H,1,0.296183,0.101385,formax-outcome-4.0,6d861e191d14ee4741a5969b1d2ffbfc,2026-05-02T14:30:00.0000000Z,5
106804,61,2026-05-02T15:00:00.0000000Z,5284,1666,2,2,D,0.798632,0.130405,0.070963,H,0,2.037107,1.399043,formax-outcome-4.0,6d861e191d14ee4741a5969b1d2ffbfc,2026-05-02T15:00:00.0000000Z,5
106543,135,2026-05-02T16:00:00.0000000Z,5356,2845,0,0,D,0.488077,0.268873,0.243050,H,0,1.313516,0.831839,formax-outcome-4.0,6d861e191d14ee4741a5969b1d2ffbfc,2026-05-02T16:00:00.0000000Z,5
101874,78,2026-05-02T16:30:00.0000000Z,1260,821,4,1,H,0.470616,0.244650,0.284734,H,1,0.753714,0.421175,formax-outcome-4.0,6d861e191d14ee4741a5969b1d2ffbfc,2026-05-02T16:30:00.0000000Z,5
103862,140,2026-05-02T16:30:00.0000000Z,759,1906,2,4,A,0.447655,0.270485,0.281859,H,0,1.266348,0.789284,formax-outcome-4.0,6d861e191d14ee4741a5969b1d2ffbfc,2026-05-02T16:30:00.0000000Z,5
106473,39,2026-05-02T16:30:00.0000000Z,4559,4928,3,0,H,0.627947,0.234631,0.137421,H,1,0.465299,0.212360,formax-outcome-4.0,6d861e191d14ee4741a5969b1d2ffbfc,2026-05-02T16:30:00.0000000Z,5
104053,88,2026-05-02T16:45:00.0000000Z,1301,4124,2,3,A,0.568995,0.238416,0.192589,H,0,1.647197,1.032510,formax-outcome-4.0,6d861e191d14ee4741a5969b1d2ffbfc,2026-05-02T16:45:00.0000000Z,5
15600,61,2026-05-02T17:00:00.0000000Z,1078,2085,1,2,A,0.179409,0.196723,0.623868,A,1,0.471816,0.212363,formax-outcome-4.0,6d861e191d14ee4741a5969b1d2ffbfc,2026-05-02T17:00:00.0000000Z,5
42756,203,2026-05-02T17:00:00.0000000Z,3588,3661,3,1,H,0.561624,0.240676,0.197699,H,1,0.576922,0.289184,formax-outcome-4.0,6d861e191d14ee4741a5969b1d2ffbfc,2026-05-02T17:00:00.0000000Z,5
98855,203,2026-05-02T17:00:00.0000000Z,1176,3309,4,1,H,0.284271,0.271099,0.444630,A,0,1.257826,0.783458,formax-outcome-4.0,6d861e191d14ee4741a5969b1d2ffbfc,2026-05-02T17:00:00.0000000Z,5
103565,203,2026-05-02T17:00:00.0000000Z,5068,2549,1,1,D,0.581991,0.235588,0.182421,H,0,1.445669,0.956316,formax-outcome-4.0,6d861e191d14ee4741a5969b1d2ffbfc,2026-05-02T17:00:00.0000000Z,5
15642,88,2026-05-02T18:00:00.0000000Z,2530,1775,2,2,D,0.447914,0.238814,0.313272,H,0,1.432070,0.878171,formax-outcome-4.0,6d861e191d14ee4741a5969b1d2ffbfc,2026-05-02T18:00:00.0000000Z,5
105984,135,2026-05-02T18:45:00.0000000Z,4702,1649,0,0,D,0.554584,0.254988,0.190428,H,0,1.366539,0.898869,formax-outcome-4.0,6d861e191d14ee4741a5969b1d2ffbfc,2026-05-02T18:45:00.0000000Z,5
38678,88,2026-05-02T19:00:00.0000000Z,1080,3539,1,1,D,0.623500,0.204609,0.171891,H,0,1.586652,1.050944,formax-outcome-4.0,6d861e191d14ee4741a5969b1d2ffbfc,2026-05-02T19:00:00.0000000Z,5
105611,140,2026-05-02T19:00:00.0000000Z,3599,4005,1,2,A,0.203917,0.232815,0.563268,A,1,0.574000,0.286520,formax-outcome-4.0,6d861e191d14ee4741a5969b1d2ffbfc,2026-05-02T19:00:00.0000000Z,5
107037,61,2026-05-02T19:05:00.0000000Z,3851,886,1,1,D,0.171063,0.205451,0.623486,A,0,1.582548,1.049306,formax-outcome-4.0,6d861e191d14ee4741a5969b1d2ffbfc,2026-05-02T19:05:00.0000000Z,5
104781,88,2026-05-03T10:15:00.0000000Z,4677,990,0,2,A,0.392554,0.268256,0.339190,H,0,1.081195,0.662730,formax-outcome-4.0,6d861e191d14ee4741a5969b1d2ffbfc,2026-05-03T10:15:00.0000000Z,5
106949,135,2026-05-03T10:30:00.0000000Z,1520,3394,0,0,D,0.467502,0.279677,0.252821,H,0,1.274119,0.801341,formax-outcome-4.0,6d861e191d14ee4741a5969b1d2ffbfc,2026-05-03T10:30:00.0000000Z,5
105564,140,2026-05-03T12:00:00.0000000Z,1904,3447,3,1,H,0.594942,0.221768,0.183290,H,1,0.519291,0.246848,formax-outcome-4.0,6d861e191d14ee4741a5969b1d2ffbfc,2026-05-03T12:00:00.0000000Z,5
104239,88,2026-05-03T12:30:00.0000000Z,1079,2516,1,2,A,0.323805,0.253692,0.422503,A,1,0.861559,0.502712,formax-outcome-4.0,6d861e191d14ee4741a5969b1d2ffbfc,2026-05-03T12:30:00.0000000Z,5
104635,88,2026-05-03T12:30:00.0000000Z,2612,4157,1,0,H,0.627439,0.202542,0.170019,H,1,0.466109,0.208731,formax-outcome-4.0,6d861e191d14ee4741a5969b1d2ffbfc,2026-05-03T12:30:00.0000000Z,5
7893,135,2026-05-03T13:00:00.0000000Z,3903,1488,2,0,H,0.282113,0.303914,0.413973,A,0,1.265448,0.779099,formax-outcome-4.0,6d861e191d14ee4741a5969b1d2ffbfc,2026-05-03T13:00:00.0000000Z,5
102845,61,2026-05-03T13:00:00.0000000Z,4470,1823,1,1,D,0.610746,0.230560,0.158695,H,0,1.467246,0.990233,formax-outcome-4.0,6d861e191d14ee4741a5969b1d2ffbfc,2026-05-03T13:00:00.0000000Z,5
106311,39,2026-05-03T13:00:00.0000000Z,3646,1486,3,0,H,0.470577,0.272858,0.256565,H,1,0.753796,0.420566,formax-outcome-4.0,6d861e191d14ee4741a5969b1d2ffbfc,2026-05-03T13:00:00.0000000Z,5
15452,140,2026-05-03T14:15:00.0000000Z,1914,2517,0,2,A,0.412057,0.297951,0.289991,H,0,1.237904,0.762678,formax-outcome-4.0,6d861e191d14ee4741a5969b1d2ffbfc,2026-05-03T14:15:00.0000000Z,5
103093,39,2026-05-03T14:30:00.0000000Z,4266,2208,3,2,H,0.437554,0.265331,0.297115,H,1,0.826555,0.475024,formax-outcome-4.0,6d861e191d14ee4741a5969b1d2ffbfc,2026-05-03T14:30:00.0000000Z,5
15909,88,2026-05-03T14:45:00.0000000Z,1271,3707,2,2,D,0.583183,0.229193,0.187624,H,0,1.473192,0.969449,formax-outcome-4.0,6d861e191d14ee4741a5969b1d2ffbfc,2026-05-03T14:45:00.0000000Z,5
97484,88,2026-05-03T14:45:00.0000000Z,1162,1580,2,2,D,0.400328,0.272387,0.327285,H,0,1.300530,0.796798,formax-outcome-4.0,6d861e191d14ee4741a5969b1d2ffbfc,2026-05-03T14:45:00.0000000Z,5
60433,61,2026-05-03T15:15:00.0000000Z,1815,1257,3,1,H,0.485499,0.275631,0.238870,H,1,0.722577,0.397742,formax-outcome-4.0,6d861e191d14ee4741a5969b1d2ffbfc,2026-05-03T15:15:00.0000000Z,5
60884,61,2026-05-03T15:15:00.0000000Z,4292,4558,4,0,H,0.479728,0.249230,0.271042,H,1,0.734535,0.406262,formax-outcome-4.0,6d861e191d14ee4741a5969b1d2ffbfc,2026-05-03T15:15:00.0000000Z,5
104871,61,2026-05-03T15:15:00.0000000Z,1911,1872,1,2,A,0.534523,0.236840,0.228637,H,0,1.475618,0.936808,formax-outcome-4.0,6d861e191d14ee4741a5969b1d2ffbfc,2026-05-03T15:15:00.0000000Z,5
101955,78,2026-05-03T15:30:00.0000000Z,1051,989,1,0,H,0.189522,0.213844,0.596634,A,0,1.663249,1.058575,formax-outcome-4.0,6d861e191d14ee4741a5969b1d2ffbfc,2026-05-03T15:30:00.0000000Z,5
8165,135,2026-05-03T16:00:00.0000000Z,2013,1719,1,1,D,0.799407,0.147016,0.053577,H,0,1.917212,1.369504,formax-outcome-4.0,6d861e191d14ee4741a5969b1d2ffbfc,2026-05-03T16:00:00.0000000Z,5
106218,140,2026-05-03T16:30:00.0000000Z,2033,1944,3,0,H,0.684588,0.193945,0.121467,H,1,0.378938,0.151854,formax-outcome-4.0,6d861e191d14ee4741a5969b1d2ffbfc,2026-05-03T16:30:00.0000000Z,5
29581,203,2026-05-03T17:00:00.0000000Z,6025,6991,1,1,D,0.412306,0.283928,0.303766,H,0,1.259035,0.775029,formax-outcome-4.0,6d861e191d14ee4741a5969b1d2ffbfc,2026-05-03T17:00:00.0000000Z,5
103488,203,2026-05-03T17:00:00.0000000Z,4226,6988,1,1,D,0.524336,0.266945,0.208719,H,0,1.320712,0.855861,formax-outcome-4.0,6d861e191d14ee4741a5969b1d2ffbfc,2026-05-03T17:00:00.0000000Z,5
104158,203,2026-05-03T17:00:00.0000000Z,5867,6847,0,0,D,0.348263,0.280439,0.371299,A,0,1.271400,0.776918,formax-outcome-4.0,6d861e191d14ee4741a5969b1d2ffbfc,2026-05-03T17:00:00.0000000Z,5
104213,203,2026-05-03T17:00:00.0000000Z,6019,6848,1,0,H,0.459328,0.279545,0.261127,H,1,0.777990,0.438658,formax-outcome-4.0,6d861e191d14ee4741a5969b1d2ffbfc,2026-05-03T17:00:00.0000000Z,5
106053,78,2026-05-03T17:30:00.0000000Z,5685,5353,1,1,D,0.599859,0.208461,0.191680,H,0,1.568003,1.023106,formax-outcome-4.0,6d861e191d14ee4741a5969b1d2ffbfc,2026-05-03T17:30:00.0000000Z,5
20355,39,2026-05-03T18:00:00.0000000Z,2109,2355,1,2,A,0.615124,0.221794,0.163082,H,0,1.813500,1.128001,formax-outcome-4.0,6d861e191d14ee4741a5969b1d2ffbfc,2026-05-03T18:00:00.0000000Z,5
7931,135,2026-05-03T18:45:00.0000000Z,2685,3648,2,0,H,0.760834,0.167752,0.071414,H,1,0.273340,0.090441,formax-outcome-4.0,6d861e191d14ee4741a5969b1d2ffbfc,2026-05-03T18:45:00.0000000Z,5
53882,61,2026-05-03T18:45:00.0000000Z,3589,1781,4,2,H,0.508496,0.238485,0.253019,H,1,0.676297,0.362469,formax-outcome-4.0,6d861e191d14ee4741a5969b1d2ffbfc,2026-05-03T18:45:00.0000000Z,5
105259,140,2026-05-03T19:00:00.0000000Z,762,4521,0,2,A,0.161522,0.216571,0.621907,A,1,0.474964,0.215946,formax-outcome-4.0,6d861e191d14ee4741a5969b1d2ffbfc,2026-05-03T19:00:00.0000000Z,5
8235,39,2026-05-04T14:00:00.0000000Z,3373,2480,1,3,A,0.389918,0.276775,0.333307,H,0,1.098691,0.673120,formax-outcome-4.0,6d861e191d14ee4741a5969b1d2ffbfc,2026-05-04T14:00:00.0000000Z,5
14108,135,2026-05-04T16:30:00.0000000Z,3558,2837,1,2,A,0.228559,0.295194,0.476247,A,1,0.741818,0.413695,formax-outcome-4.0,6d861e191d14ee4741a5969b1d2ffbfc,2026-05-04T16:30:00.0000000Z,5
15370,135,2026-05-04T18:45:00.0000000Z,2799,1503,4,0,H,0.549344,0.258275,0.192381,H,1,0.599030,0.306807,formax-outcome-4.0,6d861e191d14ee4741a5969b1d2ffbfc,2026-05-04T18:45:00.0000000Z,5
7997,39,2026-05-04T19:00:00.0000000Z,1482,4166,3,3,D,0.244655,0.277364,0.477981,A,0,1.282425,0.810525,formax-outcome-4.0,6d861e191d14ee4741a5969b1d2ffbfc,2026-05-04T19:00:00.0000000Z,5
101747,140,2026-05-04T19:00:00.0000000Z,3049,1830,1,0,H,0.354544,0.251055,0.394401,A,0,1.036923,0.635194,formax-outcome-4.0,6d861e191d14ee4741a5969b1d2ffbfc,2026-05-04T19:00:00.0000000Z,5
105868,2,2026-05-05T19:00:00.0000000Z,4559,4267,1,0,H,0.719895,0.164627,0.115478,H,1,0.328650,0.118896,formax-outcome-4.0,6d861e191d14ee4741a5969b1d2ffbfc,2026-05-05T19:00:00.0000000Z,5
20280,2,2026-05-06T19:00:00.0000000Z,1328,5284,1,1,D,0.549830,0.197752,0.252419,H,0,1.620744,1.009630,formax-outcome-4.0,6d861e191d14ee4741a5969b1d2ffbfc,2026-05-06T19:00:00.0000000Z,5
16393,3,2026-05-07T19:00:00.0000000Z,5685,3710,3,1,H,0.336437,0.276581,0.386983,A,0,1.089346,0.666569,formax-outcome-4.0,6d861e191d14ee4741a5969b1d2ffbfc,2026-05-07T19:00:00.0000000Z,5
20354,3,2026-05-07T19:00:00.0000000Z,2109,2480,4,0,H,0.382068,0.277678,0.340254,H,1,0.962157,0.574718,formax-outcome-4.0,6d861e191d14ee4741a5969b1d2ffbfc,2026-05-07T19:00:00.0000000Z,5
104316,848,2026-05-07T19:00:00.0000000Z,1911,2517,0,1,A,0.484947,0.269427,0.245626,H,0,1.403947,0.876845,formax-outcome-4.0,6d861e191d14ee4741a5969b1d2ffbfc,2026-05-07T19:00:00.0000000Z,5
72537,78,2026-05-08T18:30:00.0000000Z,989,4472,3,2,H,0.644981,0.195838,0.159181,H,1,0.438534,0.189729,formax-outcome-4.0,6d861e191d14ee4741a5969b1d2ffbfc,2026-05-08T18:30:00.0000000Z,5
107344,135,2026-05-08T18:45:00.0000000Z,1652,3903,2,1,H,0.340306,0.294342,0.365352,A,0,1.077910,0.655316,formax-outcome-4.0,6d861e191d14ee4741a5969b1d2ffbfc,2026-05-08T18:45:00.0000000Z,5
107528,61,2026-05-08T18:45:00.0000000Z,886,1668,1,0,H,0.710007,0.175622,0.114371,H,1,0.342480,0.128020,formax-outcome-4.0,6d861e191d14ee4741a5969b1d2ffbfc,2026-05-08T18:45:00.0000000Z,5
102321,40,2026-05-08T19:00:00.0000000Z,1718,1511,0,0,D,0.313167,0.261728,0.425105,A,0,1.340449,0.823833,formax-outcome-4.0,6d861e191d14ee4741a5969b1d2ffbfc,2026-05-08T19:00:00.0000000Z,5
105319,140,2026-05-08T19:00:00.0000000Z,2383,3599,3,2,H,0.322733,0.274606,0.402661,A,0,1.130930,0.696235,formax-outcome-4.0,6d861e191d14ee4741a5969b1d2ffbfc,2026-05-08T19:00:00.0000000Z,5
8234,39,2026-05-09T11:30:00.0000000Z,2208,3373,1,1,D,0.559342,0.232133,0.208525,H,0,1.460446,0.945967,formax-outcome-4.0,6d861e191d14ee4741a5969b1d2ffbfc,2026-05-09T11:30:00.0000000Z,6
102793,40,2026-05-09T11:30:00.0000000Z,4380,4290,0,0,D,0.316421,0.253182,0.430397,A,0,1.373646,0.843101,formax-outcome-4.0,6d861e191d14ee4741a5969b1d2ffbfc,2026-05-09T11:30:00.0000000Z,6
103861,140,2026-05-09T12:00:00.0000000Z,3447,759,1,1,D,0.432675,0.258003,0.309321,H,0,1.354783,0.833447,formax-outcome-4.0,6d861e191d14ee4741a5969b1d2ffbfc,2026-05-09T12:00:00.0000000Z,6
106948,135,2026-05-09T13:00:00.0000000Z,3394,3405,0,2,A,0.348237,0.299869,0.351894,A,1,1.044425,0.631232,formax-outcome-4.0,6d861e191d14ee4741a5969b1d2ffbfc,2026-05-09T13:00:00.0000000Z,6
101555,78,2026-05-09T13:30:00.0000000Z,3573,966,1,0,H,0.601597,0.203816,0.194586,H,1,0.508167,0.238130,formax-outcome-4.0,6d861e191d14ee4741a5969b1d2ffbfc,2026-05-09T13:30:00.0000000Z,6
101873,78,2026-05-09T13:30:00.0000000Z,821,4528,2,1,H,0.753847,0.154381,0.091772,H,1,0.282566,0.092847,formax-outcome-4.0,6d861e191d14ee4741a5969b1d2ffbfc,2026-05-09T13:30:00.0000000Z,6
101954,78,2026-05-09T13:30:00.0000000Z,1109,1051,3,1,H,0.452005,0.262592,0.285403,H,1,0.794062,0.450708,formax-outcome-4.0,6d861e191d14ee4741a5969b1d2ffbfc,2026-05-09T13:30:00.0000000Z,6
102117,78,2026-05-09T13:30:00.0000000Z,1278,1260,3,1,H,0.280368,0.237342,0.482290,A,0,1.271653,0.806806,formax-outcome-4.0,6d861e191d14ee4741a5969b1d2ffbfc,2026-05-09T13:30:00.0000000Z,6
99456,39,2026-05-09T14:00:00.0000000Z,873,1829,3,0,H,0.645340,0.212362,0.142298,H,1,0.437978,0.191130,formax-outcome-4.0,6d861e191d14ee4741a5969b1d2ffbfc,2026-05-09T14:00:00.0000000Z,6
103092,39,2026-05-09T14:00:00.0000000Z,2209,4266,0,0,D,0.175766,0.230964,0.593270,A,0,1.465493,0.974280,formax-outcome-4.0,6d861e191d14ee4741a5969b1d2ffbfc,2026-05-09T14:00:00.0000000Z,6
107192,39,2026-05-09T14:00:00.0000000Z,4928,3646,0,1,A,0.343604,0.270038,0.386358,A,1,0.950990,0.567540,formax-outcome-4.0,6d861e191d14ee4741a5969b1d2ffbfc,2026-05-09T14:00:00.0000000Z,6
104395,140,2026-05-09T14:15:00.0000000Z,3049,762,2,1,H,0.455596,0.265236,0.279167,H,1,0.786148,0.444660,formax-outcome-4.0,6d861e191d14ee4741a5969b1d2ffbfc,2026-05-09T14:15:00.0000000Z,6
7930,135,2026-05-09T16:00:00.0000000Z,2837,2685,0,3,A,0.223253,0.268672,0.508075,A,1,0.677126,0.364016,formax-outcome-4.0,6d861e191d14ee4741a5969b1d2ffbfc,2026-05-09T16:00:00.0000000Z,6
7996,39,2026-05-09T16:30:00.0000000Z,4166,5807,3,0,H,0.598852,0.231719,0.169429,H,1,0.512741,0.243320,formax-outcome-4.0,6d861e191d14ee4741a5969b1d2ffbfc,2026-05-09T16:30:00.0000000Z,6
20279,78,2026-05-09T16:30:00.0000000Z,5353,1328,0,1,A,0.086062,0.126147,0.787791,A,1,0.238523,0.068353,formax-outcome-4.0,6d861e191d14ee4741a5969b1d2ffbfc,2026-05-09T16:30:00.0000000Z,6
105563,140,2026-05-09T16:30:00.0000000Z,4267,1904,0,1,A,0.636163,0.208003,0.155834,H,0,1.858967,1.160586,formax-outcome-4.0,6d861e191d14ee4741a5969b1d2ffbfc,2026-05-09T16:30:00.0000000Z,6
29580,203,2026-05-09T17:00:00.0000000Z,6847,6025,3,1,H,0.673404,0.208619,0.117977,H,1,0.395410,0.164106,formax-outcome-4.0,6d861e191d14ee4741a5969b1d2ffbfc,2026-05-09T17:00:00.0000000Z,6
42755,203,2026-05-09T17:00:00.0000000Z,1717,3588,0,3,A,0.322835,0.282609,0.394556,A,1,0.929994,0.550653,formax-outcome-4.0,6d861e191d14ee4741a5969b1d2ffbfc,2026-05-09T17:00:00.0000000Z,6
82464,203,2026-05-09T17:00:00.0000000Z,3673,5068,1,2,A,0.547751,0.246020,0.206229,H,0,1.578768,0.990629,formax-outcome-4.0,6d861e191d14ee4741a5969b1d2ffbfc,2026-05-09T17:00:00.0000000Z,6
98854,203,2026-05-09T17:00:00.0000000Z,3309,5867,4,2,H,0.850087,0.109152,0.040761,H,1,0.162416,0.036050,formax-outcome-4.0,6d861e191d14ee4741a5969b1d2ffbfc,2026-05-09T17:00:00.0000000Z,6
103412,203,2026-05-09T17:00:00.0000000Z,6991,1845,4,0,H,0.395661,0.279223,0.325116,H,1,0.927198,0.548892,formax-outcome-4.0,6d861e191d14ee4741a5969b1d2ffbfc,2026-05-09T17:00:00.0000000Z,6
103487,203,2026-05-09T17:00:00.0000000Z,6848,4226,3,2,H,0.434686,0.286043,0.279270,H,1,0.833131,0.479392,formax-outcome-4.0,6d861e191d14ee4741a5969b1d2ffbfc,2026-05-09T17:00:00.0000000Z,6
104095,203,2026-05-09T17:00:00.0000000Z,2549,4926,2,1,H,0.661572,0.210189,0.128240,H,1,0.413137,0.175158,formax-outcome-4.0,6d861e191d14ee4741a5969b1d2ffbfc,2026-05-09T17:00:00.0000000Z,6
105052,203,2026-05-09T17:00:00.0000000Z,3661,1176,3,0,H,0.544336,0.246742,0.208922,H,1,0.608189,0.312160,formax-outcome-4.0,6d861e191d14ee4741a5969b1d2ffbfc,2026-05-09T17:00:00.0000000Z,6
105124,203,2026-05-09T17:00:00.0000000Z,6988,6019,0,1,A,0.518790,0.280455,0.200755,H,0,1.605672,0.986592,formax-outcome-4.0,6d861e191d14ee4741a5969b1d2ffbfc,2026-05-09T17:00:00.0000000Z,6
8164,135,2026-05-09T18:45:00.0000000Z,1584,2013,0,1,A,0.138788,0.249244,0.611968,A,1,0.491075,0.231953,formax-outcome-4.0,6d861e191d14ee4741a5969b1d2ffbfc,2026-05-09T18:45:00.0000000Z,6
101746,140,2026-05-09T19:00:00.0000000Z,1830,2033,2,2,D,0.365710,0.256190,0.378100,A,0,1.361836,0.829957,formax-outcome-4.0,6d861e191d14ee4741a5969b1d2ffbfc,2026-05-09T19:00:00.0000000Z,6
105424,135,2026-05-10T10:30:00.0000000Z,1719,5356,0,1,A,0.107423,0.212750,0.679828,A,1,0.385916,0.159312,formax-outcome-4.0,6d861e191d14ee4741a5969b1d2ffbfc,2026-05-10T10:30:00.0000000Z,6
104803,140,2026-05-10T12:00:00.0000000Z,1925,1776,1,1,D,0.334846,0.264428,0.400726,A,0,1.330187,0.813769,formax-outcome-4.0,6d861e191d14ee4741a5969b1d2ffbfc,2026-05-10T12:00:00.0000000Z,6
14107,135,2026-05-10T13:00:00.0000000Z,3558,1838,3,0,H,0.426590,0.296495,0.276915,H,1,0.851932,0.493390,formax-outcome-4.0,6d861e191d14ee4741a5969b1d2ffbfc,2026-05-10T13:00:00.0000000Z,6
15369,135,2026-05-10T13:00:00.0000000Z,1503,1649,0,0,D,0.418376,0.288689,0.292935,H,0,1.242406,0.766813,formax-outcome-4.0,6d861e191d14ee4741a5969b1d2ffbfc,2026-05-10T13:00:00.0000000Z,6
20353,39,2026-05-10T13:00:00.0000000Z,2531,2109,2,2,D,0.180506,0.235243,0.584251,A,0,1.447136,0.958785,formax-outcome-4.0,6d861e191d14ee4741a5969b1d2ffbfc,2026-05-10T13:00:00.0000000Z,6
71074,39,2026-05-10T13:00:00.0000000Z,2480,1013,1,1,D,0.494479,0.254395,0.251127,H,0,1.368868,0.863501,formax-outcome-4.0,6d861e191d14ee4741a5969b1d2ffbfc,2026-05-10T13:00:00.0000000Z,6
71184,39,2026-05-10T13:00:00.0000000Z,1486,1482,2,2,D,0.431579,0.284617,0.283804,H,0,1.256610,0.778577,formax-outcome-4.0,6d861e191d14ee4741a5969b1d2ffbfc,2026-05-10T13:00:00.0000000Z,6
106052,78,2026-05-10T13:30:00.0000000Z,4469,5685,3,2,H,0.365469,0.255806,0.378726,A,0,1.006575,0.611500,formax-outcome-4.0,6d861e191d14ee4741a5969b1d2ffbfc,2026-05-10T13:30:00.0000000Z,6
106117,140,2026-05-10T14:15:00.0000000Z,1906,2030,0,1,A,0.498320,0.258085,0.243595,H,0,1.412246,0.887078,formax-outcome-4.0,6d861e191d14ee4741a5969b1d2ffbfc,2026-05-10T14:15:00.0000000Z,6
15641,88,2026-05-10T14:45:00.0000000Z,2530,4678,1,2,A,0.571459,0.230558,0.197983,H,0,1.619576,1.022955,formax-outcome-4.0,6d861e191d14ee4741a5969b1d2ffbfc,2026-05-10T14:45:00.0000000Z,6
15908,88,2026-05-10T14:45:00.0000000Z,3707,1162,4,0,H,0.696704,0.186319,0.116977,H,1,0.361395,0.140387,formax-outcome-4.0,6d861e191d14ee4741a5969b1d2ffbfc,2026-05-10T14:45:00.0000000Z,6
38677,88,2026-05-10T14:45:00.0000000Z,1301,1080,2,1,H,0.398311,0.258638,0.343051,H,1,0.920523,0.546608,formax-outcome-4.0,6d861e191d14ee4741a5969b1d2ffbfc,2026-05-10T14:45:00.0000000Z,6
97851,88,2026-05-10T14:45:00.0000000Z,3539,4157,3,0,H,0.772633,0.144580,0.082788,H,1,0.257951,0.079453,formax-outcome-4.0,6d861e191d14ee4741a5969b1d2ffbfc,2026-05-10T14:45:00.0000000Z,6
103725,88,2026-05-10T14:45:00.0000000Z,2516,1271,1,1,D,0.423480,0.251799,0.324721,H,0,1.379123,0.844583,formax-outcome-4.0,6d861e191d14ee4741a5969b1d2ffbfc,2026-05-10T14:45:00.0000000Z,6
104000,88,2026-05-10T14:45:00.0000000Z,1580,1775,1,4,A,0.315968,0.241753,0.442278,A,1,0.815816,0.469334,formax-outcome-4.0,6d861e191d14ee4741a5969b1d2ffbfc,2026-05-10T14:45:00.0000000Z,6
104052,88,2026-05-10T14:45:00.0000000Z,4124,4677,1,1,D,0.597873,0.230306,0.171821,H,0,1.468348,0.979404,formax-outcome-4.0,6d861e191d14ee4741a5969b1d2ffbfc,2026-05-10T14:45:00.0000000Z,6
104238,88,2026-05-10T14:45:00.0000000Z,1079,2612,3,2,H,0.546795,0.233739,0.219465,H,1,0.603681,0.308194,formax-outcome-4.0,6d861e191d14ee4741a5969b1d2ffbfc,2026-05-10T14:45:00.0000000Z,6
104995,39,2026-05-10T15:30:00.0000000Z,2751,4559,0,1,A,0.189585,0.257835,0.552580,A,1,0.593157,0.302606,formax-outcome-4.0,6d861e191d14ee4741a5969b1d2ffbfc,2026-05-10T15:30:00.0000000Z,6
107135,78,2026-05-10T15:30:00.0000000Z,5078,4330,1,3,A,0.560478,0.216981,0.222541,H,0,1.502642,0.965658,formax-outcome-4.0,6d861e191d14ee4741a5969b1d2ffbfc,2026-05-10T15:30:00.0000000Z,6
106995,135,2026-05-10T16:00:00.0000000Z,3648,2799,2,3,A,0.174540,0.273007,0.552453,A,1,0.593387,0.305295,formax-outcome-4.0,6d861e191d14ee4741a5969b1d2ffbfc,2026-05-10T16:00:00.0000000Z,6
15451,140,2026-05-10T16:30:00.0000000Z,1944,1914,0,0,D,0.298204,0.306144,0.395653,A,0,1.183701,0.726903,formax-outcome-4.0,6d861e191d14ee4741a5969b1d2ffbfc,2026-05-10T16:30:00.0000000Z,6
7892,135,2026-05-10T18:45:00.0000000Z,1488,4702,2,3,A,0.383338,0.307133,0.309529,H,0,1.172704,0.718030,formax-outcome-4.0,6d861e191d14ee4741a5969b1d2ffbfc,2026-05-10T18:45:00.0000000Z,6
15599,61,2026-05-10T19:00:00.0000000Z,2085,4470,0,1,A,0.409367,0.263522,0.327112,H,0,1.117454,0.689804,formax-outcome-4.0,6d861e191d14ee4741a5969b1d2ffbfc,2026-05-10T19:00:00.0000000Z,6
53881,61,2026-05-10T19:00:00.0000000Z,1872,3589,2,1,H,0.277917,0.248920,0.473162,A,0,1.280432,0.807248,formax-outcome-4.0,6d861e191d14ee4741a5969b1d2ffbfc,2026-05-10T19:00:00.0000000Z,6
60432,61,2026-05-10T19:00:00.0000000Z,1815,3851,2,1,H,0.507926,0.252360,0.239713,H,1,0.677419,0.363285,formax-outcome-4.0,6d861e191d14ee4741a5969b1d2ffbfc,2026-05-10T19:00:00.0000000Z,6
60883,61,2026-05-10T19:00:00.0000000Z,1781,4292,2,1,H,0.468887,0.242648,0.288465,H,1,0.757394,0.424171,formax-outcome-4.0,6d861e191d14ee4741a5969b1d2ffbfc,2026-05-10T19:00:00.0000000Z,6
103261,61,2026-05-10T19:00:00.0000000Z,1257,1911,1,1,D,0.229680,0.251485,0.518836,A,0,1.380372,0.882218,formax-outcome-4.0,6d861e191d14ee4741a5969b1d2ffbfc,2026-05-10T19:00:00.0000000Z,6
106156,61,2026-05-10T19:00:00.0000000Z,1823,5071,0,1,A,0.336527,0.257987,0.405486,A,1,0.902670,0.533255,formax-outcome-4.0,6d861e191d14ee4741a5969b1d2ffbfc,2026-05-10T19:00:00.0000000Z,6
106803,61,2026-05-10T19:00:00.0000000Z,1078,1666,0,4,A,0.239262,0.227443,0.533295,A,1,0.628681,0.326791,formax-outcome-4.0,6d861e191d14ee4741a5969b1d2ffbfc,2026-05-10T19:00:00.0000000Z,6
107078,61,2026-05-10T19:00:00.0000000Z,5284,4558,1,0,H,0.868845,0.090183,0.040972,H,1,0.140590,0.027013,formax-outcome-4.0,6d861e191d14ee4741a5969b1d2ffbfc,2026-05-10T19:00:00.0000000Z,6
107121,140,2026-05-10T19:00:00.0000000Z,4005,4521,2,0,H,0.476153,0.254460,0.269388,H,1,0.742017,0.411735,formax-outcome-4.0,6d861e191d14ee4741a5969b1d2ffbfc,2026-05-10T19:00:00.0000000Z,6
104780,88,2026-05-11T12:30:00.0000000Z,1378,990,2,0,H,0.278317,0.254119,0.467564,A,0,1.278994,0.804018,formax-outcome-4.0,6d861e191d14ee4741a5969b1d2ffbfc,2026-05-11T12:30:00.0000000Z,6
106898,135,2026-05-11T18:45:00.0000000Z,2845,1520,2,3,A,0.536287,0.267411,0.196302,H,0,1.628099,1.005042,formax-outcome-4.0,6d861e191d14ee4741a5969b1d2ffbfc,2026-05-11T18:45:00.0000000Z,6
102320,40,2026-05-11T19:00:00.0000000Z,1511,1718,0,2,A,0.531523,0.252490,0.215987,H,0,1.532536,0.960944,formax-outcome-4.0,6d861e191d14ee4741a5969b1d2ffbfc,2026-05-11T19:00:00.0000000Z,6
104315,140,2026-05-11T19:00:00.0000000Z,2517,758,1,1,D,0.549790,0.258188,0.192021,H,0,1.354066,0.889426,formax-outcome-4.0,6d861e191d14ee4741a5969b1d2ffbfc,2026-05-11T19:00:00.0000000Z,6
106384,39,2026-05-11T19:00:00.0000000Z,2355,2269,1,1,D,0.383857,0.270466,0.345677,H,0,1.307609,0.799059,formax-outcome-4.0,6d861e191d14ee4741a5969b1d2ffbfc,2026-05-11T19:00:00.0000000Z,6
105318,140,2026-05-12T17:00:00.0000000Z,1904,2383,2,3,A,0.630100,0.217320,0.152579,H,0,1.880071,1.162376,formax-outcome-4.0,6d861e191d14ee4741a5969b1d2ffbfc,2026-05-12T17:00:00.0000000Z,6
105749,140,2026-05-12T18:00:00.0000000Z,2033,3447,2,1,H,0.650268,0.205770,0.143962,H,1,0.430371,0.185379,formax-outcome-4.0,6d861e191d14ee4741a5969b1d2ffbfc,2026-05-12T18:00:00.0000000Z,6
102792,40,2026-05-12T19:00:00.0000000Z,4290,4380,2,1,H,0.530677,0.244471,0.224852,H,1,0.633602,0.330589,formax-outcome-4.0,6d861e191d14ee4741a5969b1d2ffbfc,2026-05-12T19:00:00.0000000Z,6
105610,140,2026-05-12T19:30:00.0000000Z,3599,4267,1,2,A,0.277191,0.267711,0.455098,A,1,0.787243,0.445422,formax-outcome-4.0,6d861e191d14ee4741a5969b1d2ffbfc,2026-05-12T19:30:00.0000000Z,6
104394,140,2026-05-13T17:00:00.0000000Z,1776,3049,2,3,A,0.636474,0.209484,0.154042,H,0,1.870530,1.164627,formax-outcome-4.0,6d861e191d14ee4741a5969b1d2ffbfc,2026-05-13T17:00:00.0000000Z,6
104870,61,2026-05-13T17:00:00.0000000Z,4558,1911,1,2,A,0.309688,0.257493,0.432819,A,1,0.837435,0.483903,formax-outcome-4.0,6d861e191d14ee4741a5969b1d2ffbfc,2026-05-13T17:00:00.0000000Z,6
105258,140,2026-05-13T17:00:00.0000000Z,762,1906,2,0,H,0.352712,0.280088,0.367200,A,0,1.042104,0.632267,formax-outcome-4.0,6d861e191d14ee4741a5969b1d2ffbfc,2026-05-13T17:00:00.0000000Z,6
7995,39,2026-05-13T19:00:00.0000000Z,4166,1486,3,0,H,0.663721,0.209853,0.126426,H,1,0.409893,0.173105,formax-outcome-4.0,6d861e191d14ee4741a5969b1d2ffbfc,2026-05-13T19:00:00.0000000Z,6
107423,61,2026-05-13T19:00:00.0000000Z,886,5284,0,2,A,0.223153,0.238698,0.538149,A,1,0.619619,0.320080,formax-outcome-4.0,6d861e191d14ee4741a5969b1d2ffbfc,2026-05-13T19:00:00.0000000Z,6
15450,140,2026-05-13T19:30:00.0000000Z,1914,1925,3,1,H,0.408184,0.303353,0.288463,H,1,0.896037,0.525480,formax-outcome-4.0,6d861e191d14ee4741a5969b1d2ffbfc,2026-05-13T19:30:00.0000000Z,6
103860,140,2026-05-13T19:30:00.0000000Z,759,4005,1,0,H,0.129364,0.190650,0.679987,A,0,2.045127,1.256737,formax-outcome-4.0,6d861e191d14ee4741a5969b1d2ffbfc,2026-05-13T19:30:00.0000000Z,6
104314,140,2026-05-14T17:00:00.0000000Z,2030,2517,1,1,D,0.364516,0.287924,0.347561,H,0,1.245060,0.760723,formax-outcome-4.0,6d861e191d14ee4741a5969b1d2ffbfc,2026-05-14T17:00:00.0000000Z,6
101745,140,2026-05-14T18:00:00.0000000Z,758,1830,1,1,D,0.404202,0.266352,0.329446,H,0,1.322935,0.810153,formax-outcome-4.0,6d861e191d14ee4741a5969b1d2ffbfc,2026-05-14T18:00:00.0000000Z,6
106514,140,2026-05-14T19:30:00.0000000Z,4521,1944,2,0,H,0.830239,0.120994,0.048766,H,1,0.186042,0.045837,formax-outcome-4.0,6d861e191d14ee4741a5969b1d2ffbfc,2026-05-14T19:30:00.0000000Z,6
82463,203,2026-05-15T17:00:00.0000000Z,1845,3673,2,2,D,0.326107,0.262149,0.411744,A,0,1.338842,0.820303,formax-outcome-4.0,6d861e191d14ee4741a5969b1d2ffbfc,2026-05-15T17:00:00.0000000Z,6
20352,39,2026-05-15T19:00:00.0000000Z,2109,2208,4,2,H,0.417356,0.270651,0.311993,H,1,0.873815,0.510065,formax-outcome-4.0,6d861e191d14ee4741a5969b1d2ffbfc,2026-05-15T19:00:00.0000000Z,6
20278,78,2026-05-16T13:30:00.0000000Z,1328,5078,5,1,H,0.874444,0.081787,0.043769,H,1,0.134167,0.024369,formax-outcome-4.0,6d861e191d14ee4741a5969b1d2ffbfc,2026-05-16T13:30:00.0000000Z,6
72536,78,2026-05-16T13:30:00.0000000Z,4472,1278,2,2,D,0.367961,0.239692,0.392347,A,0,1.428401,0.867400,formax-outcome-4.0,6d861e191d14ee4741a5969b1d2ffbfc,2026-05-16T13:30:00.0000000Z,6
101554,78,2026-05-16T13:30:00.0000000Z,966,989,0,2,A,0.198560,0.220890,0.580549,A,1,0.543780,0.264157,formax-outcome-4.0,6d861e191d14ee4741a5969b1d2ffbfc,2026-05-16T13:30:00.0000000Z,6
101872,78,2026-05-16T13:30:00.0000000Z,5685,821,4,1,H,0.376704,0.245240,0.378056,A,0,0.976297,0.591568,formax-outcome-4.0,6d861e191d14ee4741a5969b1d2ffbfc,2026-05-16T13:30:00.0000000Z,6
101953,78,2026-05-16T13:30:00.0000000Z,1051,3573,4,0,H,0.336919,0.243595,0.419486,A,0,1.087912,0.674983,formax-outcome-4.0,6d861e191d14ee4741a5969b1d2ffbfc,2026-05-16T13:30:00.0000000Z,6
102116,78,2026-05-16T13:30:00.0000000Z,1260,4469,1,1,D,0.671133,0.188600,0.140266,H,0,1.668125,1.128464,formax-outcome-4.0,6d861e191d14ee4741a5969b1d2ffbfc,2026-05-16T13:30:00.0000000Z,6
107134,78,2026-05-16T13:30:00.0000000Z,4330,1281,0,2,A,0.347976,0.253499,0.398525,A,1,0.919984,0.547121,formax-outcome-4.0,6d861e191d14ee4741a5969b1d2ffbfc,2026-05-16T13:30:00.0000000Z,6
104157,203,2026-05-16T14:00:00.0000000Z,6019,6847,2,1,H,0.352653,0.282239,0.365108,A,0,1.042270,0.632021,formax-outcome-4.0,6d861e191d14ee4741a5969b1d2ffbfc,2026-05-16T14:00:00.0000000Z,6
104094,203,2026-05-16T17:00:00.0000000Z,4926,3661,1,2,A,0.262757,0.251350,0.485892,A,1,0.721768,0.396525,formax-outcome-4.0,6d861e191d14ee4741a5969b1d2ffbfc,2026-05-16T17:00:00.0000000Z,6
105672,203,2026-05-16T17:00:00.0000000Z,1176,2549,3,0,H,0.525541,0.252518,0.221940,H,1,0.643327,0.338134,formax-outcome-4.0,6d861e191d14ee4741a5969b1d2ffbfc,2026-05-16T17:00:00.0000000Z,6
7891,135,2026-05-17T10:00:00.0000000Z,1649,1488,1,2,A,0.290550,0.294321,0.415129,A,1,0.879166,0.513118,formax-outcome-4.0,6d861e191d14ee4741a5969b1d2ffbfc,2026-05-17T10:00:00.0000000Z,6
8163,135,2026-05-17T10:00:00.0000000Z,2013,1503,0,2,A,0.594227,0.239094,0.166679,H,0,1.791685,1.104695,formax-outcome-4.0,6d861e191d14ee4741a5969b1d2ffbfc,2026-05-17T10:00:00.0000000Z,6
29654,135,2026-05-17T10:00:00.0000000Z,2799,2837,2,0,H,0.565449,0.249752,0.184799,H,1,0.570135,0.285361,formax-outcome-4.0,6d861e191d14ee4741a5969b1d2ffbfc,2026-05-17T10:00:00.0000000Z,6
106542,135,2026-05-17T10:00:00.0000000Z,5356,3648,1,0,H,0.665924,0.216540,0.117536,H,1,0.406579,0.172311,formax-outcome-4.0,6d861e191d14ee4741a5969b1d2ffbfc,2026-05-17T10:00:00.0000000Z,6
106897,135,2026-05-17T10:00:00.0000000Z,1838,2845,0,3,A,0.124582,0.212032,0.663386,A,1,0.410398,0.173787,formax-outcome-4.0,6d861e191d14ee4741a5969b1d2ffbfc,2026-05-17T10:00:00.0000000Z,6
103091,39,2026-05-17T11:30:00.0000000Z,4266,2480,3,2,H,0.489235,0.257781,0.252984,H,1,0.714913,0.391333,formax-outcome-4.0,6d861e191d14ee4741a5969b1d2ffbfc,2026-05-17T11:30:00.0000000Z,6
15640,88,2026-05-17T12:30:00.0000000Z,990,2530,0,0,D,0.426796,0.252264,0.320940,H,0,1.377279,0.844266,formax-outcome-4.0,6d861e191d14ee4741a5969b1d2ffbfc,2026-05-17T12:30:00.0000000Z,6
15907,88,2026-05-17T12:30:00.0000000Z,1775,3707,5,1,H,0.632066,0.196661,0.171273,H,1,0.458762,0.203386,formax-outcome-4.0,6d861e191d14ee4741a5969b1d2ffbfc,2026-05-17T12:30:00.0000000Z,6
38676,88,2026-05-17T12:30:00.0000000Z,1080,1580,2,1,H,0.599375,0.215609,0.185016,H,1,0.511868,0.241219,formax-outcome-4.0,6d861e191d14ee4741a5969b1d2ffbfc,2026-05-17T12:30:00.0000000Z,6
97483,88,2026-05-17T12:30:00.0000000Z,1162,4124,2,3,A,0.429714,0.261219,0.309067,H,0,1.174198,0.730278,formax-outcome-4.0,6d861e191d14ee4741a5969b1d2ffbfc,2026-05-17T12:30:00.0000000Z,6
97850,88,2026-05-17T12:30:00.0000000Z,4677,3539,1,2,A,0.338442,0.273974,0.387584,A,1,0.947822,0.564658,formax-outcome-4.0,6d861e191d14ee4741a5969b1d2ffbfc,2026-05-17T12:30:00.0000000Z,6
103724,88,2026-05-17T12:30:00.0000000Z,1271,1378,3,3,D,0.823870,0.121003,0.055127,H,0,2.111938,1.454436,formax-outcome-4.0,6d861e191d14ee4741a5969b1d2ffbfc,2026-05-17T12:30:00.0000000Z,6
103782,88,2026-05-17T12:30:00.0000000Z,4678,1079,2,0,H,0.680488,0.190225,0.129287,H,1,0.384945,0.154988,formax-outcome-4.0,6d861e191d14ee4741a5969b1d2ffbfc,2026-05-17T12:30:00.0000000Z,6
104465,88,2026-05-17T12:30:00.0000000Z,4157,1301,1,2,A,0.279048,0.252659,0.468293,A,1,0.758661,0.424417,formax-outcome-4.0,6d861e191d14ee4741a5969b1d2ffbfc,2026-05-17T12:30:00.0000000Z,6
104600,88,2026-05-17T12:30:00.0000000Z,2612,2516,0,2,A,0.270700,0.240028,0.489273,A,1,0.714836,0.391734,formax-outcome-4.0,6d861e191d14ee4741a5969b1d2ffbfc,2026-05-17T12:30:00.0000000Z,6
7928,135,2026-05-17T13:00:00.0000000Z,2685,1719,1,1,D,0.851057,0.109932,0.039011,H,0,2.207895,1.518042,formax-outcome-4.0,6d861e191d14ee4741a5969b1d2ffbfc,2026-05-17T13:00:00.0000000Z,6
29579,203,2026-05-17T14:00:00.0000000Z,6025,1717,2,1,H,0.302384,0.275674,0.421942,A,0,1.196058,0.740700,formax-outcome-4.0,6d861e191d14ee4741a5969b1d2ffbfc,2026-05-17T14:00:00.0000000Z,6
71183,39,2026-05-17T14:00:00.0000000Z,1482,2209,1,3,A,0.646485,0.220795,0.132721,H,0,2.019508,1.218866,formax-outcome-4.0,6d861e191d14ee4741a5969b1d2ffbfc,2026-05-17T14:00:00.0000000Z,6
99455,39,2026-05-17T14:00:00.0000000Z,1829,4928,1,1,D,0.339113,0.279006,0.381881,A,0,1.276522,0.780663,formax-outcome-4.0,6d861e191d14ee4741a5969b1d2ffbfc,2026-05-17T14:00:00.0000000Z,6
102923,39,2026-05-17T14:00:00.0000000Z,5807,1486,2,2,D,0.517219,0.254624,0.228157,H,0,1.367967,0.875157,formax-outcome-4.0,6d861e191d14ee4741a5969b1d2ffbfc,2026-05-17T14:00:00.0000000Z,6
105922,39,2026-05-17T14:00:00.0000000Z,2269,873,1,0,H,0.368886,0.273916,0.357198,H,1,0.997266,0.600924,formax-outcome-4.0,6d861e191d14ee4741a5969b1d2ffbfc,2026-05-17T14:00:00.0000000Z,6
105983,135,2026-05-17T16:00:00.0000000Z,4702,1520,0,1,A,0.500519,0.268533,0.230948,H,0,1.465563,0.914071,formax-outcome-4.0,6d861e191d14ee4741a5969b1d2ffbfc,2026-05-17T16:00:00.0000000Z,6
71073,39,2026-05-17T16:30:00.0000000Z,1013,2751,3,1,H,0.574031,0.228914,0.197054,H,1,0.555071,0.272682,formax-outcome-4.0,6d861e191d14ee4741a5969b1d2ffbfc,2026-05-17T16:30:00.0000000Z,6
15449,140,2026-05-17T17:00:00.0000000Z,3447,1914,1,0,H,0.356633,0.300204,0.343163,H,1,1.031049,0.621805,formax-outcome-4.0,6d861e191d14ee4741a5969b1d2ffbfc,2026-05-17T17:00:00.0000000Z,6
42754,203,2026-05-17T17:00:00.0000000Z,3588,6991,3,3,D,0.812125,0.128840,0.059035,H,0,2.049185,1.421953,formax-outcome-4.0,6d861e191d14ee4741a5969b1d2ffbfc,2026-05-17T17:00:00.0000000Z,6
98853,203,2026-05-17T17:00:00.0000000Z,4226,3309,1,0,H,0.202834,0.231995,0.565170,A,0,1.595365,1.008712,formax-outcome-4.0,6d861e191d14ee4741a5969b1d2ffbfc,2026-05-17T17:00:00.0000000Z,6
101744,140,2026-05-17T17:00:00.0000000Z,1830,2030,3,4,A,0.490147,0.256262,0.253591,H,0,1.372031,0.863040,formax-outcome-4.0,6d861e191d14ee4741a5969b1d2ffbfc,2026-05-17T17:00:00.0000000Z,6
103564,203,2026-05-17T17:00:00.0000000Z,5068,6848,0,3,A,0.786417,0.142534,0.071049,H,0,2.644387,1.501718,formax-outcome-4.0,6d861e191d14ee4741a5969b1d2ffbfc,2026-05-17T17:00:00.0000000Z,6
103859,140,2026-05-17T17:00:00.0000000Z,1944,759,0,1,A,0.328589,0.287583,0.383829,A,1,0.957559,0.570341,formax-outcome-4.0,6d861e191d14ee4741a5969b1d2ffbfc,2026-05-17T17:00:00.0000000Z,6
104313,140,2026-05-17T17:00:00.0000000Z,2517,1776,2,0,H,0.430217,0.271463,0.298321,H,1,0.843466,0.487340,formax-outcome-4.0,6d861e191d14ee4741a5969b1d2ffbfc,2026-05-17T17:00:00.0000000Z,6
104393,140,2026-05-17T17:00:00.0000000Z,3049,4521,0,1,A,0.174723,0.228804,0.596472,A,1,0.516723,0.245714,formax-outcome-4.0,6d861e191d14ee4741a5969b1d2ffbfc,2026-05-17T17:00:00.0000000Z,6
105123,203,2026-05-17T17:00:00.0000000Z,5867,6988,1,0,H,0.465490,0.283117,0.251394,H,1,0.764666,0.429055,formax-outcome-4.0,6d861e191d14ee4741a5969b1d2ffbfc,2026-05-17T17:00:00.0000000Z,6
105199,140,2026-05-17T17:00:00.0000000Z,4267,758,1,0,H,0.681730,0.201077,0.117193,H,1,0.383121,0.155462,formax-outcome-4.0,6d861e191d14ee4741a5969b1d2ffbfc,2026-05-17T17:00:00.0000000Z,6
105257,140,2026-05-17T17:00:00.0000000Z,3599,762,1,2,A,0.522408,0.257190,0.220401,H,0,1.512305,0.946831,formax-outcome-4.0,6d861e191d14ee4741a5969b1d2ffbfc,2026-05-17T17:00:00.0000000Z,6
105317,140,2026-05-17T17:00:00.0000000Z,2383,1925,2,0,H,0.401708,0.274411,0.323880,H,1,0.912029,0.538153,formax-outcome-4.0,6d861e191d14ee4741a5969b1d2ffbfc,2026-05-17T17:00:00.0000000Z,6
105562,140,2026-05-17T17:00:00.0000000Z,1906,1904,1,1,D,0.385332,0.272741,0.341927,H,0,1.299232,0.794300,formax-outcome-4.0,6d861e191d14ee4741a5969b1d2ffbfc,2026-05-17T17:00:00.0000000Z,6
14106,135,2026-05-17T18:45:00.0000000Z,3405,3558,0,1,A,0.541708,0.264935,0.193357,H,0,1.643215,1.014310,formax-outcome-4.0,6d861e191d14ee4741a5969b1d2ffbfc,2026-05-17T18:45:00.0000000Z,6
105775,135,2026-05-17T18:45:00.0000000Z,3903,1584,2,3,A,0.499245,0.289471,0.211284,H,0,1.554554,0.955113,formax-outcome-4.0,6d861e191d14ee4741a5969b1d2ffbfc,2026-05-17T18:45:00.0000000Z,6
106947,135,2026-05-17T18:45:00.0000000Z,3394,1652,2,1,H,0.354520,0.289674,0.355806,A,0,1.036990,0.627153,formax-outcome-4.0,6d861e191d14ee4741a5969b1d2ffbfc,2026-05-17T18:45:00.0000000Z,6
15598,61,2026-05-17T19:00:00.0000000Z,1911,2085,5,4,H,0.410240,0.256069,0.333692,H,1,0.891014,0.524739,formax-outcome-4.0,6d861e191d14ee4741a5969b1d2ffbfc,2026-05-17T19:00:00.0000000Z,6
53880,61,2026-05-17T19:00:00.0000000Z,3589,886,0,4,A,0.433117,0.256833,0.310049,H,0,1.171024,0.729586,formax-outcome-4.0,6d861e191d14ee4741a5969b1d2ffbfc,2026-05-17T19:00:00.0000000Z,6
60431,61,2026-05-17T19:00:00.0000000Z,4470,1815,0,2,A,0.522750,0.266431,0.210819,H,0,1.556755,0.967059,formax-outcome-4.0,6d861e191d14ee4741a5969b1d2ffbfc,2026-05-17T19:00:00.0000000Z,6
60882,61,2026-05-17T19:00:00.0000000Z,4292,5284,2,1,H,0.147452,0.209472,0.643076,A,0,1.914250,1.184263,formax-outcome-4.0,6d861e191d14ee4741a5969b1d2ffbfc,2026-05-17T19:00:00.0000000Z,6
103260,61,2026-05-17T19:00:00.0000000Z,4558,1257,1,1,D,0.486630,0.264171,0.249199,H,0,1.331159,0.840353,formax-outcome-4.0,6d861e191d14ee4741a5969b1d2ffbfc,2026-05-17T19:00:00.0000000Z,6
106155,61,2026-05-17T19:00:00.0000000Z,5071,1781,3,1,H,0.348619,0.248189,0.403192,A,0,1.053775,0.648458,formax-outcome-4.0,6d861e191d14ee4741a5969b1d2ffbfc,2026-05-17T19:00:00.0000000Z,6
106802,61,2026-05-17T19:00:00.0000000Z,1666,1823,0,2,A,0.568594,0.238644,0.192762,H,0,1.646298,1.031883,formax-outcome-4.0,6d861e191d14ee4741a5969b1d2ffbfc,2026-05-17T19:00:00.0000000Z,6
107036,61,2026-05-17T19:00:00.0000000Z,3851,1078,0,0,D,0.523948,0.235122,0.240930,H,0,1.447651,0.917607,formax-outcome-4.0,6d861e191d14ee4741a5969b1d2ffbfc,2026-05-17T19:00:00.0000000Z,6
106217,140,2026-05-17T19:15:00.0000000Z,4005,2033,3,1,H,0.658336,0.204821,0.136843,H,1,0.418040,0.177412,formax-outcome-4.0,6d861e191d14ee4741a5969b1d2ffbfc,2026-05-17T19:15:00.0000000Z,6
104942,39,2026-05-18T19:00:00.0000000Z,4559,2531,1,0,H,0.856248,0.105667,0.038085,H,1,0.155196,0.033281,formax-outcome-4.0,6d861e191d14ee4741a5969b1d2ffbfc,2026-05-18T19:00:00.0000000Z,6
7993,39,2026-05-19T18:30:00.0000000Z,3646,4166,1,1,D,0.294366,0.269987,0.435647,A,0,1.309381,0.809358,formax-outcome-4.0,6d861e191d14ee4741a5969b1d2ffbfc,2026-05-19T18:30:00.0000000Z,6
8233,39,2026-05-19T19:15:00.0000000Z,3373,2355,2,1,H,0.555117,0.237336,0.207547,H,1,0.588576,0.297325,formax-outcome-4.0,6d861e191d14ee4741a5969b1d2ffbfc,2026-05-19T19:15:00.0000000Z,6
20351,3,2026-05-20T19:00:00.0000000Z,5685,2109,0,3,A,0.324569,0.262245,0.413186,A,1,0.883858,0.518468,formax-outcome-4.0,6d861e191d14ee4741a5969b1d2ffbfc,2026-05-20T19:00:00.0000000Z,6
15639,88,2026-05-21T16:45:00.0000000Z,2530,1301,2,0,H,0.594018,0.223463,0.182518,H,1,0.520845,0.248070,formax-outcome-4.0,6d861e191d14ee4741a5969b1d2ffbfc,2026-05-21T16:45:00.0000000Z,6
103781,88,2026-05-21T19:00:00.0000000Z,4678,990,3,2,H,0.557213,0.234896,0.207891,H,1,0.584808,0.294456,formax-outcome-4.0,6d861e191d14ee4741a5969b1d2ffbfc,2026-05-21T19:00:00.0000000Z,6
15368,135,2026-05-22T18:45:00.0000000Z,1503,4702,1,1,D,0.290244,0.282497,0.427259,A,0,1.264086,0.781602,formax-outcome-4.0,6d861e191d14ee4741a5969b1d2ffbfc,2026-05-22T18:45:00.0000000Z,6
102791,40,2026-05-23T14:30:00.0000000Z,1718,4380,1,0,H,0.341534,0.271135,0.387331,A,0,1.074309,0.657118,formax-outcome-4.0,6d861e191d14ee4741a5969b1d2ffbfc,2026-05-23T14:30:00.0000000Z,6
7927,135,2026-05-23T16:00:00.0000000Z,1520,2685,3,3,D,0.141074,0.217364,0.641562,A,0,1.526182,1.044022,formax-outcome-4.0,6d861e191d14ee4741a5969b1d2ffbfc,2026-05-23T16:00:00.0000000Z,6
29653,135,2026-05-23T18:45:00.0000000Z,2837,1838,2,1,H,0.627352,0.228035,0.144613,H,1,0.466248,0.211780,formax-outcome-4.0,6d861e191d14ee4741a5969b1d2ffbfc,2026-05-23T18:45:00.0000000Z,6
15448,140,2026-05-23T19:00:00.0000000Z,1914,3599,1,0,H,0.433002,0.299019,0.267980,H,1,0.837014,0.482713,formax-outcome-4.0,6d861e191d14ee4741a5969b1d2ffbfc,2026-05-23T19:00:00.0000000Z,6
101743,140,2026-05-23T19:00:00.0000000Z,762,1830,1,1,D,0.419680,0.264564,0.315756,H,0,1.329672,0.816699,formax-outcome-4.0,6d861e191d14ee4741a5969b1d2ffbfc,2026-05-23T19:00:00.0000000Z,6
103858,140,2026-05-23T19:00:00.0000000Z,759,2517,1,2,A,0.353227,0.292170,0.354604,A,1,1.036754,0.626668,formax-outcome-4.0,6d861e191d14ee4741a5969b1d2ffbfc,2026-05-23T19:00:00.0000000Z,6
104392,140,2026-05-23T19:00:00.0000000Z,1904,3049,1,0,H,0.568885,0.238626,0.192489,H,1,0.564076,0.279854,formax-outcome-4.0,6d861e191d14ee4741a5969b1d2ffbfc,2026-05-23T19:00:00.0000000Z,6
105198,140,2026-05-23T19:00:00.0000000Z,758,3447,1,1,D,0.485707,0.272579,0.241714,H,0,1.299828,0.823479,formax-outcome-4.0,6d861e191d14ee4741a5969b1d2ffbfc,2026-05-23T19:00:00.0000000Z,6
105316,140,2026-05-23T19:00:00.0000000Z,2033,2383,2,1,H,0.625810,0.217747,0.156443,H,1,0.468709,0.211907,formax-outcome-4.0,6d861e191d14ee4741a5969b1d2ffbfc,2026-05-23T19:00:00.0000000Z,6
106116,140,2026-05-23T19:00:00.0000000Z,4521,1906,4,2,H,0.730793,0.177674,0.091533,H,1,0.313626,0.112419,formax-outcome-4.0,6d861e191d14ee4741a5969b1d2ffbfc,2026-05-23T19:00:00.0000000Z,6
106513,140,2026-05-23T19:00:00.0000000Z,1925,1944,3,0,H,0.551665,0.261261,0.187074,H,1,0.594815,0.304259,formax-outcome-4.0,6d861e191d14ee4741a5969b1d2ffbfc,2026-05-23T19:00:00.0000000Z,6
106642,140,2026-05-23T19:00:00.0000000Z,2030,4005,3,1,H,0.185497,0.236276,0.578226,A,0,1.684715,1.053587,formax-outcome-4.0,6d861e191d14ee4741a5969b1d2ffbfc,2026-05-23T19:00:00.0000000Z,6
15638,88,2026-05-24T10:15:00.0000000Z,2530,4678,0,0,D,0.533082,0.240495,0.226423,H,0,1.425057,0.912292,formax-outcome-4.0,6d861e191d14ee4741a5969b1d2ffbfc,2026-05-24T10:15:00.0000000Z,6
106994,135,2026-05-24T13:00:00.0000000Z,3648,3903,1,0,H,0.289103,0.290197,0.420700,A,0,1.240972,0.766577,formax-outcome-4.0,6d861e191d14ee4741a5969b1d2ffbfc,2026-05-24T13:00:00.0000000Z,6
7992,39,2026-05-24T15:00:00.0000000Z,4166,2109,1,2,A,0.604958,0.226304,0.168737,H,0,1.779412,1.108186,formax-outcome-4.0,6d861e191d14ee4741a5969b1d2ffbfc,2026-05-24T15:00:00.0000000Z,6
8232,39,2026-05-24T15:00:00.0000000Z,2209,3373,2,1,H,0.288055,0.279941,0.432005,A,0,1.244605,0.771861,formax-outcome-4.0,6d861e191d14ee4741a5969b1d2ffbfc,2026-05-24T15:00:00.0000000Z,6
71072,39,2026-05-24T15:00:00.0000000Z,4928,1013,2,0,H,0.373765,0.268128,0.358107,H,1,0.984129,0.592304,formax-outcome-4.0,6d861e191d14ee4741a5969b1d2ffbfc,2026-05-24T15:00:00.0000000Z,6
71182,39,2026-05-24T15:00:00.0000000Z,2355,1482,1,0,H,0.406266,0.268397,0.325337,H,1,0.900748,0.530402,formax-outcome-4.0,6d861e191d14ee4741a5969b1d2ffbfc,2026-05-24T15:00:00.0000000Z,6
99454,39,2026-05-24T15:00:00.0000000Z,2531,1829,1,1,D,0.396331,0.275978,0.327691,H,0,1.287434,0.788668,formax-outcome-4.0,6d861e191d14ee4741a5969b1d2ffbfc,2026-05-24T15:00:00.0000000Z,6
102922,39,2026-05-24T15:00:00.0000000Z,2208,5807,1,1,D,0.528396,0.243397,0.228207,H,0,1.413061,0.903728,formax-outcome-4.0,6d861e191d14ee4741a5969b1d2ffbfc,2026-05-24T15:00:00.0000000Z,6
103090,39,2026-05-24T15:00:00.0000000Z,873,4266,0,3,A,0.444560,0.261722,0.293718,H,0,1.225136,0.764967,formax-outcome-4.0,6d861e191d14ee4741a5969b1d2ffbfc,2026-05-24T15:00:00.0000000Z,6
104994,39,2026-05-24T15:00:00.0000000Z,2751,2269,3,0,H,0.384819,0.275884,0.339298,H,1,0.954983,0.569683,formax-outcome-4.0,6d861e191d14ee4741a5969b1d2ffbfc,2026-05-24T15:00:00.0000000Z,6
106310,39,2026-05-24T15:00:00.0000000Z,1486,4559,1,2,A,0.236321,0.285042,0.478637,A,1,0.736812,0.408915,formax-outcome-4.0,6d861e191d14ee4741a5969b1d2ffbfc,2026-05-24T15:00:00.0000000Z,6
106415,39,2026-05-24T15:00:00.0000000Z,2480,3646,1,1,D,0.441132,0.268155,0.290713,H,0,1.316191,0.814709,formax-outcome-4.0,6d861e191d14ee4741a5969b1d2ffbfc,2026-05-24T15:00:00.0000000Z,6
106896,135,2026-05-24T16:00:00.0000000Z,2845,3405,1,0,H,0.477643,0.277206,0.245151,H,1,0.738891,0.409799,formax-outcome-4.0,6d861e191d14ee4741a5969b1d2ffbfc,2026-05-24T16:00:00.0000000Z,6
7890,135,2026-05-24T18:45:00.0000000Z,1488,3394,1,2,A,0.551520,0.258444,0.190036,H,0,1.660542,1.027009,formax-outcome-4.0,6d861e191d14ee4741a5969b1d2ffbfc,2026-05-24T18:45:00.0000000Z,6
8162,135,2026-05-24T18:45:00.0000000Z,1652,2013,2,2,D,0.168690,0.239645,0.591665,A,0,1.428595,0.956663,formax-outcome-4.0,6d861e191d14ee4741a5969b1d2ffbfc,2026-05-24T18:45:00.0000000Z,6
14105,135,2026-05-24T18:45:00.0000000Z,3558,5356,1,4,A,0.130880,0.222250,0.646871,A,1,0.435609,0.191225,formax-outcome-4.0,6d861e191d14ee4741a5969b1d2ffbfc,2026-05-24T18:45:00.0000000Z,6
105423,135,2026-05-24T18:45:00.0000000Z,1719,2799,0,2,A,0.097142,0.194410,0.708448,A,1,0.344679,0.132235,formax-outcome-4.0,6d861e191d14ee4741a5969b1d2ffbfc,2026-05-24T18:45:00.0000000Z,6
105774,135,2026-05-24T18:45:00.0000000Z,1584,1649,1,0,H,0.268764,0.301436,0.429800,A,0,1.313920,0.810297,formax-outcome-4.0,6d861e191d14ee4741a5969b1d2ffbfc,2026-05-24T18:45:00.0000000Z,6
104802,140,2026-05-24T19:00:00.0000000Z,1776,4267,5,1,H,0.363214,0.272488,0.364297,A,0,1.012762,0.612458,formax-outcome-4.0,6d861e191d14ee4741a5969b1d2ffbfc,2026-05-24T19:00:00.0000000Z,6
107035,61,2026-05-26T18:45:00.0000000Z,3538,3851,0,0,D,0.308640,0.252320,0.439040,A,0,1.377059,0.847041,formax-outcome-4.0,6d861e191d14ee4741a5969b1d2ffbfc,2026-05-26T18:45:00.0000000Z,6
104312,848,2026-05-27T19:00:00.0000000Z,1486,2517,1,0,H,0.502894,0.273332,0.223774,H,1,0.687375,0.371899,formax-outcome-4.0,6d861e191d14ee4741a5969b1d2ffbfc,2026-05-27T19:00:00.0000000Z,6
107034,61,2026-05-29T18:45:00.0000000Z,3851,3538,4,1,H,0.463935,0.258003,0.278061,H,1,0.768010,0.431249,formax-outcome-4.0,6d861e191d14ee4741a5969b1d2ffbfc,2026-05-29T18:45:00.0000000Z,6
106472,2,2026-05-30T16:00:00.0000000Z,5284,4559,1,1,D,0.414223,0.257552,0.328225,H,0,1.356532,0.830541,formax-outcome-4.0,6d861e191d14ee4741a5969b1d2ffbfc,2026-05-30T16:00:00.0000000Z,6
15796,2,2026-07-07T19:00:00.0000000Z,3586,2648,1,0,H,0.536523,0.238664,0.224813,H,1,0.622646,0.322313,formax-outcome-4.0,6d861e191d14ee4741a5969b1d2ffbfc,2026-07-07T19:00:00.0000000Z,6
14336,2,2026-07-08T17:00:00.0000000Z,2484,1947,1,4,A,0.461424,0.244337,0.294239,H,0,1.223364,0.770712,formax-outcome-4.0,6d861e191d14ee4741a5969b1d2ffbfc,2026-07-08T17:00:00.0000000Z,6
14956,848,2026-07-09T16:00:00.0000000Z,3233,3666,1,1,D,0.225320,0.267642,0.507038,A,0,1.318104,0.844205,formax-outcome-4.0,6d861e191d14ee4741a5969b1d2ffbfc,2026-07-09T16:00:00.0000000Z,6
32043,848,2026-07-09T16:00:00.0000000Z,3706,2659,1,1,D,0.415638,0.272588,0.311774,H,0,1.299794,0.799087,formax-outcome-4.0,6d861e191d14ee4741a5969b1d2ffbfc,2026-07-09T16:00:00.0000000Z,6
34583,848,2026-07-09T16:00:00.0000000Z,3662,3462,1,0,H,0.502017,0.275827,0.222155,H,1,0.689121,0.373421,formax-outcome-4.0,6d861e191d14ee4741a5969b1d2ffbfc,2026-07-09T16:00:00.0000000Z,6
14869,3,2026-07-09T18:00:00.0000000Z,3313,3688,3,2,H,0.559918,0.253755,0.186328,H,1,0.579965,0.292782,formax-outcome-4.0,6d861e191d14ee4741a5969b1d2ffbfc,2026-07-09T18:00:00.0000000Z,6
28818,3,2026-07-09T18:00:00.0000000Z,2866,2956,1,2,A,0.269438,0.271662,0.458901,A,1,0.778921,0.439185,formax-outcome-4.0,6d861e191d14ee4741a5969b1d2ffbfc,2026-07-09T18:00:00.0000000Z,6
30278,3,2026-07-09T18:00:00.0000000Z,3681,2736,2,0,H,0.661214,0.201787,0.136999,H,1,0.413677,0.174262,formax-outcome-4.0,6d861e191d14ee4741a5969b1d2ffbfc,2026-07-09T18:00:00.0000000Z,6
15795,2,2026-07-14T17:00:00.0000000Z,2648,3586,2,2,D,0.401302,0.262375,0.336323,H,0,1.337980,0.818247,formax-outcome-4.0,6d861e191d14ee4741a5969b1d2ffbfc,2026-07-14T17:00:00.0000000Z,6
14334,2,2026-07-15T17:30:00.0000000Z,1947,2484,1,0,H,0.588362,0.208670,0.202967,H,1,0.530412,0.254185,formax-outcome-4.0,6d861e191d14ee4741a5969b1d2ffbfc,2026-07-15T17:30:00.0000000Z,6
32042,848,2026-07-16T15:00:00.0000000Z,2659,3706,1,1,D,0.446347,0.265654,0.287999,H,0,1.325560,0.821433,formax-outcome-4.0,6d861e191d14ee4741a5969b1d2ffbfc,2026-07-16T15:00:00.0000000Z,6
14955,848,2026-07-16T16:00:00.0000000Z,3666,3233,3,0,H,0.621677,0.224475,0.153848,H,1,0.475335,0.217187,formax-outcome-4.0,6d861e191d14ee4741a5969b1d2ffbfc,2026-07-16T16:00:00.0000000Z,6
14868,3,2026-07-16T17:30:00.0000000Z,3688,3313,1,2,A,0.361211,0.282496,0.356293,H,0,1.032002,0.624636,formax-outcome-4.0,6d861e191d14ee4741a5969b1d2ffbfc,2026-07-16T17:30:00.0000000Z,6
28817,3,2026-07-16T18:15:00.0000000Z,2956,2866,3,0,H,0.674862,0.202962,0.122176,H,1,0.393247,0.161835,formax-outcome-4.0,6d861e191d14ee4741a5969b1d2ffbfc,2026-07-16T18:15:00.0000000Z,6
30277,3,2026-07-16T18:30:00.0000000Z,2736,3681,2,1,H,0.288250,0.267989,0.443762,A,0,1.243928,0.775331,formax-outcome-4.0,6d861e191d14ee4741a5969b1d2ffbfc,2026-07-16T18:30:00.0000000Z,6
34582,848,2026-07-16T18:45:00.0000000Z,3462,3662,2,2,D,0.341762,0.297810,0.360428,A,0,1.211300,0.739781,formax-outcome-4.0,6d861e191d14ee4741a5969b1d2ffbfc,2026-07-16T18:45:00.0000000Z,6
21322,2,2026-07-21T16:00:00.0000000Z,3491,3490,2,0,H,0.445164,0.242266,0.312570,H,1,0.809313,0.464236,formax-outcome-4.0,6d861e191d14ee4741a5969b1d2ffbfc,2026-07-21T16:00:00.0000000Z,6
34374,2,2026-07-21T17:00:00.0000000Z,1779,2056,1,4,A,0.416475,0.245527,0.337997,H,0,1.084717,0.671983,formax-outcome-4.0,6d861e191d14ee4741a5969b1d2ffbfc,2026-07-21T17:00:00.0000000Z,6
70133,848,2026-07-21T17:00:00.0000000Z,2498,3668,1,2,A,0.281369,0.270491,0.448140,A,1,0.802650,0.456884,formax-outcome-4.0,6d861e191d14ee4741a5969b1d2ffbfc,2026-07-21T17:00:00.0000000Z,6
15567,2,2026-07-21T18:00:00.0000000Z,2081,3440,1,1,D,0.308724,0.221240,0.470036,A,0,1.508507,0.922712,formax-outcome-4.0,6d861e191d14ee4741a5969b1d2ffbfc,2026-07-21T18:00:00.0000000Z,6
42751,2,2026-07-21T18:00:00.0000000Z,3588,1700,1,0,H,0.509269,0.232516,0.258215,H,1,0.674779,0.361556,formax-outcome-4.0,6d861e191d14ee4741a5969b1d2ffbfc,2026-07-21T18:00:00.0000000Z,6
16838,2,2026-07-21T18:30:00.0000000Z,3477,3476,4,0,H,0.249148,0.244717,0.506135,A,0,1.389707,0.879837,formax-outcome-4.0,6d861e191d14ee4741a5969b1d2ffbfc,2026-07-21T18:30:00.0000000Z,6
15793,2,2026-07-21T19:00:00.0000000Z,3586,3585,2,1,H,0.705249,0.175570,0.119181,H,1,0.349205,0.131907,formax-outcome-4.0,6d861e191d14ee4741a5969b1d2ffbfc,2026-07-21T19:00:00.0000000Z,6
34524,2,2026-07-21T19:00:00.0000000Z,3592,2865,0,4,A,0.337343,0.268610,0.394046,A,1,0.931287,0.553132,formax-outcome-4.0,6d861e191d14ee4741a5969b1d2ffbfc,2026-07-21T19:00:00.0000000Z,6
34222,2,2026-07-22T17:00:00.0000000Z,3559,2657,1,0,H,0.712841,0.166447,0.120712,H,1,0.338497,0.124736,formax-outcome-4.0,6d861e191d14ee4741a5969b1d2ffbfc,2026-07-22T17:00:00.0000000Z,6
14332,2,2026-07-22T17:30:00.0000000Z,2055,1947,1,0,H,0.414041,0.258401,0.327559,H,1,0.881791,0.517414,formax-outcome-4.0,6d861e191d14ee4741a5969b1d2ffbfc,2026-07-22T17:30:00.0000000Z,6
14384,848,2026-07-22T17:45:00.0000000Z,3661,2501,1,1,D,0.374792,0.286724,0.338484,H,0,1.249236,0.763804,formax-outcome-4.0,6d861e191d14ee4741a5969b1d2ffbfc,2026-07-22T17:45:00.0000000Z,6
38888,848,2026-07-22T18:30:00.0000000Z,1787,1783,0,0,D,0.175369,0.220980,0.603651,A,0,1.509684,1.002021,formax-outcome-4.0,6d861e191d14ee4741a5969b1d2ffbfc,2026-07-22T18:30:00.0000000Z,6
16385,848,2026-07-22T19:00:00.0000000Z,2992,3710,0,1,A,0.095972,0.167366,0.736662,A,1,0.305626,0.106569,formax-outcome-4.0,6d861e191d14ee4741a5969b1d2ffbfc,2026-07-22T19:00:00.0000000Z,6
15122,848,2026-07-23T15:00:00.0000000Z,2791,2833,0,2,A,0.237974,0.260988,0.501037,A,1,0.691075,0.373711,formax-outcome-4.0,6d861e191d14ee4741a5969b1d2ffbfc,2026-07-23T15:00:00.0000000Z,6
32041,848,2026-07-23T15:00:00.0000000Z,3706,3231,1,1,D,0.227501,0.265328,0.507171,A,0,1.326788,0.848722,formax-outcome-4.0,6d861e191d14ee4741a5969b1d2ffbfc,2026-07-23T15:00:00.0000000Z,6
16670,848,2026-07-23T15:30:00.0000000Z,3645,2584,1,1,D,0.175902,0.224916,0.599182,A,0,1.492028,0.990715,formax-outcome-4.0,6d861e191d14ee4741a5969b1d2ffbfc,2026-07-23T15:30:00.0000000Z,6
14717,848,2026-07-23T16:00:00.0000000Z,2649,3708,5,0,H,0.418094,0.261660,0.320246,H,1,0.872049,0.509638,formax-outcome-4.0,6d861e191d14ee4741a5969b1d2ffbfc,2026-07-23T16:00:00.0000000Z,6
69751,848,2026-07-23T16:00:00.0000000Z,2828,3664,1,0,H,0.374583,0.294079,0.331337,H,1,0.981941,0.587413,formax-outcome-4.0,6d861e191d14ee4741a5969b1d2ffbfc,2026-07-23T16:00:00.0000000Z,6
14837,848,2026-07-23T16:30:00.0000000Z,3220,3697,4,1,H,0.690576,0.191825,0.117598,H,1,0.370229,0.146369,formax-outcome-4.0,6d861e191d14ee4741a5969b1d2ffbfc,2026-07-23T16:30:00.0000000Z,6
15152,848,2026-07-23T16:30:00.0000000Z,3684,3683,0,1,A,0.468115,0.281616,0.250268,H,0,1.385221,0.860537,formax-outcome-4.0,6d861e191d14ee4741a5969b1d2ffbfc,2026-07-23T16:30:00.0000000Z,6
14679,848,2026-07-23T17:00:00.0000000Z,2634,2523,1,1,D,0.185420,0.253052,0.561528,A,0,1.374158,0.907625,formax-outcome-4.0,6d861e191d14ee4741a5969b1d2ffbfc,2026-07-23T17:00:00.0000000Z,6
14918,848,2026-07-23T17:00:00.0000000Z,2783,3654,1,1,D,0.268301,0.258173,0.473526,A,0,1.354127,0.846520,formax-outcome-4.0,6d861e191d14ee4741a5969b1d2ffbfc,2026-07-23T17:00:00.0000000Z,6
14985,3,2026-07-23T17:00:00.0000000Z,2875,3667,0,5,A,0.551051,0.258867,0.190082,H,0,1.660298,1.026636,formax-outcome-4.0,6d861e191d14ee4741a5969b1d2ffbfc,2026-07-23T17:00:00.0000000Z,6
15330,3,2026-07-23T17:00:00.0000000Z,2496,3705,1,1,D,0.701961,0.184382,0.113657,H,0,1.690745,1.170899,formax-outcome-4.0,6d861e191d14ee4741a5969b1d2ffbfc,2026-07-23T17:00:00.0000000Z,6
16277,848,2026-07-23T17:00:00.0000000Z,2680,2821,1,0,H,0.309499,0.292239,0.398263,A,0,1.172801,0.720808,formax-outcome-4.0,6d861e191d14ee4741a5969b1d2ffbfc,2026-07-23T17:00:00.0000000Z,6
32648,848,2026-07-23T17:00:00.0000000Z,2691,2551,2,2,D,0.294007,0.283713,0.422279,A,0,1.259791,0.777827,formax-outcome-4.0,6d861e191d14ee4741a5969b1d2ffbfc,2026-07-23T17:00:00.0000000Z,6
82084,3,2026-07-23T17:00:00.0000000Z,3674,2953,0,1,A,0.509193,0.272163,0.218644,H,0,1.520310,0.943867,formax-outcome-4.0,6d861e191d14ee4741a5969b1d2ffbfc,2026-07-23T17:00:00.0000000Z,6
32676,848,2026-07-23T17:45:00.0000000Z,2888,2816,2,3,A,0.602933,0.233258,0.163809,H,0,1.809056,1.117154,formax-outcome-4.0,6d861e191d14ee4741a5969b1d2ffbfc,2026-07-23T17:45:00.0000000Z,6
14769,848,2026-07-23T18:00:00.0000000Z,3653,2796,3,2,H,0.312720,0.278092,0.409188,A,0,1.162447,0.717124,formax-outcome-4.0,6d861e191d14ee4741a5969b1d2ffbfc,2026-07-23T18:00:00.0000000Z,6
15633,848,2026-07-23T18:00:00.0000000Z,2866,2530,1,4,A,0.305497,0.284174,0.410329,A,1,0.890796,0.521795,formax-outcome-4.0,6d861e191d14ee4741a5969b1d2ffbfc,2026-07-23T18:00:00.0000000Z,6
15902,3,2026-07-23T18:00:00.0000000Z,3707,2956,1,2,A,0.312083,0.274161,0.413755,A,1,0.882481,0.516243,formax-outcome-4.0,6d861e191d14ee4741a5969b1d2ffbfc,2026-07-23T18:00:00.0000000Z,6
16578,3,2026-07-23T18:00:00.0000000Z,3673,2519,1,0,H,0.298135,0.280204,0.421661,A,0,1.210209,0.748927,formax-outcome-4.0,6d861e191d14ee4741a5969b1d2ffbfc,2026-07-23T18:00:00.0000000Z,6
16866,3,2026-07-23T18:00:00.0000000Z,2688,3711,2,1,H,0.141915,0.216428,0.641656,A,0,1.952524,1.194873,formax-outcome-4.0,6d861e191d14ee4741a5969b1d2ffbfc,2026-07-23T18:00:00.0000000Z,6
39071,848,2026-07-23T18:00:00.0000000Z,2955,3702,1,2,A,0.268453,0.279284,0.452262,A,1,0.793493,0.450084,formax-outcome-4.0,6d861e191d14ee4741a5969b1d2ffbfc,2026-07-23T18:00:00.0000000Z,6
15728,848,2026-07-23T18:30:00.0000000Z,2736,2972,2,1,H,0.144461,0.191559,0.663980,A,0,1.934745,1.209511,formax-outcome-4.0,6d861e191d14ee4741a5969b1d2ffbfc,2026-07-23T18:30:00.0000000Z,6
15842,848,2026-07-23T18:30:00.0000000Z,3692,3248,2,0,H,0.247467,0.273979,0.478554,A,0,1.396480,0.870385,formax-outcome-4.0,6d861e191d14ee4741a5969b1d2ffbfc,2026-07-23T18:30:00.0000000Z,6
15814,848,2026-07-23T18:45:00.0000000Z,3663,3662,5,2,H,0.325209,0.278261,0.396530,A,0,1.123289,0.690009,formax-outcome-4.0,6d861e191d14ee4741a5969b1d2ffbfc,2026-07-23T18:45:00.0000000Z,6
16610,848,2026-07-23T18:45:00.0000000Z,3689,3688,1,0,H,0.534821,0.262942,0.202237,H,1,0.625822,0.326429,formax-outcome-4.0,6d861e191d14ee4741a5969b1d2ffbfc,2026-07-23T18:45:00.0000000Z,6
16563,848,2026-07-23T19:00:00.0000000Z,3062,2499,1,0,H,0.373867,0.258025,0.368108,H,1,0.983855,0.594123,formax-outcome-4.0,6d861e191d14ee4741a5969b1d2ffbfc,2026-07-23T19:00:00.0000000Z,6
30276,3,2026-07-23T19:00:00.0000000Z,3681,3680,2,0,H,0.285390,0.274769,0.439841,A,0,1.253898,0.779625,formax-outcome-4.0,6d861e191d14ee4741a5969b1d2ffbfc,2026-07-23T19:00:00.0000000Z,6
2258,848,2026-07-28T17:30:00.0000000Z,1783,1787,0,0,D,0.724278,0.174945,0.100777,H,0,1.743286,1.215451,formax-outcome-4.0,6d861e191d14ee4741a5969b1d2ffbfc,2026-07-28T17:30:00.0000000Z,6
2268,2,2026-07-28T18:00:00.0000000Z,3440,2081,3,2,H,0.653566,0.187439,0.158995,H,1,0.425311,0.180429,formax-outcome-4.0,6d861e191d14ee4741a5969b1d2ffbfc,2026-07-28T18:00:00.0000000Z,6
2304,2,2026-07-28T18:45:00.0000000Z,3476,3477,0,2,A,0.598283,0.222670,0.179048,H,0,1.720103,1.081487,formax-outcome-4.0,6d861e191d14ee4741a5969b1d2ffbfc,2026-07-28T18:45:00.0000000Z,6
2323,2,2026-07-28T19:00:00.0000000Z,3490,3491,2,1,H,0.427837,0.258248,0.313915,H,1,0.849012,0.492605,formax-outcome-4.0,6d861e191d14ee4741a5969b1d2ffbfc,2026-07-28T19:00:00.0000000Z,6
2398,2,2026-07-29T15:00:00.0000000Z,2657,3559,1,0,H,0.268912,0.243000,0.488089,A,0,1.313373,0.831770,formax-outcome-4.0,6d861e191d14ee4741a5969b1d2ffbfc,2026-07-29T15:00:00.0000000Z,6
2410,2,2026-07-29T16:00:00.0000000Z,3571,3572,1,0,H,0.336017,0.285898,0.378085,A,0,1.090593,0.665559,formax-outcome-4.0,6d861e191d14ee4741a5969b1d2ffbfc,2026-07-29T16:00:00.0000000Z,6
2418,2,2026-07-29T17:00:00.0000000Z,2056,1779,0,3,A,0.601496,0.218685,0.179819,H,0,1.715803,1.082317,formax-outcome-4.0,6d861e191d14ee4741a5969b1d2ffbfc,2026-07-29T17:00:00.0000000Z,6
2429,2,2026-07-29T17:30:00.0000000Z,3585,3586,2,0,H,0.238386,0.243830,0.517783,A,0,1.433862,0.907608,formax-outcome-4.0,6d861e191d14ee4741a5969b1d2ffbfc,2026-07-29T17:30:00.0000000Z,6
2430,2,2026-07-29T17:30:00.0000000Z,1947,2055,2,2,D,0.446145,0.260873,0.292982,H,0,1.343720,0.831192,formax-outcome-4.0,6d861e191d14ee4741a5969b1d2ffbfc,2026-07-29T17:30:00.0000000Z,6
2440,2,2026-07-29T18:00:00.0000000Z,1700,3588,1,1,D,0.425386,0.261124,0.313490,H,0,1.342759,0.825166,formax-outcome-4.0,6d861e191d14ee4741a5969b1d2ffbfc,2026-07-29T18:00:00.0000000Z,6
2444,2,2026-07-29T18:00:00.0000000Z,2865,3592,5,0,H,0.670782,0.200195,0.129023,H,1,0.399311,0.165110,formax-outcome-4.0,6d861e191d14ee4741a5969b1d2ffbfc,2026-07-29T18:00:00.0000000Z,6
2521,848,2026-07-30T14:00:00.0000000Z,2584,3645,1,1,D,0.729346,0.166870,0.103785,H,0,1.790543,1.236823,formax-outcome-4.0,6d861e191d14ee4741a5969b1d2ffbfc,2026-07-30T14:00:00.0000000Z,6
2529,848,2026-07-30T16:00:00.0000000Z,2816,2888,4,1,H,0.328982,0.267251,0.403766,A,0,1.111751,0.684715,formax-outcome-4.0,6d861e191d14ee4741a5969b1d2ffbfc,2026-07-30T16:00:00.0000000Z,6
2530,848,2026-07-30T16:00:00.0000000Z,2796,3653,2,0,H,0.601481,0.222373,0.176146,H,1,0.508361,0.239295,formax-outcome-4.0,6d861e191d14ee4741a5969b1d2ffbfc,2026-07-30T16:00:00.0000000Z,6
2531,848,2026-07-30T16:00:00.0000000Z,3654,2783,2,1,H,0.630670,0.207536,0.161794,H,1,0.460972,0.205653,formax-outcome-4.0,6d861e191d14ee4741a5969b1d2ffbfc,2026-07-30T16:00:00.0000000Z,6
2535,848,2026-07-30T16:00:00.0000000Z,2499,3062,1,0,H,0.614889,0.212144,0.172967,H,1,0.486314,0.223233,formax-outcome-4.0,6d861e191d14ee4741a5969b1d2ffbfc,2026-07-30T16:00:00.0000000Z,6
2536,848,2026-07-30T16:00:00.0000000Z,2501,3661,2,0,H,0.453352,0.271761,0.274887,H,1,0.791086,0.448241,formax-outcome-4.0,6d861e191d14ee4741a5969b1d2ffbfc,2026-07-30T16:00:00.0000000Z,6
2537,848,2026-07-30T16:00:00.0000000Z,3662,3663,2,1,H,0.551966,0.235995,0.212040,H,1,0.594270,0.301389,formax-outcome-4.0,6d861e191d14ee4741a5969b1d2ffbfc,2026-07-30T16:00:00.0000000Z,6
2538,848,2026-07-30T16:00:00.0000000Z,3664,2828,0,0,D,0.454830,0.275208,0.269963,H,0,1.290229,0.805073,formax-outcome-4.0,6d861e191d14ee4741a5969b1d2ffbfc,2026-07-30T16:00:00.0000000Z,6
2540,3,2026-07-30T16:00:00.0000000Z,3667,2875,1,0,H,0.406575,0.286808,0.306617,H,1,0.899987,0.528426,formax-outcome-4.0,6d861e191d14ee4741a5969b1d2ffbfc,2026-07-30T16:00:00.0000000Z,6
2541,848,2026-07-30T16:30:00.0000000Z,3668,2498,1,3,A,0.695135,0.184682,0.120182,H,0,2.118747,1.291400,formax-outcome-4.0,6d861e191d14ee4741a5969b1d2ffbfc,2026-07-30T16:30:00.0000000Z,6
2544,848,2026-07-30T17:00:00.0000000Z,3671,3672,0,3,A,0.266777,0.273628,0.459595,A,1,0.777409,0.438079,formax-outcome-4.0,6d861e191d14ee4741a5969b1d2ffbfc,2026-07-30T17:00:00.0000000Z,6
2545,848,2026-07-30T17:00:00.0000000Z,2821,2680,6,0,H,0.553989,0.254566,0.191445,H,1,0.590611,0.300381,formax-outcome-4.0,6d861e191d14ee4741a5969b1d2ffbfc,2026-07-30T17:00:00.0000000Z,6
2546,3,2026-07-30T17:00:00.0000000Z,2519,3673,0,2,A,0.517787,0.265754,0.216458,H,0,1.530358,0.952667,formax-outcome-4.0,6d861e191d14ee4741a5969b1d2ffbfc,2026-07-30T17:00:00.0000000Z,6
2547,3,2026-07-30T17:00:00.0000000Z,2953,3674,3,1,H,0.378042,0.297407,0.324551,H,1,0.972751,0.580617,formax-outcome-4.0,6d861e191d14ee4741a5969b1d2ffbfc,2026-07-30T17:00:00.0000000Z,6
2552,848,2026-07-30T17:00:00.0000000Z,2551,2691,3,1,H,0.591647,0.231446,0.176907,H,1,0.524846,0.251616,formax-outcome-4.0,6d861e191d14ee4741a5969b1d2ffbfc,2026-07-30T17:00:00.0000000Z,6
2555,3,2026-07-30T17:00:00.0000000Z,3680,3681,2,0,H,0.519599,0.261838,0.218563,H,1,0.654697,0.347114,formax-outcome-4.0,6d861e191d14ee4741a5969b1d2ffbfc,2026-07-30T17:00:00.0000000Z,6
2560,848,2026-07-30T17:30:00.0000000Z,3683,3684,2,3,A,0.410713,0.273202,0.316085,H,0,1.151745,0.711065,formax-outcome-4.0,6d861e191d14ee4741a5969b1d2ffbfc,2026-07-30T17:30:00.0000000Z,6
2563,848,2026-07-30T17:30:00.0000000Z,3688,3689,0,1,A,0.364138,0.280974,0.354888,H,0,1.035954,0.627713,formax-outcome-4.0,6d861e191d14ee4741a5969b1d2ffbfc,2026-07-30T17:30:00.0000000Z,6
2566,848,2026-07-30T18:00:00.0000000Z,3248,3692,2,2,D,0.604140,0.231828,0.164032,H,0,1.461758,0.981979,formax-outcome-4.0,6d861e191d14ee4741a5969b1d2ffbfc,2026-07-30T18:00:00.0000000Z,6
2568,848,2026-07-30T18:00:00.0000000Z,2530,2866,4,1,H,0.666383,0.196550,0.137067,H,1,0.405890,0.168719,formax-outcome-4.0,6d861e191d14ee4741a5969b1d2ffbfc,2026-07-30T18:00:00.0000000Z,6
2571,848,2026-07-30T18:00:00.0000000Z,3697,3220,1,1,D,0.162494,0.200388,0.637118,A,0,1.607500,1.071703,formax-outcome-4.0,6d861e191d14ee4741a5969b1d2ffbfc,2026-07-30T18:00:00.0000000Z,6
2575,848,2026-07-30T18:15:00.0000000Z,2523,2634,4,0,H,0.710706,0.177244,0.112050,H,1,0.341497,0.127662,formax-outcome-4.0,6d861e191d14ee4741a5969b1d2ffbfc,2026-07-30T18:15:00.0000000Z,6
2577,848,2026-07-30T18:30:00.0000000Z,3702,2955,2,2,D,0.650939,0.203297,0.145765,H,0,1.593089,1.079705,formax-outcome-4.0,6d861e191d14ee4741a5969b1d2ffbfc,2026-07-30T18:30:00.0000000Z,6
2579,3,2026-07-30T18:30:00.0000000Z,3705,2496,3,1,H,0.261246,0.267241,0.471513,A,0,1.342294,0.839501,formax-outcome-4.0,6d861e191d14ee4741a5969b1d2ffbfc,2026-07-30T18:30:00.0000000Z,6
2580,848,2026-07-30T18:30:00.0000000Z,2833,2791,3,1,H,0.698302,0.180029,0.121669,H,1,0.359103,0.138235,formax-outcome-4.0,6d861e191d14ee4741a5969b1d2ffbfc,2026-07-30T18:30:00.0000000Z,6
2581,848,2026-07-30T18:30:00.0000000Z,3231,3706,3,0,H,0.699135,0.182426,0.118439,H,1,0.357912,0.137827,formax-outcome-4.0,6d861e191d14ee4741a5969b1d2ffbfc,2026-07-30T18:30:00.0000000Z,6
2582,848,2026-07-30T18:30:00.0000000Z,2972,2736,3,1,H,0.796204,0.127144,0.076652,H,1,0.227900,0.063574,formax-outcome-4.0,6d861e191d14ee4741a5969b1d2ffbfc,2026-07-30T18:30:00.0000000Z,6
2583,3,2026-07-30T18:30:00.0000000Z,2956,3707,2,2,D,0.534957,0.254186,0.210857,H,0,1.369689,0.886878,formax-outcome-4.0,6d861e191d14ee4741a5969b1d2ffbfc,2026-07-30T18:30:00.0000000Z,6
2584,848,2026-07-30T18:45:00.0000000Z,3708,2649,0,3,A,0.386284,0.242019,0.371698,H,0,0.989674,0.602552,formax-outcome-4.0,6d861e191d14ee4741a5969b1d2ffbfc,2026-07-30T18:45:00.0000000Z,6
2586,848,2026-07-30T19:00:00.0000000Z,3710,2992,4,0,H,0.845128,0.106050,0.048822,H,1,0.168267,0.037616,formax-outcome-4.0,6d861e191d14ee4741a5969b1d2ffbfc,2026-07-30T19:00:00.0000000Z,6
2587,3,2026-07-30T19:00:00.0000000Z,3711,2688,5,0,H,0.732340,0.176737,0.090923,H,1,0.311511,0.111145,formax-outcome-4.0,6d861e191d14ee4741a5969b1d2ffbfc,2026-07-30T19:00:00.0000000Z,6
5003,2,2026-08-04T16:00:00.0000000Z,1693,2864,1,2,A,0.704227,0.186029,0.109744,H,0,2.209601,1.323097,formax-outcome-4.0,6d861e191d14ee4741a5969b1d2ffbfc,2026-08-04T16:00:00.0000000Z,6
5093,848,2026-08-04T16:00:00.0000000Z,2816,3715,1,0,H,0.385255,0.266895,0.347849,H,1,0.953849,0.570143,formax-outcome-4.0,6d861e191d14ee4741a5969b1d2ffbfc,2026-08-04T16:00:00.0000000Z,6
5004,2,2026-08-04T17:30:00.0000000Z,3585,2865,1,0,H,0.310567,0.257476,0.431957,A,0,1.169356,0.728199,formax-outcome-4.0,6d861e191d14ee4741a5969b1d2ffbfc,2026-08-04T17:30:00.0000000Z,6
5005,2,2026-08-04T17:30:00.0000000Z,2055,2657,1,0,H,0.527693,0.243662,0.228646,H,1,0.639241,0.334724,formax-outcome-4.0,6d861e191d14ee4741a5969b1d2ffbfc,2026-08-04T17:30:00.0000000Z,6
4641,2,2026-08-04T18:00:00.0000000Z,1272,1080,0,0,D,0.623140,0.222059,0.154800,H,0,1.504810,1.017458,formax-outcome-4.0,6d861e191d14ee4741a5969b1d2ffbfc,2026-08-04T18:00:00.0000000Z,6
4642,2,2026-08-04T18:00:00.0000000Z,3977,2705,3,3,D,0.299328,0.265351,0.435321,A,0,1.326701,0.818811,formax-outcome-4.0,6d861e191d14ee4741a5969b1d2ffbfc,2026-08-04T18:00:00.0000000Z,6
4643,2,2026-08-04T18:00:00.0000000Z,2027,3589,2,1,H,0.382749,0.257052,0.360199,H,1,0.960377,0.576819,formax-outcome-4.0,6d861e191d14ee4741a5969b1d2ffbfc,2026-08-04T18:00:00.0000000Z,6
5007,2,2026-08-04T18:00:00.0000000Z,3440,3571,5,0,H,0.685459,0.188332,0.126210,H,1,0.377667,0.150334,formax-outcome-4.0,6d861e191d14ee4741a5969b1d2ffbfc,2026-08-04T18:00:00.0000000Z,6
5080,3,2026-08-04T19:00:00.0000000Z,3490,3449,3,1,H,0.450105,0.268061,0.281834,H,1,0.798274,0.453671,formax-outcome-4.0,6d861e191d14ee4741a5969b1d2ffbfc,2026-08-04T19:00:00.0000000Z,6
5082,3,2026-08-04T19:00:00.0000000Z,3592,3593,0,0,D,0.455272,0.277276,0.267452,H,0,1.282740,0.801132,formax-outcome-4.0,6d861e191d14ee4741a5969b1d2ffbfc,2026-08-04T19:00:00.0000000Z,6
5098,848,2026-08-05T17:00:00.0000000Z,2551,3426,0,1,A,0.587303,0.211132,0.201565,H,0,1.601645,1.027001,formax-outcome-4.0,6d861e191d14ee4741a5969b1d2ffbfc,2026-08-05T17:00:00.0000000Z,6
5010,2,2026-08-05T18:00:00.0000000Z,3588,3477,2,0,H,0.613846,0.217560,0.168594,H,1,0.488012,0.224872,formax-outcome-4.0,6d861e191d14ee4741a5969b1d2ffbfc,2026-08-05T18:00:00.0000000Z,6
5087,3,2026-08-05T18:15:00.0000000Z,2956,1700,1,0,H,0.516946,0.268378,0.214676,H,1,0.659818,0.351454,formax-outcome-4.0,6d861e191d14ee4741a5969b1d2ffbfc,2026-08-05T18:15:00.0000000Z,6
5112,848,2026-08-05T18:30:00.0000000Z,3702,1783,1,1,D,0.643370,0.206706,0.149924,H,0,1.576460,1.065719,formax-outcome-4.0,6d861e191d14ee4741a5969b1d2ffbfc,2026-08-05T18:30:00.0000000Z,6
5081,3,2026-08-06T15:00:00.0000000Z,1345,1947,1,1,D,0.440411,0.294168,0.265421,H,0,1.223606,0.762610,formax-outcome-4.0,6d861e191d14ee4741a5969b1d2ffbfc,2026-08-06T15:00:00.0000000Z,6
5107,848,2026-08-06T15:00:00.0000000Z,2501,2687,2,1,H,0.542057,0.241467,0.216477,H,1,0.612385,0.314881,formax-outcome-4.0,6d861e191d14ee4741a5969b1d2ffbfc,2026-08-06T15:00:00.0000000Z,6
5089,3,2026-08-06T16:00:00.0000000Z,3667,3313,0,3,A,0.510327,0.261752,0.227921,H,0,1.478756,0.925053,formax-outcome-4.0,6d861e191d14ee4741a5969b1d2ffbfc,2026-08-06T16:00:00.0000000Z,6
5106,848,2026-08-06T16:00:00.0000000Z,2649,3672,1,1,D,0.483279,0.251841,0.264880,H,0,1.378957,0.863462,formax-outcome-4.0,6d861e191d14ee4741a5969b1d2ffbfc,2026-08-06T16:00:00.0000000Z,6
5108,848,2026-08-06T16:00:00.0000000Z,2796,3220,2,0,H,0.455810,0.260079,0.284111,H,1,0.785679,0.444503,formax-outcome-4.0,6d861e191d14ee4741a5969b1d2ffbfc,2026-08-06T16:00:00.0000000Z,6
5110,848,2026-08-06T16:00:00.0000000Z,3654,2523,2,2,D,0.510474,0.242540,0.246986,H,0,1.416589,0.895332,formax-outcome-4.0,6d861e191d14ee4741a5969b1d2ffbfc,2026-08-06T16:00:00.0000000Z,6
5111,848,2026-08-06T16:00:00.0000000Z,3666,3002,1,4,A,0.427463,0.267406,0.305131,H,0,1.187014,0.737073,formax-outcome-4.0,6d861e191d14ee4741a5969b1d2ffbfc,2026-08-06T16:00:00.0000000Z,6
5143,3,2026-08-06T16:00:00.0000000Z,1177,2750,2,1,H,0.429256,0.266098,0.304646,H,1,0.845701,0.489366,formax-outcome-4.0,6d861e191d14ee4741a5969b1d2ffbfc,2026-08-06T16:00:00.0000000Z,6
5099,848,2026-08-06T16:30:00.0000000Z,3231,3674,0,5,A,0.360267,0.256440,0.383293,A,1,0.958956,0.575882,formax-outcome-4.0,6d861e191d14ee4741a5969b1d2ffbfc,2026-08-06T16:30:00.0000000Z,6
5083,3,2026-08-06T17:00:00.0000000Z,2056,3572,1,0,H,0.613359,0.238259,0.148382,H,1,0.488805,0.228276,formax-outcome-4.0,6d861e191d14ee4741a5969b1d2ffbfc,2026-08-06T17:00:00.0000000Z,6
5088,3,2026-08-06T17:00:00.0000000Z,2953,3673,0,1,A,0.421042,0.291569,0.287389,H,0,1.246920,0.770104,formax-outcome-4.0,6d861e191d14ee4741a5969b1d2ffbfc,2026-08-06T17:00:00.0000000Z,6
5090,3,2026-08-06T17:00:00.0000000Z,1810,3680,1,0,H,0.358348,0.282583,0.359068,A,0,1.026249,0.620500,formax-outcome-4.0,6d861e191d14ee4741a5969b1d2ffbfc,2026-08-06T17:00:00.0000000Z,6
5100,848,2026-08-06T17:00:00.0000000Z,2828,2667,0,3,A,0.182219,0.212923,0.604858,A,1,0.502762,0.234678,formax-outcome-4.0,6d861e191d14ee4741a5969b1d2ffbfc,2026-08-06T17:00:00.0000000Z,6
5103,848,2026-08-06T17:00:00.0000000Z,2498,3700,0,1,A,0.458311,0.259612,0.282077,H,0,1.265575,0.792861,formax-outcome-4.0,6d861e191d14ee4741a5969b1d2ffbfc,2026-08-06T17:00:00.0000000Z,6
5114,848,2026-08-06T17:00:00.0000000Z,2576,2496,0,0,D,0.440790,0.254645,0.304564,H,0,1.367883,0.842609,formax-outcome-4.0,6d861e191d14ee4741a5969b1d2ffbfc,2026-08-06T17:00:00.0000000Z,6
5115,848,2026-08-06T17:00:00.0000000Z,2510,2648,1,0,H,0.392158,0.252422,0.355420,H,1,0.936092,0.559513,formax-outcome-4.0,6d861e191d14ee4741a5969b1d2ffbfc,2026-08-06T17:00:00.0000000Z,6
5117,848,2026-08-06T17:00:00.0000000Z,2875,2688,1,3,A,0.384635,0.274896,0.340468,H,0,1.077433,0.658494,formax-outcome-4.0,6d861e191d14ee4741a5969b1d2ffbfc,2026-08-06T17:00:00.0000000Z,6
5120,848,2026-08-06T17:00:00.0000000Z,3234,3681,2,5,A,0.348130,0.248617,0.403253,A,1,0.908191,0.539112,formax-outcome-4.0,6d861e191d14ee4741a5969b1d2ffbfc,2026-08-06T17:00:00.0000000Z,6
5094,848,2026-08-06T17:30:00.0000000Z,3683,2833,1,2,A,0.522119,0.235410,0.242471,H,0,1.416871,0.901875,formax-outcome-4.0,6d861e191d14ee4741a5969b1d2ffbfc,2026-08-06T17:30:00.0000000Z,6
5091,3,2026-08-06T17:45:00.0000000Z,3690,3705,0,1,A,0.602445,0.226538,0.171018,H,0,1.765987,1.101470,formax-outcome-4.0,6d861e191d14ee4741a5969b1d2ffbfc,2026-08-06T17:45:00.0000000Z,6
5085,3,2026-08-06T18:00:00.0000000Z,2081,3586,3,0,H,0.309596,0.287047,0.403357,A,0,1.172488,0.721751,formax-outcome-4.0,6d861e191d14ee4741a5969b1d2ffbfc,2026-08-06T18:00:00.0000000Z,6
5092,848,2026-08-06T18:00:00.0000000Z,2530,3663,3,1,H,0.709736,0.172288,0.117976,H,1,0.342863,0.127855,formax-outcome-4.0,6d861e191d14ee4741a5969b1d2ffbfc,2026-08-06T18:00:00.0000000Z,6
5104,848,2026-08-06T18:00:00.0000000Z,3692,2972,2,0,H,0.324154,0.270733,0.405113,A,0,1.126536,0.694180,formax-outcome-4.0,6d861e191d14ee4741a5969b1d2ffbfc,2026-08-06T18:00:00.0000000Z,6
5118,848,2026-08-06T18:00:00.0000000Z,3707,2735,6,0,H,0.567933,0.234576,0.197491,H,1,0.565751,0.280710,formax-outcome-4.0,6d861e191d14ee4741a5969b1d2ffbfc,2026-08-06T18:00:00.0000000Z,6
5097,848,2026-08-06T18:30:00.0000000Z,3710,2483,1,0,H,0.817889,0.122634,0.059477,H,1,0.201029,0.051741,formax-outcome-4.0,6d861e191d14ee4741a5969b1d2ffbfc,2026-08-06T18:30:00.0000000Z,6
5109,848,2026-08-06T18:30:00.0000000Z,2686,3709,2,0,H,0.681873,0.188079,0.130048,H,1,0.382912,0.153491,formax-outcome-4.0,6d861e191d14ee4741a5969b1d2ffbfc,2026-08-06T18:30:00.0000000Z,6
5119,848,2026-08-06T18:30:00.0000000Z,3704,2821,0,2,A,0.180573,0.227206,0.592221,A,1,0.523875,0.250512,formax-outcome-4.0,6d861e191d14ee4741a5969b1d2ffbfc,2026-08-06T18:30:00.0000000Z,6
5095,848,2026-08-06T18:45:00.0000000Z,3696,2519,0,2,A,0.247650,0.246582,0.505768,A,1,0.681677,0.366399,formax-outcome-4.0,6d861e191d14ee4741a5969b1d2ffbfc,2026-08-06T18:45:00.0000000Z,6
5116,848,2026-08-06T18:45:00.0000000Z,3689,2499,1,0,H,0.500793,0.266081,0.233126,H,1,0.691563,0.374355,formax-outcome-4.0,6d861e191d14ee4741a5969b1d2ffbfc,2026-08-06T18:45:00.0000000Z,6
5086,3,2026-08-06T19:00:00.0000000Z,3711,3476,6,1,H,0.736602,0.179109,0.084289,H,1,0.305708,0.108563,formax-outcome-4.0,6d861e191d14ee4741a5969b1d2ffbfc,2026-08-06T19:00:00.0000000Z,6
5113,848,2026-08-06T19:00:00.0000000Z,3048,2584,3,0,H,0.605600,0.233818,0.160582,H,1,0.501536,0.236009,formax-outcome-4.0,6d861e191d14ee4741a5969b1d2ffbfc,2026-08-06T19:00:00.0000000Z,6
5401,88,2026-08-07T18:00:00.0000000Z,3425,4124,0,4,A,0.471656,0.248361,0.279982,H,0,1.273029,0.802569,formax-outcome-4.0,6d861e191d14ee4741a5969b1d2ffbfc,2026-08-07T18:00:00.0000000Z,6
6173,88,2026-08-08T14:30:00.0000000Z,1080,3539,1,2,A,0.519287,0.237544,0.243168,H,0,1.414001,0.898880,formax-outcome-4.0,6d861e191d14ee4741a5969b1d2ffbfc,2026-08-08T14:30:00.0000000Z,6
6391,88,2026-08-08T16:45:00.0000000Z,1580,1088,4,1,H,0.673553,0.187927,0.138520,H,1,0.395189,0.161072,formax-outcome-4.0,6d861e191d14ee4741a5969b1d2ffbfc,2026-08-08T16:45:00.0000000Z,6
6431,88,2026-08-08T18:00:00.0000000Z,1775,1079,2,2,D,0.839303,0.103083,0.057615,H,0,2.272224,1.512209,formax-outcome-4.0,6d861e191d14ee4741a5969b1d2ffbfc,2026-08-08T18:00:00.0000000Z,6
6504,88,2026-08-08T19:00:00.0000000Z,1271,3915,2,0,H,0.747862,0.149503,0.102635,H,1,0.290537,0.096459,formax-outcome-4.0,6d861e191d14ee4741a5969b1d2ffbfc,2026-08-08T19:00:00.0000000Z,6
6783,88,2026-08-09T10:15:00.0000000Z,1162,2516,0,1,A,0.265248,0.244337,0.490415,A,1,0.712503,0.389733,formax-outcome-4.0,6d861e191d14ee4741a5969b1d2ffbfc,2026-08-09T10:15:00.0000000Z,6
6875,88,2026-08-09T12:30:00.0000000Z,1301,4678,2,1,H,0.376711,0.269814,0.353475,H,1,0.976278,0.586234,formax-outcome-4.0,6d861e191d14ee4741a5969b1d2ffbfc,2026-08-09T12:30:00.0000000Z,6
6876,88,2026-08-09T12:30:00.0000000Z,2612,2530,0,2,A,0.193408,0.220732,0.585860,A,1,0.534675,0.257641,formax-outcome-4.0,6d861e191d14ee4741a5969b1d2ffbfc,2026-08-09T12:30:00.0000000Z,6
6986,88,2026-08-09T14:45:00.0000000Z,990,3707,1,0,H,0.311587,0.247162,0.441251,A,0,1.166077,0.729704,formax-outcome-4.0,6d861e191d14ee4741a5969b1d2ffbfc,2026-08-09T14:45:00.0000000Z,6
7370,2,2026-08-11T15:00:00.0000000Z,2657,2055,0,1,A,0.423544,0.269468,0.306988,H,0,1.180946,0.732268,formax-outcome-4.0,6d861e191d14ee4741a5969b1d2ffbfc,2026-08-11T15:00:00.0000000Z,6
7381,2,2026-08-11T16:00:00.0000000Z,2705,3977,3,2,H,0.668603,0.195951,0.135446,H,1,0.402565,0.166566,formax-outcome-4.0,6d861e191d14ee4741a5969b1d2ffbfc,2026-08-11T16:00:00.0000000Z,6
7386,3,2026-08-11T16:00:00.0000000Z,3593,3592,2,1,H,0.485650,0.281342,0.233008,H,1,0.722267,0.398002,formax-outcome-4.0,6d861e191d14ee4741a5969b1d2ffbfc,2026-08-11T16:00:00.0000000Z,6
7400,2,2026-08-11T17:00:00.0000000Z,3571,3440,1,2,A,0.243663,0.240212,0.516124,A,1,0.661408,0.351210,formax-outcome-4.0,6d861e191d14ee4741a5969b1d2ffbfc,2026-08-11T17:00:00.0000000Z,6
7401,848,2026-08-11T17:00:00.0000000Z,3426,2551,2,4,A,0.456143,0.248710,0.295148,H,0,1.220280,0.766740,formax-outcome-4.0,6d861e191d14ee4741a5969b1d2ffbfc,2026-08-11T17:00:00.0000000Z,6
7411,2,2026-08-11T17:30:00.0000000Z,1080,1272,2,1,H,0.334014,0.281332,0.384654,A,0,1.096572,0.670643,formax-outcome-4.0,6d861e191d14ee4741a5969b1d2ffbfc,2026-08-11T17:30:00.0000000Z,6
7416,848,2026-08-11T17:30:00.0000000Z,1783,3702,1,2,A,0.331499,0.266649,0.401852,A,1,0.911672,0.538775,formax-outcome-4.0,6d861e191d14ee4741a5969b1d2ffbfc,2026-08-11T17:30:00.0000000Z,6
7432,2,2026-08-11T18:00:00.0000000Z,2865,3585,0,2,A,0.637633,0.211220,0.151147,H,0,1.889501,1.171741,formax-outcome-4.0,6d861e191d14ee4741a5969b1d2ffbfc,2026-08-11T18:00:00.0000000Z,6
7434,2,2026-08-11T18:15:00.0000000Z,2864,1693,2,0,H,0.350225,0.280907,0.368868,A,0,1.049180,0.637180,formax-outcome-4.0,6d861e191d14ee4741a5969b1d2ffbfc,2026-08-11T18:15:00.0000000Z,6
7436,2,2026-08-11T18:30:00.0000000Z,3477,3588,0,1,A,0.365834,0.270181,0.363985,H,0,1.010643,0.611348,formax-outcome-4.0,6d861e191d14ee4741a5969b1d2ffbfc,2026-08-11T18:30:00.0000000Z,6
7504,2,2026-08-11T19:00:00.0000000Z,3589,2027,3,0,H,0.582302,0.225464,0.192233,H,1,0.540766,0.262260,formax-outcome-4.0,6d861e191d14ee4741a5969b1d2ffbfc,2026-08-11T19:00:00.0000000Z,6
7605,848,2026-08-12T16:00:00.0000000Z,2667,2828,5,1,H,0.788750,0.136959,0.074290,H,1,0.237305,0.068903,formax-outcome-4.0,6d861e191d14ee4741a5969b1d2ffbfc,2026-08-12T16:00:00.0000000Z,6
7606,848,2026-08-12T16:00:00.0000000Z,2972,3692,2,1,H,0.487149,0.260793,0.252058,H,1,0.719186,0.394563,formax-outcome-4.0,6d861e191d14ee4741a5969b1d2ffbfc,2026-08-12T16:00:00.0000000Z,6
7607,848,2026-08-12T16:00:00.0000000Z,3002,3666,2,0,H,0.572967,0.231286,0.195747,H,1,0.556927,0.274167,formax-outcome-4.0,6d861e191d14ee4741a5969b1d2ffbfc,2026-08-12T16:00:00.0000000Z,6
13365,848,2026-08-13T15:00:00.0000000Z,2584,3048,1,2,A,0.261980,0.264843,0.473177,A,1,0.748287,0.416319,formax-outcome-4.0,6d861e191d14ee4741a5969b1d2ffbfc,2026-08-13T15:00:00.0000000Z,6
13369,848,2026-08-13T16:00:00.0000000Z,2499,3689,1,1,D,0.382141,0.281605,0.336254,H,0,1.267251,0.775190,formax-outcome-4.0,6d861e191d14ee4741a5969b1d2ffbfc,2026-08-13T16:00:00.0000000Z,6
13373,848,2026-08-13T16:30:00.0000000Z,3220,2796,1,2,A,0.455691,0.260517,0.283792,H,0,1.259514,0.788477,formax-outcome-4.0,6d861e191d14ee4741a5969b1d2ffbfc,2026-08-13T16:30:00.0000000Z,6
13368,848,2026-08-13T17:00:00.0000000Z,2735,3707,3,3,D,0.228729,0.240997,0.530274,A,0,1.422970,0.909592,formax-outcome-4.0,6d861e191d14ee4741a5969b1d2ffbfc,2026-08-13T17:00:00.0000000Z,6
13378,3,2026-08-13T17:00:00.0000000Z,1947,1345,2,1,H,0.492563,0.284461,0.222976,H,1,0.708133,0.388129,formax-outcome-4.0,6d861e191d14ee4741a5969b1d2ffbfc,2026-08-13T17:00:00.0000000Z,6
13379,3,2026-08-13T17:00:00.0000000Z,3673,2953,1,0,H,0.519991,0.274946,0.205063,H,1,0.653945,0.348055,formax-outcome-4.0,6d861e191d14ee4741a5969b1d2ffbfc,2026-08-13T17:00:00.0000000Z,6
13380,3,2026-08-13T17:00:00.0000000Z,1700,2956,1,1,D,0.413606,0.296255,0.290139,H,0,1.216533,0.750506,formax-outcome-4.0,6d861e191d14ee4741a5969b1d2ffbfc,2026-08-13T17:00:00.0000000Z,6
13381,3,2026-08-13T17:00:00.0000000Z,3680,1810,3,3,D,0.566416,0.250499,0.183085,H,0,1.384300,0.916099,formax-outcome-4.0,6d861e191d14ee4741a5969b1d2ffbfc,2026-08-13T17:00:00.0000000Z,6
13382,848,2026-08-13T17:00:00.0000000Z,2483,3710,0,0,D,0.150232,0.210542,0.639225,A,0,1.558069,1.054422,formax-outcome-4.0,6d861e191d14ee4741a5969b1d2ffbfc,2026-08-13T17:00:00.0000000Z,6
13384,848,2026-08-13T17:00:00.0000000Z,2496,2576,0,1,A,0.463193,0.260171,0.276636,H,0,1.285053,0.805492,formax-outcome-4.0,6d861e191d14ee4741a5969b1d2ffbfc,2026-08-13T17:00:00.0000000Z,6
13385,848,2026-08-13T17:00:00.0000000Z,2519,3696,3,2,H,0.704641,0.178239,0.117121,H,1,0.350067,0.132723,formax-outcome-4.0,6d861e191d14ee4741a5969b1d2ffbfc,2026-08-13T17:00:00.0000000Z,6
13387,848,2026-08-13T17:00:00.0000000Z,2821,3704,5,0,H,0.762012,0.155749,0.082238,H,1,0.271793,0.087659,formax-outcome-4.0,6d861e191d14ee4741a5969b1d2ffbfc,2026-08-13T17:00:00.0000000Z,6
13388,848,2026-08-13T17:00:00.0000000Z,3674,3231,2,1,H,0.685171,0.183296,0.131533,H,1,0.378087,0.150016,formax-outcome-4.0,6d861e191d14ee4741a5969b1d2ffbfc,2026-08-13T17:00:00.0000000Z,6
13390,3,2026-08-13T17:30:00.0000000Z,3586,2081,3,2,H,0.580253,0.240953,0.178794,H,1,0.544290,0.266213,formax-outcome-4.0,6d861e191d14ee4741a5969b1d2ffbfc,2026-08-13T17:30:00.0000000Z,6
13391,848,2026-08-13T17:30:00.0000000Z,3709,2686,2,2,D,0.246384,0.248478,0.505138,A,0,1.392400,0.880655,formax-outcome-4.0,6d861e191d14ee4741a5969b1d2ffbfc,2026-08-13T17:30:00.0000000Z,6
13392,848,2026-08-13T17:30:00.0000000Z,2687,2501,2,2,D,0.411202,0.263747,0.325051,H,0,1.332766,0.816814,formax-outcome-4.0,6d861e191d14ee4741a5969b1d2ffbfc,2026-08-13T17:30:00.0000000Z,6
13406,3,2026-08-13T18:00:00.0000000Z,3313,3667,1,3,A,0.525870,0.255427,0.218703,H,0,1.520041,0.952208,formax-outcome-4.0,6d861e191d14ee4741a5969b1d2ffbfc,2026-08-13T18:00:00.0000000Z,6
13408,848,2026-08-13T18:00:00.0000000Z,2688,2875,5,1,H,0.554720,0.242478,0.202803,H,1,0.589293,0.298199,formax-outcome-4.0,6d861e191d14ee4741a5969b1d2ffbfc,2026-08-13T18:00:00.0000000Z,6
13414,848,2026-08-13T18:15:00.0000000Z,2523,3654,2,1,H,0.511115,0.237824,0.251060,H,1,0.671160,0.358600,formax-outcome-4.0,6d861e191d14ee4741a5969b1d2ffbfc,2026-08-13T18:15:00.0000000Z,6
13383,848,2026-08-13T18:30:00.0000000Z,2648,2510,1,1,D,0.555366,0.231253,0.213381,H,0,1.464244,0.944935,formax-outcome-4.0,6d861e191d14ee4741a5969b1d2ffbfc,2026-08-13T18:30:00.0000000Z,6
13415,3,2026-08-13T18:30:00.0000000Z,2750,1177,1,1,D,0.533425,0.243000,0.223575,H,0,1.414696,0.907578,formax-outcome-4.0,6d861e191d14ee4741a5969b1d2ffbfc,2026-08-13T18:30:00.0000000Z,6
13416,3,2026-08-13T18:30:00.0000000Z,3705,3690,3,2,H,0.397233,0.267336,0.335431,H,1,0.923232,0.547310,formax-outcome-4.0,6d861e191d14ee4741a5969b1d2ffbfc,2026-08-13T18:30:00.0000000Z,6
13417,848,2026-08-13T18:30:00.0000000Z,2833,3683,1,2,A,0.448794,0.246378,0.304828,H,0,1.188008,0.745383,formax-outcome-4.0,6d861e191d14ee4741a5969b1d2ffbfc,2026-08-13T18:30:00.0000000Z,6
13418,848,2026-08-13T18:30:00.0000000Z,3700,2498,1,1,D,0.508990,0.253815,0.237195,H,0,1.371149,0.872124,formax-outcome-4.0,6d861e191d14ee4741a5969b1d2ffbfc,2026-08-13T18:30:00.0000000Z,6
13419,848,2026-08-13T18:30:00.0000000Z,3672,2649,2,0,H,0.524283,0.241894,0.233823,H,1,0.645723,0.339492,formax-outcome-4.0,6d861e191d14ee4741a5969b1d2ffbfc,2026-08-13T18:30:00.0000000Z,6
13420,3,2026-08-13T18:45:00.0000000Z,3476,3711,1,1,D,0.171384,0.226387,0.602229,A,0,1.485510,0.990529,formax-outcome-4.0,6d861e191d14ee4741a5969b1d2ffbfc,2026-08-13T18:45:00.0000000Z,6
13421,848,2026-08-13T18:45:00.0000000Z,3663,2530,2,2,D,0.216810,0.228244,0.554945,A,0,1.477338,0.950578,formax-outcome-4.0,6d861e191d14ee4741a5969b1d2ffbfc,2026-08-13T18:45:00.0000000Z,6
13423,3,2026-08-13T19:00:00.0000000Z,3449,3490,5,1,H,0.475720,0.260544,0.263736,H,1,0.742926,0.412309,formax-outcome-4.0,6d861e191d14ee4741a5969b1d2ffbfc,2026-08-13T19:00:00.0000000Z,6
13424,848,2026-08-13T19:00:00.0000000Z,3715,2816,4,0,H,0.549998,0.245418,0.204584,H,1,0.597840,0.304586,formax-outcome-4.0,6d861e191d14ee4741a5969b1d2ffbfc,2026-08-13T19:00:00.0000000Z,6
13425,848,2026-08-13T19:00:00.0000000Z,3681,3234,4,0,H,0.687282,0.177470,0.135248,H,1,0.375011,0.147580,formax-outcome-4.0,6d861e191d14ee4741a5969b1d2ffbfc,2026-08-13T19:00:00.0000000Z,6
13389,3,2026-08-14T18:00:00.0000000Z,3572,2056,0,5,A,0.309664,0.291551,0.398785,A,1,0.919333,0.542353,formax-outcome-4.0,6d861e191d14ee4741a5969b1d2ffbfc,2026-08-14T18:00:00.0000000Z,6
23591,88,2026-08-14T18:00:00.0000000Z,3539,1162,1,3,A,0.661467,0.199570,0.138963,H,0,1.973545,1.218751,formax-outcome-4.0,6d861e191d14ee4741a5969b1d2ffbfc,2026-08-14T18:00:00.0000000Z,6
23592,203,2026-08-14T18:30:00.0000000Z,3309,6846,2,2,D,0.569253,0.237220,0.193527,H,0,1.438768,0.943336,formax-outcome-4.0,6d861e191d14ee4741a5969b1d2ffbfc,2026-08-14T18:30:00.0000000Z,6
23593,40,2026-08-14T19:00:00.0000000Z,1829,1912,2,2,D,0.319907,0.293276,0.386817,A,0,1.226641,0.751426,formax-outcome-4.0,6d861e191d14ee4741a5969b1d2ffbfc,2026-08-14T19:00:00.0000000Z,6
16507,40,2026-08-15T14:00:00.0000000Z,1053,1511,0,2,A,0.301981,0.277976,0.420043,A,1,0.867399,0.504814,formax-outcome-4.0,6d861e191d14ee4741a5969b1d2ffbfc,2026-08-15T14:00:00.0000000Z,6
23596,40,2026-08-15T14:00:00.0000000Z,1452,3380,2,1,H,0.304855,0.272548,0.422597,A,0,1.187918,0.736097,formax-outcome-4.0,6d861e191d14ee4741a5969b1d2ffbfc,2026-08-15T14:00:00.0000000Z,6
23598,40,2026-08-15T14:00:00.0000000Z,4379,1531,1,2,A,0.516148,0.258333,0.225520,H,0,1.489349,0.932964,formax-outcome-4.0,6d861e191d14ee4741a5969b1d2ffbfc,2026-08-15T14:00:00.0000000Z,6
23599,40,2026-08-15T14:00:00.0000000Z,1654,1502,1,3,A,0.455650,0.254017,0.290333,H,0,1.236727,0.775769,formax-outcome-4.0,6d861e191d14ee4741a5969b1d2ffbfc,2026-08-15T14:00:00.0000000Z,6
23600,40,2026-08-15T14:00:00.0000000Z,3483,3467,1,2,A,0.300724,0.269415,0.429860,A,1,0.844295,0.488079,formax-outcome-4.0,6d861e191d14ee4741a5969b1d2ffbfc,2026-08-15T14:00:00.0000000Z,6
23601,88,2026-08-15T14:30:00.0000000Z,1088,1080,1,4,A,0.184721,0.214371,0.600908,A,1,0.509314,0.239352,formax-outcome-4.0,6d861e191d14ee4741a5969b1d2ffbfc,2026-08-15T14:30:00.0000000Z,6
23603,203,2026-08-15T16:00:00.0000000Z,4226,5068,1,1,D,0.329153,0.258302,0.412545,A,0,1.353627,0.828652,formax-outcome-4.0,6d861e191d14ee4741a5969b1d2ffbfc,2026-08-15T16:00:00.0000000Z,6
23604,203,2026-08-15T16:00:00.0000000Z,1717,1845,0,1,A,0.542684,0.237810,0.219506,H,0,1.516377,0.960231,formax-outcome-4.0,6d861e191d14ee4741a5969b1d2ffbfc,2026-08-15T16:00:00.0000000Z,6
23605,40,2026-08-15T16:30:00.0000000Z,1460,1490,0,0,D,0.430929,0.260911,0.308160,H,0,1.343576,0.826915,formax-outcome-4.0,6d861e191d14ee4741a5969b1d2ffbfc,2026-08-15T16:30:00.0000000Z,6
23606,88,2026-08-15T16:45:00.0000000Z,4678,1271,1,4,A,0.306485,0.258011,0.435504,A,1,0.831252,0.479159,formax-outcome-4.0,6d861e191d14ee4741a5969b1d2ffbfc,2026-08-15T16:45:00.0000000Z,6
15464,140,2026-08-15T17:30:00.0000000Z,759,1914,3,0,H,0.445640,0.295690,0.258669,H,1,0.808243,0.461657,formax-outcome-4.0,6d861e191d14ee4741a5969b1d2ffbfc,2026-08-15T17:30:00.0000000Z,6
23608,88,2026-08-15T18:00:00.0000000Z,4124,1775,1,2,A,0.273272,0.223009,0.503720,A,1,0.685736,0.370705,formax-outcome-4.0,6d861e191d14ee4741a5969b1d2ffbfc,2026-08-15T18:00:00.0000000Z,6
23609,203,2026-08-15T18:30:00.0000000Z,4926,6847,1,1,D,0.383131,0.268094,0.348775,H,0,1.316418,0.804120,formax-outcome-4.0,6d861e191d14ee4741a5969b1d2ffbfc,2026-08-15T18:30:00.0000000Z,6
23610,203,2026-08-15T18:30:00.0000000Z,6848,3588,2,1,H,0.182850,0.239370,0.577779,A,0,1.699088,1.058861,formax-outcome-4.0,6d861e191d14ee4741a5969b1d2ffbfc,2026-08-15T18:30:00.0000000Z,6
23611,88,2026-08-15T19:00:00.0000000Z,1079,3425,3,1,H,0.439426,0.250683,0.309891,H,1,0.822286,0.473118,formax-outcome-4.0,6d861e191d14ee4741a5969b1d2ffbfc,2026-08-15T19:00:00.0000000Z,6
23612,140,2026-08-15T19:30:00.0000000Z,3049,2517,2,1,H,0.365557,0.288279,0.346164,H,1,1.006333,0.605452,formax-outcome-4.0,6d861e191d14ee4741a5969b1d2ffbfc,2026-08-15T19:30:00.0000000Z,6
28349,88,2026-08-16T10:15:00.0000000Z,3915,1301,1,4,A,0.349906,0.261120,0.388974,A,1,0.944244,0.563971,formax-outcome-4.0,6d861e191d14ee4741a5969b1d2ffbfc,2026-08-16T10:15:00.0000000Z,6
15916,88,2026-08-16T12:30:00.0000000Z,3707,2612,3,1,H,0.768492,0.142081,0.089428,H,1,0.263325,0.081780,formax-outcome-4.0,6d861e191d14ee4741a5969b1d2ffbfc,2026-08-16T12:30:00.0000000Z,6
28350,88,2026-08-16T12:30:00.0000000Z,2516,1580,2,2,D,0.531636,0.232365,0.235999,H,0,1.459446,0.927596,formax-outcome-4.0,6d861e191d14ee4741a5969b1d2ffbfc,2026-08-16T12:30:00.0000000Z,6
28351,40,2026-08-16T12:30:00.0000000Z,1253,4290,2,1,H,0.111821,0.179099,0.709080,A,0,2.190855,1.323732,formax-outcome-4.0,6d861e191d14ee4741a5969b1d2ffbfc,2026-08-16T12:30:00.0000000Z,6
15650,88,2026-08-16T14:45:00.0000000Z,2530,990,2,2,D,0.567220,0.224155,0.208625,H,0,1.495419,0.967199,formax-outcome-4.0,6d861e191d14ee4741a5969b1d2ffbfc,2026-08-16T14:45:00.0000000Z,6
19079,140,2026-08-16T15:00:00.0000000Z,3578,1776,2,2,D,0.609608,0.207727,0.182666,H,0,1.571533,1.032686,formax-outcome-4.0,6d861e191d14ee4741a5969b1d2ffbfc,2026-08-16T15:00:00.0000000Z,6
28353,40,2026-08-16T15:00:00.0000000Z,2531,2751,2,2,D,0.241563,0.255712,0.502724,A,0,1.363702,0.865048,formax-outcome-4.0,6d861e191d14ee4741a5969b1d2ffbfc,2026-08-16T15:00:00.0000000Z,6
28354,203,2026-08-16T16:00:00.0000000Z,3661,6988,2,0,H,0.729337,0.181324,0.089339,H,1,0.315619,0.114118,formax-outcome-4.0,6d861e191d14ee4741a5969b1d2ffbfc,2026-08-16T16:00:00.0000000Z,6
28355,140,2026-08-16T17:00:00.0000000Z,762,2383,3,0,H,0.515722,0.256547,0.227731,H,1,0.662188,0.352203,formax-outcome-4.0,6d861e191d14ee4741a5969b1d2ffbfc,2026-08-16T17:00:00.0000000Z,6
28357,203,2026-08-16T18:30:00.0000000Z,6989,6990,3,0,H,0.461408,0.270804,0.267788,H,1,0.773473,0.435127,formax-outcome-4.0,6d861e191d14ee4741a5969b1d2ffbfc,2026-08-16T18:30:00.0000000Z,6
28358,203,2026-08-16T18:30:00.0000000Z,3673,6991,1,0,H,0.730875,0.176208,0.092916,H,1,0.313513,0.112111,formax-outcome-4.0,6d861e191d14ee4741a5969b1d2ffbfc,2026-08-16T18:30:00.0000000Z,6
32550,203,2026-08-17T18:30:00.0000000Z,1176,2549,3,3,D,0.568045,0.242865,0.189090,H,0,1.415249,0.931683,formax-outcome-4.0,6d861e191d14ee4741a5969b1d2ffbfc,2026-08-17T18:30:00.0000000Z,6
15497,140,2026-08-17T19:00:00.0000000Z,1945,3447,1,1,D,0.709742,0.186878,0.103381,H,0,1.677301,1.175589,formax-outcome-4.0,6d861e191d14ee4741a5969b1d2ffbfc,2026-08-17T19:00:00.0000000Z,6
32551,40,2026-08-17T19:00:00.0000000Z,1386,2268,1,1,D,0.266049,0.247947,0.486005,A,0,1.394542,0.872567,formax-outcome-4.0,6d861e191d14ee4741a5969b1d2ffbfc,2026-08-17T19:00:00.0000000Z,6
71512,2,2026-08-18T19:00:00.0000000Z,3440,2882,2,2,D,0.635377,0.196731,0.167892,H,0,1.625918,1.077133,formax-outcome-4.0,6d861e191d14ee4741a5969b1d2ffbfc,2026-08-18T19:00:00.0000000Z,6
71513,2,2026-08-18T19:00:00.0000000Z,3588,3589,1,1,D,0.444095,0.258086,0.297820,H,0,1.354464,0.836354,formax-outcome-4.0,6d861e191d14ee4741a5969b1d2ffbfc,2026-08-18T19:00:00.0000000Z,6
71514,2,2026-08-18T19:00:00.0000000Z,2055,2613,0,0,D,0.369268,0.274356,0.356376,H,0,1.293330,0.789923,formax-outcome-4.0,6d861e191d14ee4741a5969b1d2ffbfc,2026-08-18T19:00:00.0000000Z,6
15428,140,2026-08-19T19:00:00.0000000Z,4267,1909,2,0,H,0.523864,0.250887,0.225249,H,1,0.646524,0.340387,formax-outcome-4.0,6d861e191d14ee4741a5969b1d2ffbfc,2026-08-19T19:00:00.0000000Z,6
71515,2,2026-08-19T19:00:00.0000000Z,1487,1804,3,0,H,0.640034,0.198150,0.161816,H,1,0.446234,0.195024,formax-outcome-4.0,6d861e191d14ee4741a5969b1d2ffbfc,2026-08-19T19:00:00.0000000Z,6
71517,2,2026-08-19T19:00:00.0000000Z,1080,2705,1,3,A,0.239895,0.240550,0.519555,A,1,0.654783,0.346242,formax-outcome-4.0,6d861e191d14ee4741a5969b1d2ffbfc,2026-08-19T19:00:00.0000000Z,6
101544,3,2026-08-20T15:00:00.0000000Z,2657,3705,0,3,A,0.360593,0.269467,0.369940,A,1,0.994415,0.599616,formax-outcome-4.0,6d861e191d14ee4741a5969b1d2ffbfc,2026-08-20T15:00:00.0000000Z,6
101526,848,2026-08-20T16:00:00.0000000Z,2501,2667,0,0,D,0.326026,0.263412,0.410562,A,0,1.334036,0.817416,formax-outcome-4.0,6d861e191d14ee4741a5969b1d2ffbfc,2026-08-20T16:00:00.0000000Z,6
101543,3,2026-08-20T16:00:00.0000000Z,1177,3593,4,0,H,0.731991,0.168069,0.099940,H,1,0.311987,0.110064,formax-outcome-4.0,6d861e191d14ee4741a5969b1d2ffbfc,2026-08-20T16:00:00.0000000Z,6
101545,3,2026-08-20T16:00:00.0000000Z,1693,1810,0,1,A,0.566699,0.243288,0.190013,H,0,1.660664,1.036416,formax-outcome-4.0,6d861e191d14ee4741a5969b1d2ffbfc,2026-08-20T16:00:00.0000000Z,6
101529,848,2026-08-20T17:00:00.0000000Z,2519,3689,2,0,H,0.626050,0.228724,0.145226,H,1,0.468326,0.213244,formax-outcome-4.0,6d861e191d14ee4741a5969b1d2ffbfc,2026-08-20T17:00:00.0000000Z,6
101531,848,2026-08-20T17:00:00.0000000Z,2821,2688,1,0,H,0.625358,0.210364,0.164278,H,1,0.469431,0.211597,formax-outcome-4.0,6d861e191d14ee4741a5969b1d2ffbfc,2026-08-20T17:00:00.0000000Z,6
101537,848,2026-08-20T17:00:00.0000000Z,3674,873,0,0,D,0.351657,0.263194,0.385149,A,0,1.334864,0.814885,formax-outcome-4.0,6d861e191d14ee4741a5969b1d2ffbfc,2026-08-20T17:00:00.0000000Z,6
101541,3,2026-08-20T17:00:00.0000000Z,3673,3571,3,0,H,0.733425,0.175835,0.090740,H,1,0.310030,0.110214,formax-outcome-4.0,6d861e191d14ee4741a5969b1d2ffbfc,2026-08-20T17:00:00.0000000Z,6
101542,3,2026-08-20T17:00:00.0000000Z,3449,4007,0,0,D,0.505810,0.249456,0.244735,H,0,1.388473,0.879055,formax-outcome-4.0,6d861e191d14ee4741a5969b1d2ffbfc,2026-08-20T17:00:00.0000000Z,6
101548,3,2026-08-20T17:00:00.0000000Z,5068,2956,0,1,A,0.372370,0.266334,0.361297,H,0,1.018056,0.617535,formax-outcome-4.0,6d861e191d14ee4741a5969b1d2ffbfc,2026-08-20T17:00:00.0000000Z,6
101549,3,2026-08-20T17:00:00.0000000Z,1947,3491,1,1,D,0.598254,0.232354,0.169393,H,0,1.459495,0.975883,formax-outcome-4.0,6d861e191d14ee4741a5969b1d2ffbfc,2026-08-20T17:00:00.0000000Z,6
103662,3,2026-08-20T17:00:00.0000000Z,2056,2081,7,0,H,0.687178,0.181825,0.130997,H,1,0.375163,0.148079,formax-outcome-4.0,6d861e191d14ee4741a5969b1d2ffbfc,2026-08-20T17:00:00.0000000Z,6
103661,848,2026-08-20T17:30:00.0000000Z,3572,2510,0,0,D,0.319005,0.285878,0.395117,A,0,1.252190,0.767852,formax-outcome-4.0,6d861e191d14ee4741a5969b1d2ffbfc,2026-08-20T17:30:00.0000000Z,6
101533,848,2026-08-20T17:45:00.0000000Z,3690,2551,1,1,D,0.563837,0.227069,0.209094,H,0,1.482502,0.959055,formax-outcome-4.0,6d861e191d14ee4741a5969b1d2ffbfc,2026-08-20T17:45:00.0000000Z,6
79138,3,2026-08-20T18:00:00.0000000Z,2865,1631,3,0,H,0.517738,0.259394,0.222868,H,1,0.658286,0.349532,formax-outcome-4.0,6d861e191d14ee4741a5969b1d2ffbfc,2026-08-20T18:00:00.0000000Z,6
101523,848,2026-08-20T18:00:00.0000000Z,1700,2085,2,3,A,0.435644,0.267960,0.296396,H,0,1.216059,0.756647,formax-outcome-4.0,6d861e191d14ee4741a5969b1d2ffbfc,2026-08-20T18:00:00.0000000Z,6
101546,3,2026-08-20T18:00:00.0000000Z,1581,3313,3,0,H,0.373088,0.272639,0.354273,H,1,0.985941,0.592860,formax-outcome-4.0,6d861e191d14ee4741a5969b1d2ffbfc,2026-08-20T18:00:00.0000000Z,6
101547,3,2026-08-20T18:00:00.0000000Z,4401,3559,1,0,H,0.310107,0.273556,0.416337,A,0,1.170838,0.724122,formax-outcome-4.0,6d861e191d14ee4741a5969b1d2ffbfc,2026-08-20T18:00:00.0000000Z,6
101536,848,2026-08-20T18:15:00.0000000Z,2523,2530,2,4,A,0.419800,0.266098,0.314103,H,0,1.158035,0.717495,formax-outcome-4.0,6d861e191d14ee4741a5969b1d2ffbfc,2026-08-20T18:15:00.0000000Z,6
87255,848,2026-08-20T18:30:00.0000000Z,4702,3692,0,0,D,0.616801,0.227952,0.155247,H,0,1.478621,1.000603,formax-outcome-4.0,6d861e191d14ee4741a5969b1d2ffbfc,2026-08-20T18:30:00.0000000Z,6
101521,848,2026-08-20T18:30:00.0000000Z,3700,3712,0,0,D,0.408073,0.282277,0.309650,H,0,1.264868,0.777534,formax-outcome-4.0,6d861e191d14ee4741a5969b1d2ffbfc,2026-08-20T18:30:00.0000000Z,6
101528,848,2026-08-20T18:30:00.0000000Z,2686,3667,2,1,H,0.494198,0.242798,0.263003,H,1,0.704818,0.383957,formax-outcome-4.0,6d861e191d14ee4741a5969b1d2ffbfc,2026-08-20T18:30:00.0000000Z,6
101530,848,2026-08-20T18:30:00.0000000Z,3672,5685,1,3,A,0.406896,0.271939,0.321165,H,0,1.135799,0.700331,formax-outcome-4.0,6d861e191d14ee4741a5969b1d2ffbfc,2026-08-20T18:30:00.0000000Z,6
101532,848,2026-08-20T18:30:00.0000000Z,3702,2953,2,2,D,0.432823,0.279195,0.287982,H,0,1.275845,0.789829,formax-outcome-4.0,6d861e191d14ee4741a5969b1d2ffbfc,2026-08-20T18:30:00.0000000Z,6
101525,848,2026-08-20T18:45:00.0000000Z,3476,3002,2,2,D,0.530990,0.247249,0.221761,H,0,1.397359,0.897762,formax-outcome-4.0,6d861e191d14ee4741a5969b1d2ffbfc,2026-08-20T18:45:00.0000000Z,6
101534,848,2026-08-20T18:45:00.0000000Z,2750,2796,1,0,H,0.587162,0.218628,0.194209,H,1,0.532454,0.255950,formax-outcome-4.0,6d861e191d14ee4741a5969b1d2ffbfc,2026-08-20T18:45:00.0000000Z,6
79139,140,2026-08-20T19:00:00.0000000Z,2517,759,1,1,D,0.590132,0.240289,0.169579,H,0,1.425913,0.954173,formax-outcome-4.0,6d861e191d14ee4741a5969b1d2ffbfc,2026-08-20T19:00:00.0000000Z,6
101518,848,2026-08-20T19:00:00.0000000Z,3710,2833,2,0,H,0.758656,0.155405,0.085939,H,1,0.276207,0.089783,formax-outcome-4.0,6d861e191d14ee4741a5969b1d2ffbfc,2026-08-20T19:00:00.0000000Z,6
101519,848,2026-08-20T19:00:00.0000000Z,3715,3680,1,1,D,0.374938,0.268407,0.356655,H,0,1.315251,0.803010,formax-outcome-4.0,6d861e191d14ee4741a5969b1d2ffbfc,2026-08-20T19:00:00.0000000Z,6
101522,848,2026-08-20T19:00:00.0000000Z,1914,3048,3,1,H,0.521263,0.275708,0.203030,H,1,0.651501,0.346425,formax-outcome-4.0,6d861e191d14ee4741a5969b1d2ffbfc,2026-08-20T19:00:00.0000000Z,6
101524,848,2026-08-20T19:00:00.0000000Z,3681,2576,2,2,D,0.323627,0.268899,0.407473,A,0,1.313419,0.805278,formax-outcome-4.0,6d861e191d14ee4741a5969b1d2ffbfc,2026-08-20T19:00:00.0000000Z,6
101535,848,2026-08-20T19:00:00.0000000Z,3490,1345,1,1,D,0.354026,0.277895,0.368079,A,0,1.280512,0.782252,formax-outcome-4.0,6d861e191d14ee4741a5969b1d2ffbfc,2026-08-20T19:00:00.0000000Z,6
101540,3,2026-08-20T19:00:00.0000000Z,3711,1779,3,1,H,0.757019,0.159902,0.083079,H,1,0.278367,0.091511,formax-outcome-4.0,6d861e191d14ee4741a5969b1d2ffbfc,2026-08-20T19:00:00.0000000Z,6
98931,203,2026-08-21T18:30:00.0000000Z,6990,3309,0,4,A,0.109765,0.177826,0.712409,A,1,0.339103,0.126379,formax-outcome-4.0,6d861e191d14ee4741a5969b1d2ffbfc,2026-08-21T18:30:00.0000000Z,6
101550,61,2026-08-21T18:45:00.0000000Z,5071,1911,4,0,H,0.368908,0.249772,0.381320,A,0,0.997208,0.606068,formax-outcome-4.0,6d861e191d14ee4741a5969b1d2ffbfc,2026-08-21T18:45:00.0000000Z,6
98336,39,2026-08-21T19:00:00.0000000Z,4559,5841,3,0,H,0.462633,0.280990,0.256377,H,1,0.770821,0.433448,formax-outcome-4.0,6d861e191d14ee4741a5969b1d2ffbfc,2026-08-21T19:00:00.0000000Z,6
101551,140,2026-08-21T19:00:00.0000000Z,2033,1830,1,0,H,0.643626,0.202174,0.154200,H,1,0.440637,0.191654,formax-outcome-4.0,6d861e191d14ee4741a5969b1d2ffbfc,2026-08-21T19:00:00.0000000Z,6
16508,40,2026-08-22T11:30:00.0000000Z,1490,1053,2,2,D,0.438947,0.275340,0.285713,H,0,1.289749,0.799439,formax-outcome-4.0,6d861e191d14ee4741a5969b1d2ffbfc,2026-08-22T11:30:00.0000000Z,6
102384,40,2026-08-22T11:30:00.0000000Z,1511,4379,3,0,H,0.441074,0.271628,0.287298,H,1,0.818544,0.468721,formax-outcome-4.0,6d861e191d14ee4741a5969b1d2ffbfc,2026-08-22T11:30:00.0000000Z,6
103144,39,2026-08-22T11:30:00.0000000Z,1718,4266,2,0,H,0.384801,0.268384,0.346815,H,1,0.955030,0.570781,formax-outcome-4.0,6d861e191d14ee4741a5969b1d2ffbfc,2026-08-22T11:30:00.0000000Z,6
71272,39,2026-08-22T14:00:00.0000000Z,1482,1486,2,0,H,0.432389,0.280447,0.287164,H,1,0.838430,0.483296,formax-outcome-4.0,6d861e191d14ee4741a5969b1d2ffbfc,2026-08-22T14:00:00.0000000Z,6
99539,40,2026-08-22T14:00:00.0000000Z,1499,1829,1,3,A,0.185622,0.228982,0.585396,A,1,0.535467,0.258785,formax-outcome-4.0,6d861e191d14ee4741a5969b1d2ffbfc,2026-08-22T14:00:00.0000000Z,6
99647,40,2026-08-22T14:00:00.0000000Z,1912,4380,2,1,H,0.257195,0.273405,0.469401,A,0,1.357922,0.846847,formax-outcome-4.0,6d861e191d14ee4741a5969b1d2ffbfc,2026-08-22T14:00:00.0000000Z,6
102221,40,2026-08-22T14:00:00.0000000Z,2751,1452,1,2,A,0.749936,0.162633,0.087431,H,0,2.436910,1.421637,formax-outcome-4.0,6d861e191d14ee4741a5969b1d2ffbfc,2026-08-22T14:00:00.0000000Z,6
102600,40,2026-08-22T14:00:00.0000000Z,3380,1386,2,2,D,0.521002,0.242255,0.236743,H,0,1.417766,0.901669,formax-outcome-4.0,6d861e191d14ee4741a5969b1d2ffbfc,2026-08-22T14:00:00.0000000Z,6
102675,40,2026-08-22T14:00:00.0000000Z,3467,1460,0,0,D,0.413379,0.257418,0.329203,H,0,1.357053,0.830684,formax-outcome-4.0,6d861e191d14ee4741a5969b1d2ffbfc,2026-08-22T14:00:00.0000000Z,6
102733,40,2026-08-22T14:00:00.0000000Z,4290,3483,3,1,H,0.721655,0.173870,0.104475,H,1,0.326208,0.118622,formax-outcome-4.0,6d861e191d14ee4741a5969b1d2ffbfc,2026-08-22T14:00:00.0000000Z,6
103325,39,2026-08-22T14:00:00.0000000Z,3598,2209,2,1,H,0.791318,0.146326,0.062356,H,1,0.234055,0.068848,formax-outcome-4.0,6d861e191d14ee4741a5969b1d2ffbfc,2026-08-22T14:00:00.0000000Z,6
103326,39,2026-08-22T14:00:00.0000000Z,2480,2269,0,1,A,0.553185,0.250183,0.196632,H,0,1.626421,1.014005,formax-outcome-4.0,6d861e191d14ee4741a5969b1d2ffbfc,2026-08-22T14:00:00.0000000Z,6
103327,40,2026-08-22T14:00:00.0000000Z,2268,1253,1,1,D,0.605106,0.219775,0.175119,H,0,1.515151,1.005571,formax-outcome-4.0,6d861e191d14ee4741a5969b1d2ffbfc,2026-08-22T14:00:00.0000000Z,6
103328,88,2026-08-22T14:30:00.0000000Z,1079,1271,0,2,A,0.156891,0.194156,0.648953,A,1,0.432395,0.185546,formax-outcome-4.0,6d861e191d14ee4741a5969b1d2ffbfc,2026-08-22T14:30:00.0000000Z,6
103329,140,2026-08-22T15:00:00.0000000Z,1906,3049,1,3,A,0.539959,0.251931,0.208110,H,0,1.569687,0.982114,formax-outcome-4.0,6d861e191d14ee4741a5969b1d2ffbfc,2026-08-22T15:00:00.0000000Z,6
60521,61,2026-08-22T15:15:00.0000000Z,886,1815,5,2,H,0.597633,0.226359,0.176008,H,1,0.514779,0.244117,formax-outcome-4.0,6d861e191d14ee4741a5969b1d2ffbfc,2026-08-22T15:15:00.0000000Z,6
99156,203,2026-08-22T16:00:00.0000000Z,6846,4226,0,1,A,0.416520,0.269190,0.314290,H,0,1.157440,0.716151,formax-outcome-4.0,6d861e191d14ee4741a5969b1d2ffbfc,2026-08-22T16:00:00.0000000Z,6
103330,203,2026-08-22T16:00:00.0000000Z,1845,1176,0,2,A,0.381478,0.252212,0.366311,H,0,1.004273,0.610698,formax-outcome-4.0,6d861e191d14ee4741a5969b1d2ffbfc,2026-08-22T16:00:00.0000000Z,6
7944,135,2026-08-22T16:30:00.0000000Z,2685,3659,4,1,H,0.598230,0.229416,0.172354,H,1,0.513780,0.243757,formax-outcome-4.0,6d861e191d14ee4741a5969b1d2ffbfc,2026-08-22T16:30:00.0000000Z,6
102980,39,2026-08-22T16:30:00.0000000Z,5807,2355,3,0,H,0.581010,0.237011,0.181979,H,1,0.542987,0.264843,formax-outcome-4.0,6d861e191d14ee4741a5969b1d2ffbfc,2026-08-22T16:30:00.0000000Z,6
103331,135,2026-08-22T16:30:00.0000000Z,3405,5356,1,1,D,0.191988,0.250541,0.557471,A,0,1.384133,0.909323,formax-outcome-4.0,6d861e191d14ee4741a5969b1d2ffbfc,2026-08-22T16:30:00.0000000Z,6
97563,88,2026-08-22T16:45:00.0000000Z,1162,4678,3,3,D,0.286274,0.250534,0.463192,A,0,1.384159,0.858198,formax-outcome-4.0,6d861e191d14ee4741a5969b1d2ffbfc,2026-08-22T16:45:00.0000000Z,6
103332,140,2026-08-22T17:30:00.0000000Z,2030,1904,0,0,D,0.479204,0.261903,0.258894,H,0,1.339783,0.841450,formax-outcome-4.0,6d861e191d14ee4741a5969b1d2ffbfc,2026-08-22T17:30:00.0000000Z,6
42844,203,2026-08-22T18:30:00.0000000Z,3588,1717,4,2,H,0.705689,0.186953,0.107358,H,1,0.348581,0.133096,formax-outcome-4.0,6d861e191d14ee4741a5969b1d2ffbfc,2026-08-22T18:30:00.0000000Z,6
53970,61,2026-08-22T18:45:00.0000000Z,1872,3589,0,2,A,0.316796,0.254903,0.428301,A,1,0.847929,0.492175,formax-outcome-4.0,6d861e191d14ee4741a5969b1d2ffbfc,2026-08-22T18:45:00.0000000Z,6
60972,61,2026-08-22T18:45:00.0000000Z,1472,4292,0,0,D,0.291579,0.249822,0.458599,A,0,1.387006,0.858098,formax-outcome-4.0,6d861e191d14ee4741a5969b1d2ffbfc,2026-08-22T18:45:00.0000000Z,6
103333,135,2026-08-22T18:45:00.0000000Z,1649,2845,0,2,A,0.220087,0.267448,0.512465,A,1,0.668522,0.357657,formax-outcome-4.0,6d861e191d14ee4741a5969b1d2ffbfc,2026-08-22T18:45:00.0000000Z,6
103334,135,2026-08-22T18:45:00.0000000Z,3648,3394,0,1,A,0.344152,0.297801,0.358047,A,1,1.027091,0.619230,formax-outcome-4.0,6d861e191d14ee4741a5969b1d2ffbfc,2026-08-22T18:45:00.0000000Z,6
103336,61,2026-08-22T18:45:00.0000000Z,3851,1666,0,0,D,0.299237,0.258123,0.442639,A,0,1.354317,0.835853,formax-outcome-4.0,6d861e191d14ee4741a5969b1d2ffbfc,2026-08-22T18:45:00.0000000Z,6
103337,88,2026-08-22T19:00:00.0000000Z,990,2612,0,2,A,0.638801,0.197333,0.163866,H,0,1.808708,1.146128,formax-outcome-4.0,6d861e191d14ee4741a5969b1d2ffbfc,2026-08-22T19:00:00.0000000Z,6
103338,140,2026-08-22T19:30:00.0000000Z,762,4521,1,2,A,0.225945,0.262914,0.511141,A,1,0.671109,0.359158,formax-outcome-4.0,6d861e191d14ee4741a5969b1d2ffbfc,2026-08-22T19:30:00.0000000Z,6
104504,88,2026-08-23T10:15:00.0000000Z,1580,3915,3,1,H,0.555667,0.223460,0.220873,H,1,0.587586,0.296151,formax-outcome-4.0,6d861e191d14ee4741a5969b1d2ffbfc,2026-08-23T10:15:00.0000000Z,6
102464,40,2026-08-23T11:00:00.0000000Z,1531,2531,3,1,H,0.276871,0.271846,0.451283,A,0,1.284203,0.800472,formax-outcome-4.0,6d861e191d14ee4741a5969b1d2ffbfc,2026-08-23T11:00:00.0000000Z,6
104497,88,2026-08-23T12:30:00.0000000Z,1775,1301,5,1,H,0.626045,0.193151,0.180804,H,1,0.468333,0.209840,formax-outcome-4.0,6d861e191d14ee4741a5969b1d2ffbfc,2026-08-23T12:30:00.0000000Z,6
8012,39,2026-08-23T13:00:00.0000000Z,4166,3646,2,1,H,0.621647,0.228186,0.150167,H,1,0.475383,0.217770,formax-outcome-4.0,6d861e191d14ee4741a5969b1d2ffbfc,2026-08-23T13:00:00.0000000Z,6
20367,39,2026-08-23T13:00:00.0000000Z,873,2109,4,0,H,0.398049,0.280607,0.321344,H,1,0.921180,0.544347,formax-outcome-4.0,6d861e191d14ee4741a5969b1d2ffbfc,2026-08-23T13:00:00.0000000Z,6
102908,61,2026-08-23T13:00:00.0000000Z,1257,4470,0,2,A,0.199679,0.269248,0.531073,A,1,0.632855,0.332258,formax-outcome-4.0,6d861e191d14ee4741a5969b1d2ffbfc,2026-08-23T13:00:00.0000000Z,6
104293,88,2026-08-23T14:45:00.0000000Z,3425,2516,2,5,A,0.244719,0.222292,0.532989,A,1,0.629255,0.327401,formax-outcome-4.0,6d861e191d14ee4741a5969b1d2ffbfc,2026-08-23T14:45:00.0000000Z,6
104859,140,2026-08-23T15:00:00.0000000Z,4267,1776,2,2,D,0.570472,0.234573,0.194955,H,0,1.449990,0.949325,formax-outcome-4.0,6d861e191d14ee4741a5969b1d2ffbfc,2026-08-23T15:00:00.0000000Z,6
15616,61,2026-08-23T15:15:00.0000000Z,1823,2085,0,1,A,0.266214,0.250017,0.483769,A,1,0.726148,0.399873,formax-outcome-4.0,6d861e191d14ee4741a5969b1d2ffbfc,2026-08-23T15:15:00.0000000Z,6
71166,39,2026-08-23T15:30:00.0000000Z,1013,2208,2,2,D,0.507925,0.247716,0.244358,H,0,1.395471,0.883630,formax-outcome-4.0,6d861e191d14ee4741a5969b1d2ffbfc,2026-08-23T15:30:00.0000000Z,6
103617,203,2026-08-23T16:00:00.0000000Z,5068,3661,2,1,H,0.411624,0.260669,0.327707,H,1,0.887645,0.521526,formax-outcome-4.0,6d861e191d14ee4741a5969b1d2ffbfc,2026-08-23T16:00:00.0000000Z,6
104147,203,2026-08-23T16:00:00.0000000Z,6991,4926,0,1,A,0.540727,0.243587,0.215686,H,0,1.533932,0.966869,formax-outcome-4.0,6d861e191d14ee4741a5969b1d2ffbfc,2026-08-23T16:00:00.0000000Z,6
8178,135,2026-08-23T16:30:00.0000000Z,2857,2013,0,1,A,0.471510,0.272326,0.256164,H,0,1.361936,0.849775,formax-outcome-4.0,6d861e191d14ee4741a5969b1d2ffbfc,2026-08-23T16:30:00.0000000Z,6
105365,135,2026-08-23T16:30:00.0000000Z,3310,1584,0,2,A,0.636309,0.234608,0.129083,H,0,2.047300,1.218426,formax-outcome-4.0,6d861e191d14ee4741a5969b1d2ffbfc,2026-08-23T16:30:00.0000000Z,6
15465,140,2026-08-23T17:30:00.0000000Z,1914,3578,1,0,H,0.630419,0.222806,0.146776,H,1,0.461371,0.207776,formax-outcome-4.0,6d861e191d14ee4741a5969b1d2ffbfc,2026-08-23T17:30:00.0000000Z,6
82548,203,2026-08-23T18:30:00.0000000Z,6847,3673,1,0,H,0.258558,0.268503,0.472939,A,0,1.352636,0.845502,formax-outcome-4.0,6d861e191d14ee4741a5969b1d2ffbfc,2026-08-23T18:30:00.0000000Z,6
104228,203,2026-08-23T18:30:00.0000000Z,2549,6848,0,1,A,0.569555,0.244154,0.186291,H,0,1.680446,1.046127,formax-outcome-4.0,6d861e191d14ee4741a5969b1d2ffbfc,2026-08-23T18:30:00.0000000Z,6
7910,135,2026-08-23T18:45:00.0000000Z,1652,1488,1,2,A,0.207029,0.255445,0.537526,A,1,0.620778,0.321995,formax-outcome-4.0,6d861e191d14ee4741a5969b1d2ffbfc,2026-08-23T18:45:00.0000000Z,6
105366,135,2026-08-23T18:45:00.0000000Z,4702,3903,2,1,H,0.451688,0.281035,0.267278,H,1,0.794764,0.451064,formax-outcome-4.0,6d861e191d14ee4741a5969b1d2ffbfc,2026-08-23T18:45:00.0000000Z,6
105367,61,2026-08-23T18:45:00.0000000Z,1781,5284,2,2,D,0.160053,0.207586,0.632361,A,0,1.572209,1.053417,formax-outcome-4.0,6d861e191d14ee4741a5969b1d2ffbfc,2026-08-23T18:45:00.0000000Z,6
105368,140,2026-08-23T19:30:00.0000000Z,3447,4005,0,5,A,0.185022,0.234811,0.580167,A,1,0.544439,0.265629,formax-outcome-4.0,6d861e191d14ee4741a5969b1d2ffbfc,2026-08-23T19:30:00.0000000Z,6
29664,135,2026-08-24T16:30:00.0000000Z,1520,2837,0,1,A,0.347702,0.287433,0.364866,A,1,1.008226,0.606910,formax-outcome-4.0,6d861e191d14ee4741a5969b1d2ffbfc,2026-08-24T16:30:00.0000000Z,6
105338,140,2026-08-24T17:30:00.0000000Z,3599,2383,0,0,D,0.542927,0.246393,0.210680,H,0,1.400828,0.907080,formax-outcome-4.0,6d861e191d14ee4741a5969b1d2ffbfc,2026-08-24T17:30:00.0000000Z,6
105134,203,2026-08-24T18:30:00.0000000Z,6988,6989,2,0,H,0.552639,0.262272,0.185089,H,1,0.593050,0.303177,formax-outcome-4.0,6d861e191d14ee4741a5969b1d2ffbfc,2026-08-24T18:30:00.0000000Z,6
15380,135,2026-08-24T18:45:00.0000000Z,2799,1503,4,0,H,0.522618,0.257064,0.220317,H,1,0.648904,0.342515,formax-outcome-4.0,6d861e191d14ee4741a5969b1d2ffbfc,2026-08-24T18:45:00.0000000Z,6
8249,39,2026-08-24T19:00:00.0000000Z,4928,3373,2,3,A,0.475524,0.270174,0.254302,H,0,1.369232,0.855182,formax-outcome-4.0,6d861e191d14ee4741a5969b1d2ffbfc,2026-08-24T19:00:00.0000000Z,6
15429,140,2026-08-24T19:30:00.0000000Z,1909,1945,1,1,D,0.474102,0.275290,0.250607,H,0,1.289929,0.812781,formax-outcome-4.0,6d861e191d14ee4741a5969b1d2ffbfc,2026-08-24T19:30:00.0000000Z,6
103089,2,2026-08-25T19:00:00.0000000Z,2705,1080,3,0,H,0.821579,0.117504,0.060917,H,1,0.196527,0.049352,formax-outcome-4.0,6d861e191d14ee4741a5969b1d2ffbfc,2026-08-25T19:00:00.0000000Z,6
105863,2,2026-08-25T19:00:00.0000000Z,1804,1487,5,1,H,0.379539,0.246211,0.374249,H,1,0.968797,0.585654,formax-outcome-4.0,6d861e191d14ee4741a5969b1d2ffbfc,2026-08-25T19:00:00.0000000Z,6
106146,140,2026-08-25T19:00:00.0000000Z,2030,2033,0,1,A,0.394108,0.278768,0.327123,H,0,1.117418,0.685796,formax-outcome-4.0,6d861e191d14ee4741a5969b1d2ffbfc,2026-08-25T19:00:00.0000000Z,6
105363,848,2026-08-26T16:45:00.0000000Z,3002,3476,1,1,D,0.388877,0.268256,0.342867,H,0,1.315813,0.804232,formax-outcome-4.0,6d861e191d14ee4741a5969b1d2ffbfc,2026-08-26T16:45:00.0000000Z,6
73254,2,2026-08-26T19:00:00.0000000Z,2613,2055,4,0,H,0.633111,0.217492,0.149397,H,1,0.457110,0.204230,formax-outcome-4.0,6d861e191d14ee4741a5969b1d2ffbfc,2026-08-26T19:00:00.0000000Z,6
101553,2,2026-08-26T19:00:00.0000000Z,2882,3440,3,1,H,0.478063,0.232939,0.288998,H,1,0.738012,0.410198,formax-outcome-4.0,6d861e191d14ee4741a5969b1d2ffbfc,2026-08-26T19:00:00.0000000Z,6
101811,140,2026-08-26T19:00:00.0000000Z,4521,1830,4,1,H,0.749127,0.160936,0.089938,H,1,0.288847,0.096927,formax-outcome-4.0,6d861e191d14ee4741a5969b1d2ffbfc,2026-08-26T19:00:00.0000000Z,6
104237,2,2026-08-26T19:00:00.0000000Z,3589,3588,1,2,A,0.623125,0.210502,0.166373,H,0,1.793525,1.127530,formax-outcome-4.0,6d861e191d14ee4741a5969b1d2ffbfc,2026-08-26T19:00:00.0000000Z,6
105372,848,2026-08-27T15:00:00.0000000Z,1345,3490,1,0,H,0.539341,0.252667,0.207993,H,1,0.617408,0.319308,formax-outcome-4.0,6d861e191d14ee4741a5969b1d2ffbfc,2026-08-27T15:00:00.0000000Z,6
101742,3,2026-08-27T16:00:00.0000000Z,3491,1947,1,0,H,0.393370,0.282967,0.323663,H,1,0.933005,0.552828,formax-outcome-4.0,6d861e191d14ee4741a5969b1d2ffbfc,2026-08-27T16:00:00.0000000Z,6
103857,3,2026-08-27T16:00:00.0000000Z,3593,1177,1,2,A,0.222798,0.245527,0.531675,A,1,0.631722,0.329250,formax-outcome-4.0,6d861e191d14ee4741a5969b1d2ffbfc,2026-08-27T16:00:00.0000000Z,6
105375,848,2026-08-27T16:00:00.0000000Z,3667,2686,1,1,D,0.436481,0.257986,0.305534,H,0,1.354850,0.834451,formax-outcome-4.0,6d861e191d14ee4741a5969b1d2ffbfc,2026-08-27T16:00:00.0000000Z,6
105376,848,2026-08-27T16:00:00.0000000Z,2796,2750,1,0,H,0.349019,0.262460,0.388521,A,0,1.052628,0.643610,formax-outcome-4.0,6d861e191d14ee4741a5969b1d2ffbfc,2026-08-27T16:00:00.0000000Z,6
105393,848,2026-08-27T16:45:00.0000000Z,2085,1700,4,1,H,0.544953,0.242092,0.212954,H,1,0.607055,0.311026,formax-outcome-4.0,6d861e191d14ee4741a5969b1d2ffbfc,2026-08-27T16:45:00.0000000Z,6
106102,848,2026-08-27T16:45:00.0000000Z,5685,3672,4,1,H,0.530383,0.252725,0.216893,H,1,0.634157,0.331453,formax-outcome-4.0,6d861e191d14ee4741a5969b1d2ffbfc,2026-08-27T16:45:00.0000000Z,6
101871,3,2026-08-27T17:00:00.0000000Z,1810,1693,3,0,H,0.421543,0.285357,0.293101,H,1,0.863834,0.501949,formax-outcome-4.0,6d861e191d14ee4741a5969b1d2ffbfc,2026-08-27T17:00:00.0000000Z,6
104088,3,2026-08-27T17:00:00.0000000Z,1631,2865,5,1,H,0.433624,0.278149,0.288227,H,1,0.835577,0.481223,formax-outcome-4.0,6d861e191d14ee4741a5969b1d2ffbfc,2026-08-27T17:00:00.0000000Z,6
105042,848,2026-08-27T17:00:00.0000000Z,2551,3690,3,2,H,0.459246,0.248295,0.292459,H,1,0.778169,0.439597,formax-outcome-4.0,6d861e191d14ee4741a5969b1d2ffbfc,2026-08-27T17:00:00.0000000Z,6
105051,3,2026-08-27T17:00:00.0000000Z,3571,3673,1,0,H,0.224124,0.271637,0.504239,A,0,1.495557,0.930028,formax-outcome-4.0,6d861e191d14ee4741a5969b1d2ffbfc,2026-08-27T17:00:00.0000000Z,6
105195,848,2026-08-27T17:00:00.0000000Z,2667,2501,4,1,H,0.638215,0.217971,0.143814,H,1,0.449080,0.199082,formax-outcome-4.0,6d861e191d14ee4741a5969b1d2ffbfc,2026-08-27T17:00:00.0000000Z,6
105378,848,2026-08-27T17:00:00.0000000Z,2576,3681,2,3,A,0.599988,0.223763,0.176250,H,0,1.735853,1.088619,formax-outcome-4.0,6d861e191d14ee4741a5969b1d2ffbfc,2026-08-27T17:00:00.0000000Z,6
105380,848,2026-08-27T17:00:00.0000000Z,2510,3572,2,1,H,0.621844,0.230728,0.147429,H,1,0.475067,0.217973,formax-outcome-4.0,6d861e191d14ee4741a5969b1d2ffbfc,2026-08-27T17:00:00.0000000Z,6
105973,3,2026-08-27T17:00:00.0000000Z,4007,3449,2,1,H,0.490191,0.262364,0.247444,H,1,0.712959,0.389968,formax-outcome-4.0,6d861e191d14ee4741a5969b1d2ffbfc,2026-08-27T17:00:00.0000000Z,6
105981,3,2026-08-27T17:00:00.0000000Z,3559,4401,4,2,H,0.671973,0.205174,0.122853,H,1,0.397538,0.164791,formax-outcome-4.0,6d861e191d14ee4741a5969b1d2ffbfc,2026-08-27T17:00:00.0000000Z,6
106114,848,2026-08-27T17:00:00.0000000Z,2953,3702,1,2,A,0.474085,0.270919,0.254995,H,0,1.366510,0.853186,formax-outcome-4.0,6d861e191d14ee4741a5969b1d2ffbfc,2026-08-27T17:00:00.0000000Z,6
106115,848,2026-08-27T17:00:00.0000000Z,3680,3715,4,2,H,0.545419,0.242425,0.212156,H,1,0.606202,0.310424,formax-outcome-4.0,6d861e191d14ee4741a5969b1d2ffbfc,2026-08-27T17:00:00.0000000Z,6
101552,3,2026-08-27T18:00:00.0000000Z,1779,3711,1,3,A,0.304934,0.265977,0.429088,A,1,0.846093,0.489669,formax-outcome-4.0,6d861e191d14ee4741a5969b1d2ffbfc,2026-08-27T18:00:00.0000000Z,6
105364,848,2026-08-27T18:00:00.0000000Z,3692,4702,0,1,A,0.310414,0.281503,0.408083,A,1,0.896285,0.525967,formax-outcome-4.0,6d861e191d14ee4741a5969b1d2ffbfc,2026-08-27T18:00:00.0000000Z,6
105369,848,2026-08-27T18:00:00.0000000Z,2688,2821,2,3,A,0.364499,0.263142,0.372359,A,1,0.987896,0.596036,formax-outcome-4.0,6d861e191d14ee4741a5969b1d2ffbfc,2026-08-27T18:00:00.0000000Z,6
105370,848,2026-08-27T18:00:00.0000000Z,2530,2523,5,3,H,0.587581,0.219245,0.193174,H,1,0.531741,0.255474,formax-outcome-4.0,6d861e191d14ee4741a5969b1d2ffbfc,2026-08-27T18:00:00.0000000Z,6
105373,3,2026-08-27T18:00:00.0000000Z,2081,2056,2,2,D,0.272520,0.236613,0.490867,A,0,1.441328,0.897977,formax-outcome-4.0,6d861e191d14ee4741a5969b1d2ffbfc,2026-08-27T18:00:00.0000000Z,6
105379,3,2026-08-27T18:00:00.0000000Z,3313,1581,0,2,A,0.619214,0.219933,0.160852,H,0,1.827268,1.135966,formax-outcome-4.0,6d861e191d14ee4741a5969b1d2ffbfc,2026-08-27T18:00:00.0000000Z,6
28359,140,2026-08-27T18:30:00.0000000Z,1904,3599,1,2,A,0.550441,0.251569,0.197990,H,0,1.619538,1.009492,formax-outcome-4.0,6d861e191d14ee4741a5969b1d2ffbfc,2026-08-27T18:30:00.0000000Z,6
103034,3,2026-08-27T18:30:00.0000000Z,3705,2657,3,0,H,0.692332,0.187727,0.119941,H,1,0.367690,0.144287,formax-outcome-4.0,6d861e191d14ee4741a5969b1d2ffbfc,2026-08-27T18:30:00.0000000Z,6
103618,3,2026-08-27T18:30:00.0000000Z,2956,5068,4,0,H,0.631251,0.213591,0.155158,H,1,0.460052,0.205671,formax-outcome-4.0,6d861e191d14ee4741a5969b1d2ffbfc,2026-08-27T18:30:00.0000000Z,6
105377,848,2026-08-27T18:30:00.0000000Z,873,3674,4,0,H,0.660282,0.198101,0.141617,H,1,0.415089,0.174708,formax-outcome-4.0,6d861e191d14ee4741a5969b1d2ffbfc,2026-08-27T18:30:00.0000000Z,6
105657,848,2026-08-27T18:30:00.0000000Z,2833,3710,0,0,D,0.183284,0.216701,0.600015,A,0,1.529237,1.007168,formax-outcome-4.0,6d861e191d14ee4741a5969b1d2ffbfc,2026-08-27T18:30:00.0000000Z,6
105374,848,2026-08-27T18:45:00.0000000Z,3689,2519,1,4,A,0.305652,0.282559,0.411789,A,1,0.887244,0.519255,formax-outcome-4.0,6d861e191d14ee4741a5969b1d2ffbfc,2026-08-27T18:45:00.0000000Z,6
103999,848,2026-08-27T19:00:00.0000000Z,3048,1914,2,1,H,0.326149,0.284535,0.389316,A,0,1.120402,0.686603,formax-outcome-4.0,6d861e191d14ee4741a5969b1d2ffbfc,2026-08-27T19:00:00.0000000Z,6
105371,848,2026-08-27T19:00:00.0000000Z,3712,3700,2,3,A,0.498740,0.262720,0.238540,H,0,1.433219,0.897585,formax-outcome-4.0,6d861e191d14ee4741a5969b1d2ffbfc,2026-08-27T19:00:00.0000000Z,6
106142,140,2026-08-27T19:00:00.0000000Z,4005,1906,2,0,H,0.825862,0.119412,0.054727,H,1,0.191328,0.047578,formax-outcome-4.0,6d861e191d14ee4741a5969b1d2ffbfc,2026-08-27T19:00:00.0000000Z,6
19080,140,2026-08-28T17:00:00.0000000Z,3578,3447,3,2,H,0.439997,0.257059,0.302944,H,1,0.820988,0.471458,formax-outcome-4.0,6d861e191d14ee4741a5969b1d2ffbfc,2026-08-28T17:00:00.0000000Z,6
104283,88,2026-08-28T18:00:00.0000000Z,1301,1079,2,3,A,0.495652,0.235194,0.269154,H,0,1.312470,0.835122,formax-outcome-4.0,6d861e191d14ee4741a5969b1d2ffbfc,2026-08-28T18:00:00.0000000Z,6
20297,78,2026-08-28T18:30:00.0000000Z,1328,1278,5,1,H,0.839156,0.102074,0.058770,H,1,0.175358,0.039744,formax-outcome-4.0,6d861e191d14ee4741a5969b1d2ffbfc,2026-08-28T18:30:00.0000000Z,6
104229,203,2026-08-28T18:30:00.0000000Z,6848,6990,1,1,D,0.712041,0.187103,0.100856,H,0,1.676098,1.177976,formax-outcome-4.0,6d861e191d14ee4741a5969b1d2ffbfc,2026-08-28T18:30:00.0000000Z,6
7911,135,2026-08-28T18:45:00.0000000Z,1488,3310,2,0,H,0.563512,0.254722,0.181765,H,1,0.573566,0.288444,formax-outcome-4.0,6d861e191d14ee4741a5969b1d2ffbfc,2026-08-28T18:45:00.0000000Z,6
102909,61,2026-08-28T18:45:00.0000000Z,4470,5284,2,2,D,0.201661,0.255784,0.542555,A,0,1.363421,0.888890,formax-outcome-4.0,6d861e191d14ee4741a5969b1d2ffbfc,2026-08-28T18:45:00.0000000Z,6
8013,39,2026-08-28T19:00:00.0000000Z,1486,4166,1,4,A,0.266853,0.275105,0.458042,A,1,0.780794,0.440611,formax-outcome-4.0,6d861e191d14ee4741a5969b1d2ffbfc,2026-08-28T19:00:00.0000000Z,6
103720,40,2026-08-28T19:00:00.0000000Z,2268,1490,1,2,A,0.470149,0.262165,0.267686,H,0,1.317942,0.826055,formax-outcome-4.0,6d861e191d14ee4741a5969b1d2ffbfc,2026-08-28T19:00:00.0000000Z,6
103930,140,2026-08-28T19:30:00.0000000Z,759,1776,1,0,H,0.385639,0.263814,0.350547,H,1,0.952854,0.569921,formax-outcome-4.0,6d861e191d14ee4741a5969b1d2ffbfc,2026-08-28T19:30:00.0000000Z,6
99541,40,2026-08-29T11:30:00.0000000Z,1829,3483,4,1,H,0.699866,0.187065,0.113069,H,1,0.356867,0.137859,formax-outcome-4.0,6d861e191d14ee4741a5969b1d2ffbfc,2026-08-29T11:30:00.0000000Z,6
102465,40,2026-08-29T11:30:00.0000000Z,4380,1531,3,1,H,0.465603,0.268155,0.266242,H,1,0.764422,0.428372,formax-outcome-4.0,6d861e191d14ee4741a5969b1d2ffbfc,2026-08-29T11:30:00.0000000Z,6
102601,40,2026-08-29T11:30:00.0000000Z,3380,3467,0,3,A,0.401732,0.263368,0.334900,H,0,1.093924,0.673110,formax-outcome-4.0,6d861e191d14ee4741a5969b1d2ffbfc,2026-08-29T11:30:00.0000000Z,6
106436,39,2026-08-29T11:30:00.0000000Z,2208,2480,2,2,D,0.490265,0.255848,0.253887,H,0,1.363171,0.858580,formax-outcome-4.0,6d861e191d14ee4741a5969b1d2ffbfc,2026-08-29T11:30:00.0000000Z,6
72629,78,2026-08-29T13:30:00.0000000Z,4180,4472,3,3,D,0.344712,0.252419,0.402869,A,0,1.376665,0.840007,formax-outcome-4.0,6d861e191d14ee4741a5969b1d2ffbfc,2026-08-29T13:30:00.0000000Z,6
106530,78,2026-08-29T13:30:00.0000000Z,5078,3573,3,2,H,0.413907,0.229897,0.356196,H,1,0.882114,0.523233,formax-outcome-4.0,6d861e191d14ee4741a5969b1d2ffbfc,2026-08-29T13:30:00.0000000Z,6
16509,40,2026-08-29T14:00:00.0000000Z,1053,1654,2,1,H,0.420517,0.257832,0.321652,H,1,0.866270,0.505737,formax-outcome-4.0,6d861e191d14ee4741a5969b1d2ffbfc,2026-08-29T14:00:00.0000000Z,6
71273,39,2026-08-29T14:00:00.0000000Z,3646,1482,1,1,D,0.566432,0.239877,0.193691,H,0,1.427628,0.936148,formax-outcome-4.0,6d861e191d14ee4741a5969b1d2ffbfc,2026-08-29T14:00:00.0000000Z,6
98338,39,2026-08-29T14:00:00.0000000Z,5841,1718,0,1,A,0.602860,0.222014,0.175126,H,0,1.742250,1.093148,formax-outcome-4.0,6d861e191d14ee4741a5969b1d2ffbfc,2026-08-29T14:00:00.0000000Z,6
99649,40,2026-08-29T14:00:00.0000000Z,1912,1502,1,2,A,0.417642,0.268515,0.313843,H,0,1.158863,0.717337,formax-outcome-4.0,6d861e191d14ee4741a5969b1d2ffbfc,2026-08-29T14:00:00.0000000Z,6
101727,40,2026-08-29T14:00:00.0000000Z,1452,1499,1,0,H,0.454137,0.260562,0.285301,H,1,0.789357,0.447256,formax-outcome-4.0,6d861e191d14ee4741a5969b1d2ffbfc,2026-08-29T14:00:00.0000000Z,6
102385,40,2026-08-29T14:00:00.0000000Z,4290,1511,5,1,H,0.479875,0.255067,0.265058,H,1,0.734230,0.405845,formax-outcome-4.0,6d861e191d14ee4741a5969b1d2ffbfc,2026-08-29T14:00:00.0000000Z,6
102783,40,2026-08-29T14:00:00.0000000Z,4379,2531,4,1,H,0.350359,0.259192,0.390449,A,0,1.048797,0.641664,formax-outcome-4.0,6d861e191d14ee4741a5969b1d2ffbfc,2026-08-29T14:00:00.0000000Z,6
103699,40,2026-08-29T14:00:00.0000000Z,1386,1460,2,2,D,0.317520,0.254769,0.427711,A,0,1.367399,0.839125,formax-outcome-4.0,6d861e191d14ee4741a5969b1d2ffbfc,2026-08-29T14:00:00.0000000Z,6
104560,40,2026-08-29T14:00:00.0000000Z,1253,2751,1,1,D,0.114062,0.179386,0.706552,A,0,1.718217,1.185634,formax-outcome-4.0,6d861e191d14ee4741a5969b1d2ffbfc,2026-08-29T14:00:00.0000000Z,6
97564,88,2026-08-29T14:30:00.0000000Z,4124,1162,2,1,H,0.537703,0.222736,0.239561,H,1,0.620448,0.320719,formax-outcome-4.0,6d861e191d14ee4741a5969b1d2ffbfc,2026-08-29T14:30:00.0000000Z,6
105339,140,2026-08-29T15:00:00.0000000Z,2383,2033,5,2,H,0.304776,0.276043,0.419180,A,0,1.188177,0.735248,formax-outcome-4.0,6d861e191d14ee4741a5969b1d2ffbfc,2026-08-29T15:00:00.0000000Z,6
104925,61,2026-08-29T15:15:00.0000000Z,1911,886,2,1,H,0.243903,0.232297,0.523800,A,0,1.410985,0.900011,formax-outcome-4.0,6d861e191d14ee4741a5969b1d2ffbfc,2026-08-29T15:15:00.0000000Z,6
103398,203,2026-08-29T16:00:00.0000000Z,1717,6988,1,2,A,0.542252,0.268572,0.189176,H,0,1.665079,1.023604,formax-outcome-4.0,6d861e191d14ee4741a5969b1d2ffbfc,2026-08-29T16:00:00.0000000Z,6
15381,135,2026-08-29T16:30:00.0000000Z,1503,2857,0,3,A,0.387376,0.281422,0.331202,H,0,1.105025,0.676548,formax-outcome-4.0,6d861e191d14ee4741a5969b1d2ffbfc,2026-08-29T16:30:00.0000000Z,6
71167,39,2026-08-29T16:30:00.0000000Z,2355,1013,0,2,A,0.358742,0.260228,0.381030,A,1,0.964876,0.579538,formax-outcome-4.0,6d861e191d14ee4741a5969b1d2ffbfc,2026-08-29T16:30:00.0000000Z,6
106532,135,2026-08-29T16:30:00.0000000Z,3659,3405,2,3,A,0.152490,0.236020,0.611491,A,1,0.491856,0.229898,formax-outcome-4.0,6d861e191d14ee4741a5969b1d2ffbfc,2026-08-29T16:30:00.0000000Z,6
106533,135,2026-08-29T16:30:00.0000000Z,3903,1652,2,1,H,0.420726,0.273163,0.306111,H,1,0.865773,0.503880,formax-outcome-4.0,6d861e191d14ee4741a5969b1d2ffbfc,2026-08-29T16:30:00.0000000Z,6
103769,88,2026-08-29T16:45:00.0000000Z,1271,1580,5,2,H,0.660415,0.184964,0.154620,H,1,0.414886,0.173437,formax-outcome-4.0,6d861e191d14ee4741a5969b1d2ffbfc,2026-08-29T16:45:00.0000000Z,6
101812,140,2026-08-29T17:00:00.0000000Z,1830,762,2,1,H,0.523358,0.245085,0.231556,H,1,0.647489,0.340872,formax-outcome-4.0,6d861e191d14ee4741a5969b1d2ffbfc,2026-08-29T17:00:00.0000000Z,6
98932,203,2026-08-29T18:30:00.0000000Z,3309,2549,3,2,H,0.663308,0.205502,0.131189,H,1,0.410515,0.172803,formax-outcome-4.0,6d861e191d14ee4741a5969b1d2ffbfc,2026-08-29T18:30:00.0000000Z,6
103470,203,2026-08-29T18:30:00.0000000Z,4926,1845,1,2,A,0.412501,0.262450,0.325049,H,0,1.123780,0.694596,formax-outcome-4.0,6d861e191d14ee4741a5969b1d2ffbfc,2026-08-29T18:30:00.0000000Z,6
8179,135,2026-08-29T18:45:00.0000000Z,2013,3648,2,0,H,0.588631,0.250649,0.160720,H,1,0.529955,0.257880,formax-outcome-4.0,6d861e191d14ee4741a5969b1d2ffbfc,2026-08-29T18:45:00.0000000Z,6
53971,61,2026-08-29T18:45:00.0000000Z,3589,1823,1,1,D,0.594332,0.233471,0.172197,H,0,1.454698,0.970449,formax-outcome-4.0,6d861e191d14ee4741a5969b1d2ffbfc,2026-08-29T18:45:00.0000000Z,6
60522,61,2026-08-29T18:45:00.0000000Z,1815,1257,1,3,A,0.524746,0.261058,0.214196,H,0,1.540865,0.960998,formax-outcome-4.0,6d861e191d14ee4741a5969b1d2ffbfc,2026-08-29T18:45:00.0000000Z,6
106535,61,2026-08-29T18:45:00.0000000Z,4558,1872,2,2,D,0.340097,0.262807,0.397096,A,0,1.336334,0.816804,formax-outcome-4.0,6d861e191d14ee4741a5969b1d2ffbfc,2026-08-29T18:45:00.0000000Z,6
106536,61,2026-08-29T18:45:00.0000000Z,1666,1472,1,2,A,0.506240,0.250750,0.243010,H,0,1.414653,0.892188,formax-outcome-4.0,6d861e191d14ee4741a5969b1d2ffbfc,2026-08-29T18:45:00.0000000Z,6
38766,88,2026-08-29T19:00:00.0000000Z,2612,1080,1,3,A,0.214904,0.209547,0.575549,A,1,0.552430,0.270252,formax-outcome-4.0,6d861e191d14ee4741a5969b1d2ffbfc,2026-08-29T19:00:00.0000000Z,6
104453,140,2026-08-29T19:30:00.0000000Z,3049,4267,1,3,A,0.333110,0.271819,0.395071,A,1,0.928689,0.550786,formax-outcome-4.0,6d861e191d14ee4741a5969b1d2ffbfc,2026-08-29T19:30:00.0000000Z,6
103836,88,2026-08-30T10:15:00.0000000Z,4678,1775,1,6,A,0.238586,0.201583,0.559831,A,1,0.580121,0.291308,formax-outcome-4.0,6d861e191d14ee4741a5969b1d2ffbfc,2026-08-30T10:15:00.0000000Z,6
103076,88,2026-08-30T12:30:00.0000000Z,1088,990,2,2,D,0.173569,0.189363,0.637068,A,0,1.664090,1.093115,formax-outcome-4.0,6d861e191d14ee4741a5969b1d2ffbfc,2026-08-30T12:30:00.0000000Z,6
104505,88,2026-08-30T12:30:00.0000000Z,2516,3915,2,2,D,0.686986,0.169298,0.143716,H,0,1.776093,1.182669,formax-outcome-4.0,6d861e191d14ee4741a5969b1d2ffbfc,2026-08-30T12:30:00.0000000Z,6
8250,39,2026-08-30T13:00:00.0000000Z,3373,873,4,3,H,0.366864,0.271475,0.361661,H,1,1.002763,0.605358,formax-outcome-4.0,6d861e191d14ee4741a5969b1d2ffbfc,2026-08-30T13:00:00.0000000Z,6
60973,61,2026-08-30T13:00:00.0000000Z,4292,3851,3,0,H,0.535338,0.251187,0.213475,H,1,0.624858,0.324578,formax-outcome-4.0,6d861e191d14ee4741a5969b1d2ffbfc,2026-08-30T13:00:00.0000000Z,6
102981,39,2026-08-30T13:00:00.0000000Z,2269,5807,1,1,D,0.384562,0.275237,0.340201,H,0,1.290122,0.788906,formax-outcome-4.0,6d861e191d14ee4741a5969b1d2ffbfc,2026-08-30T13:00:00.0000000Z,6
106377,39,2026-08-30T13:00:00.0000000Z,2209,4928,1,0,H,0.310671,0.290109,0.399220,A,0,1.169022,0.718715,formax-outcome-4.0,6d861e191d14ee4741a5969b1d2ffbfc,2026-08-30T13:00:00.0000000Z,6
101622,78,2026-08-30T13:30:00.0000000Z,5685,966,4,1,H,0.680889,0.182355,0.136756,H,1,0.384356,0.153787,formax-outcome-4.0,6d861e191d14ee4741a5969b1d2ffbfc,2026-08-30T13:30:00.0000000Z,6
15651,88,2026-08-30T14:45:00.0000000Z,3539,2530,0,4,A,0.259613,0.214172,0.526215,A,1,0.642046,0.337741,formax-outcome-4.0,6d861e191d14ee4741a5969b1d2ffbfc,2026-08-30T14:45:00.0000000Z,6
15430,140,2026-08-30T15:00:00.0000000Z,4521,1909,4,0,H,0.896048,0.076237,0.027714,H,1,0.109761,0.017386,formax-outcome-4.0,6d861e191d14ee4741a5969b1d2ffbfc,2026-08-30T15:00:00.0000000Z,6
103145,39,2026-08-30T15:30:00.0000000Z,4266,3598,5,2,H,0.715091,0.174956,0.109953,H,1,0.335346,0.123872,formax-outcome-4.0,6d861e191d14ee4741a5969b1d2ffbfc,2026-08-30T15:30:00.0000000Z,6
104204,203,2026-08-30T16:00:00.0000000Z,6991,6847,2,1,H,0.379144,0.284661,0.336196,H,1,0.969840,0.579522,formax-outcome-4.0,6d861e191d14ee4741a5969b1d2ffbfc,2026-08-30T16:00:00.0000000Z,6
106539,135,2026-08-30T16:30:00.0000000Z,2845,5356,1,2,A,0.309954,0.278435,0.411611,A,1,0.887676,0.519799,formax-outcome-4.0,6d861e191d14ee4741a5969b1d2ffbfc,2026-08-30T16:30:00.0000000Z,6
15498,140,2026-08-30T17:30:00.0000000Z,1945,2030,3,1,H,0.297248,0.281237,0.421515,A,0,1.213188,0.750629,formax-outcome-4.0,6d861e191d14ee4741a5969b1d2ffbfc,2026-08-30T17:30:00.0000000Z,6
15917,88,2026-08-30T18:00:00.0000000Z,3425,3707,1,4,A,0.140722,0.156208,0.703070,A,1,0.352299,0.132371,formax-outcome-4.0,6d861e191d14ee4741a5969b1d2ffbfc,2026-08-30T18:00:00.0000000Z,6
42845,203,2026-08-30T18:30:00.0000000Z,1176,3588,0,2,A,0.316522,0.258292,0.425187,A,1,0.855227,0.497311,formax-outcome-4.0,6d861e191d14ee4741a5969b1d2ffbfc,2026-08-30T18:30:00.0000000Z,6
103552,203,2026-08-30T18:30:00.0000000Z,3661,4226,1,1,D,0.664862,0.202100,0.133038,H,0,1.598990,1.096384,formax-outcome-4.0,6d861e191d14ee4741a5969b1d2ffbfc,2026-08-30T18:30:00.0000000Z,6
7945,135,2026-08-30T18:45:00.0000000Z,3394,2685,0,1,A,0.100690,0.173730,0.725581,A,1,0.320783,0.115626,formax-outcome-4.0,6d861e191d14ee4741a5969b1d2ffbfc,2026-08-30T18:45:00.0000000Z,6
15617,61,2026-08-30T18:45:00.0000000Z,2085,5071,2,0,H,0.436428,0.237436,0.326136,H,1,0.829133,0.480355,formax-outcome-4.0,6d861e191d14ee4741a5969b1d2ffbfc,2026-08-30T18:45:00.0000000Z,6
29665,135,2026-08-30T18:45:00.0000000Z,2837,1649,1,0,H,0.419503,0.289966,0.290531,H,1,0.868686,0.505466,formax-outcome-4.0,6d861e191d14ee4741a5969b1d2ffbfc,2026-08-30T18:45:00.0000000Z,6
105602,140,2026-08-30T19:30:00.0000000Z,1904,1906,0,2,A,0.594491,0.228747,0.176763,H,0,1.732946,1.083463,formax-outcome-4.0,6d861e191d14ee4741a5969b1d2ffbfc,2026-08-30T19:30:00.0000000Z,6
105839,135,2026-08-31T16:30:00.0000000Z,1584,2799,0,4,A,0.105092,0.200407,0.694502,A,1,0.364561,0.144536,formax-outcome-4.0,6d861e191d14ee4741a5969b1d2ffbfc,2026-08-31T16:30:00.0000000Z,6
15466,140,2026-08-31T17:30:00.0000000Z,3599,1914,1,0,H,0.483548,0.282405,0.234047,H,1,0.726604,0.401253,formax-outcome-4.0,6d861e191d14ee4741a5969b1d2ffbfc,2026-08-31T17:30:00.0000000Z,6
82549,203,2026-08-31T18:30:00.0000000Z,3673,6846,6,2,H,0.750576,0.168004,0.081420,H,1,0.286914,0.097067,formax-outcome-4.0,6d861e191d14ee4741a5969b1d2ffbfc,2026-08-31T18:30:00.0000000Z,6
103619,203,2026-08-31T18:30:00.0000000Z,6989,5068,2,1,H,0.167839,0.218058,0.614103,A,0,1.784748,1.117163,formax-outcome-4.0,6d861e191d14ee4741a5969b1d2ffbfc,2026-08-31T18:30:00.0000000Z,6
106042,135,2026-08-31T18:45:00.0000000Z,4702,1520,1,0,H,0.429268,0.281328,0.289404,H,1,0.845674,0.488635,formax-outcome-4.0,6d861e191d14ee4741a5969b1d2ffbfc,2026-08-31T18:45:00.0000000Z,6
20368,39,2026-08-31T19:00:00.0000000Z,2109,4559,0,1,A,0.312922,0.280898,0.406180,A,1,0.900959,0.529446,formax-outcome-4.0,6d861e191d14ee4741a5969b1d2ffbfc,2026-08-31T19:00:00.0000000Z,6
104378,140,2026-08-31T19:30:00.0000000Z,4005,2517,5,2,H,0.732967,0.172975,0.094059,H,1,0.310655,0.110074,formax-outcome-4.0,6d861e191d14ee4741a5969b1d2ffbfc,2026-08-31T19:30:00.0000000Z,6
16510,40,2026-09-01T18:45:00.0000000Z,1499,1053,1,3,A,0.377270,0.260179,0.362551,H,0,1.014590,0.616367,formax-outcome-4.0,6d861e191d14ee4741a5969b1d2ffbfc,2026-09-01T18:45:00.0000000Z,6
99542,40,2026-09-01T18:45:00.0000000Z,2751,1829,4,2,H,0.488416,0.248730,0.262855,H,1,0.716589,0.392678,formax-outcome-4.0,6d861e191d14ee4741a5969b1d2ffbfc,2026-09-01T18:45:00.0000000Z,6
99650,40,2026-09-01T18:45:00.0000000Z,3439,1912,0,0,D,0.447618,0.268587,0.283794,H,0,1.314579,0.815866,formax-outcome-4.0,6d861e191d14ee4741a5969b1d2ffbfc,2026-09-01T18:45:00.0000000Z,6
101640,40,2026-09-01T18:45:00.0000000Z,1460,1481,3,2,H,0.440905,0.256806,0.302289,H,1,0.818925,0.469914,formax-outcome-4.0,6d861e191d14ee4741a5969b1d2ffbfc,2026-09-01T18:45:00.0000000Z,6
102533,40,2026-09-01T18:45:00.0000000Z,1654,3380,0,2,A,0.385351,0.253652,0.360997,H,0,1.018885,0.621159,formax-outcome-4.0,6d861e191d14ee4741a5969b1d2ffbfc,2026-09-01T18:45:00.0000000Z,6
102676,40,2026-09-01T18:45:00.0000000Z,3467,1253,2,0,H,0.591437,0.225529,0.183034,H,1,0.525200,0.251289,formax-outcome-4.0,6d861e191d14ee4741a5969b1d2ffbfc,2026-09-01T18:45:00.0000000Z,6
102734,40,2026-09-01T19:00:00.0000000Z,3483,4379,1,0,H,0.242895,0.239507,0.517598,A,0,1.415127,0.898480,formax-outcome-4.0,6d861e191d14ee4741a5969b1d2ffbfc,2026-09-01T19:00:00.0000000Z,6
103721,40,2026-09-01T19:00:00.0000000Z,1490,4290,1,1,D,0.218707,0.231489,0.549804,A,0,1.463222,0.940726,formax-outcome-4.0,6d861e191d14ee4741a5969b1d2ffbfc,2026-09-01T19:00:00.0000000Z,6
102222,40,2026-09-02T18:45:00.0000000Z,1531,1452,1,1,D,0.459655,0.269692,0.270653,H,0,1.310475,0.817885,formax-outcome-4.0,6d861e191d14ee4741a5969b1d2ffbfc,2026-09-02T18:45:00.0000000Z,6
102305,40,2026-09-02T18:45:00.0000000Z,1502,1386,2,1,H,0.474977,0.243642,0.281382,H,1,0.744490,0.414187,formax-outcome-4.0,6d861e191d14ee4741a5969b1d2ffbfc,2026-09-02T18:45:00.0000000Z,6
102386,40,2026-09-02T18:45:00.0000000Z,1511,2268,0,3,A,0.487962,0.252665,0.259373,H,0,1.349487,0.850474,formax-outcome-4.0,6d861e191d14ee4741a5969b1d2ffbfc,2026-09-02T18:45:00.0000000Z,6
102839,40,2026-09-02T19:00:00.0000000Z,2531,4380,1,1,D,0.389035,0.259722,0.351243,H,0,1.348144,0.822732,formax-outcome-4.0,6d861e191d14ee4741a5969b1d2ffbfc,2026-09-02T19:00:00.0000000Z,6
102910,61,2026-09-03T18:45:00.0000000Z,1872,4470,0,1,A,0.295962,0.272937,0.431102,A,1,0.841412,0.485733,formax-outcome-4.0,6d861e191d14ee4741a5969b1d2ffbfc,2026-09-03T18:45:00.0000000Z,6
101813,140,2026-09-03T19:00:00.0000000Z,1830,1904,0,0,D,0.493911,0.244917,0.261171,H,0,1.406835,0.882309,formax-outcome-4.0,6d861e191d14ee4741a5969b1d2ffbfc,2026-09-03T19:00:00.0000000Z,6
53972,61,2026-09-04T17:00:00.0000000Z,3589,1815,3,1,H,0.568575,0.234201,0.197225,H,1,0.564622,0.279875,formax-outcome-4.0,6d861e191d14ee4741a5969b1d2ffbfc,2026-09-04T17:00:00.0000000Z,6
98933,203,2026-09-04T17:00:00.0000000Z,3661,3309,2,3,A,0.372758,0.261231,0.366011,H,0,1.005091,0.609132,formax-outcome-4.0,6d861e191d14ee4741a5969b1d2ffbfc,2026-09-04T17:00:00.0000000Z,6
97565,88,2026-09-04T18:00:00.0000000Z,1162,2612,2,2,D,0.444546,0.231684,0.323769,H,0,1.462379,0.892757,formax-outcome-4.0,6d861e191d14ee4741a5969b1d2ffbfc,2026-09-04T18:00:00.0000000Z,6
106593,135,2026-09-04T18:45:00.0000000Z,1649,5356,1,4,A,0.138681,0.221226,0.640093,A,1,0.446143,0.197707,formax-outcome-4.0,6d861e191d14ee4741a5969b1d2ffbfc,2026-09-04T18:45:00.0000000Z,6
106238,140,2026-09-04T19:00:00.0000000Z,2033,4521,1,0,H,0.280541,0.255226,0.464232,A,0,1.271034,0.798273,formax-outcome-4.0,6d861e191d14ee4741a5969b1d2ffbfc,2026-09-04T19:00:00.0000000Z,6
106465,39,2026-09-04T19:00:00.0000000Z,3598,2208,0,2,A,0.268937,0.244596,0.486467,A,1,0.720587,0.395871,formax-outcome-4.0,6d861e191d14ee4741a5969b1d2ffbfc,2026-09-04T19:00:00.0000000Z,6
15618,61,2026-09-04T19:05:00.0000000Z,5284,2085,1,2,A,0.649350,0.195933,0.154717,H,0,1.866157,1.174548,formax-outcome-4.0,6d861e191d14ee4741a5969b1d2ffbfc,2026-09-04T19:05:00.0000000Z,6
71168,39,2026-09-05T11:30:00.0000000Z,1013,3646,2,2,D,0.427399,0.258696,0.313905,H,0,1.352100,0.830737,formax-outcome-4.0,6d861e191d14ee4741a5969b1d2ffbfc,2026-09-05T11:30:00.0000000Z,6
99651,40,2026-09-05T11:30:00.0000000Z,1499,1912,2,1,H,0.347576,0.276550,0.375874,A,0,1.056771,0.643418,formax-outcome-4.0,6d861e191d14ee4741a5969b1d2ffbfc,2026-09-05T11:30:00.0000000Z,6
102223,40,2026-09-05T11:30:00.0000000Z,3483,1452,4,0,H,0.330553,0.276675,0.392772,A,0,1.106988,0.678978,formax-outcome-4.0,6d861e191d14ee4741a5969b1d2ffbfc,2026-09-05T11:30:00.0000000Z,6
102613,40,2026-09-05T11:30:00.0000000Z,3439,4290,1,1,D,0.214878,0.227923,0.557199,A,0,1.478747,0.952746,formax-outcome-4.0,6d861e191d14ee4741a5969b1d2ffbfc,2026-09-05T11:30:00.0000000Z,6
15382,135,2026-09-05T13:00:00.0000000Z,1503,1652,1,2,A,0.391165,0.269851,0.338984,H,0,1.081804,0.662773,formax-outcome-4.0,6d861e191d14ee4741a5969b1d2ffbfc,2026-09-05T13:00:00.0000000Z,6
101623,78,2026-09-05T13:30:00.0000000Z,966,821,3,1,H,0.271215,0.236437,0.492348,A,0,1.304844,0.829437,formax-outcome-4.0,6d861e191d14ee4741a5969b1d2ffbfc,2026-09-05T13:30:00.0000000Z,6
102170,78,2026-09-05T13:30:00.0000000Z,1260,4180,4,0,H,0.781651,0.138689,0.079661,H,1,0.246347,0.073257,formax-outcome-4.0,6d861e191d14ee4741a5969b1d2ffbfc,2026-09-05T13:30:00.0000000Z,6
106708,78,2026-09-05T13:30:00.0000000Z,3573,989,2,3,A,0.289716,0.226810,0.483475,A,1,0.726756,0.402176,formax-outcome-4.0,6d861e191d14ee4741a5969b1d2ffbfc,2026-09-05T13:30:00.0000000Z,6
8014,39,2026-09-05T14:00:00.0000000Z,4166,5841,1,0,H,0.849383,0.105031,0.045586,H,1,0.163245,0.035795,formax-outcome-4.0,6d861e191d14ee4741a5969b1d2ffbfc,2026-09-05T14:00:00.0000000Z,6
16511,40,2026-09-05T14:00:00.0000000Z,2531,1053,1,2,A,0.534109,0.238582,0.227309,H,0,1.481443,0.939244,formax-outcome-4.0,6d861e191d14ee4741a5969b1d2ffbfc,2026-09-05T14:00:00.0000000Z,6
101641,40,2026-09-05T14:00:00.0000000Z,1511,1481,4,0,H,0.488514,0.255312,0.256174,H,1,0.716386,0.392427,formax-outcome-4.0,6d861e191d14ee4741a5969b1d2ffbfc,2026-09-05T14:00:00.0000000Z,6
102306,40,2026-09-05T14:00:00.0000000Z,1502,4380,0,1,A,0.303501,0.255480,0.441019,A,1,0.818667,0.469842,formax-outcome-4.0,6d861e191d14ee4741a5969b1d2ffbfc,2026-09-05T14:00:00.0000000Z,6
102466,40,2026-09-05T14:00:00.0000000Z,1531,1253,1,0,H,0.536296,0.248825,0.214879,H,1,0.623069,0.323108,formax-outcome-4.0,6d861e191d14ee4741a5969b1d2ffbfc,2026-09-05T14:00:00.0000000Z,6
102534,40,2026-09-05T14:00:00.0000000Z,1654,1386,2,0,H,0.439901,0.252701,0.307398,H,1,0.821206,0.472062,formax-outcome-4.0,6d861e191d14ee4741a5969b1d2ffbfc,2026-09-05T14:00:00.0000000Z,6
102602,40,2026-09-05T14:00:00.0000000Z,2751,3380,3,0,H,0.706522,0.176687,0.116791,H,1,0.347401,0.130988,formax-outcome-4.0,6d861e191d14ee4741a5969b1d2ffbfc,2026-09-05T14:00:00.0000000Z,6
102784,40,2026-09-05T14:00:00.0000000Z,1460,4379,1,3,A,0.422644,0.253921,0.323435,H,0,1.128758,0.700845,formax-outcome-4.0,6d861e191d14ee4741a5969b1d2ffbfc,2026-09-05T14:00:00.0000000Z,6
102982,39,2026-09-05T14:00:00.0000000Z,5807,2209,1,1,D,0.656830,0.211955,0.131215,H,0,1.551381,1.069658,formax-outcome-4.0,6d861e191d14ee4741a5969b1d2ffbfc,2026-09-05T14:00:00.0000000Z,6
103399,203,2026-09-05T14:00:00.0000000Z,6990,1717,1,0,H,0.217915,0.243987,0.538098,A,0,1.523651,0.960736,formax-outcome-4.0,6d861e191d14ee4741a5969b1d2ffbfc,2026-09-05T14:00:00.0000000Z,6
105963,39,2026-09-05T14:00:00.0000000Z,873,2269,1,1,D,0.558605,0.240762,0.200633,H,0,1.423945,0.928735,formax-outcome-4.0,6d861e191d14ee4741a5969b1d2ffbfc,2026-09-05T14:00:00.0000000Z,6
106343,39,2026-09-05T14:00:00.0000000Z,4928,1486,2,3,A,0.434216,0.270840,0.294945,H,0,1.220968,0.759001,formax-outcome-4.0,6d861e191d14ee4741a5969b1d2ffbfc,2026-09-05T14:00:00.0000000Z,6
106437,39,2026-09-05T14:00:00.0000000Z,2480,2355,0,0,D,0.603972,0.225267,0.170761,H,0,1.490468,0.994153,formax-outcome-4.0,6d861e191d14ee4741a5969b1d2ffbfc,2026-09-05T14:00:00.0000000Z,6
105904,140,2026-09-05T14:15:00.0000000Z,1906,4267,3,0,H,0.326218,0.272746,0.401035,A,0,1.120189,0.689202,formax-outcome-4.0,6d861e191d14ee4741a5969b1d2ffbfc,2026-09-05T14:15:00.0000000Z,6
38767,88,2026-09-05T14:30:00.0000000Z,1080,2516,1,3,A,0.355568,0.225918,0.418514,A,1,0.871045,0.515594,formax-outcome-4.0,6d861e191d14ee4741a5969b1d2ffbfc,2026-09-05T14:30:00.0000000Z,6
106826,61,2026-09-05T15:15:00.0000000Z,886,1666,0,1,A,0.588364,0.221382,0.190254,H,0,1.659395,1.050871,formax-outcome-4.0,6d861e191d14ee4741a5969b1d2ffbfc,2026-09-05T15:15:00.0000000Z,6
7946,135,2026-09-05T16:00:00.0000000Z,2685,2845,3,2,H,0.473308,0.263186,0.263505,H,1,0.748008,0.416106,formax-outcome-4.0,6d861e191d14ee4741a5969b1d2ffbfc,2026-09-05T16:00:00.0000000Z,6
19081,140,2026-09-05T16:30:00.0000000Z,2517,3578,3,2,H,0.732145,0.167324,0.100532,H,1,0.311777,0.109850,formax-outcome-4.0,6d861e191d14ee4741a5969b1d2ffbfc,2026-09-05T16:30:00.0000000Z,6
20369,39,2026-09-05T16:30:00.0000000Z,1718,2109,0,0,D,0.160149,0.221200,0.618652,A,0,1.508689,1.014907,formax-outcome-4.0,6d861e191d14ee4741a5969b1d2ffbfc,2026-09-05T16:30:00.0000000Z,6
42846,203,2026-09-05T17:00:00.0000000Z,3588,3673,1,2,A,0.533295,0.244398,0.222307,H,0,1.503695,0.948940,formax-outcome-4.0,6d861e191d14ee4741a5969b1d2ffbfc,2026-09-05T17:00:00.0000000Z,6
15652,88,2026-09-05T18:00:00.0000000Z,2530,1775,1,3,A,0.314358,0.203137,0.482505,A,1,0.728764,0.407887,formax-outcome-4.0,6d861e191d14ee4741a5969b1d2ffbfc,2026-09-05T18:00:00.0000000Z,6
106043,135,2026-09-05T18:45:00.0000000Z,2799,4702,2,1,H,0.486633,0.263070,0.250297,H,1,0.720245,0.395400,formax-outcome-4.0,6d861e191d14ee4741a5969b1d2ffbfc,2026-09-05T18:45:00.0000000Z,6
107114,61,2026-09-05T18:45:00.0000000Z,1823,4558,1,2,A,0.385293,0.274513,0.340194,H,0,1.078239,0.659152,formax-outcome-4.0,6d861e191d14ee4741a5969b1d2ffbfc,2026-09-05T18:45:00.0000000Z,6
15499,140,2026-09-05T19:00:00.0000000Z,1776,1945,2,3,A,0.774364,0.148391,0.077246,H,0,2.560762,1.473134,formax-outcome-4.0,6d861e191d14ee4741a5969b1d2ffbfc,2026-09-05T19:00:00.0000000Z,6
102677,40,2026-09-05T19:00:00.0000000Z,3467,2268,0,0,D,0.441558,0.260199,0.298243,H,0,1.346309,0.831228,formax-outcome-4.0,6d861e191d14ee4741a5969b1d2ffbfc,2026-09-05T19:00:00.0000000Z,6
103077,88,2026-09-05T19:00:00.0000000Z,1088,4124,0,3,A,0.133451,0.163230,0.703319,A,1,0.351945,0.132473,formax-outcome-4.0,6d861e191d14ee4741a5969b1d2ffbfc,2026-09-05T19:00:00.0000000Z,6
15918,88,2026-09-06T10:15:00.0000000Z,1301,3707,2,2,D,0.164792,0.179114,0.656093,A,0,1.719730,1.131468,formax-outcome-4.0,6d861e191d14ee4741a5969b1d2ffbfc,2026-09-06T10:15:00.0000000Z,6
99543,40,2026-09-06T11:00:00.0000000Z,1490,1829,2,2,D,0.291604,0.267024,0.441372,A,0,1.320417,0.817096,formax-outcome-4.0,6d861e191d14ee4741a5969b1d2ffbfc,2026-09-06T11:00:00.0000000Z,6
97933,88,2026-09-06T12:30:00.0000000Z,3539,3425,2,2,D,0.507659,0.215884,0.276457,H,0,1.533014,0.948984,formax-outcome-4.0,6d861e191d14ee4741a5969b1d2ffbfc,2026-09-06T12:30:00.0000000Z,6
103770,88,2026-09-06T12:30:00.0000000Z,990,1271,2,3,A,0.117226,0.153580,0.729194,A,1,0.315816,0.110665,formax-outcome-4.0,6d861e191d14ee4741a5969b1d2ffbfc,2026-09-06T12:30:00.0000000Z,6
29690,135,2026-09-06T13:00:00.0000000Z,2857,3310,3,2,H,0.485289,0.268796,0.245915,H,1,0.723010,0.397652,formax-outcome-4.0,6d861e191d14ee4741a5969b1d2ffbfc,2026-09-06T13:00:00.0000000Z,6
71274,39,2026-09-06T13:00:00.0000000Z,1482,4266,2,2,D,0.339062,0.269548,0.391390,A,0,1.311008,0.801709,formax-outcome-4.0,6d861e191d14ee4741a5969b1d2ffbfc,2026-09-06T13:00:00.0000000Z,6
104926,61,2026-09-06T13:00:00.0000000Z,1472,1911,2,6,A,0.292597,0.253448,0.453955,A,1,0.789756,0.448013,formax-outcome-4.0,6d861e191d14ee4741a5969b1d2ffbfc,2026-09-06T13:00:00.0000000Z,6
107027,135,2026-09-06T13:00:00.0000000Z,3648,3659,1,1,D,0.470756,0.278417,0.250827,H,0,1.278634,0.805206,formax-outcome-4.0,6d861e191d14ee4741a5969b1d2ffbfc,2026-09-06T13:00:00.0000000Z,6
107549,78,2026-09-06T13:30:00.0000000Z,4469,1281,0,5,A,0.452505,0.252988,0.294507,H,0,1.222451,0.766484,formax-outcome-4.0,6d861e191d14ee4741a5969b1d2ffbfc,2026-09-06T13:30:00.0000000Z,6
99157,203,2026-09-06T14:00:00.0000000Z,6846,6991,3,0,H,0.336626,0.270983,0.392391,A,0,1.088784,0.667468,formax-outcome-4.0,6d861e191d14ee4741a5969b1d2ffbfc,2026-09-06T14:00:00.0000000Z,6
103553,203,2026-09-06T14:00:00.0000000Z,4226,6989,2,2,D,0.658802,0.204691,0.136507,H,0,1.586256,1.085172,formax-outcome-4.0,6d861e191d14ee4741a5969b1d2ffbfc,2026-09-06T14:00:00.0000000Z,6
106663,140,2026-09-06T14:15:00.0000000Z,2030,4005,0,5,A,0.192058,0.224851,0.583091,A,1,0.539411,0.261257,formax-outcome-4.0,6d861e191d14ee4741a5969b1d2ffbfc,2026-09-06T14:15:00.0000000Z,6
104284,88,2026-09-06T14:45:00.0000000Z,3915,1079,2,3,A,0.288505,0.225406,0.486089,A,1,0.721365,0.398148,formax-outcome-4.0,6d861e191d14ee4741a5969b1d2ffbfc,2026-09-06T14:45:00.0000000Z,6
103311,61,2026-09-06T15:15:00.0000000Z,1257,1781,1,2,A,0.192987,0.225268,0.581744,A,1,0.541724,0.262928,formax-outcome-4.0,6d861e191d14ee4741a5969b1d2ffbfc,2026-09-06T15:15:00.0000000Z,6
8251,39,2026-09-06T15:30:00.0000000Z,4559,3373,2,1,H,0.649335,0.217859,0.132806,H,1,0.431807,0.188066,formax-outcome-4.0,6d861e191d14ee4741a5969b1d2ffbfc,2026-09-06T15:30:00.0000000Z,6
107419,135,2026-09-06T16:00:00.0000000Z,1520,3903,2,2,D,0.374804,0.272115,0.353081,H,0,1.301530,0.794961,formax-outcome-4.0,6d861e191d14ee4741a5969b1d2ffbfc,2026-09-06T16:00:00.0000000Z,6
15431,140,2026-09-06T16:30:00.0000000Z,1909,2383,0,0,D,0.334636,0.261169,0.404196,A,0,1.342589,0.821227,formax-outcome-4.0,6d861e191d14ee4741a5969b1d2ffbfc,2026-09-06T16:30:00.0000000Z,6
103931,140,2026-09-06T16:30:00.0000000Z,759,3599,5,2,H,0.492060,0.257910,0.250030,H,1,0.709155,0.387036,formax-outcome-4.0,6d861e191d14ee4741a5969b1d2ffbfc,2026-09-06T16:30:00.0000000Z,6
103620,203,2026-09-06T17:00:00.0000000Z,5068,6848,5,0,H,0.580796,0.232328,0.186876,H,1,0.543355,0.264630,formax-outcome-4.0,6d861e191d14ee4741a5969b1d2ffbfc,2026-09-06T17:00:00.0000000Z,6
105135,203,2026-09-06T17:00:00.0000000Z,6988,1176,1,0,H,0.266737,0.271229,0.462034,A,0,1.321493,0.824716,formax-outcome-4.0,6d861e191d14ee4741a5969b1d2ffbfc,2026-09-06T17:00:00.0000000Z,6
7912,135,2026-09-06T18:45:00.0000000Z,2013,1488,1,1,D,0.421929,0.276268,0.301804,H,0,1.286385,0.792898,formax-outcome-4.0,6d861e191d14ee4741a5969b1d2ffbfc,2026-09-06T18:45:00.0000000Z,6
60974,61,2026-09-06T18:45:00.0000000Z,5071,4292,2,3,A,0.345272,0.259115,0.395613,A,1,0.927318,0.551636,formax-outcome-4.0,6d861e191d14ee4741a5969b1d2ffbfc,2026-09-06T18:45:00.0000000Z,6
104454,140,2026-09-06T19:00:00.0000000Z,762,3049,1,1,D,0.490456,0.253327,0.256217,H,0,1.373073,0.863714,formax-outcome-4.0,6d861e191d14ee4741a5969b1d2ffbfc,2026-09-06T19:00:00.0000000Z,6
105840,135,2026-09-07T16:30:00.0000000Z,3394,1584,1,0,H,0.415388,0.289966,0.294646,H,1,0.878541,0.512667,formax-outcome-4.0,6d861e191d14ee4741a5969b1d2ffbfc,2026-09-07T16:30:00.0000000Z,6
103471,203,2026-09-07T17:00:00.0000000Z,1845,6847,0,1,A,0.464668,0.254750,0.280581,H,0,1.270891,0.798378,formax-outcome-4.0,6d861e191d14ee4741a5969b1d2ffbfc,2026-09-07T17:00:00.0000000Z,6
103837,88,2026-09-08T12:00:00.0000000Z,4678,1580,3,3,D,0.331599,0.222499,0.445902,A,0,1.502833,0.913294,formax-outcome-4.0,6d861e191d14ee4741a5969b1d2ffbfc,2026-09-08T12:00:00.0000000Z,6
38765,88,2026-09-08T16:45:00.0000000Z,1080,4124,2,2,D,0.387320,0.227556,0.385124,H,0,1.480360,0.895008,formax-outcome-4.0,6d861e191d14ee4741a5969b1d2ffbfc,2026-09-08T16:45:00.0000000Z,6
107552,2,2026-09-08T16:45:00.0000000Z,2613,1804,1,0,H,0.760478,0.147822,0.091700,H,1,0.273808,0.087631,formax-outcome-4.0,6d861e191d14ee4741a5969b1d2ffbfc,2026-09-08T16:45:00.0000000Z,6
107553,2,2026-09-08T16:45:00.0000000Z,1782,2109,2,3,A,0.513212,0.230053,0.256735,H,0,1.359711,0.868754,formax-outcome-4.0,6d861e191d14ee4741a5969b1d2ffbfc,2026-09-08T16:45:00.0000000Z,6
99652,40,2026-09-08T18:45:00.0000000Z,1912,1460,1,2,A,0.380505,0.275872,0.343623,H,0,1.068210,0.651720,formax-outcome-4.0,6d861e191d14ee4741a5969b1d2ffbfc,2026-09-08T18:45:00.0000000Z,6
101728,40,2026-09-08T18:45:00.0000000Z,1253,1499,2,1,H,0.445235,0.263787,0.290977,H,1,0.809153,0.462016,formax-outcome-4.0,6d861e191d14ee4741a5969b1d2ffbfc,2026-09-08T18:45:00.0000000Z,6
102678,40,2026-09-08T18:45:00.0000000Z,4290,3467,3,1,H,0.618609,0.216342,0.165049,H,1,0.480283,0.219505,formax-outcome-4.0,6d861e191d14ee4741a5969b1d2ffbfc,2026-09-08T18:45:00.0000000Z,6
102735,40,2026-09-08T18:45:00.0000000Z,1386,3483,1,1,D,0.437955,0.261551,0.300494,H,0,1.341125,0.827408,formax-outcome-4.0,6d861e191d14ee4741a5969b1d2ffbfc,2026-09-08T18:45:00.0000000Z,6
104981,40,2026-09-08T18:45:00.0000000Z,2268,2531,1,1,D,0.487059,0.252977,0.259964,H,0,1.374456,0.862851,formax-outcome-4.0,6d861e191d14ee4741a5969b1d2ffbfc,2026-09-08T18:45:00.0000000Z,6
101642,40,2026-09-08T19:00:00.0000000Z,1481,2751,2,3,A,0.207161,0.227658,0.565181,A,1,0.570609,0.283812,formax-outcome-4.0,6d861e191d14ee4741a5969b1d2ffbfc,2026-09-08T19:00:00.0000000Z,6
107554,2,2026-09-08T19:00:00.0000000Z,989,1776,3,2,H,0.725498,0.163888,0.110614,H,1,0.320897,0.114446,formax-outcome-4.0,6d861e191d14ee4741a5969b1d2ffbfc,2026-09-08T19:00:00.0000000Z,6
107555,2,2026-09-08T19:00:00.0000000Z,2108,4166,0,2,A,0.281884,0.277595,0.440521,A,1,0.819797,0.469534,formax-outcome-4.0,6d861e191d14ee4741a5969b1d2ffbfc,2026-09-08T19:00:00.0000000Z,6
107556,2,2026-09-08T19:00:00.0000000Z,4470,2033,2,3,A,0.562677,0.241090,0.196232,H,0,1.628456,1.020773,formax-outcome-4.0,6d861e191d14ee4741a5969b1d2ffbfc,2026-09-08T19:00:00.0000000Z,6
107557,2,2026-09-08T19:00:00.0000000Z,4521,2685,2,1,H,0.571269,0.219100,0.209631,H,1,0.559895,0.275760,formax-outcome-4.0,6d861e191d14ee4741a5969b1d2ffbfc,2026-09-08T19:00:00.0000000Z,6
15919,88,2026-09-09T16:45:00.0000000Z,3707,3539,1,0,H,0.553681,0.204742,0.241577,H,1,0.591166,0.299479,formax-outcome-4.0,6d861e191d14ee4741a5969b1d2ffbfc,2026-09-09T16:45:00.0000000Z,6
102467,40,2026-09-09T18:45:00.0000000Z,3380,1531,0,1,A,0.439635,0.266054,0.294311,H,0,1.223119,0.762061,formax-outcome-4.0,6d861e191d14ee4741a5969b1d2ffbfc,2026-09-09T18:45:00.0000000Z,6
102785,40,2026-09-09T18:45:00.0000000Z,4379,1490,2,1,H,0.499003,0.252471,0.248526,H,1,0.695143,0.376505,formax-outcome-4.0,6d861e191d14ee4741a5969b1d2ffbfc,2026-09-09T18:45:00.0000000Z,6
102224,40,2026-09-09T19:00:00.0000000Z,1452,1502,0,0,D,0.409822,0.268937,0.321242,H,0,1.313280,0.805604,formax-outcome-4.0,6d861e191d14ee4741a5969b1d2ffbfc,2026-09-09T19:00:00.0000000Z,6
107570,2,2026-09-10T16:45:00.0000000Z,3588,2799,1,1,D,0.348553,0.245792,0.405655,A,0,1.403270,0.854875,formax-outcome-4.0,6d861e191d14ee4741a5969b1d2ffbfc,2026-09-10T16:45:00.0000000Z,6
107572,2,2026-09-10T19:00:00.0000000Z,1328,2705,5,0,H,0.650941,0.191218,0.157841,H,1,0.429336,0.183320,formax-outcome-4.0,6d861e191d14ee4741a5969b1d2ffbfc,2026-09-10T19:00:00.0000000Z,6
107573,2,2026-09-10T19:00:00.0000000Z,5356,821,4,1,H,0.651690,0.192849,0.155460,H,1,0.428186,0.182679,formax-outcome-4.0,6d861e191d14ee4741a5969b1d2ffbfc,2026-09-10T19:00:00.0000000Z,6
107575,2,2026-09-10T19:00:00.0000000Z,2598,886,2,3,A,0.376489,0.241121,0.382391,A,1,0.961312,0.581324,formax-outcome-4.0,6d861e191d14ee4741a5969b1d2ffbfc,2026-09-10T19:00:00.0000000Z,6
82550,203,2026-09-11T17:00:00.0000000Z,3673,6990,3,0,H,0.907298,0.069405,0.023296,H,1,0.097284,0.013953,formax-outcome-4.0,6d861e191d14ee4741a5969b1d2ffbfc,2026-09-11T17:00:00.0000000Z,6
103078,88,2026-09-11T18:00:00.0000000Z,1271,1088,1,1,D,0.878116,0.078873,0.043011,H,0,2.539922,1.621414,formax-outcome-4.0,6d861e191d14ee4741a5969b1d2ffbfc,2026-09-11T18:00:00.0000000Z,6
15383,135,2026-09-11T18:45:00.0000000Z,3310,1503,2,4,A,0.252914,0.261485,0.485601,A,1,0.722367,0.396946,formax-outcome-4.0,6d861e191d14ee4741a5969b1d2ffbfc,2026-09-11T18:45:00.0000000Z,6
106204,61,2026-09-11T18:45:00.0000000Z,1781,5071,1,0,H,0.404483,0.238690,0.356827,H,1,0.905146,0.538939,formax-outcome-4.0,6d861e191d14ee4741a5969b1d2ffbfc,2026-09-11T18:45:00.0000000Z,6
104455,140,2026-09-11T19:00:00.0000000Z,3049,2030,1,0,H,0.512998,0.246706,0.240296,H,1,0.667483,0.355777,formax-outcome-4.0,6d861e191d14ee4741a5969b1d2ffbfc,2026-09-11T19:00:00.0000000Z,6
105038,40,2026-09-11T19:00:00.0000000Z,2751,2268,6,0,H,0.647716,0.205431,0.146853,H,1,0.434304,0.187872,formax-outcome-4.0,6d861e191d14ee4741a5969b1d2ffbfc,2026-09-11T19:00:00.0000000Z,6
101643,40,2026-09-12T11:30:00.0000000Z,1481,1386,1,0,H,0.543528,0.236805,0.219668,H,1,0.609674,0.312697,formax-outcome-4.0,6d861e191d14ee4741a5969b1d2ffbfc,2026-09-12T11:30:00.0000000Z,6
102307,40,2026-09-12T11:30:00.0000000Z,1531,1502,1,1,D,0.514633,0.256366,0.229001,H,0,1.361148,0.870279,formax-outcome-4.0,6d861e191d14ee4741a5969b1d2ffbfc,2026-09-12T11:30:00.0000000Z,6
102603,40,2026-09-12T11:30:00.0000000Z,3380,1490,1,2,A,0.433649,0.267791,0.298560,H,0,1.208784,0.751781,formax-outcome-4.0,6d861e191d14ee4741a5969b1d2ffbfc,2026-09-12T11:30:00.0000000Z,6
19082,140,2026-09-12T12:00:00.0000000Z,3578,759,2,1,H,0.318218,0.244032,0.437750,A,0,1.145018,0.716003,formax-outcome-4.0,6d861e191d14ee4741a5969b1d2ffbfc,2026-09-12T12:00:00.0000000Z,6
29691,135,2026-09-12T13:00:00.0000000Z,1649,2857,1,1,D,0.265806,0.262664,0.471530,A,0,1.336879,0.836657,formax-outcome-4.0,6d861e191d14ee4741a5969b1d2ffbfc,2026-09-12T13:00:00.0000000Z,6
72631,78,2026-09-12T13:30:00.0000000Z,1281,4472,1,3,A,0.584696,0.208433,0.206871,H,0,1.575659,1.014367,formax-outcome-4.0,6d861e191d14ee4741a5969b1d2ffbfc,2026-09-12T13:30:00.0000000Z,6
102171,78,2026-09-12T13:30:00.0000000Z,1109,1260,2,2,D,0.322497,0.247367,0.430137,A,0,1.396884,0.855479,formax-outcome-4.0,6d861e191d14ee4741a5969b1d2ffbfc,2026-09-12T13:30:00.0000000Z,6
107577,78,2026-09-12T13:30:00.0000000Z,3573,1278,2,1,H,0.464029,0.215602,0.320368,H,1,0.767807,0.436385,formax-outcome-4.0,6d861e191d14ee4741a5969b1d2ffbfc,2026-09-12T13:30:00.0000000Z,6
8252,39,2026-09-12T14:00:00.0000000Z,3373,1718,2,2,D,0.706876,0.183540,0.109585,H,0,1.695325,1.178290,formax-outcome-4.0,6d861e191d14ee4741a5969b1d2ffbfc,2026-09-12T14:00:00.0000000Z,6
16513,40,2026-09-12T14:00:00.0000000Z,4290,1053,4,1,H,0.711286,0.175616,0.113098,H,1,0.340680,0.126988,formax-outcome-4.0,6d861e191d14ee4741a5969b1d2ffbfc,2026-09-12T14:00:00.0000000Z,6
20370,39,2026-09-12T14:00:00.0000000Z,2109,2480,1,2,A,0.491776,0.262914,0.245310,H,0,1.405232,0.880524,formax-outcome-4.0,6d861e191d14ee4741a5969b1d2ffbfc,2026-09-12T14:00:00.0000000Z,6
99158,203,2026-09-12T14:00:00.0000000Z,1176,6846,1,5,A,0.726394,0.169776,0.103830,H,0,2.264998,1.359592,formax-outcome-4.0,6d861e191d14ee4741a5969b1d2ffbfc,2026-09-12T14:00:00.0000000Z,6
99653,40,2026-09-12T14:00:00.0000000Z,1912,1511,3,1,H,0.291892,0.283063,0.425045,A,0,1.231372,0.762205,formax-outcome-4.0,6d861e191d14ee4741a5969b1d2ffbfc,2026-09-12T14:00:00.0000000Z,6
101729,40,2026-09-12T14:00:00.0000000Z,1499,3439,0,1,A,0.378030,0.271006,0.350963,H,0,1.047073,0.637600,formax-outcome-4.0,6d861e191d14ee4741a5969b1d2ffbfc,2026-09-12T14:00:00.0000000Z,6
102225,40,2026-09-12T14:00:00.0000000Z,1452,1654,0,0,D,0.443711,0.272528,0.283761,H,0,1.300014,0.806616,formax-outcome-4.0,6d861e191d14ee4741a5969b1d2ffbfc,2026-09-12T14:00:00.0000000Z,6
102679,40,2026-09-12T14:00:00.0000000Z,3467,2531,3,1,H,0.457404,0.263994,0.278601,H,1,0.782187,0.441722,formax-outcome-4.0,6d861e191d14ee4741a5969b1d2ffbfc,2026-09-12T14:00:00.0000000Z,6
102736,40,2026-09-12T14:00:00.0000000Z,1253,3483,1,2,A,0.426844,0.273427,0.299728,H,0,1.204879,0.747339,formax-outcome-4.0,6d861e191d14ee4741a5969b1d2ffbfc,2026-09-12T14:00:00.0000000Z,6
102786,40,2026-09-12T14:00:00.0000000Z,4380,4379,4,3,H,0.494788,0.255011,0.250201,H,1,0.703626,0.382870,formax-outcome-4.0,6d861e191d14ee4741a5969b1d2ffbfc,2026-09-12T14:00:00.0000000Z,6
102983,39,2026-09-12T14:00:00.0000000Z,3646,5807,2,2,D,0.474276,0.262952,0.262772,H,0,1.335784,0.837227,formax-outcome-4.0,6d861e191d14ee4741a5969b1d2ffbfc,2026-09-12T14:00:00.0000000Z,6
103472,203,2026-09-12T14:00:00.0000000Z,6991,1845,0,2,A,0.452158,0.262228,0.285614,H,0,1.253113,0.783557,formax-outcome-4.0,6d861e191d14ee4741a5969b1d2ffbfc,2026-09-12T14:00:00.0000000Z,6
106344,39,2026-09-12T14:00:00.0000000Z,1486,3598,2,3,A,0.603674,0.223349,0.172977,H,0,1.754597,1.098274,formax-outcome-4.0,6d861e191d14ee4741a5969b1d2ffbfc,2026-09-12T14:00:00.0000000Z,6
107278,39,2026-09-12T14:00:00.0000000Z,2208,4928,0,0,D,0.564203,0.238038,0.197759,H,0,1.435326,0.938020,formax-outcome-4.0,6d861e191d14ee4741a5969b1d2ffbfc,2026-09-12T14:00:00.0000000Z,6
105307,140,2026-09-12T14:15:00.0000000Z,3599,762,0,2,A,0.504921,0.254940,0.240139,H,0,1.426538,0.897329,formax-outcome-4.0,6d861e191d14ee4741a5969b1d2ffbfc,2026-09-12T14:15:00.0000000Z,6
15920,88,2026-09-12T14:30:00.0000000Z,3707,3915,2,0,H,0.682433,0.170111,0.147456,H,1,0.382092,0.151530,formax-outcome-4.0,6d861e191d14ee4741a5969b1d2ffbfc,2026-09-12T14:30:00.0000000Z,6
15619,61,2026-09-12T15:15:00.0000000Z,1911,2085,1,1,D,0.332413,0.234379,0.433207,A,0,1.450815,0.884343,formax-outcome-4.0,6d861e191d14ee4741a5969b1d2ffbfc,2026-09-12T15:15:00.0000000Z,6
7913,135,2026-09-12T16:00:00.0000000Z,2837,1488,2,2,D,0.278467,0.278258,0.443275,A,0,1.279207,0.794948,formax-outcome-4.0,6d861e191d14ee4741a5969b1d2ffbfc,2026-09-12T16:00:00.0000000Z,6
71275,39,2026-09-12T16:30:00.0000000Z,2355,1482,0,0,D,0.328947,0.277197,0.393855,A,0,1.283025,0.785772,formax-outcome-4.0,6d861e191d14ee4741a5969b1d2ffbfc,2026-09-12T16:30:00.0000000Z,6
101624,78,2026-09-12T16:30:00.0000000Z,5078,966,1,1,D,0.481532,0.227187,0.291281,H,0,1.481980,0.913957,formax-outcome-4.0,6d861e191d14ee4741a5969b1d2ffbfc,2026-09-12T16:30:00.0000000Z,6
105765,140,2026-09-12T16:30:00.0000000Z,1906,3447,1,1,D,0.619775,0.215812,0.164413,H,0,1.533349,1.026104,formax-outcome-4.0,6d861e191d14ee4741a5969b1d2ffbfc,2026-09-12T16:30:00.0000000Z,6
104498,88,2026-09-12T16:45:00.0000000Z,1580,1301,1,1,D,0.382578,0.226593,0.390829,A,0,1.484599,0.897271,formax-outcome-4.0,6d861e191d14ee4741a5969b1d2ffbfc,2026-09-12T16:45:00.0000000Z,6
103400,203,2026-09-12T17:00:00.0000000Z,1717,5068,1,0,H,0.322383,0.258540,0.419077,A,0,1.132015,0.701633,formax-outcome-4.0,6d861e191d14ee4741a5969b1d2ffbfc,2026-09-12T17:00:00.0000000Z,6
104205,203,2026-09-12T17:00:00.0000000Z,6847,2549,2,2,D,0.441813,0.268061,0.290127,H,0,1.316543,0.815107,formax-outcome-4.0,6d861e191d14ee4741a5969b1d2ffbfc,2026-09-12T17:00:00.0000000Z,6
15653,88,2026-09-12T18:00:00.0000000Z,1079,2530,1,5,A,0.140660,0.167240,0.692100,A,1,0.368025,0.142557,formax-outcome-4.0,6d861e191d14ee4741a5969b1d2ffbfc,2026-09-12T18:00:00.0000000Z,6
53973,61,2026-09-12T18:45:00.0000000Z,4292,3589,0,0,D,0.351276,0.261981,0.386743,A,0,1.339484,0.817637,formax-outcome-4.0,6d861e191d14ee4741a5969b1d2ffbfc,2026-09-12T18:45:00.0000000Z,6
60523,61,2026-09-12T18:45:00.0000000Z,1815,3851,1,0,H,0.420340,0.268412,0.311248,H,1,0.866692,0.504927,formax-outcome-4.0,6d861e191d14ee4741a5969b1d2ffbfc,2026-09-12T18:45:00.0000000Z,6
103312,61,2026-09-12T18:45:00.0000000Z,1823,1257,0,0,D,0.412459,0.286254,0.301288,H,0,1.250877,0.770330,formax-outcome-4.0,6d861e191d14ee4741a5969b1d2ffbfc,2026-09-12T18:45:00.0000000Z,6
106044,135,2026-09-12T18:45:00.0000000Z,4702,3394,1,2,A,0.493632,0.267273,0.239095,H,0,1.430893,0.894083,formax-outcome-4.0,6d861e191d14ee4741a5969b1d2ffbfc,2026-09-12T18:45:00.0000000Z,6
106827,61,2026-09-12T18:45:00.0000000Z,1666,1872,2,2,D,0.419075,0.264532,0.316394,H,0,1.329794,0.816642,formax-outcome-4.0,6d861e191d14ee4741a5969b1d2ffbfc,2026-09-12T18:45:00.0000000Z,6
38768,88,2026-09-12T19:00:00.0000000Z,3425,1080,3,0,H,0.165210,0.174427,0.660363,A,0,1.800536,1.163377,formax-outcome-4.0,6d861e191d14ee4741a5969b1d2ffbfc,2026-09-12T19:00:00.0000000Z,6
104379,140,2026-09-12T19:00:00.0000000Z,4521,2517,4,1,H,0.717476,0.178913,0.103611,H,1,0.332016,0.122565,formax-outcome-4.0,6d861e191d14ee4741a5969b1d2ffbfc,2026-09-12T19:00:00.0000000Z,6
104728,39,2026-09-12T19:00:00.0000000Z,2209,4559,0,2,A,0.119230,0.235428,0.645342,A,1,0.437974,0.195424,formax-outcome-4.0,6d861e191d14ee4741a5969b1d2ffbfc,2026-09-12T19:00:00.0000000Z,6
103838,88,2026-09-13T10:15:00.0000000Z,4124,4678,1,2,A,0.396601,0.230731,0.372668,H,0,0.987068,0.604075,formax-outcome-4.0,6d861e191d14ee4741a5969b1d2ffbfc,2026-09-13T10:15:00.0000000Z,6
99545,40,2026-09-13T11:00:00.0000000Z,1460,1829,0,1,A,0.315820,0.248963,0.435217,A,1,0.831911,0.480705,formax-outcome-4.0,6d861e191d14ee4741a5969b1d2ffbfc,2026-09-13T11:00:00.0000000Z,6
15432,140,2026-09-13T12:00:00.0000000Z,1904,1909,1,1,D,0.694288,0.191468,0.114245,H,0,1.653037,1.148812,formax-outcome-4.0,6d861e191d14ee4741a5969b1d2ffbfc,2026-09-13T12:00:00.0000000Z,6
97934,88,2026-09-13T12:30:00.0000000Z,990,3539,0,0,D,0.351803,0.236139,0.412058,A,0,1.443335,0.877041,formax-outcome-4.0,6d861e191d14ee4741a5969b1d2ffbfc,2026-09-13T12:30:00.0000000Z,6
98339,39,2026-09-13T13:00:00.0000000Z,5841,873,0,5,A,0.202719,0.243259,0.554022,A,1,0.590551,0.299166,formax-outcome-4.0,6d861e191d14ee4741a5969b1d2ffbfc,2026-09-13T13:00:00.0000000Z,6
102911,61,2026-09-13T13:00:00.0000000Z,4470,1472,2,0,H,0.555557,0.243589,0.200854,H,1,0.587784,0.297207,formax-outcome-4.0,6d861e191d14ee4741a5969b1d2ffbfc,2026-09-13T13:00:00.0000000Z,6
105841,135,2026-09-13T13:00:00.0000000Z,1584,3659,3,2,H,0.435501,0.278572,0.285928,H,1,0.831258,0.478016,formax-outcome-4.0,6d861e191d14ee4741a5969b1d2ffbfc,2026-09-13T13:00:00.0000000Z,6
103554,203,2026-09-13T14:00:00.0000000Z,6848,4226,1,2,A,0.410831,0.272092,0.317077,H,0,1.148611,0.709200,formax-outcome-4.0,6d861e191d14ee4741a5969b1d2ffbfc,2026-09-13T14:00:00.0000000Z,6
105340,140,2026-09-13T14:15:00.0000000Z,2383,4005,2,4,A,0.128992,0.182872,0.688136,A,1,0.373769,0.147341,formax-outcome-4.0,6d861e191d14ee4741a5969b1d2ffbfc,2026-09-13T14:15:00.0000000Z,6
104630,88,2026-09-13T14:45:00.0000000Z,2612,2516,0,7,A,0.119209,0.156570,0.724221,A,1,0.322658,0.114779,formax-outcome-4.0,6d861e191d14ee4741a5969b1d2ffbfc,2026-09-13T14:45:00.0000000Z,6
8015,39,2026-09-13T15:30:00.0000000Z,4266,4166,0,1,A,0.285382,0.258613,0.456005,A,1,0.785252,0.444254,formax-outcome-4.0,6d861e191d14ee4741a5969b1d2ffbfc,2026-09-13T15:30:00.0000000Z,6
20300,78,2026-09-13T15:30:00.0000000Z,1081,1328,1,2,A,0.135864,0.137602,0.726535,A,1,0.319469,0.112176,formax-outcome-4.0,6d861e191d14ee4741a5969b1d2ffbfc,2026-09-13T15:30:00.0000000Z,6
106937,135,2026-09-13T16:00:00.0000000Z,2845,1520,1,0,H,0.482442,0.255305,0.262253,H,1,0.728894,0.401823,formax-outcome-4.0,6d861e191d14ee4741a5969b1d2ffbfc,2026-09-13T16:00:00.0000000Z,6
15468,140,2026-09-13T16:30:00.0000000Z,1914,1945,1,1,D,0.554849,0.258874,0.186277,H,0,1.351415,0.891825,formax-outcome-4.0,6d861e191d14ee4741a5969b1d2ffbfc,2026-09-13T16:30:00.0000000Z,6
98934,203,2026-09-13T17:00:00.0000000Z,3309,6988,1,0,H,0.768112,0.155405,0.076483,H,1,0.263820,0.083773,formax-outcome-4.0,6d861e191d14ee4741a5969b1d2ffbfc,2026-09-13T17:00:00.0000000Z,6
105089,203,2026-09-13T17:00:00.0000000Z,6989,3661,5,0,H,0.146670,0.202706,0.650624,A,0,1.919573,1.192575,formax-outcome-4.0,6d861e191d14ee4741a5969b1d2ffbfc,2026-09-13T17:00:00.0000000Z,6
97566,88,2026-09-13T18:00:00.0000000Z,1775,1162,4,1,H,0.739665,0.143422,0.116912,H,1,0.301557,0.102013,formax-outcome-4.0,6d861e191d14ee4741a5969b1d2ffbfc,2026-09-13T18:00:00.0000000Z,6
8180,135,2026-09-13T18:45:00.0000000Z,3903,2013,3,2,H,0.185853,0.232088,0.582060,A,0,1.682801,1.055494,formax-outcome-4.0,6d861e191d14ee4741a5969b1d2ffbfc,2026-09-13T18:45:00.0000000Z,6
107115,61,2026-09-13T18:45:00.0000000Z,4558,5284,0,1,A,0.113592,0.179750,0.706658,A,1,0.347209,0.131263,formax-outcome-4.0,6d861e191d14ee4741a5969b1d2ffbfc,2026-09-13T18:45:00.0000000Z,6
101815,140,2026-09-13T19:00:00.0000000Z,1830,4267,0,3,A,0.335109,0.252872,0.412019,A,1,0.886685,0.521963,formax-outcome-4.0,6d861e191d14ee4741a5969b1d2ffbfc,2026-09-13T19:00:00.0000000Z,6
106594,135,2026-09-14T16:30:00.0000000Z,5356,3648,2,1,H,0.712048,0.182519,0.105434,H,1,0.339610,0.127346,formax-outcome-4.0,6d861e191d14ee4741a5969b1d2ffbfc,2026-09-14T16:30:00.0000000Z,6
107373,135,2026-09-14T16:30:00.0000000Z,1652,2799,0,2,A,0.091455,0.152384,0.756160,A,1,0.279502,0.091043,formax-outcome-4.0,6d861e191d14ee4741a5969b1d2ffbfc,2026-09-14T16:30:00.0000000Z,6
42847,203,2026-09-14T17:00:00.0000000Z,4926,3588,0,0,D,0.155342,0.206951,0.637707,A,0,1.575272,1.059728,formax-outcome-4.0,6d861e191d14ee4741a5969b1d2ffbfc,2026-09-14T17:00:00.0000000Z,6
7947,135,2026-09-14T18:45:00.0000000Z,2685,3405,5,3,H,0.643714,0.203807,0.152479,H,1,0.440501,0.191727,formax-outcome-4.0,6d861e191d14ee4741a5969b1d2ffbfc,2026-09-14T18:45:00.0000000Z,6
71169,39,2026-09-14T19:00:00.0000000Z,2269,1013,4,1,H,0.339623,0.269459,0.390918,A,0,1.079920,0.661524,formax-outcome-4.0,6d861e191d14ee4741a5969b1d2ffbfc,2026-09-14T19:00:00.0000000Z,6
104860,140,2026-09-14T19:00:00.0000000Z,1776,2033,1,2,A,0.441826,0.243080,0.315094,H,0,1.154883,0.723393,formax-outcome-4.0,6d861e191d14ee4741a5969b1d2ffbfc,2026-09-14T19:00:00.0000000Z,6
104380,140,2026-09-15T17:00:00.0000000Z,2517,762,2,1,H,0.494274,0.257499,0.248227,H,1,0.704664,0.383681,formax-outcome-4.0,6d861e191d14ee4741a5969b1d2ffbfc,2026-09-15T17:00:00.0000000Z,6
15654,88,2026-09-15T18:00:00.0000000Z,2530,1088,5,1,H,0.814668,0.112984,0.072348,H,1,0.204975,0.052348,formax-outcome-4.0,6d861e191d14ee4741a5969b1d2ffbfc,2026-09-15T18:00:00.0000000Z,6
103932,140,2026-09-15T18:00:00.0000000Z,759,2030,0,1,A,0.538662,0.240997,0.220342,H,0,1.512576,0.956103,formax-outcome-4.0,6d861e191d14ee4741a5969b1d2ffbfc,2026-09-15T18:00:00.0000000Z,6
16512,40,2026-09-15T18:45:00.0000000Z,1053,3439,0,1,A,0.458778,0.264033,0.277189,H,0,1.283056,0.802646,formax-outcome-4.0,6d861e191d14ee4741a5969b1d2ffbfc,2026-09-15T18:45:00.0000000Z,6
102387,40,2026-09-15T18:45:00.0000000Z,4380,1511,2,2,D,0.503810,0.250944,0.245246,H,0,1.382525,0.875055,formax-outcome-4.0,6d861e191d14ee4741a5969b1d2ffbfc,2026-09-15T18:45:00.0000000Z,6
105766,140,2026-09-15T19:30:00.0000000Z,3447,4521,2,3,A,0.112951,0.176176,0.710873,A,1,0.341261,0.127390,formax-outcome-4.0,6d861e191d14ee4741a5969b1d2ffbfc,2026-09-15T19:30:00.0000000Z,6
107644,3,2026-09-16T16:45:00.0000000Z,3491,2027,1,4,A,0.372545,0.274224,0.353231,H,0,1.040633,0.632299,formax-outcome-4.0,6d861e191d14ee4741a5969b1d2ffbfc,2026-09-16T16:45:00.0000000Z,6
107645,3,2026-09-16T16:45:00.0000000Z,3559,1904,1,0,H,0.629928,0.217494,0.152578,H,1,0.462149,0.207537,formax-outcome-4.0,6d861e191d14ee4741a5969b1d2ffbfc,2026-09-16T16:45:00.0000000Z,6
15500,140,2026-09-16T17:00:00.0000000Z,1945,3049,0,1,A,0.332389,0.268116,0.399496,A,1,0.917553,0.542974,formax-outcome-4.0,6d861e191d14ee4741a5969b1d2ffbfc,2026-09-16T17:00:00.0000000Z,6
105650,140,2026-09-16T17:00:00.0000000Z,4267,3599,4,0,H,0.662677,0.197428,0.139895,H,1,0.411468,0.172335,formax-outcome-4.0,6d861e191d14ee4741a5969b1d2ffbfc,2026-09-16T17:00:00.0000000Z,6
107646,3,2026-09-16T19:00:00.0000000Z,1488,3711,0,2,A,0.313701,0.257736,0.428562,A,1,0.847319,0.491377,formax-outcome-4.0,6d861e191d14ee4741a5969b1d2ffbfc,2026-09-16T19:00:00.0000000Z,6
107647,3,2026-09-16T19:00:00.0000000Z,3705,3589,1,2,A,0.445808,0.254845,0.299347,H,0,1.206153,0.754606,formax-outcome-4.0,6d861e191d14ee4741a5969b1d2ffbfc,2026-09-16T19:00:00.0000000Z,6
107649,3,2026-09-16T19:00:00.0000000Z,3585,3440,0,0,D,0.427623,0.253944,0.318434,H,0,1.370643,0.840861,formax-outcome-4.0,6d861e191d14ee4741a5969b1d2ffbfc,2026-09-16T19:00:00.0000000Z,6
107650,3,2026-09-16T19:00:00.0000000Z,1272,1177,2,1,H,0.551963,0.257321,0.190715,H,1,0.594274,0.303323,formax-outcome-4.0,6d861e191d14ee4741a5969b1d2ffbfc,2026-09-16T19:00:00.0000000Z,6
107651,3,2026-09-16T19:00:00.0000000Z,3477,1781,0,0,D,0.391559,0.267300,0.341141,H,0,1.319383,0.806545,formax-outcome-4.0,6d861e191d14ee4741a5969b1d2ffbfc,2026-09-16T19:00:00.0000000Z,6
107652,3,2026-09-16T19:00:00.0000000Z,2209,1271,1,0,H,0.429890,0.276891,0.293219,H,1,0.844225,0.487671,formax-outcome-4.0,6d861e191d14ee4741a5969b1d2ffbfc,2026-09-16T19:00:00.0000000Z,6
19083,140,2026-09-16T19:30:00.0000000Z,4005,3578,7,2,H,0.891223,0.074590,0.034187,H,1,0.115160,0.018565,formax-outcome-4.0,6d861e191d14ee4741a5969b1d2ffbfc,2026-09-16T19:30:00.0000000Z,6
107677,3,2026-09-17T16:45:00.0000000Z,2055,1810,0,1,A,0.464065,0.268676,0.267259,H,0,1.319535,0.824451,formax-outcome-4.0,6d861e191d14ee4741a5969b1d2ffbfc,2026-09-17T16:45:00.0000000Z,6
107678,3,2026-09-17T16:45:00.0000000Z,1581,3573,2,0,H,0.390677,0.257842,0.351480,H,1,0.939873,0.561295,formax-outcome-4.0,6d861e191d14ee4741a5969b1d2ffbfc,2026-09-17T16:45:00.0000000Z,6
15469,140,2026-09-17T17:00:00.0000000Z,2033,1914,1,0,H,0.612206,0.227349,0.160445,H,1,0.490686,0.227814,formax-outcome-4.0,6d861e191d14ee4741a5969b1d2ffbfc,2026-09-17T17:00:00.0000000Z,6
107679,3,2026-09-17T19:00:00.0000000Z,3673,5071,4,1,H,0.513102,0.260464,0.226434,H,1,0.667280,0.356183,formax-outcome-4.0,6d861e191d14ee4741a5969b1d2ffbfc,2026-09-17T19:00:00.0000000Z,6
107680,3,2026-09-17T19:00:00.0000000Z,1487,2956,1,3,A,0.431161,0.270383,0.298456,H,0,1.209134,0.751171,formax-outcome-4.0,6d861e191d14ee4741a5969b1d2ffbfc,2026-09-17T19:00:00.0000000Z,6
107681,3,2026-09-17T19:00:00.0000000Z,1486,2056,4,0,H,0.519269,0.245565,0.235166,H,1,0.655332,0.346707,formax-outcome-4.0,6d861e191d14ee4741a5969b1d2ffbfc,2026-09-17T19:00:00.0000000Z,6
107682,3,2026-09-17T19:00:00.0000000Z,2013,1080,5,0,H,0.728123,0.176068,0.095809,H,1,0.317285,0.114096,formax-outcome-4.0,6d861e191d14ee4741a5969b1d2ffbfc,2026-09-17T19:00:00.0000000Z,6
107684,3,2026-09-17T19:00:00.0000000Z,1631,3977,0,3,A,0.432372,0.275605,0.292023,H,0,1.230923,0.764135,formax-outcome-4.0,6d861e191d14ee4741a5969b1d2ffbfc,2026-09-17T19:00:00.0000000Z,6
107685,3,2026-09-17T19:00:00.0000000Z,1830,3646,1,2,A,0.247480,0.253899,0.498621,A,1,0.695909,0.377092,formax-outcome-4.0,6d861e191d14ee4741a5969b1d2ffbfc,2026-09-17T19:00:00.0000000Z,6
15433,140,2026-09-17T19:30:00.0000000Z,1909,1776,1,3,A,0.244719,0.237677,0.517604,A,1,0.658545,0.349083,formax-outcome-4.0,6d861e191d14ee4741a5969b1d2ffbfc,2026-09-17T19:30:00.0000000Z,6
103401,203,2026-09-18T17:00:00.0000000Z,4226,1717,0,0,D,0.465798,0.266273,0.267929,H,0,1.323233,0.827109,formax-outcome-4.0,6d861e191d14ee4741a5969b1d2ffbfc,2026-09-18T17:00:00.0000000Z,6
104499,88,2026-09-18T18:00:00.0000000Z,1301,2612,3,0,H,0.580785,0.203096,0.216120,H,1,0.543375,0.263697,formax-outcome-4.0,6d861e191d14ee4741a5969b1d2ffbfc,2026-09-18T18:00:00.0000000Z,6
20301,78,2026-09-18T18:30:00.0000000Z,1328,4180,7,0,H,0.938284,0.044398,0.017317,H,1,0.063702,0.006080,formax-outcome-4.0,6d861e191d14ee4741a5969b1d2ffbfc,2026-09-18T18:30:00.0000000Z,6
15620,61,2026-09-18T18:45:00.0000000Z,2085,886,2,1,H,0.351714,0.252516,0.395770,A,0,1.044936,0.640672,formax-outcome-4.0,6d861e191d14ee4741a5969b1d2ffbfc,2026-09-18T18:45:00.0000000Z,6
107420,135,2026-09-18T18:45:00.0000000Z,3659,3903,2,1,H,0.151158,0.194593,0.654249,A,0,1.889433,1.186442,formax-outcome-4.0,6d861e191d14ee4741a5969b1d2ffbfc,2026-09-18T18:45:00.0000000Z,6
8253,39,2026-09-18T19:00:00.0000000Z,5807,3373,3,0,H,0.447343,0.254368,0.298289,H,1,0.804430,0.459110,formax-outcome-4.0,6d861e191d14ee4741a5969b1d2ffbfc,2026-09-18T19:00:00.0000000Z,6
16514,40,2026-09-18T19:00:00.0000000Z,1053,1253,1,0,H,0.546325,0.243096,0.210579,H,1,0.604542,0.309261,formax-outcome-4.0,6d861e191d14ee4741a5969b1d2ffbfc,2026-09-18T19:00:00.0000000Z,6
105308,140,2026-09-18T19:00:00.0000000Z,762,3447,1,3,A,0.551609,0.234373,0.214018,H,0,1.541693,0.976970,formax-outcome-4.0,6d861e191d14ee4741a5969b1d2ffbfc,2026-09-18T19:00:00.0000000Z,6
20371,39,2026-09-19T11:30:00.0000000Z,2355,2109,2,3,A,0.255129,0.260775,0.484096,A,1,0.725472,0.399252,formax-outcome-4.0,6d861e191d14ee4741a5969b1d2ffbfc,2026-09-19T11:30:00.0000000Z,6
102226,40,2026-09-19T11:30:00.0000000Z,1386,1452,3,1,H,0.431900,0.277440,0.290660,H,1,0.839560,0.484193,formax-outcome-4.0,6d861e191d14ee4741a5969b1d2ffbfc,2026-09-19T11:30:00.0000000Z,6
102388,40,2026-09-19T11:30:00.0000000Z,1511,2751,2,2,D,0.240820,0.242538,0.516642,A,0,1.416597,0.898662,formax-outcome-4.0,6d861e191d14ee4741a5969b1d2ffbfc,2026-09-19T11:30:00.0000000Z,6
102737,40,2026-09-19T11:30:00.0000000Z,3483,1460,2,1,H,0.390777,0.266004,0.343218,H,1,0.939617,0.559709,formax-outcome-4.0,6d861e191d14ee4741a5969b1d2ffbfc,2026-09-19T11:30:00.0000000Z,6
104381,140,2026-09-19T12:00:00.0000000Z,3599,2517,1,1,D,0.340604,0.258262,0.401135,A,0,1.353782,0.827096,formax-outcome-4.0,6d861e191d14ee4741a5969b1d2ffbfc,2026-09-19T12:00:00.0000000Z,6
106987,135,2026-09-19T13:00:00.0000000Z,3405,3394,0,1,A,0.414310,0.262996,0.322693,H,0,1.131053,0.699565,formax-outcome-4.0,6d861e191d14ee4741a5969b1d2ffbfc,2026-09-19T13:00:00.0000000Z,6
107374,135,2026-09-19T13:00:00.0000000Z,1520,1652,1,1,D,0.457495,0.251822,0.290683,H,0,1.379033,0.853569,formax-outcome-4.0,6d861e191d14ee4741a5969b1d2ffbfc,2026-09-19T13:00:00.0000000Z,6
72632,78,2026-09-19T13:30:00.0000000Z,4472,5685,2,2,D,0.331227,0.217860,0.450913,A,0,1.523905,0.924778,formax-outcome-4.0,6d861e191d14ee4741a5969b1d2ffbfc,2026-09-19T13:30:00.0000000Z,6
101625,78,2026-09-19T13:30:00.0000000Z,966,1109,3,2,H,0.333085,0.250280,0.416635,A,0,1.099358,0.681001,formax-outcome-4.0,6d861e191d14ee4741a5969b1d2ffbfc,2026-09-19T13:30:00.0000000Z,6
102012,78,2026-09-19T13:30:00.0000000Z,1051,1281,3,4,A,0.317782,0.241814,0.440405,A,1,0.820061,0.472606,formax-outcome-4.0,6d861e191d14ee4741a5969b1d2ffbfc,2026-09-19T13:30:00.0000000Z,6
107732,78,2026-09-19T13:30:00.0000000Z,4469,5078,2,1,H,0.404217,0.229841,0.365942,H,1,0.905803,0.541697,formax-outcome-4.0,6d861e191d14ee4741a5969b1d2ffbfc,2026-09-19T13:30:00.0000000Z,6
71170,39,2026-09-19T14:00:00.0000000Z,1013,1718,2,1,H,0.653942,0.202762,0.143296,H,1,0.424737,0.181402,formax-outcome-4.0,6d861e191d14ee4741a5969b1d2ffbfc,2026-09-19T14:00:00.0000000Z,6
71276,39,2026-09-19T14:00:00.0000000Z,1482,3598,1,0,H,0.563911,0.237523,0.198567,H,1,0.572859,0.286020,formax-outcome-4.0,6d861e191d14ee4741a5969b1d2ffbfc,2026-09-19T14:00:00.0000000Z,6
99159,203,2026-09-19T14:00:00.0000000Z,6846,6847,1,2,A,0.376213,0.271140,0.352647,H,0,1.042289,0.634120,formax-outcome-4.0,6d861e191d14ee4741a5969b1d2ffbfc,2026-09-19T14:00:00.0000000Z,6
99654,40,2026-09-19T14:00:00.0000000Z,1654,1912,2,2,D,0.445654,0.273207,0.281139,H,0,1.297526,0.805875,formax-outcome-4.0,6d861e191d14ee4741a5969b1d2ffbfc,2026-09-19T14:00:00.0000000Z,6
101730,40,2026-09-19T14:00:00.0000000Z,1502,1499,2,2,D,0.563515,0.233343,0.203142,H,0,1.455246,0.946579,formax-outcome-4.0,6d861e191d14ee4741a5969b1d2ffbfc,2026-09-19T14:00:00.0000000Z,6
102604,40,2026-09-19T14:00:00.0000000Z,2531,3380,1,1,D,0.546694,0.236616,0.216690,H,0,1.441316,0.928584,formax-outcome-4.0,6d861e191d14ee4741a5969b1d2ffbfc,2026-09-19T14:00:00.0000000Z,6
102614,40,2026-09-19T14:00:00.0000000Z,3439,3467,1,2,A,0.398856,0.276970,0.324174,H,0,1.126476,0.692540,formax-outcome-4.0,6d861e191d14ee4741a5969b1d2ffbfc,2026-09-19T14:00:00.0000000Z,6
102840,40,2026-09-19T14:00:00.0000000Z,1490,4380,2,2,D,0.386749,0.268672,0.344579,H,0,1.314265,0.803151,formax-outcome-4.0,6d861e191d14ee4741a5969b1d2ffbfc,2026-09-19T14:00:00.0000000Z,6
104149,203,2026-09-19T14:00:00.0000000Z,6988,4926,2,0,H,0.453116,0.288240,0.258644,H,1,0.791607,0.449061,formax-outcome-4.0,6d861e191d14ee4741a5969b1d2ffbfc,2026-09-19T14:00:00.0000000Z,6
104716,40,2026-09-19T14:00:00.0000000Z,2268,4290,2,1,H,0.268563,0.243189,0.488248,A,0,1.314671,0.832528,formax-outcome-4.0,6d861e191d14ee4741a5969b1d2ffbfc,2026-09-19T14:00:00.0000000Z,6
104729,39,2026-09-19T14:00:00.0000000Z,873,4559,3,0,H,0.274649,0.283038,0.442313,A,0,1.292263,0.801886,formax-outcome-4.0,6d861e191d14ee4741a5969b1d2ffbfc,2026-09-19T14:00:00.0000000Z,6
103933,140,2026-09-19T14:15:00.0000000Z,1906,759,0,0,D,0.444565,0.257400,0.298035,H,0,1.357125,0.837918,formax-outcome-4.0,6d861e191d14ee4741a5969b1d2ffbfc,2026-09-19T14:15:00.0000000Z,6
104294,88,2026-09-19T14:30:00.0000000Z,3915,3425,1,1,D,0.331955,0.226630,0.441416,A,0,1.484437,0.903143,formax-outcome-4.0,6d861e191d14ee4741a5969b1d2ffbfc,2026-09-19T14:30:00.0000000Z,6
60975,61,2026-09-19T15:15:00.0000000Z,4292,1911,2,1,H,0.401535,0.262819,0.335646,H,1,0.912460,0.539892,formax-outcome-4.0,6d861e191d14ee4741a5969b1d2ffbfc,2026-09-19T15:15:00.0000000Z,6
7948,135,2026-09-19T16:00:00.0000000Z,2799,2685,2,2,D,0.350680,0.244887,0.404433,A,0,1.406958,0.856738,formax-outcome-4.0,6d861e191d14ee4741a5969b1d2ffbfc,2026-09-19T16:00:00.0000000Z,6
19084,140,2026-09-19T16:30:00.0000000Z,1904,3578,5,0,H,0.628953,0.202190,0.168857,H,1,0.463699,0.207069,formax-outcome-4.0,6d861e191d14ee4741a5969b1d2ffbfc,2026-09-19T16:30:00.0000000Z,6
98340,39,2026-09-19T16:30:00.0000000Z,2480,5841,0,1,A,0.671136,0.200553,0.128311,H,0,2.053300,1.250488,formax-outcome-4.0,6d861e191d14ee4741a5969b1d2ffbfc,2026-09-19T16:30:00.0000000Z,6
106710,78,2026-09-19T16:30:00.0000000Z,1278,989,0,1,A,0.245471,0.207853,0.546676,A,1,0.603899,0.308961,formax-outcome-4.0,6d861e191d14ee4741a5969b1d2ffbfc,2026-09-19T16:30:00.0000000Z,6
97567,88,2026-09-19T16:45:00.0000000Z,1162,990,0,4,A,0.273271,0.226405,0.500324,A,1,0.692499,0.375612,formax-outcome-4.0,6d861e191d14ee4741a5969b1d2ffbfc,2026-09-19T16:45:00.0000000Z,6
98935,203,2026-09-19T17:00:00.0000000Z,5068,3309,4,0,H,0.327528,0.258448,0.414024,A,0,1.116183,0.690431,formax-outcome-4.0,6d861e191d14ee4741a5969b1d2ffbfc,2026-09-19T17:00:00.0000000Z,6
104230,203,2026-09-19T17:00:00.0000000Z,3661,6848,4,0,H,0.654525,0.207827,0.137648,H,1,0.423845,0.181492,formax-outcome-4.0,6d861e191d14ee4741a5969b1d2ffbfc,2026-09-19T17:00:00.0000000Z,6
15655,88,2026-09-19T18:00:00.0000000Z,2530,4124,2,2,D,0.592835,0.197561,0.209604,H,0,1.621706,1.039294,formax-outcome-4.0,6d861e191d14ee4741a5969b1d2ffbfc,2026-09-19T18:00:00.0000000Z,6
29667,135,2026-09-19T18:45:00.0000000Z,3310,2837,0,2,A,0.190832,0.233675,0.575493,A,1,0.552528,0.271227,formax-outcome-4.0,6d861e191d14ee4741a5969b1d2ffbfc,2026-09-19T18:45:00.0000000Z,6
53974,61,2026-09-19T18:45:00.0000000Z,3589,1781,4,0,H,0.444060,0.259155,0.296785,H,1,0.811796,0.464312,formax-outcome-4.0,6d861e191d14ee4741a5969b1d2ffbfc,2026-09-19T18:45:00.0000000Z,6
103313,61,2026-09-19T18:45:00.0000000Z,1257,1472,2,0,H,0.359076,0.282398,0.358527,H,1,1.024222,0.619074,formax-outcome-4.0,6d861e191d14ee4741a5969b1d2ffbfc,2026-09-19T18:45:00.0000000Z,6
106828,61,2026-09-19T18:45:00.0000000Z,1667,1666,2,1,H,0.330327,0.265924,0.403749,A,0,1.107671,0.682190,formax-outcome-4.0,6d861e191d14ee4741a5969b1d2ffbfc,2026-09-19T18:45:00.0000000Z,6
106888,61,2026-09-19T18:45:00.0000000Z,1872,1823,3,2,H,0.450212,0.277735,0.272053,H,1,0.798037,0.453417,formax-outcome-4.0,6d861e191d14ee4741a5969b1d2ffbfc,2026-09-19T18:45:00.0000000Z,6
103079,88,2026-09-19T19:00:00.0000000Z,1088,1079,0,1,A,0.208115,0.199366,0.592519,A,1,0.523372,0.249099,formax-outcome-4.0,6d861e191d14ee4741a5969b1d2ffbfc,2026-09-19T19:00:00.0000000Z,6
104456,140,2026-09-19T19:00:00.0000000Z,3049,4005,1,3,A,0.120758,0.168381,0.710861,A,1,0.341278,0.126536,formax-outcome-4.0,6d861e191d14ee4741a5969b1d2ffbfc,2026-09-19T19:00:00.0000000Z,6
103839,88,2026-09-20T10:15:00.0000000Z,2516,4678,5,0,H,0.548757,0.207167,0.244076,H,1,0.600100,0.306112,formax-outcome-4.0,6d861e191d14ee4741a5969b1d2ffbfc,2026-09-20T10:15:00.0000000Z,6
15384,135,2026-09-20T10:30:00.0000000Z,1503,2845,1,1,D,0.204947,0.229183,0.565870,A,0,1.473234,0.956370,formax-outcome-4.0,6d861e191d14ee4741a5969b1d2ffbfc,2026-09-20T10:30:00.0000000Z,6
99546,40,2026-09-20T11:00:00.0000000Z,1829,1531,1,0,H,0.637748,0.212027,0.150225,H,1,0.449812,0.198749,formax-outcome-4.0,6d861e191d14ee4741a5969b1d2ffbfc,2026-09-20T11:00:00.0000000Z,6
15434,140,2026-09-20T12:00:00.0000000Z,1914,1909,1,0,H,0.585136,0.245473,0.169392,H,1,0.535912,0.261063,formax-outcome-4.0,6d861e191d14ee4741a5969b1d2ffbfc,2026-09-20T12:00:00.0000000Z,6
15921,88,2026-09-20T12:30:00.0000000Z,3707,1775,3,2,H,0.277505,0.206421,0.516074,A,0,1.281915,0.830940,formax-outcome-4.0,6d861e191d14ee4741a5969b1d2ffbfc,2026-09-20T12:30:00.0000000Z,6
97935,88,2026-09-20T12:30:00.0000000Z,1271,3539,1,0,H,0.616784,0.199044,0.184172,H,1,0.483236,0.220392,formax-outcome-4.0,6d861e191d14ee4741a5969b1d2ffbfc,2026-09-20T12:30:00.0000000Z,6
101644,40,2026-09-20T12:30:00.0000000Z,4379,1481,3,4,A,0.568140,0.225701,0.206159,H,0,1.579107,1.003908,formax-outcome-4.0,6d861e191d14ee4741a5969b1d2ffbfc,2026-09-20T12:30:00.0000000Z,6
8016,39,2026-09-20T13:00:00.0000000Z,4166,2209,5,3,H,0.776972,0.157504,0.065523,H,1,0.252350,0.078842,formax-outcome-4.0,6d861e191d14ee4741a5969b1d2ffbfc,2026-09-20T13:00:00.0000000Z,6
29692,135,2026-09-20T13:00:00.0000000Z,2857,5356,2,0,H,0.157086,0.201856,0.641057,A,0,1.850961,1.162204,formax-outcome-4.0,6d861e191d14ee4741a5969b1d2ffbfc,2026-09-20T13:00:00.0000000Z,6
60524,61,2026-09-20T13:00:00.0000000Z,1815,4558,2,1,H,0.415307,0.265435,0.319258,H,1,0.878737,0.514247,formax-outcome-4.0,6d861e191d14ee4741a5969b1d2ffbfc,2026-09-20T13:00:00.0000000Z,6
106345,39,2026-09-20T13:00:00.0000000Z,2269,1486,0,0,D,0.455208,0.264433,0.280360,H,0,1.330169,0.826875,formax-outcome-4.0,6d861e191d14ee4741a5969b1d2ffbfc,2026-09-20T13:00:00.0000000Z,6
106793,135,2026-09-20T13:00:00.0000000Z,3648,1649,2,1,H,0.314792,0.284652,0.400556,A,0,1.155842,0.710981,formax-outcome-4.0,6d861e191d14ee4741a5969b1d2ffbfc,2026-09-20T13:00:00.0000000Z,6
107217,39,2026-09-20T13:00:00.0000000Z,3646,2208,0,1,A,0.449789,0.262176,0.288035,H,0,1.244673,0.777940,formax-outcome-4.0,6d861e191d14ee4741a5969b1d2ffbfc,2026-09-20T13:00:00.0000000Z,6
101940,78,2026-09-20T13:30:00.0000000Z,1260,821,2,0,H,0.603351,0.197823,0.198826,H,1,0.505257,0.235997,formax-outcome-4.0,6d861e191d14ee4741a5969b1d2ffbfc,2026-09-20T13:30:00.0000000Z,6
42848,203,2026-09-20T14:00:00.0000000Z,3588,6991,8,0,H,0.822169,0.125031,0.052800,H,1,0.195809,0.050044,formax-outcome-4.0,6d861e191d14ee4741a5969b1d2ffbfc,2026-09-20T14:00:00.0000000Z,6
105399,203,2026-09-20T14:00:00.0000000Z,6990,1176,1,0,H,0.217856,0.243737,0.538408,A,0,1.523923,0.961040,formax-outcome-4.0,6d861e191d14ee4741a5969b1d2ffbfc,2026-09-20T14:00:00.0000000Z,6
105905,140,2026-09-20T14:15:00.0000000Z,4267,4521,2,1,H,0.351649,0.254894,0.393457,A,0,1.045121,0.640138,formax-outcome-4.0,6d861e191d14ee4741a5969b1d2ffbfc,2026-09-20T14:15:00.0000000Z,6
38769,88,2026-09-20T14:45:00.0000000Z,1080,1580,1,1,D,0.364902,0.225282,0.409817,A,0,1.490404,0.901292,formax-outcome-4.0,6d861e191d14ee4741a5969b1d2ffbfc,2026-09-20T14:45:00.0000000Z,6
102912,61,2026-09-20T15:15:00.0000000Z,3851,4470,2,1,H,0.215843,0.268588,0.515569,A,0,1.533202,0.952852,formax-outcome-4.0,6d861e191d14ee4741a5969b1d2ffbfc,2026-09-20T15:15:00.0000000Z,6
103146,39,2026-09-20T15:30:00.0000000Z,4928,4266,1,1,D,0.251877,0.254837,0.493285,A,0,1.367130,0.862040,formax-outcome-4.0,6d861e191d14ee4741a5969b1d2ffbfc,2026-09-20T15:30:00.0000000Z,6
108067,78,2026-09-20T15:30:00.0000000Z,1597,1081,0,0,D,0.487748,0.227122,0.285130,H,0,1.482268,0.916538,formax-outcome-4.0,6d861e191d14ee4741a5969b1d2ffbfc,2026-09-20T15:30:00.0000000Z,6
8181,135,2026-09-20T16:00:00.0000000Z,2013,4702,2,0,H,0.455280,0.263702,0.281018,H,1,0.786842,0.445229,formax-outcome-4.0,6d861e191d14ee4741a5969b1d2ffbfc,2026-09-20T16:00:00.0000000Z,6
15501,140,2026-09-20T16:30:00.0000000Z,1945,2033,1,1,D,0.221649,0.242085,0.536266,A,0,1.418468,0.911146,formax-outcome-4.0,6d861e191d14ee4741a5969b1d2ffbfc,2026-09-20T16:30:00.0000000Z,6
104861,140,2026-09-20T16:30:00.0000000Z,1776,2383,3,1,H,0.619087,0.203746,0.177167,H,1,0.479510,0.217996,formax-outcome-4.0,6d861e191d14ee4741a5969b1d2ffbfc,2026-09-20T16:30:00.0000000Z,6
82551,203,2026-09-20T17:00:00.0000000Z,6989,3673,3,2,H,0.152446,0.215132,0.632422,A,0,1.880948,1.164588,formax-outcome-4.0,6d861e191d14ee4741a5969b1d2ffbfc,2026-09-20T17:00:00.0000000Z,6
103473,203,2026-09-20T17:00:00.0000000Z,2549,1845,2,2,D,0.600608,0.222797,0.176595,H,0,1.501494,0.995960,formax-outcome-4.0,6d861e191d14ee4741a5969b1d2ffbfc,2026-09-20T17:00:00.0000000Z,6
107283,78,2026-09-20T17:30:00.0000000Z,4332,3573,3,1,H,0.465642,0.234944,0.299414,H,1,0.764338,0.430386,formax-outcome-4.0,6d861e191d14ee4741a5969b1d2ffbfc,2026-09-20T17:30:00.0000000Z,6
7914,135,2026-09-20T18:45:00.0000000Z,1488,1584,3,0,H,0.585083,0.239195,0.175722,H,1,0.536001,0.260248,formax-outcome-4.0,6d861e191d14ee4741a5969b1d2ffbfc,2026-09-20T18:45:00.0000000Z,6
106205,61,2026-09-20T18:45:00.0000000Z,5071,5284,1,2,A,0.188030,0.226348,0.585622,A,1,0.535081,0.258298,formax-outcome-4.0,6d861e191d14ee4741a5969b1d2ffbfc,2026-09-20T18:45:00.0000000Z,6
101816,140,2026-09-20T19:00:00.0000000Z,2030,1830,2,3,A,0.478587,0.248413,0.273000,H,0,1.298284,0.819284,formax-outcome-4.0,6d861e191d14ee4741a5969b1d2ffbfc,2026-09-20T19:00:00.0000000Z,6
