"CanonicalTeamId","CanonicalTeamName","IdentityConfidence","AliasCount","ProviderTeamId","Evidence","Aliases"
"FMXT0001","FK Trakai","CONFIRMED","1","638","api-football provider team id 638 + single spelling in the whole corpus","	FK Trakai"
"FMXT0002","1. FSV Mainz 05","CONFIRMED","3","","fixture-fingerprint link across sources","1. FSV Mainz 05 | 1. FSV Mainz 05 (GER) | Mainz"
"FMXT0003","Aarhus","CONFIRMED","1","406","api-football provider team id 406 + single spelling in the whole corpus","Aarhus"
"FMXT0004","Aberdeen","CONFIRMED","2","252","api-football provider team id 252 + fixture-fingerprint link across sources + all spellings normalise to one name, guard-checked","Aberdeen | Aberdeen FC (SCO)"
"FMXT0005","AC Pisa 1909","CONFIRMED","1","","single spelling in the whole corpus","AC Pisa 1909"
"FMXT0006","Adana Demirspor","CONFIRMED","2","3563","api-football provider team id 3563 + fixture-fingerprint link across sources","Ad. Demirspor | Adana Demirspor"
"FMXT0007","Admira Wacker","CONFIRMED","1","1023","api-football provider team id 1023 + single spelling in the whole corpus","Admira Wacker"
"FMXT0008","AEK Athens FC","CONFIRMED","3","575","api-football provider team id 575 + fixture-fingerprint link across sources","AEK Athen (GRE) | AEK Athens | AEK Athens FC"
"FMXT0009","AEK Larnaca","CONFIRMED","2","614","api-football provider team id 614 + fixture-fingerprint link across sources + all spellings normalise to one name, guard-checked","AEK Larnaca | AEK Larnaca (CYP)"
"FMXT0010","AEL","CONFIRMED","1","3396","api-football provider team id 3396 + single spelling in the whole corpus","AEL"
"FMXT0011","AIK Solna","CONFIRMED","1","","single spelling in the whole corpus","AIK Solna (SWE)"
"FMXT0012","AIK Stockholm","CONFIRMED","1","377","api-football provider team id 377 + single spelling in the whole corpus","AIK Stockholm"
"FMXT0013","AC Ajaccio","CONFIRMED","2","","fixture-fingerprint link across sources + all spellings normalise to one name, guard-checked","AC Ajaccio | Ajaccio"
"FMXT0014","Ajax","CONFIRMED","3","194","api-football provider team id 194 + fixture-fingerprint link across sources + all spellings normalise to one name, guard-checked","AFC Ajax | AFC Ajax (NED) | Ajax"
"FMXT0015","Akademija Pandev","CONFIRMED","1","4194","api-football provider team id 4194 + single spelling in the whole corpus","Akademija Pandev"
"FMXT0016","Akhisar Belediyespor","CONFIRMED","1","","fixture-fingerprint link across sources + single spelling in the whole corpus","Akhisar Belediyespor"
"FMXT0017","Akhisarspor","CONFIRMED","1","995","api-football provider team id 995 + single spelling in the whole corpus","Akhisarspor"
"FMXT0018","Alanyaspor","CONFIRMED","1","996","api-football provider team id 996 + fixture-fingerprint link across sources + single spelling in the whole corpus","Alanyaspor"
"FMXT0019","Alashkert","CONFIRMED","2","582","api-football provider team id 582 + fixture-fingerprint link across sources + all spellings normalise to one name, guard-checked","Alashkert | FC Alashkert (ARM)"
"FMXT0020","Deportivo Alavés","CONFIRMED","3","","fixture-fingerprint link across sources","Alaves | CD Alavés | Deportivo Alavés"
"FMXT0021","Almere City FC","CONFIRMED","2","","fixture-fingerprint link across sources + all spellings normalise to one name, guard-checked","Almere City | Almere City FC"
"FMXT0022","UD Almería","CONFIRMED","2","","fixture-fingerprint link across sources","Almeria | UD Almería"
"FMXT0023","Altay","CONFIRMED","1","","fixture-fingerprint link across sources + single spelling in the whole corpus","Altay"
"FMXT0024","Amiens SC","CONFIRMED","2","","fixture-fingerprint link across sources + all spellings normalise to one name, guard-checked","Amiens | Amiens SC"
"FMXT0025","Anderlecht","CONFIRMED","2","554","api-football provider team id 554 + fixture-fingerprint link across sources","Anderlecht | RSC Anderlecht (BEL)"
"FMXT0026","Angers SCO","CONFIRMED","2","","fixture-fingerprint link across sources + all spellings normalise to one name, guard-checked","Angers | Angers SCO"
"FMXT0027","MKE Ankaragücü","CONFIRMED","3","","fixture-fingerprint link across sources","Ankaragucu | Ankaragücü | MKE Ankaragücü"
"FMXT0028","Anorthosis","CONFIRMED","2","2269","api-football provider team id 2269 + fixture-fingerprint link across sources","Anorthosis | Anorthosis Famagusta (CYP)"
"FMXT0029","Antalyaspor","CONFIRMED","1","1005","api-football provider team id 1005 + fixture-fingerprint link across sources + single spelling in the whole corpus","Antalyaspor"
"FMXT0030","Antwerp","CONFIRMED","2","740","api-football provider team id 740 + fixture-fingerprint link across sources","Antwerp | Royal Antwerp FC (BEL)"
"FMXT0031","Apoel Nicosia","CONFIRMED","3","2247","api-football provider team id 2247 + fixture-fingerprint link across sources","APOEL | Apoel Nicosia | APOEL Nikosia (CYP)"
"FMXT0032","Apollon Limassol","CONFIRMED","2","602","api-football provider team id 602 + fixture-fingerprint link across sources + all spellings normalise to one name, guard-checked","Apollon Limassol | Apollon Limassol (CYP)"
"FMXT0033","Ararat","CONFIRMED","1","3682","api-football provider team id 3682 + single spelling in the whole corpus","Ararat"
"FMXT0034","Araz-Naxçıvan PFK","CONFIRMED","1","","single spelling in the whole corpus","Araz-Naxçıvan PFK (AZE)"
"FMXT0035","Arda Kardzhali","CONFIRMED","2","1430","api-football provider team id 1430 + all spellings normalise to one name, guard-checked","Arda Kardzhali | Arda Kardzhali (BUL)"
"FMXT0036","Aris","CONFIRMED","2","3408","api-football provider team id 3408 + fixture-fingerprint link across sources","Aris | Aris Limassol (CYP)"
"FMXT0037","Aris Saloniki","CONFIRMED","1","","single spelling in the whole corpus","Aris Saloniki (GRE)"
"FMXT0038","Aris Thessalonikis","CONFIRMED","1","1123","api-football provider team id 1123 + single spelling in the whole corpus","Aris Thessalonikis"
"FMXT0039","Arka Gdynia","CONFIRMED","1","344","api-football provider team id 344 + single spelling in the whole corpus","Arka Gdynia"
"FMXT0040","Arouca","CONFIRMED","1","240","api-football provider team id 240 + single spelling in the whole corpus","Arouca"
"FMXT0041","Arsenal","CONFIRMED","3","42","api-football provider team id 42 + fixture-fingerprint link across sources + all spellings normalise to one name, guard-checked","Arsenal | Arsenal FC | Arsenal FC (ENG)"
"FMXT0042","Arsenal Tivat","CONFIRMED","1","3742","api-football provider team id 3742 + single spelling in the whole corpus","Arsenal Tivat"
"FMXT0043","Arsenal Tula","CONFIRMED","1","1077","api-football provider team id 1077 + single spelling in the whole corpus","Arsenal Tula"
"FMXT0044","AS Jeunesse Esch","CONFIRMED","1","2034","api-football provider team id 2034 + single spelling in the whole corpus","AS Jeunesse Esch"
"FMXT0045","Monaco","CONFIRMED","5","91","api-football provider team id 91 + fixture-fingerprint link across sources + all spellings normalise to one name, guard-checked","AS Monaco | AS Monaco (FRA) | AS Monaco FC | AS Monaco FC (MCO) | Monaco"
"FMXT0046","AS Trencin","CONFIRMED","1","655","api-football provider team id 655 + single spelling in the whole corpus","AS Trencin"
"FMXT0047","Ashdod","CONFIRMED","1","4507","api-football provider team id 4507 + single spelling in the whole corpus","Ashdod"
"FMXT0048","Asteras Tripolis","CONFIRMED","1","955","api-football provider team id 955 + single spelling in the whole corpus","Asteras Tripolis"
"FMXT0049","Aston Villa","CONFIRMED","4","66","api-football provider team id 66 + fixture-fingerprint link across sources + all spellings normalise to one name, guard-checked","Aston Villa | Aston Villa (ENG) | Aston Villa FC | Aston Villa FC (ENG)"
"FMXT0050","Atalanta","CONFIRMED","4","499","api-football provider team id 499 + fixture-fingerprint link across sources","Atalanta | Atalanta (ITA) | Atalanta BC | Atalanta BC (ITA)"
"FMXT0051","Athletic Club","CONFIRMED","3","531","api-football provider team id 531 + fixture-fingerprint link across sources","Ath Bilbao | Athletic Club | Athletic Club (ESP)"
"FMXT0052","Atlantas","CONFIRMED","1","686","api-football provider team id 686 + single spelling in the whole corpus","Atlantas"
"FMXT0054","Atlètic Club d'Escaldes","CONFIRMED","2","3345","api-football provider team id 3345 + all spellings normalise to one name, guard-checked","Atlètic Club d'Escaldes | Atlétic Escaldes (AND)"
"FMXT0055","Atletico Madrid","CONFIRMED","7","530","api-football provider team id 530 + fixture-fingerprint link across sources","Ath Madrid | Atleti | Atletico Madrid | Atlético Madrid | Atlético Madrid (ESP) | Club Atlético de Madrid | Club Atlético de Madrid (ESP)"
"FMXT0056","Atromitos Athinon","CONFIRMED","1","952","api-football provider team id 952 + single spelling in the whole corpus","Atromitos Athinon"
"FMXT0057","FC Augsburg","CONFIRMED","2","","fixture-fingerprint link across sources + all spellings normalise to one name, guard-checked","Augsburg | FC Augsburg"
"FMXT0058","Austria Vienna","CONFIRMED","2","601","api-football provider team id 601 + fixture-fingerprint link across sources","Austria Vienna | Austria Wien (AUT)"
"FMXT0059","AJ Auxerre","CONFIRMED","2","","fixture-fingerprint link across sources","AJ Auxerre | Auxerre"
"FMXT0060","AZ Alkmaar","CONFIRMED","3","201","api-football provider team id 201 + fixture-fingerprint link across sources","AZ | AZ Alkmaar | AZ Alkmaar (NED)"
"FMXT0061","B36 Torshavn","CONFIRMED","2","678","api-football provider team id 678 + all spellings normalise to one name, guard-checked","B36 Torshavn | B36 Tórshavn (FRO)"
"FMXT0062","Bala Town","CONFIRMED","2","352","api-football provider team id 352 + all spellings normalise to one name, guard-checked","Bala Town | Bala Town (WAL)"
"FMXT0063","Ballkani","CONFIRMED","2","12733","api-football provider team id 12733 + fixture-fingerprint link across sources + all spellings normalise to one name, guard-checked","Ballkani | KF Ballkani (KOS)"
"FMXT0064","Ballymena United","CONFIRMED","1","668","api-football provider team id 668 + single spelling in the whole corpus","Ballymena United"
"FMXT0065","Balzan FC","CONFIRMED","1","696","api-football provider team id 696 + single spelling in the whole corpus","Balzan FC"
"FMXT0066","Banga Gargždai","CONFIRMED","1","","single spelling in the whole corpus","Banga Gargždai (LTU)"
"FMXT0067","Bangor City","CONFIRMED","1","681","api-football provider team id 681 + single spelling in the whole corpus","Bangor City"
"FMXT0068","Baník Ostrava","CONFIRMED","1","","single spelling in the whole corpus","Baník Ostrava (CZE)"
"FMXT0069","Barcelona","CONFIRMED","3","529","api-football provider team id 529 + fixture-fingerprint link across sources + all spellings normalise to one name, guard-checked","Barcelona | FC Barcelona | FC Barcelona (ESP)"
"FMXT0070","Barnsley FC","CONFIRMED","2","","fixture-fingerprint link across sources + all spellings normalise to one name, guard-checked","Barnsley | Barnsley FC"
"FMXT0071","Barry Town","CONFIRMED","1","361","api-football provider team id 361 + single spelling in the whole corpus","Barry Town"
"FMXT0072","Başakşehir","CONFIRMED","5","564","api-football provider team id 564 + fixture-fingerprint link across sources","Başakşehir | Buyuksehyr | Istanbul Basaksehir | İstanbul Başakşehir | İstanbul Başakşehir (TUR)"
"FMXT0073","Bate Borisov","CONFIRMED","1","388","api-football provider team id 388 + single spelling in the whole corpus","Bate Borisov"
"FMXT0074","Bayer Leverkusen","CONFIRMED","5","168","api-football provider team id 168 + fixture-fingerprint link across sources","Bayer 04 Leverkusen | Bayer 04 Leverkusen (GER) | Bayer Leverkusen | Bayer Leverkusen (GER) | Leverkusen"
"FMXT0075","Bayern München","CONFIRMED","5","157","api-football provider team id 157 + fixture-fingerprint link across sources","Bayern Munich | Bayern München | Bayern München (GER) | FC Bayern München | FC Bayern München (GER)"
"FMXT0076","Beitar Jerusalem","CONFIRMED","2","657","api-football provider team id 657 + all spellings normalise to one name, guard-checked","Beitar Jerusalem | Beitar Jerusalem (ISR)"
"FMXT0077","Benevento Calcio","CONFIRMED","2","","fixture-fingerprint link across sources","Benevento | Benevento Calcio"
"FMXT0078","Benfica","CONFIRMED","3","211","api-football provider team id 211 + fixture-fingerprint link across sources","Benfica | SL Benfica (POR) | Sport Lisboa e Benfica (POR)"
"FMXT0079","Beşiktaş","CONFIRMED","3","549","api-football provider team id 549 + fixture-fingerprint link across sources + all spellings normalise to one name, guard-checked","Besiktas | Beşiktaş | Beşiktaş (TUR)"
"FMXT0080","Real Betis","CONFIRMED","4","543","api-football provider team id 543 + fixture-fingerprint link across sources","Betis | Real Betis | Real Betis (ESP) | Real Betis Balompié"
"FMXT0081","BFC Daugavpils","CONFIRMED","1","","single spelling in the whole corpus","BFC Daugavpils (LVA)"
"FMXT0082","Arminia Bielefeld","CONFIRMED","2","","fixture-fingerprint link across sources","Arminia Bielefeld | Bielefeld"
"FMXT0083","Birkirkara","CONFIRMED","2","2277","api-football provider team id 2277 + all spellings normalise to one name, guard-checked","Birkirkara | Birkirkara FC (MLT)"
"FMXT0084","Birmingham City FC","CONFIRMED","3","","fixture-fingerprint link across sources","Birmingham | Birmingham City | Birmingham City FC"
"FMXT0085","BK Hacken","CONFIRMED","3","367","api-football provider team id 367 + fixture-fingerprint link across sources + all spellings normalise to one name, guard-checked","BK Hacken | BK Häcken (SWE) | Häcken"
"FMXT0086","Blackburn Rovers FC","CONFIRMED","3","","fixture-fingerprint link across sources","Blackburn | Blackburn Rovers | Blackburn Rovers FC"
"FMXT0087","Blackpool FC","CONFIRMED","2","","fixture-fingerprint link across sources + all spellings normalise to one name, guard-checked","Blackpool | Blackpool FC"
"FMXT0088","Bnei Yehuda","CONFIRMED","1","4508","api-football provider team id 4508 + single spelling in the whole corpus","Bnei Yehuda"
"FMXT0089","VfL Bochum 1848","CONFIRMED","2","","fixture-fingerprint link across sources","Bochum | VfL Bochum 1848"
"FMXT0090","Bodo/Glimt","CONFIRMED","3","327","api-football provider team id 327 + fixture-fingerprint link across sources","Bodo/Glimt | Bodø/Glimt | FK Bodø/Glimt (NOR)"
"FMXT0091","Bodrum FK","CONFIRMED","2","","fixture-fingerprint link across sources","Bodrum FK | Bodrumspor"
"FMXT0092","Bohemians","CONFIRMED","1","3840","api-football provider team id 3840 + single spelling in the whole corpus","Bohemians"
"FMXT0093","Bohemians 1905","CONFIRMED","1","3714","api-football provider team id 3714 + single spelling in the whole corpus","Bohemians 1905"
"FMXT0094","Bologna FC 1909","CONFIRMED","4","","fixture-fingerprint link across sources","Bologna | Bologna FC | Bologna FC 1909 | Bologna FC 1909 (ITA)"
"FMXT0095","Bolton Wanderers","CONFIRMED","2","","fixture-fingerprint link across sources","Bolton | Bolton Wanderers"
"FMXT0096","Borac Banja Luka","CONFIRMED","2","3364","api-football provider team id 3364 + all spellings normalise to one name, guard-checked","Borac Banja Luka | Borac Banja Luka (BIH)"
"FMXT0097","Bordeaux","CONFIRMED","2","78","api-football provider team id 78 + fixture-fingerprint link across sources","Bordeaux | Girondins Bordeaux"
"FMXT0098","Borussia Monchengladbach","CONFIRMED","7","163","api-football provider team id 163 + fixture-fingerprint link across sources","Bor. Mönchengladbach | Bor. Mönchengladbach (GER) | Borussia Monchengladbach | Borussia Mönchengladbach | MGladbach | M'gladbach | Mönchengladbach"
"FMXT0099","Botev Plovdiv","CONFIRMED","2","634","api-football provider team id 634 + all spellings normalise to one name, guard-checked","Botev Plovdiv | Botev Plovdiv (BUL)"
"FMXT0100","AFC Bournemouth","CONFIRMED","2","","fixture-fingerprint link across sources + all spellings normalise to one name, guard-checked","AFC Bournemouth | Bournemouth"
"FMXT0101","Breidablik","CONFIRMED","3","276","api-football provider team id 276 + fixture-fingerprint link across sources","Breidablik | Breiðablik | Breiðablik (ISL)"
"FMXT0102","Brentford FC","CONFIRMED","2","","fixture-fingerprint link across sources + all spellings normalise to one name, guard-checked","Brentford | Brentford FC"
"FMXT0103","Brescia Calcio","CONFIRMED","2","","fixture-fingerprint link across sources","Brescia | Brescia Calcio"
"FMXT0104","Stade Brestois 29","CONFIRMED","3","","fixture-fingerprint link across sources","Brest | Stade Brestois 29 | Stade Brestois 29 (FRA)"
"FMXT0105","Brighton","CONFIRMED","4","51","api-football provider team id 51 + fixture-fingerprint link across sources","Brighton | Brighton & Hove Albion | Brighton & Hove Albion (ENG) | Brighton & Hove Albion FC"
"FMXT0106","Bristol City FC","CONFIRMED","2","","fixture-fingerprint link across sources + all spellings normalise to one name, guard-checked","Bristol City | Bristol City FC"
"FMXT0107","Brondby","CONFIRMED","2","407","api-football provider team id 407 + fixture-fingerprint link across sources","Brondby | Brøndby IF (DEN)"
"FMXT0108","BSC Young Boys","CONFIRMED","3","565","api-football provider team id 565 + fixture-fingerprint link across sources","BSC Young Boys | BSC Young Boys (SUI) | Young Boys"
"FMXT0109","Budapest Honved","CONFIRMED","1","576","api-football provider team id 576 + single spelling in the whole corpus","Budapest Honved"
"FMXT0110","Burnley","CONFIRMED","2","44","api-football provider team id 44 + fixture-fingerprint link across sources + all spellings normalise to one name, guard-checked","Burnley | Burnley FC"
"FMXT0111","Bursaspor","CONFIRMED","1","","fixture-fingerprint link across sources + single spelling in the whole corpus","Bursaspor"
"FMXT0112","Burton","CONFIRMED","1","","fixture-fingerprint link across sources + single spelling in the whole corpus","Burton"
"FMXT0113","Cádiz CF","CONFIRMED","2","","fixture-fingerprint link across sources + all spellings normalise to one name, guard-checked","Cadiz | Cádiz CF"
"FMXT0114","SM Caen","CONFIRMED","2","","fixture-fingerprint link across sources","Caen | SM Caen"
"FMXT0115","Caernarfon Town","CONFIRMED","1","","single spelling in the whole corpus","Caernarfon Town (WAL)"
"FMXT0116","Cagliari Calcio","CONFIRMED","2","","fixture-fingerprint link across sources","Cagliari | Cagliari Calcio"
"FMXT0117","SC Cambuur","CONFIRMED","2","","fixture-fingerprint link across sources + all spellings normalise to one name, guard-checked","Cambuur | SC Cambuur"
"FMXT0118","Cardiff City FC","CONFIRMED","3","","fixture-fingerprint link across sources","Cardiff | Cardiff City | Cardiff City FC"
"FMXT0119","Cardiff MET","CONFIRMED","1","353","api-football provider team id 353 + single spelling in the whole corpus","Cardiff MET"
"FMXT0120","Santa Clara","CONFIRMED","2","227","api-football provider team id 227","CD Santa Clara (POR) | Santa Clara"
"FMXT0121","Cefn Druids AFC","CONFIRMED","1","360","api-football provider team id 360 + single spelling in the whole corpus","Cefn Druids AFC"
"FMXT0122","Celje","CONFIRMED","2","4360","api-football provider team id 4360 + all spellings normalise to one name, guard-checked","Celje | NK Celje (SVN)"
"FMXT0123","RC Celta de Vigo","CONFIRMED","3","","fixture-fingerprint link across sources","Celta | RC Celta | RC Celta de Vigo"
"FMXT0124","Celtic","CONFIRMED","2","247","api-football provider team id 247 + fixture-fingerprint link across sources + all spellings normalise to one name, guard-checked","Celtic | Celtic FC (SCO)"
"FMXT0125","Cercle Brugge","CONFIRMED","1","","single spelling in the whole corpus","Cercle Brugge (BEL)"
"FMXT0126","CFR 1907 Cluj","CONFIRMED","3","2246","api-football provider team id 2246 + fixture-fingerprint link across sources","CFR 1907 Cluj | CFR Cluj | CFR Cluj (ROU)"
"FMXT0127","Charleroi","CONFIRMED","2","736","api-football provider team id 736","Charleroi | Sporting Charleroi (BEL)"
"FMXT0128","Charlton Athletic FC","CONFIRMED","3","","fixture-fingerprint link across sources","Charlton | Charlton Athletic | Charlton Athletic FC"
"FMXT0129","Chelsea","CONFIRMED","3","49","api-football provider team id 49 + fixture-fingerprint link across sources + all spellings normalise to one name, guard-checked","Chelsea | Chelsea FC | Chelsea FC (ENG)"
"FMXT0130","Cherno More Varna","CONFIRMED","1","","single spelling in the whole corpus","Cherno More Varna (BUL)"
"FMXT0131","Chievo Verona","CONFIRMED","2","","fixture-fingerprint link across sources","Chievo | Chievo Verona"
"FMXT0132","Chikhura Sachkhere","CONFIRMED","1","704","api-football provider team id 704 + single spelling in the whole corpus","Chikhura Sachkhere"
"FMXT0133","Clermont Foot 63","CONFIRMED","2","","fixture-fingerprint link across sources","Clermont | Clermont Foot 63"
"FMXT0134","Cliftonville FC","CONFIRMED","2","2266","api-football provider team id 2266 + all spellings normalise to one name, guard-checked","Cliftonville FC | Cliftonville FC (NIR)"
"FMXT0135","Club Brugge KV","CONFIRMED","3","569","api-football provider team id 569 + fixture-fingerprint link across sources","Club Brugge | Club Brugge KV | Club Brugge KV (BEL)"
"FMXT0136","Coleraine FC","CONFIRMED","1","669","api-football provider team id 669 + single spelling in the whole corpus","Coleraine FC"
"FMXT0137","Como 1907","CONFIRMED","2","","fixture-fingerprint link across sources","Como | Como 1907"
"FMXT0138","Connah's Quay Nomads","CONFIRMED","1","","single spelling in the whole corpus","Connah's Quay Nomads (WAL)"
"FMXT0139","Cork City","CONFIRMED","1","653","api-football provider team id 653 + single spelling in the whole corpus","Cork City"
"FMXT0140","Cosmos","CONFIRMED","1","5298","api-football provider team id 5298 + single spelling in the whole corpus","Cosmos"
"FMXT0141","Coventry City FC","CONFIRMED","2","","fixture-fingerprint link across sources","Coventry | Coventry City FC"
"FMXT0142","Cracovia Krakow","CONFIRMED","1","350","api-football provider team id 350 + single spelling in the whole corpus","Cracovia Krakow"
"FMXT0143","US Cremonese","CONFIRMED","2","","fixture-fingerprint link across sources + all spellings normalise to one name, guard-checked","Cremonese | US Cremonese"
"FMXT0144","FC Crotone","CONFIRMED","2","","fixture-fingerprint link across sources + all spellings normalise to one name, guard-checked","Crotone | FC Crotone"
"FMXT0145","Crusaders FC","CONFIRMED","2","697","api-football provider team id 697 + all spellings normalise to one name, guard-checked","Crusaders FC | Crusaders FC (NIR)"
"FMXT0146","FK Crvena Zvezda","CONFIRMED","4","598","api-football provider team id 598 + fixture-fingerprint link across sources + all spellings normalise to one name, guard-checked","Crvena Zvezda | Crvena Zvezda (SRB) | FK Crvena Zvezda | FK Crvena Zvezda (SRB)"
"FMXT0147","Crystal Palace FC","CONFIRMED","3","","fixture-fingerprint link across sources + all spellings normalise to one name, guard-checked","Crystal Palace | Crystal Palace (ENG) | Crystal Palace FC"
"FMXT0148","Universitatea Craiova","CONFIRMED","2","632","api-football provider team id 632 + all spellings normalise to one name, guard-checked","CS Universitatea Craiova | CS Universitatea Craiova (ROU)"
"FMXT0150","CSKA 1948","CONFIRMED","2","1426","api-football provider team id 1426","CSKA 1948 | CSKA 1948 Sofia (BUL)"
"FMXT0151","CSKA Moscow","CONFIRMED","3","555","api-football provider team id 555 + fixture-fingerprint link across sources","CSKA Moscow | CSKA Moskva | CSKA Moskva (RUS)"
"FMXT0152","CSKA Sofia","CONFIRMED","2","853","api-football provider team id 853 + fixture-fingerprint link across sources + all spellings normalise to one name, guard-checked","CSKA Sofia | CSKA Sofia (BUL)"
"FMXT0153","Cukaricki","CONFIRMED","2","2656","api-football provider team id 2656 + fixture-fingerprint link across sources + all spellings normalise to one name, guard-checked","Cukaricki | FK Čukarički (SRB)"
"FMXT0154","Dacia","CONFIRMED","1","4634","api-football provider team id 4634 + single spelling in the whole corpus","Dacia"
"FMXT0155","SV Darmstadt 98","CONFIRMED","2","","fixture-fingerprint link across sources","Darmstadt | SV Darmstadt 98"
"FMXT0156","Debreceni VSC","CONFIRMED","1","2392","api-football provider team id 2392 + single spelling in the whole corpus","Debreceni VSC"
"FMXT0158","ADO Den Haag","CONFIRMED","2","","fixture-fingerprint link across sources","ADO Den Haag | Den Haag"
"FMXT0159","Denizlispor","CONFIRMED","1","","fixture-fingerprint link across sources + single spelling in the whole corpus","Denizlispor"
"FMXT0160","Derby County FC","CONFIRMED","3","","fixture-fingerprint link across sources","Derby | Derby County | Derby County FC"
"FMXT0161","Derry City","CONFIRMED","2","670","api-football provider team id 670 + all spellings normalise to one name, guard-checked","Derry City | Derry City (IRL)"
"FMXT0162","Desna","CONFIRMED","1","3616","api-football provider team id 3616 + single spelling in the whole corpus","Desna"
"FMXT0163","Dijon FCO","CONFIRMED","2","","fixture-fingerprint link across sources + all spellings normalise to one name, guard-checked","Dijon | Dijon FCO"
"FMXT0164","Dila","CONFIRMED","2","3499","api-football provider team id 3499","Dila | Dila Gori (GEO)"
"FMXT0166","Dinamo Batumi","CONFIRMED","2","705","api-football provider team id 705 + all spellings normalise to one name, guard-checked","Dinamo Batumi | Dinamo Batumi (GEO)"
"FMXT0167","Dinamo Brest","CONFIRMED","2","386","api-football provider team id 386 + all spellings normalise to one name, guard-checked","Dinamo Brest | Dinamo Brest (BLR)"
"FMXT0168","Dinamo Bucuresti","CONFIRMED","1","635","api-football provider team id 635 + single spelling in the whole corpus","Dinamo Bucuresti"
"FMXT0169","Dinamo Minsk","CONFIRMED","2","394","api-football provider team id 394 + all spellings normalise to one name, guard-checked","Dinamo Minsk | Dinamo Minsk (BLR)"
"FMXT0170","Dinamo Moscow","CONFIRMED","1","1088","api-football provider team id 1088 + single spelling in the whole corpus","Dinamo Moscow"
"FMXT0171","Dinamo Tbilisi","CONFIRMED","2","2262","api-football provider team id 2262 + all spellings normalise to one name, guard-checked","Dinamo Tbilisi | Dinamo Tbilisi (GEO)"
"FMXT0172","Dinamo Zagreb","CONFIRMED","2","620","api-football provider team id 620 + fixture-fingerprint link across sources + all spellings normalise to one name, guard-checked","Dinamo Zagreb | Dinamo Zagreb (CRO)"
"FMXT0173","Dinamo-Auto","CONFIRMED","1","4631","api-football provider team id 4631 + single spelling in the whole corpus","Dinamo-Auto"
"FMXT0174","Djurgardens IF","CONFIRMED","2","364","api-football provider team id 364 + fixture-fingerprint link across sources + all spellings normalise to one name, guard-checked","Djurgardens IF | Djurgårdens IF (SWE)"
"FMXT0175","Dnipro-1","CONFIRMED","2","3623","api-football provider team id 3623 + fixture-fingerprint link across sources + all spellings normalise to one name, guard-checked","Dnipro-1 | SK Dnipro-1 (UKR)"
"FMXT0176","Borussia Dortmund","CONFIRMED","4","165","api-football provider team id 165 + fixture-fingerprint link across sources","B. Dortmund | Borussia Dortmund | Borussia Dortmund (GER) | Dortmund"
"FMXT0177","Drita","CONFIRMED","3","14281","api-football provider team id 14281","Drita | Drita Gjilan (KOS) | KF Drita (KOS)"
"FMXT0179","Dukagjini","CONFIRMED","1","14393","api-football provider team id 14393 + single spelling in the whole corpus","Dukagjini"
"FMXT0180","Dunajska Streda","CONFIRMED","1","2257","api-football provider team id 2257 + single spelling in the whole corpus","Dunajska Streda"
"FMXT0181","Dunav Ruse","CONFIRMED","1","683","api-football provider team id 683 + single spelling in the whole corpus","Dunav Ruse"
"FMXT0182","Dundalk","CONFIRMED","2","584","api-football provider team id 584 + fixture-fingerprint link across sources + all spellings normalise to one name, guard-checked","Dundalk | Dundalk FC (IRL)"
"FMXT0183","Dundee United","CONFIRMED","1","","single spelling in the whole corpus","Dundee United (SCO)"
"FMXT0184","Dundee Utd","CONFIRMED","1","1386","api-football provider team id 1386 + single spelling in the whole corpus","Dundee Utd"
"FMXT0185","Dungannon Swifts","CONFIRMED","1","","single spelling in the whole corpus","Dungannon Swifts (NIR)"
"FMXT0186","Dynamo Kyiv","CONFIRMED","2","572","api-football provider team id 572 + fixture-fingerprint link across sources","Dinamo Kiev (UKR) | Dynamo Kyiv"
"FMXT0187","Egnatia Rrogozhinë","CONFIRMED","2","3327","api-football provider team id 3327 + all spellings normalise to one name, guard-checked","Egnatia Rrogozhinë | Egnatia Rrogozhine (ALB)"
"FMXT0188","SD Eibar","CONFIRMED","2","","fixture-fingerprint link across sources","Eibar | SD Eibar"
"FMXT0189","Eintracht Frankfurt","CONFIRMED","4","169","api-football provider team id 169 + fixture-fingerprint link across sources","Ein Frankfurt | Eintracht Frankfurt | Eintracht Frankfurt (GER) | Frankfurt"
"FMXT0190","Elche CF","CONFIRMED","2","","fixture-fingerprint link across sources + all spellings normalise to one name, guard-checked","Elche | Elche CF"
"FMXT0191","Empoli FC","CONFIRMED","2","","fixture-fingerprint link across sources + all spellings normalise to one name, guard-checked","Empoli | Empoli FC"
"FMXT0192","BB Erzurumspor","CONFIRMED","2","","fixture-fingerprint link across sources","BB Erzurumspor | Erzurum BB"
"FMXT0193","Esbjerg","CONFIRMED","1","403","api-football provider team id 403 + single spelling in the whole corpus","Esbjerg"
"FMXT0194","Espanyol","CONFIRMED","4","540","api-football provider team id 540 + fixture-fingerprint link across sources","Espanol | Espanyol | Espanyol Barcelona | RCD Espanyol de Barcelona"
"FMXT0196","Europa Fc","CONFIRMED","2","10125","api-football provider team id 10125 + all spellings normalise to one name, guard-checked","Europa | Europa Fc"
"FMXT0197","Everton","CONFIRMED","2","45","api-football provider team id 45 + fixture-fingerprint link across sources + all spellings normalise to one name, guard-checked","Everton | Everton FC"
"FMXT0198","SBV Excelsior","CONFIRMED","2","","fixture-fingerprint link across sources","Excelsior | SBV Excelsior"
"FMXT0199","Eyüpspor","CONFIRMED","2","3588","api-football provider team id 3588 + fixture-fingerprint link across sources + all spellings normalise to one name, guard-checked","Eyupspor | Eyüpspor"
"FMXT0200","F91 Dudelange","CONFIRMED","3","578","api-football provider team id 578 + fixture-fingerprint link across sources","Dudelange | F91 Dudelange | F91 Dudelange (LUX)"
"FMXT0201","FA Šiauliai","CONFIRMED","1","","single spelling in the whole corpus","FA Šiauliai (LTU)"
"FMXT0202","Farul Constanta","CONFIRMED","1","2596","api-football provider team id 2596 + single spelling in the whole corpus","Farul Constanta"
"FMXT0203","Ararat-Armenia","CONFIRMED","2","3683","api-football provider team id 3683 + all spellings normalise to one name, guard-checked","Ararat-Armenia | FC Ararat-Armenia (ARM)"
"FMXT0204","FC Astana","CONFIRMED","3","562","api-football provider team id 562 + fixture-fingerprint link across sources + all spellings normalise to one name, guard-checked","Astana | FC Astana | FK Astana (KAZ)"
"FMXT0205","FC Astra Giurgiu","CONFIRMED","1","636","api-football provider team id 636 + single spelling in the whole corpus","FC Astra Giurgiu"
"FMXT0206","FC Basel 1893","CONFIRMED","3","551","api-football provider team id 551 + fixture-fingerprint link across sources","Basel | FC Basel 1893 | FC Basel 1893 (SUI)"
"FMXT0207","FC Botosani","CONFIRMED","1","2581","api-football provider team id 2581 + single spelling in the whole corpus","FC Botosani"
"FMXT0208","FC Copenhagen","CONFIRMED","3","400","api-football provider team id 400 + fixture-fingerprint link across sources","Copenhagen | FC Copenhagen | FC København (DEN)"
"FMXT0209","FC Corvinul Hunedoara","CONFIRMED","1","","single spelling in the whole corpus","FC Corvinul Hunedoara (ROU)"
"FMXT0210","FC DAC 1904","CONFIRMED","1","","single spelling in the whole corpus","FC DAC 1904 (SVK)"
"FMXT0211","FC Differdange 03","CONFIRMED","2","684","api-football provider team id 684 + all spellings normalise to one name, guard-checked","FC Differdange 03 | FC Differdange 03 (LUX)"
"FMXT0212","FC Dinamo City","CONFIRMED","1","","single spelling in the whole corpus","FC Dinamo City (ALB)"
"FMXT0213","FC Emmen","CONFIRMED","1","","fixture-fingerprint link across sources + single spelling in the whole corpus","FC Emmen"
"FMXT0214","FC Gomel","CONFIRMED","1","389","api-football provider team id 389 + single spelling in the whole corpus","FC Gomel"
"FMXT0215","Hegelmann Litauen","CONFIRMED","2","3861","api-football provider team id 3861","FC Hegelmann (LTU) | Hegelmann Litauen"
"FMXT0216","FC Iberia 1999","CONFIRMED","1","","single spelling in the whole corpus","FC Iberia 1999 (GEO)"
"FMXT0217","1. FC Köln","CONFIRMED","3","192","api-football provider team id 192 + fixture-fingerprint link across sources + all spellings normalise to one name, guard-checked","1. FC Köln | 1. FC Köln (GER) | FC Koln"
"FMXT0218","FC Košice","CONFIRMED","1","","single spelling in the whole corpus","FC Košice (SVK)"
"FMXT0219","FC Levadia Tallinn","CONFIRMED","1","2273","api-football provider team id 2273 + single spelling in the whole corpus","FC Levadia Tallinn"
"FMXT0220","FC Lugano","CONFIRMED","3","606","api-football provider team id 606 + fixture-fingerprint link across sources + all spellings normalise to one name, guard-checked","FC Lugano | FC Lugano (SUI) | Lugano"
"FMXT0221","FC Luzern","CONFIRMED","1","644","api-football provider team id 644 + single spelling in the whole corpus","FC Luzern"
"FMXT0222","FC Mariupol","CONFIRMED","1","2252","api-football provider team id 2252 + single spelling in the whole corpus","FC Mariupol"
"FMXT0224","FC Nordsjaelland","CONFIRMED","2","398","api-football provider team id 398 + fixture-fingerprint link across sources","FC Nordsjaelland | FC Nordsjælland (DEN)"
"FMXT0225","FC Porto","CONFIRMED","3","212","api-football provider team id 212 + fixture-fingerprint link across sources + all spellings normalise to one name, guard-checked","FC Porto | FC Porto (POR) | Porto"
"FMXT0226","FC Rostov","CONFIRMED","1","779","api-football provider team id 779 + single spelling in the whole corpus","FC Rostov"
"FMXT0227","FC Sion","CONFIRMED","1","630","api-football provider team id 630 + single spelling in the whole corpus","FC Sion"
"FMXT0228","FC ST. Gallen","CONFIRMED","2","1011","api-football provider team id 1011 + all spellings normalise to one name, guard-checked","FC ST. Gallen | FC St. Gallen (SUI)"
"FMXT0229","FC Thun","CONFIRMED","1","1012","api-football provider team id 1012 + single spelling in the whole corpus","FC Thun"
"FMXT0230","FC UFA","CONFIRMED","1","1078","api-football provider team id 1078 + single spelling in the whole corpus","FC UFA"
"FMXT0231","FC Urartu","CONFIRMED","2","2276","api-football provider team id 2276 + all spellings normalise to one name, guard-checked","FC Urartu | FC Urartu (ARM)"
"FMXT0232","FC Vaduz","CONFIRMED","2","660","api-football provider team id 660 + fixture-fingerprint link across sources + all spellings normalise to one name, guard-checked","FC Vaduz | FC Vaduz (LIE)"
"FMXT0233","FC Vitebsk","CONFIRMED","1","382","api-football provider team id 382 + single spelling in the whole corpus","FC Vitebsk"
"FMXT0234","Zimbru","CONFIRMED","2","4633","api-football provider team id 4633 + all spellings normalise to one name, guard-checked","FC Zimbru (MDA) | Zimbru"
"FMXT0235","FC Zurich","CONFIRMED","2","783","api-football provider team id 783 + fixture-fingerprint link across sources + all spellings normalise to one name, guard-checked","FC Zurich | FC Zürich (SUI)"
"FMXT0236","Magpies","CONFIRMED","2","16135","api-football provider team id 16135","FCB Magpies (GIB) | Magpies"
"FMXT0237","FCI Levadia","CONFIRMED","1","","single spelling in the whole corpus","FCI Levadia (EST)"
"FMXT0238","FCI Tallinn","CONFIRMED","1","3883","api-football provider team id 3883 + single spelling in the whole corpus","FCI Tallinn"
"FMXT0239","FCSB","CONFIRMED","2","559","api-football provider team id 559 + fixture-fingerprint link across sources + all spellings normalise to one name, guard-checked","FCSB | FCSB (ROU)"
"FMXT0240","Fehérvár FC","CONFIRMED","2","610","api-football provider team id 610 + all spellings normalise to one name, guard-checked","Fehérvár FC | Fehérvár FC (HUN)"
"FMXT0241","Fenerbahçe","CONFIRMED","3","611","api-football provider team id 611 + fixture-fingerprint link across sources + all spellings normalise to one name, guard-checked","Fenerbahce | Fenerbahçe | Fenerbahçe (TUR)"
"FMXT0242","Ferencvarosi TC","CONFIRMED","3","651","api-football provider team id 651 + fixture-fingerprint link across sources","Ferencváros | Ferencvarosi TC | Ferencvárosi TC (HUN)"
"FMXT0243","Feronikeli","CONFIRMED","1","4132","api-football provider team id 4132 + single spelling in the whole corpus","Feronikeli"
"FMXT0244","Feyenoord","CONFIRMED","4","209","api-football provider team id 209 + fixture-fingerprint link across sources","Feyenoord | Feyenoord (NED) | Feyenoord Rotterdam | Feyenoord Rotterdam (NED)"
"FMXT0245","FH hafnarfjordur","CONFIRMED","1","270","api-football provider team id 270 + single spelling in the whole corpus","FH hafnarfjordur"
"FMXT0246","Fiorentina","CONFIRMED","3","502","api-football provider team id 502 + fixture-fingerprint link across sources","ACF Fiorentina | ACF Fiorentina (ITA) | Fiorentina"
"FMXT0247","Aktobe","CONFIRMED","2","4563","api-football provider team id 4563 + all spellings normalise to one name, guard-checked","Aktobe | FK Aktobe (KAZ)"
"FMXT0248","Auda","CONFIRMED","2","4135","api-football provider team id 4135 + all spellings normalise to one name, guard-checked","Auda | FK Auda (LVA)"
"FMXT0249","Buducnost Podgorica","CONFIRMED","2","579","api-football provider team id 579 + all spellings normalise to one name, guard-checked","Buducnost Podgorica | FK Budućnost Podgorica (MNE)"
"FMXT0250","Dečić","CONFIRMED","2","3745","api-football provider team id 3745","Dečić | FK Dečić Tuzi (MNE)"
"FMXT0251","FK Isloch Minsk","CONFIRMED","1","","single spelling in the whole corpus","FK Isloch Minsk (BLR)"
"FMXT0252","FK Jablonec","CONFIRMED","2","1122","api-football provider team id 1122 + fixture-fingerprint link across sources + all spellings normalise to one name, guard-checked","FK Jablonec | FK Jablonec (CZE)"
"FMXT0253","Kairat Almaty","CONFIRMED","2","664","api-football provider team id 664 + fixture-fingerprint link across sources","FK Kairat (KAZ) | Kairat Almaty"
"FMXT0254","FK Kukesi","CONFIRMED","1","577","api-football provider team id 577 + single spelling in the whole corpus","FK Kukesi"
"FMXT0255","FK Liepaja","CONFIRMED","2","661","api-football provider team id 661 + all spellings normalise to one name, guard-checked","FK Liepaja | FK Liepāja (LVA)"
"FMXT0256","Mlada Boleslav","CONFIRMED","2","640","api-football provider team id 640 + all spellings normalise to one name, guard-checked","FK Mladá Boleslav (CZE) | Mlada Boleslav"
"FMXT0257","FK Mladost Podgorica","CONFIRMED","1","643","api-football provider team id 643 + single spelling in the whole corpus","FK Mladost Podgorica"
"FMXT0258","FK Mornar","CONFIRMED","1","","single spelling in the whole corpus","FK Mornar (MNE)"
"FMXT0259","FK Novi Pazar","CONFIRMED","1","","single spelling in the whole corpus","FK Novi Pazar (SRB)"
"FMXT0260","FK Oleksandriya","CONFIRMED","1","","single spelling in the whole corpus","FK Oleksandriya (UKR)"
"FMXT0261","Ordabasy","CONFIRMED","2","692","api-football provider team id 692 + all spellings normalise to one name, guard-checked","FK Ordabasy (KAZ) | Ordabasy"
"FMXT0262","FK Partizan","CONFIRMED","3","573","api-football provider team id 573 + fixture-fingerprint link across sources + all spellings normalise to one name, guard-checked","FK Partizan | Partizan | Partizan (SRB)"
"FMXT0263","FK Rabotnicki","CONFIRMED","2","663","api-football provider team id 663 + all spellings normalise to one name, guard-checked","FK Rabotnicki | FK Rabotnički (MKD)"
"FMXT0264","FK Radnički 1923","CONFIRMED","1","","single spelling in the whole corpus","FK Radnički 1923 (SRB)"
"FMXT0265","FK Sarajevo","CONFIRMED","2","679","api-football provider team id 679 + all spellings normalise to one name, guard-checked","FK Sarajevo | FK Sarajevo (BIH)"
"FMXT0266","FK Spartak Zdrepceva KRV","CONFIRMED","1","2251","api-football provider team id 2251 + single spelling in the whole corpus","FK Spartak Zdrepceva KRV"
"FMXT0267","FK Tobol Kostanay","CONFIRMED","1","2259","api-football provider team id 2259 + single spelling in the whole corpus","FK Tobol Kostanay"
"FMXT0268","FK Trakai","CONFIRMED","1","638","api-football provider team id 638 + single spelling in the whole corpus","FK Trakai"
"FMXT0269","FK TransINVEST","CONFIRMED","1","","single spelling in the whole corpus","FK TransINVEST (LTU)"
"FMXT0270","FK Ventspils","CONFIRMED","1","707","api-football provider team id 707 + single spelling in the whole corpus","FK Ventspils"
"FMXT0272","FK Zalgiris Vilnius","CONFIRMED","2","586","api-football provider team id 586 + fixture-fingerprint link across sources","FK Žalgiris (LTU) | FK Zalgiris Vilnius"
"FMXT0273","Flora Tallinn","CONFIRMED","2","687","api-football provider team id 687 + fixture-fingerprint link across sources","FC Flora (EST) | Flora Tallinn"
"FMXT0274","Floriana","CONFIRMED","2","4625","api-football provider team id 4625 + all spellings normalise to one name, guard-checked","Floriana | Floriana FC (MLT)"
"FMXT0275","Fola Esch","CONFIRMED","1","626","api-football provider team id 626 + single spelling in the whole corpus","Fola Esch"
"FMXT0276","Folgore","CONFIRMED","1","672","api-football provider team id 672 + single spelling in the whole corpus","Folgore"
"FMXT0277","Fortuna Sittard","CONFIRMED","2","","fixture-fingerprint link across sources","For Sittard | Fortuna Sittard"
"FMXT0278","Fortuna Düsseldorf","CONFIRMED","2","","fixture-fingerprint link across sources + all spellings normalise to one name, guard-checked","Fortuna Dusseldorf | Fortuna Düsseldorf"
"FMXT0279","Fredrikstad FK","CONFIRMED","1","","single spelling in the whole corpus","Fredrikstad FK (NOR)"
"FMXT0280","SC Freiburg","CONFIRMED","3","160","api-football provider team id 160 + fixture-fingerprint link across sources + all spellings normalise to one name, guard-checked","Freiburg | SC Freiburg | SC Freiburg (GER)"
"FMXT0281","Frosinone Calcio","CONFIRMED","2","","fixture-fingerprint link across sources","Frosinone | Frosinone Calcio"
"FMXT0282","Fulham FC","CONFIRMED","2","","fixture-fingerprint link across sources + all spellings normalise to one name, guard-checked","Fulham | Fulham FC"
"FMXT0283","Gagra","CONFIRMED","1","3505","api-football provider team id 3505 + single spelling in the whole corpus","Gagra"
"FMXT0284","Galatasaray","CONFIRMED","3","645","api-football provider team id 645 + fixture-fingerprint link across sources + all spellings normalise to one name, guard-checked","Galatasaray | Galatasaray (TUR) | Galatasaray SK (TUR)"
"FMXT0285","Gandzasar","CONFIRMED","1","688","api-football provider team id 688 + single spelling in the whole corpus","Gandzasar"
"FMXT0286","GAP Connah S Quay FC","CONFIRMED","1","357","api-football provider team id 357 + single spelling in the whole corpus","GAP Connah S Quay FC"
"FMXT0287","Gazişehir Gaziantep FK","CONFIRMED","4","3573","api-football provider team id 3573 + fixture-fingerprint link across sources","Gaziantep | Gaziantep FK | Gaziantep Futbol Kulübü | Gazişehir Gaziantep FK"
"FMXT0288","Gençlerbirliği","CONFIRMED","2","997","api-football provider team id 997 + fixture-fingerprint link across sources + all spellings normalise to one name, guard-checked","Genclerbirligi | Gençlerbirliği"
"FMXT0289","Genk","CONFIRMED","2","742","api-football provider team id 742 + fixture-fingerprint link across sources","Genk | KRC Genk (BEL)"
"FMXT0290","Genoa CFC","CONFIRMED","2","","fixture-fingerprint link across sources","Genoa | Genoa CFC"
"FMXT0291","Gent","CONFIRMED","2","631","api-football provider team id 631 + fixture-fingerprint link across sources","Gent | KAA Gent (BEL)"
"FMXT0292","Getafe","CONFIRMED","2","546","api-football provider team id 546 + fixture-fingerprint link across sources + all spellings normalise to one name, guard-checked","Getafe | Getafe CF"
"FMXT0293","GFK Tikvesh","CONFIRMED","1","","single spelling in the whole corpus","GFK Tikvesh (MKD)"
"FMXT0294","GIL Vicente","CONFIRMED","1","762","api-football provider team id 762 + single spelling in the whole corpus","GIL Vicente"
"FMXT0295","Giresunspor","CONFIRMED","1","","fixture-fingerprint link across sources + single spelling in the whole corpus","Giresunspor"
"FMXT0296","Girona FC","CONFIRMED","3","","fixture-fingerprint link across sources + all spellings normalise to one name, guard-checked","Girona | Girona FC | Girona FC (ESP)"
"FMXT0297","Gjilani","CONFIRMED","1","12772","api-football provider team id 12772 + single spelling in the whole corpus","Gjilani"
"FMXT0298","Glenavon FC","CONFIRMED","1","2275","api-football provider team id 2275 + single spelling in the whole corpus","Glenavon FC"
"FMXT0299","Glentoran","CONFIRMED","1","5352","api-football provider team id 5352 + single spelling in the whole corpus","Glentoran"
"FMXT0300","Dinamo Zagreb","CONFIRMED","2","","api-football provider team id 620 (verified in the look-alike resolution round) + fixture-fingerprint link across sources","GNK Dinamo | GNK Dinamo Zagreb (CRO)"
"FMXT0302","Go Ahead Eagles","CONFIRMED","2","","fixture-fingerprint link across sources + all spellings normalise to one name, guard-checked","Go Ahead Eagles | Go Ahead Eagles (NED)"
"FMXT0303","Gorica","CONFIRMED","1","4364","api-football provider team id 4364 + single spelling in the whole corpus","Gorica"
"FMXT0304","Gornik Zabrze","CONFIRMED","1","340","api-football provider team id 340 + single spelling in the whole corpus","Gornik Zabrze"
"FMXT0305","Göztepe","CONFIRMED","2","994","api-football provider team id 994 + fixture-fingerprint link across sources","Goztep | Göztepe"
"FMXT0306","De Graafschap","CONFIRMED","2","","fixture-fingerprint link across sources + all spellings normalise to one name, guard-checked","De Graafschap | Graafschap"
"FMXT0307","Granada CF","CONFIRMED","3","715","api-football provider team id 715 + fixture-fingerprint link across sources + all spellings normalise to one name, guard-checked","Granada | Granada CF | Granada CF (ESP)"
"FMXT0308","SpVgg Greuther Fürth 1903","CONFIRMED","2","","fixture-fingerprint link across sources","Greuther Furth | SpVgg Greuther Fürth 1903"
"FMXT0309","FC Groningen","CONFIRMED","2","","fixture-fingerprint link across sources + all spellings normalise to one name, guard-checked","FC Groningen | Groningen"
"FMXT0310","EA Guingamp","CONFIRMED","2","","fixture-fingerprint link across sources","EA Guingamp | Guingamp"
"FMXT0311","Győri ETO FC","CONFIRMED","1","","single spelling in the whole corpus","Győri ETO FC (HUN)"
"FMXT0312","Gzira United","CONFIRMED","1","2264","api-football provider team id 2264 + single spelling in the whole corpus","Gzira United"
"FMXT0314","Haka","CONFIRMED","1","2080","api-football provider team id 2080 + single spelling in the whole corpus","Haka"
"FMXT0315","Hamburger SV","CONFIRMED","2","","fixture-fingerprint link across sources","Hamburg | Hamburger SV"
"FMXT0316","Hammarby FF","CONFIRMED","2","363","api-football provider team id 363 + all spellings normalise to one name, guard-checked","Hammarby FF | Hammarby IF (SWE)"
"FMXT0317","Hamrun Spartans","CONFIRMED","2","4626","api-football provider team id 4626 + all spellings normalise to one name, guard-checked","Hamrun Spartans | Hamrun Spartans (MLT)"
"FMXT0318","Hannover 96","CONFIRMED","2","","fixture-fingerprint link across sources","Hannover | Hannover 96"
"FMXT0319","Hapoel Beer Sheva","CONFIRMED","2","563","api-football provider team id 563 + fixture-fingerprint link across sources","Hapoel Beer Sheva | Hapoel Be'er Sheva (ISR)"
"FMXT0320","Hapoel Haifa","CONFIRMED","1","2253","api-football provider team id 2253 + single spelling in the whole corpus","Hapoel Haifa"
"FMXT0321","Hatayspor","CONFIRMED","2","","fixture-fingerprint link across sources","Atakas Hatayspor | Hatayspor"
"FMXT0322","Haugesund","CONFIRMED","1","328","api-football provider team id 328 + single spelling in the whole corpus","Haugesund"
"FMXT0323","Haverfordwest County AFC","CONFIRMED","2","2194","api-football provider team id 2194 + all spellings normalise to one name, guard-checked","Haverfordwest County (WAL) | Haverfordwest County AFC"
"FMXT0324","HB Torshavn","CONFIRMED","2","4133","api-football provider team id 4133 + all spellings normalise to one name, guard-checked","HB Torshavn | HB Tórshavn (FRO)"
"FMXT0325","Heart Of Midlothian","CONFIRMED","2","254","api-football provider team id 254 + fixture-fingerprint link across sources + all spellings normalise to one name, guard-checked","Heart Of Midlothian | Heart of Midlothian (SCO)"
"FMXT0326","sc Heerenveen","CONFIRMED","2","210","api-football provider team id 210 + fixture-fingerprint link across sources + all spellings normalise to one name, guard-checked","Heerenveen | sc Heerenveen"
"FMXT0328","1. FC Heidenheim 1846","CONFIRMED","3","","fixture-fingerprint link across sources","1. FC Heidenheim 1846 | 1. FC Heidenheim 1846 (GER) | Heidenheim"
"FMXT0329","Heracles Almelo","CONFIRMED","2","","fixture-fingerprint link across sources","Heracles | Heracles Almelo"
"FMXT0330","Hertha BSC","CONFIRMED","2","","fixture-fingerprint link across sources","Hertha | Hertha BSC"
"FMXT0331","Hertha Berlin","CONFIRMED","1","159","api-football provider team id 159 + single spelling in the whole corpus","Hertha Berlin"
"FMXT0332","Hibernian","CONFIRMED","2","249","api-football provider team id 249 + all spellings normalise to one name, guard-checked","Hibernian | Hibernian FC (SCO)"
"FMXT0333","Hibernians","CONFIRMED","2","3884","api-football provider team id 3884 + all spellings normalise to one name, guard-checked","Hibernians | Hibernians FC (MLT)"
"FMXT0334","HJK Helsinki","CONFIRMED","2","649","api-football provider team id 649 + fixture-fingerprint link across sources + all spellings normalise to one name, guard-checked","HJK Helsinki | HJK Helsinki (FIN)"
"FMXT0335","HNK Hajduk Split","CONFIRMED","2","608","api-football provider team id 608","Hajduk Split (CRO) | HNK Hajduk Split"
"FMXT0336","HNK Rijeka","CONFIRMED","3","561","api-football provider team id 561 + fixture-fingerprint link across sources","HNK Rijeka | HNK Rijeka (CRO) | Rijeka"
"FMXT0337","1899 Hoffenheim","CONFIRMED","4","167","api-football provider team id 167 + fixture-fingerprint link across sources","1899 Hoffenheim | 1899 Hoffenheim (GER) | Hoffenheim | TSG 1899 Hoffenheim"
"FMXT0338","Holstein Kiel","CONFIRMED","1","","fixture-fingerprint link across sources + single spelling in the whole corpus","Holstein Kiel"
"FMXT0339","Honka","CONFIRMED","1","1169","api-football provider team id 1169 + single spelling in the whole corpus","Honka"
"FMXT0340","Huddersfield Town AFC","CONFIRMED","3","","fixture-fingerprint link across sources","Huddersfield | Huddersfield Town | Huddersfield Town AFC"
"FMXT0341","SD Huesca","CONFIRMED","2","","fixture-fingerprint link across sources","Huesca | SD Huesca"
"FMXT0342","Hull City AFC","CONFIRMED","3","","fixture-fingerprint link across sources","Hull | Hull City | Hull City AFC"
"FMXT0343","IBV Vestmannaeyjar","CONFIRMED","1","268","api-football provider team id 268 + single spelling in the whole corpus","IBV Vestmannaeyjar"
"FMXT0344","IF Elfsborg","CONFIRMED","2","372","api-football provider team id 372 + all spellings normalise to one name, guard-checked","IF Elfsborg | IF Elfsborg (SWE)"
"FMXT0345","IFK Goteborg","CONFIRMED","1","366","api-football provider team id 366 + single spelling in the whole corpus","IFK Goteborg"
"FMXT0346","IFK Norrkoping","CONFIRMED","1","378","api-football provider team id 378 + single spelling in the whole corpus","IFK Norrkoping"
"FMXT0348","Ilves","CONFIRMED","2","1163","api-football provider team id 1163","Ilves | Ilves Tampere (FIN)"
"FMXT0349","Inter","CONFIRMED","5","505","api-football provider team id 505 + fixture-fingerprint link across sources","FC Internazionale Milano | FC Internazionale Milano (ITA) | Inter | Inter (ITA) | Internazionale"
"FMXT0350","Inter Club d'Escaldes","CONFIRMED","2","3342","api-football provider team id 3342 + all spellings normalise to one name, guard-checked","Inter Club d'Escaldes | Inter Club d'Escaldes (AND)"
"FMXT0351","Inter Turku","CONFIRMED","1","1164","api-football provider team id 1164 + single spelling in the whole corpus","Inter Turku"
"FMXT0352","Ipswich Town FC","CONFIRMED","3","","fixture-fingerprint link across sources","Ipswich | Ipswich Town | Ipswich Town FC"
"FMXT0353","Irtysh Omsk","CONFIRMED","1","665","api-football provider team id 665 + single spelling in the whole corpus","Irtysh Omsk"
"FMXT0354","Iskra","CONFIRMED","1","3738","api-football provider team id 3738 + single spelling in the whole corpus","Iskra"
"FMXT0355","İstanbulspor AŞ","CONFIRMED","2","","fixture-fingerprint link across sources + all spellings normalise to one name, guard-checked","Istanbulspor | İstanbulspor AŞ"
"FMXT0356","Jagiellonia","CONFIRMED","1","336","api-football provider team id 336 + single spelling in the whole corpus","Jagiellonia"
"FMXT0357","Jagiellonia Białystok","CONFIRMED","1","","single spelling in the whole corpus","Jagiellonia Białystok (POL)"
"FMXT0358","Jelgava","CONFIRMED","1","4158","api-football provider team id 4158 + single spelling in the whole corpus","Jelgava"
"FMXT0360","JK Tallinna Kalev","CONFIRMED","1","","single spelling in the whole corpus","JK Tallinna Kalev (EST)"
"FMXT0361","Juventus","CONFIRMED","4","496","api-football provider team id 496 + fixture-fingerprint link across sources + all spellings normalise to one name, guard-checked","Juventus | Juventus (ITA) | Juventus FC | Juventus FC (ITA)"
"FMXT0362","KA Akureyri","CONFIRMED","2","272","api-football provider team id 272 + all spellings normalise to one name, guard-checked","KA Akureyri | KA Akureyri (ISL)"
"FMXT0363","Kaisar","CONFIRMED","1","4562","api-football provider team id 4562 + single spelling in the whole corpus","Kaisar"
"FMXT0364","Kalju Nomme","CONFIRMED","2","662","api-football provider team id 662","JK Nõmme Kalju (EST) | Kalju Nomme"
"FMXT0365","Kalmar FF","CONFIRMED","1","374","api-football provider team id 374 + single spelling in the whole corpus","Kalmar FF"
"FMXT0366","Karabukspor","CONFIRMED","1","","fixture-fingerprint link across sources + single spelling in the whole corpus","Karabukspor"
"FMXT0367","Fatih Karagümrük","CONFIRMED","2","3589","api-football provider team id 3589 + fixture-fingerprint link across sources","Fatih Karagümrük | Karagumruk"
"FMXT0368","Kasımpaşa SK","CONFIRMED","2","1004","api-football provider team id 1004 + fixture-fingerprint link across sources","Kasımpaşa SK | Kasimpasa"
"FMXT0369","Kauno Žalgiris","CONFIRMED","2","3872","api-football provider team id 3872 + all spellings normalise to one name, guard-checked","Kauno Žalgiris | Kauno Žalgiris (LTU)"
"FMXT0370","Kayserispor","CONFIRMED","1","1001","api-football provider team id 1001 + fixture-fingerprint link across sources + single spelling in the whole corpus","Kayserispor"
"FMXT0371","Kecskeméti TE","CONFIRMED","1","5111","api-football provider team id 5111 + single spelling in the whole corpus","Kecskeméti TE"
"FMXT0372","Llapi","CONFIRMED","2","14395","api-football provider team id 14395 + all spellings normalise to one name, guard-checked","KF Llapi (KOS) | Llapi"
"FMXT0373","KF Malisheva","CONFIRMED","1","","single spelling in the whole corpus","KF Malisheva (KOS)"
"FMXT0375","KF Tiranë","CONFIRMED","1","","single spelling in the whole corpus","KF Tiranë (ALB)"
"FMXT0376","KI Klaksvik","CONFIRMED","2","701","api-football provider team id 701 + fixture-fingerprint link across sources + all spellings normalise to one name, guard-checked","KI Klaksvik | KÍ Klaksvík (FRO)"
"FMXT0377","Kilmarnock","CONFIRMED","2","250","api-football provider team id 250 + all spellings normalise to one name, guard-checked","Kilmarnock | Kilmarnock FC (SCO)"
"FMXT0378","Kisvarda FC","CONFIRMED","1","2394","api-football provider team id 2394 + single spelling in the whole corpus","Kisvarda FC"
"FMXT0379","Kocaelispor","CONFIRMED","1","7411","api-football provider team id 7411 + fixture-fingerprint link across sources + single spelling in the whole corpus","Kocaelispor"
"FMXT0380","Kolos Kovalivka","CONFIRMED","1","3627","api-football provider team id 3627 + single spelling in the whole corpus","Kolos Kovalivka"
"FMXT0381","Konyaspor","CONFIRMED","2","607","api-football provider team id 607 + fixture-fingerprint link across sources","Atiker Konyaspor | Konyaspor"
"FMXT0382","Koper","CONFIRMED","2","4374","api-football provider team id 4374 + all spellings normalise to one name, guard-checked","FC Koper (SVN) | Koper"
"FMXT0383","KR Reykjavik","CONFIRMED","1","271","api-football provider team id 271 + single spelling in the whole corpus","KR Reykjavik"
"FMXT0384","Krasnodar","CONFIRMED","2","621","api-football provider team id 621 + fixture-fingerprint link across sources + all spellings normalise to one name, guard-checked","FK Krasnodar (RUS) | Krasnodar"
"FMXT0385","Kryvbas Kryvyi Rih","CONFIRMED","1","","single spelling in the whole corpus","Kryvbas Kryvyi Rih (UKR)"
"FMXT0386","Kuopion PS","CONFIRMED","1","","single spelling in the whole corpus","Kuopion PS (FIN)"
"FMXT0387","KuPS","CONFIRMED","2","1165","api-football provider team id 1165","KuPS | KuPS Kuopio"
"FMXT0389","Kyzyl-Zhar","CONFIRMED","1","4554","api-football provider team id 4554 + single spelling in the whole corpus","Kyzyl-Zhar"
"FMXT0391","Deportivo La Coruña","CONFIRMED","2","","fixture-fingerprint link across sources","Deportivo La Coruña | La Coruna"
"FMXT0392","La Fiorita","CONFIRMED","2","2249","api-football provider team id 2249","La Fiorita | SP La Fiorita (SMR)"
"FMXT0393","Laci","CONFIRMED","1","2256","api-football provider team id 2256 + single spelling in the whole corpus","Laci"
"FMXT0394","Lahti","CONFIRMED","1","1166","api-football provider team id 1166 + single spelling in the whole corpus","Lahti"
"FMXT0395","Larne","CONFIRMED","2","5354","api-football provider team id 5354 + all spellings normalise to one name, guard-checked","Larne | Larne FC (NIR)"
"FMXT0396","UD Las Palmas","CONFIRMED","2","","fixture-fingerprint link across sources","Las Palmas | UD Las Palmas"
"FMXT0397","Lask Linz","CONFIRMED","3","1026","api-football provider team id 1026 + fixture-fingerprint link across sources","LASK | LASK (AUT) | Lask Linz"
"FMXT0398","FC Lausanne-Sport","CONFIRMED","2","","all spellings normalise to one name, guard-checked","FC Lausanne-Sport (SUI) | Lausanne-Sport"
"FMXT0399","Lazio","CONFIRMED","5","487","api-football provider team id 487 + fixture-fingerprint link across sources","Lazio | Lazio Roma | Lazio Roma (ITA) | SS Lazio | SS Lazio (ITA)"
"FMXT0400","Le Havre AC","CONFIRMED","2","","fixture-fingerprint link across sources + all spellings normalise to one name, guard-checked","Le Havre | Le Havre AC"
"FMXT0401","US Lecce","CONFIRMED","2","","fixture-fingerprint link across sources + all spellings normalise to one name, guard-checked","Lecce | US Lecce"
"FMXT0402","Lech Poznan","CONFIRMED","2","347","api-football provider team id 347 + fixture-fingerprint link across sources + all spellings normalise to one name, guard-checked","Lech Poznan | Lech Poznań (POL)"
"FMXT0403","Lechia Gdansk","CONFIRMED","1","343","api-football provider team id 343 + single spelling in the whole corpus","Lechia Gdansk"
"FMXT0404","Leeds United FC","CONFIRMED","3","","fixture-fingerprint link across sources","Leeds | Leeds United | Leeds United FC"
"FMXT0405","CD Leganés","CONFIRMED","2","","fixture-fingerprint link across sources","CD Leganés | Leganes"
"FMXT0406","Legia Warszawa","CONFIRMED","2","339","api-football provider team id 339 + fixture-fingerprint link across sources + all spellings normalise to one name, guard-checked","Legia Warszawa | Legia Warszawa (POL)"
"FMXT0407","Leicester","CONFIRMED","4","46","api-football provider team id 46 + fixture-fingerprint link across sources","Leicester | Leicester City | Leicester City (ENG) | Leicester City FC"
"FMXT0408","Lens","CONFIRMED","5","116","api-football provider team id 116 + fixture-fingerprint link across sources","Lens | Racing Club de Lens | Racing Club de Lens (FRA) | RC Lens | RC Lens (FRA)"
"FMXT0409","Levante UD","CONFIRMED","2","","fixture-fingerprint link across sources","Levante | Levante UD"
"FMXT0410","Levski Sofia","CONFIRMED","2","646","api-football provider team id 646 + all spellings normalise to one name, guard-checked","Levski Sofia | Levski Sofia (BUL)"
"FMXT0411","Lille","CONFIRMED","3","79","api-football provider team id 79 + fixture-fingerprint link across sources","Lille | Lille OSC | Lille OSC (FRA)"
"FMXT0412","Lillestrom","CONFIRMED","1","321","api-football provider team id 321 + single spelling in the whole corpus","Lillestrom"
"FMXT0413","Lincoln Red Imps FC","CONFIRMED","3","667","api-football provider team id 667 + fixture-fingerprint link across sources","L. Red Imps | Lincoln Red Imps (GIB) | Lincoln Red Imps FC"
"FMXT0414","Linfield","CONFIRMED","2","583","api-football provider team id 583 + all spellings normalise to one name, guard-checked","Linfield | Linfield FC (NIR)"
"FMXT0415","Liverpool","CONFIRMED","3","40","api-football provider team id 40 + fixture-fingerprint link across sources + all spellings normalise to one name, guard-checked","Liverpool | Liverpool FC | Liverpool FC (ENG)"
"FMXT0416","Lokomotiv Moscow","CONFIRMED","2","597","api-football provider team id 597 + fixture-fingerprint link across sources","Lokomotiv Moscow | Lokomotiv Moskva (RUS)"
"FMXT0417","Lokomotiv Plovdiv","CONFIRMED","1","858","api-football provider team id 858 + single spelling in the whole corpus","Lokomotiv Plovdiv"
"FMXT0418","Lokomotivi Tbilisi","CONFIRMED","1","3500","api-football provider team id 3500 + single spelling in the whole corpus","Lokomotivi Tbilisi"
"FMXT0419","FC Lorient","CONFIRMED","2","","fixture-fingerprint link across sources + all spellings normalise to one name, guard-checked","FC Lorient | Lorient"
"FMXT0420","Ludogorets","CONFIRMED","2","566","api-football provider team id 566 + fixture-fingerprint link across sources","Ludogorets | PFC Ludogorets Razgrad (BUL)"
"FMXT0421","Luftetari Gjirokaster","CONFIRMED","1","2261","api-football provider team id 2261 + single spelling in the whole corpus","Luftetari Gjirokaster"
"FMXT0422","Luton Town FC","CONFIRMED","3","","fixture-fingerprint link across sources","Luton | Luton Town | Luton Town FC"
"FMXT0423","Lyngby","CONFIRMED","1","625","api-football provider team id 625 + single spelling in the whole corpus","Lyngby"
"FMXT0424","Lyon","CONFIRMED","3","80","api-football provider team id 80 + fixture-fingerprint link across sources","Lyon | Olympique Lyonnais | Olympique Lyonnais (FRA)"
"FMXT0425","M. Tel-Aviv","CONFIRMED","1","","single spelling in the whole corpus","M. Tel-Aviv"
"FMXT0426","Maccabi Haifa","CONFIRMED","2","4195","api-football provider team id 4195 + fixture-fingerprint link across sources + all spellings normalise to one name, guard-checked","Maccabi Haifa | Maccabi Haifa (ISR)"
"FMXT0427","Maccabi Netanya","CONFIRMED","1","4505","api-football provider team id 4505 + single spelling in the whole corpus","Maccabi Netanya"
"FMXT0428","Maccabi Petach-Tikva","CONFIRMED","1","","single spelling in the whole corpus","Maccabi Petach-Tikva (ISR)"
"FMXT0429","Maccabi Tel Aviv","CONFIRMED","2","604","api-football provider team id 604 + fixture-fingerprint link across sources + all spellings normalise to one name, guard-checked","Maccabi Tel Aviv | Maccabi Tel Aviv (ISR)"
"FMXT0431","Makedonija GjP","CONFIRMED","1","4196","api-football provider team id 4196 + single spelling in the whole corpus","Makedonija GjP"
"FMXT0432","Málaga CF","CONFIRMED","2","","fixture-fingerprint link across sources + all spellings normalise to one name, guard-checked","Malaga | Málaga CF"
"FMXT0433","RCD Mallorca","CONFIRMED","2","","fixture-fingerprint link across sources","Mallorca | RCD Mallorca"
"FMXT0434","Malmo FF","CONFIRMED","3","375","api-football provider team id 375 + fixture-fingerprint link across sources + all spellings normalise to one name, guard-checked","Malmo FF | Malmö | Malmö FF (SWE)"
"FMXT0435","Manchester City","CONFIRMED","5","50","api-football provider team id 50 + fixture-fingerprint link across sources","Man City | Manchester City | Manchester City (ENG) | Manchester City FC | Manchester City FC (ENG)"
"FMXT0436","Manchester United","CONFIRMED","6","33","api-football provider team id 33 + fixture-fingerprint link across sources","Man United | Man. United | Manchester United | Manchester United (ENG) | Manchester United FC | Manchester United FC (ENG)"
"FMXT0437","Maribor","CONFIRMED","2","552","api-football provider team id 552 + fixture-fingerprint link across sources + all spellings normalise to one name, guard-checked","Maribor | NK Maribor (SVN)"
"FMXT0438","Mariehamn","CONFIRMED","1","587","api-football provider team id 587 + single spelling in the whole corpus","Mariehamn"
"FMXT0439","Maritimo","CONFIRMED","1","214","api-football provider team id 214 + single spelling in the whole corpus","Maritimo"
"FMXT0440","Marsaxlokk FC","CONFIRMED","1","","single spelling in the whole corpus","Marsaxlokk FC (MLT)"
"FMXT0441","FC Metz","CONFIRMED","2","","fixture-fingerprint link across sources + all spellings normalise to one name, guard-checked","FC Metz | Metz"
"FMXT0443","Middlesbrough FC","CONFIRMED","2","","fixture-fingerprint link across sources + all spellings normalise to one name, guard-checked","Middlesbrough | Middlesbrough FC"
"FMXT0444","FC Midtjylland","CONFIRMED","3","397","api-football provider team id 397 + fixture-fingerprint link across sources + all spellings normalise to one name, guard-checked","FC Midtjylland | FC Midtjylland (DEN) | Midtjylland"
"FMXT0445","AC Milan","CONFIRMED","3","489","api-football provider team id 489 + fixture-fingerprint link across sources + all spellings normalise to one name, guard-checked","AC Milan | AC Milan (ITA) | Milan"
"FMXT0446","Millwall FC","CONFIRMED","2","","fixture-fingerprint link across sources + all spellings normalise to one name, guard-checked","Millwall | Millwall FC"
"FMXT0447","Milsami Orhei","CONFIRMED","2","691","api-football provider team id 691","FC Milsami (MDA) | Milsami Orhei"
"FMXT0448","Mladost Lješkopolje","CONFIRMED","1","3750","api-football provider team id 3750 + single spelling in the whole corpus","Mladost Lješkopolje"
"FMXT0449","Mladost Lucani","CONFIRMED","1","699","api-football provider team id 699 + single spelling in the whole corpus","Mladost Lucani"
"FMXT0450","Molde","CONFIRMED","2","329","api-football provider team id 329 + fixture-fingerprint link across sources + all spellings normalise to one name, guard-checked","Molde | Molde FK (NOR)"
"FMXT0451","Mons Calpe","CONFIRMED","1","16137","api-football provider team id 16137 + single spelling in the whole corpus","Mons Calpe"
"FMXT0452","Montpellier HSC","CONFIRMED","2","","fixture-fingerprint link across sources + all spellings normalise to one name, guard-checked","Montpellier | Montpellier HSC"
"FMXT0453","AC Monza","CONFIRMED","2","","fixture-fingerprint link across sources + all spellings normalise to one name, guard-checked","AC Monza | Monza"
"FMXT0454","Mosta","CONFIRMED","1","4627","api-football provider team id 4627 + single spelling in the whole corpus","Mosta"
"FMXT0455","Motherwell","CONFIRMED","1","256","api-football provider team id 256 + single spelling in the whole corpus","Motherwell"
"FMXT0457","Mura","CONFIRMED","2","4197","api-football provider team id 4197 + fixture-fingerprint link across sources","Mura | NŠ Mura (SVN)"
"FMXT0458","NAC Breda","CONFIRMED","1","203","api-football provider team id 203 + fixture-fingerprint link across sources + single spelling in the whole corpus","NAC Breda"
"FMXT0459","Nantes","CONFIRMED","3","83","api-football provider team id 83 + fixture-fingerprint link across sources + all spellings normalise to one name, guard-checked","FC Nantes | FC Nantes (FRA) | Nantes"
"FMXT0460","Napoli","CONFIRMED","3","492","api-football provider team id 492 + fixture-fingerprint link across sources + all spellings normalise to one name, guard-checked","Napoli | SSC Napoli | SSC Napoli (ITA)"
"FMXT0461","Neftchi Baku","CONFIRMED","1","2270","api-football provider team id 2270 + single spelling in the whole corpus","Neftchi Baku"
"FMXT0463","Neman","CONFIRMED","2","387","api-football provider team id 387","Neman | Neman Grodno (BLR)"
"FMXT0464","Newcastle","CONFIRMED","4","34","api-football provider team id 34 + fixture-fingerprint link across sources","Newcastle | Newcastle United | Newcastle United FC | Newcastle United FC (ENG)"
"FMXT0465","Newtown AFC","CONFIRMED","1","358","api-football provider team id 358 + single spelling in the whole corpus","Newtown AFC"
"FMXT0466","Nice","CONFIRMED","3","84","api-football provider team id 84 + fixture-fingerprint link across sources + all spellings normalise to one name, guard-checked","Nice | OGC Nice | OGC Nice (FRA)"
"FMXT0467","NEC Nijmegen","CONFIRMED","3","","fixture-fingerprint link across sources","NEC | NEC Nijmegen | Nijmegen"
"FMXT0468","Nîmes Olympique","CONFIRMED","2","","fixture-fingerprint link across sources","Nimes | Nîmes Olympique"
"FMXT0469","NK Bravo","CONFIRMED","1","","single spelling in the whole corpus","NK Bravo (SVN)"
"FMXT0470","NK Domzale","CONFIRMED","1","615","api-football provider team id 615 + single spelling in the whole corpus","NK Domzale"
"FMXT0471","NK Lokomotiva Zagreb","CONFIRMED","1","1017","api-football provider team id 1017 + single spelling in the whole corpus","NK Lokomotiva Zagreb"
"FMXT0472","NK Osijek","CONFIRMED","2","616","api-football provider team id 616 + all spellings normalise to one name, guard-checked","NK Osijek | NK Osijek (CRO)"
"FMXT0473","NK Varaždin","CONFIRMED","1","","single spelling in the whole corpus","NK Varaždin (CRO)"
"FMXT0474","FC Noah","CONFIRMED","3","3684","api-football provider team id 3684 + all spellings normalise to one name, guard-checked","FC Noah | FC Noah (ARM) | Noah"
"FMXT0475","Norwich City FC","CONFIRMED","3","","fixture-fingerprint link across sources","Norwich | Norwich City | Norwich City FC"
"FMXT0476","Nottingham Forest FC","CONFIRMED","4","","fixture-fingerprint link across sources","Nottingham Forest | Nottingham Forest FC | Nottm Forest | Nott'm Forest"
"FMXT0477","NSI Runavik","CONFIRMED","2","682","api-football provider team id 682 + all spellings normalise to one name, guard-checked","NSI Runavik | NSÍ Runavík (FRO)"
"FMXT0478","1. FC Nürnberg","CONFIRMED","2","","fixture-fingerprint link across sources + all spellings normalise to one name, guard-checked","1. FC Nürnberg | Nurnberg"
"FMXT0479","ODD Ballklubb","CONFIRMED","1","330","api-football provider team id 330 + single spelling in the whole corpus","ODD Ballklubb"
"FMXT0480","OFI","CONFIRMED","1","1124","api-football provider team id 1124 + single spelling in the whole corpus","OFI"
"FMXT0481","Oleksandria","CONFIRMED","2","3619","api-football provider team id 3619 + fixture-fingerprint link across sources","Oleksandria | Olexandriya"
"FMXT0482","Olimpija Ljubljana","CONFIRMED","2","677","api-football provider team id 677 + fixture-fingerprint link across sources + all spellings normalise to one name, guard-checked","Olimpija Ljubljana | Olimpija Ljubljana (SVN)"
"FMXT0483","Olimpik Donetsk","CONFIRMED","1","639","api-football provider team id 639 + single spelling in the whole corpus","Olimpik Donetsk"
"FMXT0484","Olympiakos Piraeus","CONFIRMED","5","553","api-football provider team id 553 + fixture-fingerprint link across sources","Olympiacos | Olympiakos Piraeus | Olympiakos Piraeus  | Olympiakos Piraeus (GRE) | PAE Olympiakos SFP (GRE)"
"FMXT0485","Marseille","CONFIRMED","5","81","api-football provider team id 81 + fixture-fingerprint link across sources","Marseille | Olympique de Marseille | Olympique de Marseille (FRA) | Olympique Marseille | Olympique Marseille (FRA)"
"FMXT0486","Omonia Nicosia","CONFIRMED","2","3402","api-football provider team id 3402 + fixture-fingerprint link across sources","Omonia Nicosia | Omonia Nikosia (CYP)"
"FMXT0487","Omonoia","CONFIRMED","1","","single spelling in the whole corpus","Omonoia"
"FMXT0488","Oostende","CONFIRMED","1","624","api-football provider team id 624 + single spelling in the whole corpus","Oostende"
"FMXT0489","Osasuna","CONFIRMED","2","727","api-football provider team id 727 + fixture-fingerprint link across sources + all spellings normalise to one name, guard-checked","CA Osasuna | Osasuna"
"FMXT0490","Osmanlispor","CONFIRMED","1","","fixture-fingerprint link across sources + single spelling in the whole corpus","Osmanlispor"
"FMXT0491","Ostersunds FK","CONFIRMED","1","376","api-football provider team id 376 + single spelling in the whole corpus","Ostersunds FK"
"FMXT0492","Oxford United FC","CONFIRMED","2","","fixture-fingerprint link across sources","Oxford | Oxford United FC"
"FMXT0493","Pacos Ferreira","CONFIRMED","1","234","api-football provider team id 234 + single spelling in the whole corpus","Pacos Ferreira"
"FMXT0494","SC Paderborn 07","CONFIRMED","2","","fixture-fingerprint link across sources","Paderborn | SC Paderborn 07"
"FMXT0495","Paide","CONFIRMED","2","3528","api-football provider team id 3528","Paide | Paide Linnameeskond (EST)"
"FMXT0497","Paksi SE","CONFIRMED","1","","single spelling in the whole corpus","Paksi SE (HUN)"
"FMXT0498","Panathinaikos","CONFIRMED","2","617","api-football provider team id 617 + fixture-fingerprint link across sources + all spellings normalise to one name, guard-checked","Panathinaikos | Panathinaikos (GRE)"
"FMXT0499","Panevėžys","CONFIRMED","2","3874","api-football provider team id 3874 + all spellings normalise to one name, guard-checked","FK Panevėžys (LTU) | Panevėžys"
"FMXT0500","Panionios","CONFIRMED","1","622","api-football provider team id 622 + single spelling in the whole corpus","Panionios"
"FMXT0501","PAOK","CONFIRMED","2","619","api-football provider team id 619 + fixture-fingerprint link across sources","PAOK | PAOK Saloniki (GRE)"
"FMXT0502","Paphos FC","CONFIRMED","3","","fixture-fingerprint link across sources","Pafos | Pafos FC (CYP) | Paphos FC (CYP)"
"FMXT0503","Paris FC","CONFIRMED","1","","single spelling in the whole corpus","Paris FC"
"FMXT0504","Paris Saint Germain","CONFIRMED","7","85","api-football provider team id 85 + fixture-fingerprint link across sources","Paris | Paris Saint Germain | Paris Saint-Germain | Paris Saint-Germain (FRA) | Paris Saint-Germain FC | Paris Saint-Germain FC (FRA) | Paris SG"
"FMXT0505","Parma Calcio 1913","CONFIRMED","2","","fixture-fingerprint link across sources","Parma | Parma Calcio 1913"
"FMXT0506","Partizani","CONFIRMED","2","708","api-football provider team id 708 + all spellings normalise to one name, guard-checked","FK Partizani (ALB) | Partizani"
"FMXT0507","Pelister","CONFIRMED","1","693","api-football provider team id 693 + single spelling in the whole corpus","Pelister"
"FMXT0508","Pendikspor","CONFIRMED","1","","fixture-fingerprint link across sources + single spelling in the whole corpus","Pendikspor"
"FMXT0509","Penybont","CONFIRMED","2","2191","api-football provider team id 2191 + all spellings normalise to one name, guard-checked","Penybont | Penybont FC (WAL)"
"FMXT0510","Peterborough United FC","CONFIRMED","2","","fixture-fingerprint link across sources","Peterboro | Peterborough United FC"
"FMXT0511","Petrocub","CONFIRMED","2","2271","api-football provider team id 2271 + all spellings normalise to one name, guard-checked","CS Petrocub (MDA) | Petrocub"
"FMXT0512","PFC Sochi","CONFIRMED","1","2012","api-football provider team id 2012 + single spelling in the whole corpus","PFC Sochi"
"FMXT0513","Piast Gliwice","CONFIRMED","1","349","api-football provider team id 349 + single spelling in the whole corpus","Piast Gliwice"
"FMXT0514","Plymouth Argyle FC","CONFIRMED","2","","fixture-fingerprint link across sources","Plymouth | Plymouth Argyle FC"
"FMXT0515","Plzen","CONFIRMED","3","567","api-football provider team id 567 + fixture-fingerprint link across sources","Plzen | Viktoria Plzen | Viktoria Plzeň (CZE)"
"FMXT0516","Pogon Szczecin","CONFIRMED","1","348","api-football provider team id 348 + single spelling in the whole corpus","Pogon Szczecin"
"FMXT0517","Polissya Zhytomyr","CONFIRMED","1","","single spelling in the whole corpus","Polissya Zhytomyr (UKR)"
"FMXT0518","Portsmouth FC","CONFIRMED","2","","fixture-fingerprint link across sources + all spellings normalise to one name, guard-checked","Portsmouth | Portsmouth FC"
"FMXT0519","Preston North End FC","CONFIRMED","3","","fixture-fingerprint link across sources","Preston | Preston North End | Preston North End FC"
"FMXT0520","Prishtina","CONFIRMED","2","680","api-football provider team id 680 + all spellings normalise to one name, guard-checked","FC Prishtina (KOS) | Prishtina"
"FMXT0521","Progrès Niedercorn","CONFIRMED","1","","single spelling in the whole corpus","Progrès Niedercorn (LUX)"
"FMXT0522","Progres Niederkorn","CONFIRMED","1","658","api-football provider team id 658 + single spelling in the whole corpus","Progres Niederkorn"
"FMXT0523","PSV Eindhoven","CONFIRMED","4","197","api-football provider team id 197 + fixture-fingerprint link across sources","PSV | PSV (NED) | PSV Eindhoven | PSV Eindhoven (NED)"
"FMXT0525","Puskas Academy","CONFIRMED","2","2391","api-football provider team id 2391","Puskas Academy | Puskás FC (HUN)"
"FMXT0526","Pyunik Yerevan","CONFIRMED","2","709","api-football provider team id 709 + fixture-fingerprint link across sources","Pyunik FC (ARM) | Pyunik Yerevan"
"FMXT0527","Qabala","CONFIRMED","1","627","api-football provider team id 627 + single spelling in the whole corpus","Qabala"
"FMXT0528","Qarabag","CONFIRMED","3","556","api-football provider team id 556 + fixture-fingerprint link across sources","Qarabag | Qarabağ Ağdam FK (AZE) | Qarabağ FK (AZE)"
"FMXT0529","Queens Park Rangers FC","CONFIRMED","3","","fixture-fingerprint link across sources","QPR | Queens Park Rangers | Queens Park Rangers FC"
"FMXT0530","Racing FC Union Luxembourg","CONFIRMED","1","2030","api-football provider team id 2030 + single spelling in the whole corpus","Racing FC Union Luxembourg"
"FMXT0531","Radnicki NIS","CONFIRMED","1","2254","api-football provider team id 2254 + single spelling in the whole corpus","Radnicki NIS"
"FMXT0532","Radnik Bijeljina","CONFIRMED","1","3359","api-football provider team id 3359 + single spelling in the whole corpus","Radnik Bijeljina"
"FMXT0533","Raków","CONFIRMED","1","","single spelling in the whole corpus","Raków"
"FMXT0534","Raków Częstochowa","CONFIRMED","2","3491","api-football provider team id 3491 + fixture-fingerprint link across sources + all spellings normalise to one name, guard-checked","Raków Częstochowa | Raków Częstochowa (POL)"
"FMXT0535","Randers FC","CONFIRMED","2","401","api-football provider team id 401 + fixture-fingerprint link across sources + all spellings normalise to one name, guard-checked","Randers FC | Randers FC (DEN)"
"FMXT0536","Rangers","CONFIRMED","2","257","api-football provider team id 257 + fixture-fingerprint link across sources + all spellings normalise to one name, guard-checked","Rangers | Rangers FC (SCO)"
"FMXT0537","Rapid Vienna","CONFIRMED","2","781","api-football provider team id 781 + fixture-fingerprint link across sources","Rapid Vienna | Rapid Wien (AUT)"
"FMXT0538","RB Leipzig","CONFIRMED","2","173","api-football provider team id 173 + fixture-fingerprint link across sources + all spellings normalise to one name, guard-checked","RB Leipzig | RB Leipzig (GER)"
"FMXT0539","Reading FC","CONFIRMED","2","","fixture-fingerprint link across sources + all spellings normalise to one name, guard-checked","Reading | Reading FC"
"FMXT0540","Real Madrid","CONFIRMED","4","541","api-football provider team id 541 + fixture-fingerprint link across sources + all spellings normalise to one name, guard-checked","Real Madrid | Real Madrid (ESP) | Real Madrid CF | Real Madrid CF (ESP)"
"FMXT0541","Real Oviedo","CONFIRMED","1","","single spelling in the whole corpus","Real Oviedo"
"FMXT0542","Red Bull Salzburg","CONFIRMED","4","571","api-football provider team id 571 + fixture-fingerprint link across sources","FC Red Bull Salzburg (AUT) | RB Salzburg (AUT) | Red Bull Salzburg | Salzburg"
"FMXT0543","Reims","CONFIRMED","2","93","api-football provider team id 93 + fixture-fingerprint link across sources","Reims | Stade de Reims"
"FMXT0544","Rennes","CONFIRMED","4","94","api-football provider team id 94 + fixture-fingerprint link across sources","Rennes | Stade Rennais | Stade Rennais (FRA) | Stade Rennais FC 1901"
"FMXT0545","Renova","CONFIRMED","1","4330","api-football provider team id 4330 + single spelling in the whole corpus","Renova"
"FMXT0546","RFCU Luxemburg","CONFIRMED","1","","single spelling in the whole corpus","RFCU Luxemburg (LUX)"
"FMXT0547","Riga","CONFIRMED","2","10124","api-football provider team id 10124 + all spellings normalise to one name, guard-checked","Riga | Riga FC (LVA)"
"FMXT0548","Rīgas FS","CONFIRMED","2","4160","api-football provider team id 4160 + fixture-fingerprint link across sources","FK RFS (LVA) | Rīgas FS"
"FMXT0550","Rio Ave","CONFIRMED","1","226","api-football provider team id 226 + single spelling in the whole corpus","Rio Ave"
"FMXT0551","Çaykur Rizespor","CONFIRMED","2","1007","api-football provider team id 1007 + fixture-fingerprint link across sources","Çaykur Rizespor | Rizespor"
"FMXT0552","Roda","CONFIRMED","1","","fixture-fingerprint link across sources + single spelling in the whole corpus","Roda"
"FMXT0553","AS Roma","CONFIRMED","3","497","api-football provider team id 497 + fixture-fingerprint link across sources + all spellings normalise to one name, guard-checked","AS Roma | AS Roma (ITA) | Roma"
"FMXT0554","Rops","CONFIRMED","1","1167","api-football provider team id 1167 + single spelling in the whole corpus","Rops"
"FMXT0555","Rosenborg","CONFIRMED","2","331","api-football provider team id 331 + fixture-fingerprint link across sources + all spellings normalise to one name, guard-checked","Rosenborg | Rosenborg BK (NOR)"
"FMXT0556","Rotherham United FC","CONFIRMED","3","","fixture-fingerprint link across sources","Rotherham | Rotherham United | Rotherham United FC"
"FMXT0557","Royale Union Saint-Gilloise","CONFIRMED","2","","fixture-fingerprint link across sources","Royale Union Saint-Gilloise (BEL) | Union SG"
"FMXT0558","Rubin","CONFIRMED","1","1083","api-football provider team id 1083 + single spelling in the whole corpus","Rubin"
"FMXT0559","Rudar Pljevlja","CONFIRMED","1","2267","api-football provider team id 2267 + single spelling in the whole corpus","Rudar Pljevlja"
"FMXT0560","Rudar Velenje","CONFIRMED","1","2258","api-football provider team id 2258 + single spelling in the whole corpus","Rudar Velenje"
"FMXT0561","Ružomberok","CONFIRMED","2","3549","api-football provider team id 3549","MFK Ružomberok (SVK) | Ružomberok"
"FMXT0564","Sabah FA","CONFIRMED","2","13976","api-football provider team id 13976","Sabah FA | Sabah FK (AZE)"
"FMXT0565","FC Iberia 1999","CONFIRMED","1","3502","api-football provider team id 3502 + single spelling in the whole corpus","Saburtalo"
"FMXT0566","Saint Etienne","CONFIRMED","4","1063","api-football provider team id 1063 + fixture-fingerprint link across sources","AS Saint-Étienne | Saint Etienne | St Etienne | St-Étienne"
"FMXT0567","US Salernitana 1919","CONFIRMED","2","","fixture-fingerprint link across sources","Salernitana | US Salernitana 1919"
"FMXT0568","UC Sampdoria","CONFIRMED","2","","fixture-fingerprint link across sources","Sampdoria | UC Sampdoria"
"FMXT0569","Samsunspor","CONFIRMED","2","3603","api-football provider team id 3603 + fixture-fingerprint link across sources + all spellings normalise to one name, guard-checked","Samsunspor | Samsunspor (TUR)"
"FMXT0570","Samtredia","CONFIRMED","1","581","api-football provider team id 581 + single spelling in the whole corpus","Samtredia"
"FMXT0572","Sarpsborg 08 FF","CONFIRMED","1","333","api-football provider team id 333 + single spelling in the whole corpus","Sarpsborg 08 FF"
"FMXT0573","US Sassuolo Calcio","CONFIRMED","3","","fixture-fingerprint link across sources","Sassuolo | Sassuolo Calcio | US Sassuolo Calcio"
"FMXT0574","SC Braga","CONFIRMED","4","217","api-football provider team id 217 + fixture-fingerprint link across sources","Braga | SC Braga | Sporting Braga (POR) | Sporting Clube de Braga (POR)"
"FMXT0575","FC Schalke 04","CONFIRMED","3","174","api-football provider team id 174 + fixture-fingerprint link across sources + all spellings normalise to one name, guard-checked","FC Schalke 04 | FC Schalke 04 (GER) | Schalke 04"
"FMXT0576","SCR Altach","CONFIRMED","1","618","api-football provider team id 618 + single spelling in the whole corpus","SCR Altach"
"FMXT0577","Səbail","CONFIRMED","1","4199","api-football provider team id 4199 + single spelling in the whole corpus","Səbail"
"FMXT0578","Sepsi OSK Sfantu Gheorghe","CONFIRMED","1","2585","api-football provider team id 2585 + single spelling in the whole corpus","Sepsi OSK Sfantu Gheorghe"
"FMXT0579","Servette FC","CONFIRMED","2","2184","api-football provider team id 2184 + fixture-fingerprint link across sources + all spellings normalise to one name, guard-checked","Servette FC | Servette FC (SUI)"
"FMXT0580","Sevilla","CONFIRMED","3","536","api-football provider team id 536 + fixture-fingerprint link across sources + all spellings normalise to one name, guard-checked","Sevilla | Sevilla FC | Sevilla FC (ESP)"
"FMXT0581","Sfîntul Gheorghe","CONFIRMED","1","4632","api-football provider team id 4632 + single spelling in the whole corpus","Sfîntul Gheorghe"
"FMXT0582","Shakhtar","CONFIRMED","1","","single spelling in the whole corpus","Shakhtar"
"FMXT0583","Shakhtar Donetsk","CONFIRMED","3","550","api-football provider team id 550 + fixture-fingerprint link across sources + all spellings normalise to one name, guard-checked","FK Shakhtar Donetsk (UKR) | Shakhtar Donetsk | Shakhtar Donetsk (UKR)"
"FMXT0584","Shakhter Karagandy","CONFIRMED","1","4566","api-football provider team id 4566 + single spelling in the whole corpus","Shakhter Karagandy"
"FMXT0585","Shakhter Soligorsk","CONFIRMED","1","392","api-football provider team id 392 + single spelling in the whole corpus","Shakhter Soligorsk"
"FMXT0586","Shamrock Rovers","CONFIRMED","2","652","api-football provider team id 652 + fixture-fingerprint link across sources + all spellings normalise to one name, guard-checked","Shamrock Rovers | Shamrock Rovers (IRL)"
"FMXT0587","Sheffield United FC","CONFIRMED","2","","fixture-fingerprint link across sources + all spellings normalise to one name, guard-checked","Sheffield United | Sheffield United FC"
"FMXT0588","Sheffield Wednesday FC","CONFIRMED","3","","fixture-fingerprint link across sources","Sheffield Wednesday | Sheffield Wednesday FC | Sheffield Weds"
"FMXT0589","Shelbourne FC","CONFIRMED","2","","all spellings normalise to one name, guard-checked","Shelbourne | Shelbourne FC (IRL)"
"FMXT0590","Sheriff Tiraspol","CONFIRMED","2","568","api-football provider team id 568 + fixture-fingerprint link across sources","FC Sheriff (MDA) | Sheriff Tiraspol"
"FMXT0591","Shirak","CONFIRMED","1","3686","api-football provider team id 3686 + single spelling in the whole corpus","Shirak"
"FMXT0592","Shkendija","CONFIRMED","3","609","api-football provider team id 609","KF Shkëndija 79 (MKD) | Shkendija | Shkëndija"
"FMXT0593","Shkupi 1927","CONFIRMED","1","2265","api-football provider team id 2265 + single spelling in the whole corpus","Shkupi 1927"
"FMXT0594","Sigma Olomouc","CONFIRMED","2","2250","api-football provider team id 2250 + all spellings normalise to one name, guard-checked","Sigma Olomouc | Sigma Olomouc (CZE)"
"FMXT0595","Sileks","CONFIRMED","2","4331","api-football provider team id 4331","Sileks | Sileks Kratovo (MKD)"
"FMXT0597","Silkeborg","CONFIRMED","2","2073","api-football provider team id 2073 + fixture-fingerprint link across sources + all spellings normalise to one name, guard-checked","Silkeborg | Silkeborg IF (DEN)"
"FMXT0598","Sirens","CONFIRMED","1","4619","api-football provider team id 4619 + single spelling in the whole corpus","Sirens"
"FMXT0599","Siroki Brijeg","CONFIRMED","1","642","api-football provider team id 642 + single spelling in the whole corpus","Siroki Brijeg"
"FMXT0600","Sivasspor","CONFIRMED","2","1002","api-football provider team id 1002 + fixture-fingerprint link across sources + all spellings normalise to one name, guard-checked","Sivasspor | Sivasspor (TUR)"
"FMXT0601","SJK","CONFIRMED","2","689","api-football provider team id 689","SJK | SJK Seinäjoki (FIN)"
"FMXT0603","Brann","CONFIRMED","2","319","api-football provider team id 319 + all spellings normalise to one name, guard-checked","Brann | SK Brann (NOR)"
"FMXT0604","SK Rapid","CONFIRMED","1","","single spelling in the whole corpus","SK Rapid"
"FMXT0605","Slavia Praha","CONFIRMED","3","560","api-football provider team id 560 + fixture-fingerprint link across sources + all spellings normalise to one name, guard-checked","SK Slavia Praha (CZE) | Slavia Praha | Slavia Praha (CZE)"
"FMXT0606","Sturm Graz","CONFIRMED","3","637","api-football provider team id 637 + fixture-fingerprint link across sources + all spellings normalise to one name, guard-checked","SK Sturm Graz (AUT) | Sturm Graz | Sturm Graz (AUT)"
"FMXT0607","Skenderbeu Korce","CONFIRMED","1","605","api-football provider team id 605 + single spelling in the whole corpus","Skenderbeu Korce"
"FMXT0608","Slask Wroclaw","CONFIRMED","1","337","api-football provider team id 337 + single spelling in the whole corpus","Slask Wroclaw"
"FMXT0609","Śląsk Wrocław","CONFIRMED","1","","single spelling in the whole corpus","Śląsk Wrocław (POL)"
"FMXT0610","Slavia Sofia","CONFIRMED","1","854","api-football provider team id 854 + single spelling in the whole corpus","Slavia Sofia"
"FMXT0611","Sliema Wanderers","CONFIRMED","1","","single spelling in the whole corpus","Sliema Wanderers (MLT)"
"FMXT0612","Sligo Rovers","CONFIRMED","1","3842","api-football provider team id 3842 + single spelling in the whole corpus","Sligo Rovers"
"FMXT0613","Slovácko","CONFIRMED","2","3719","api-football provider team id 3719 + fixture-fingerprint link across sources + all spellings normalise to one name, guard-checked","1. FC Slovácko (CZE) | Slovácko"
"FMXT0614","Slovan Bratislava","CONFIRMED","4","656","api-football provider team id 656 + fixture-fingerprint link across sources","S. Bratislava | ŠK Slovan Bratislava (SVK) | Slovan Bratislava | Slovan Bratislava (SVK)"
"FMXT0615","Slovan Liberec","CONFIRMED","2","782","api-football provider team id 782 + fixture-fingerprint link across sources + all spellings normalise to one name, guard-checked","Slovan Liberec | Slovan Liberec (CZE)"
"FMXT0616","Real Sociedad","CONFIRMED","5","548","api-football provider team id 548 + fixture-fingerprint link across sources","Real Sociedad | Real Sociedad (ESP) | Real Sociedad de Fútbol | Real Sociedad de Fútbol (ESP) | Sociedad"
"FMXT0617","Sonderjyske","CONFIRMED","1","396","api-football provider team id 396 + single spelling in the whole corpus","Sonderjyske"
"FMXT0618","Southampton FC","CONFIRMED","2","","fixture-fingerprint link across sources + all spellings normalise to one name, guard-checked","Southampton | Southampton FC"
"FMXT0622","Spaeri FC","CONFIRMED","1","","single spelling in the whole corpus","Spaeri FC (GEO)"
"FMXT0623","SPAL 2013 Ferrara","CONFIRMED","2","","fixture-fingerprint link across sources","Spal | SPAL 2013 Ferrara"
"FMXT0624","Sparta Praha","CONFIRMED","2","628","api-football provider team id 628 + fixture-fingerprint link across sources + all spellings normalise to one name, guard-checked","AC Sparta Praha (CZE) | Sparta Praha"
"FMXT0625","Sparta Rotterdam","CONFIRMED","1","","fixture-fingerprint link across sources + single spelling in the whole corpus","Sparta Rotterdam"
"FMXT0626","Spartak Moscow","CONFIRMED","2","558","api-football provider team id 558 + fixture-fingerprint link across sources","Spartak Moscow | Spartak Moskva (RUS)"
"FMXT0627","Spartak Trnava","CONFIRMED","2","1120","api-football provider team id 1120 + fixture-fingerprint link across sources + all spellings normalise to one name, guard-checked","Spartak Trnava | Spartak Trnava (SVK)"
"FMXT0628","Spartaks Jurmala","CONFIRMED","1","589","api-football provider team id 589 + single spelling in the whole corpus","Spartaks Jurmala"
"FMXT0629","Speranţa Nisporeni","CONFIRMED","1","4198","api-football provider team id 4198 + single spelling in the whole corpus","Speranţa Nisporeni"
"FMXT0630","Spezia Calcio","CONFIRMED","2","","fixture-fingerprint link across sources","Spezia | Spezia Calcio"
"FMXT0632","Sporting CP","CONFIRMED","3","228","api-football provider team id 228 + fixture-fingerprint link across sources","Sporting Clube de Portugal (POR) | Sporting CP | Sporting CP (POR)"
"FMXT0633","SS Virtus","CONFIRMED","1","","single spelling in the whole corpus","SS Virtus (SMR)"
"FMXT0634","ST Johnstone","CONFIRMED","1","258","api-football provider team id 258 + single spelling in the whole corpus","ST Johnstone"
"FMXT0635","St Joseph S Fc","CONFIRMED","2","698","api-football provider team id 698 + all spellings normalise to one name, guard-checked","St Joseph S Fc | St. Joseph's FC (GIB)"
"FMXT0636","St Patrick's Athl.","CONFIRMED","1","3843","api-football provider team id 3843 + single spelling in the whole corpus","St Patrick's Athl."
"FMXT0637","St Patrick's Athletic","CONFIRMED","1","","single spelling in the whole corpus","St Patrick's Athletic (IRL)"
"FMXT0638","FC St. Pauli 1910","CONFIRMED","2","","fixture-fingerprint link across sources","FC St. Pauli 1910 | St Pauli"
"FMXT0639","St. Mirren FC","CONFIRMED","1","","single spelling in the whole corpus","St. Mirren FC (SCO)"
"FMXT0640","Standard Liege","CONFIRMED","3","733","api-football provider team id 733 + fixture-fingerprint link across sources + all spellings normalise to one name, guard-checked","Standard Liege | Standard Liège | Standard Liège (BEL)"
"FMXT0641","Stjarnan","CONFIRMED","2","275","api-football provider team id 275","Stjarnan | UMF Stjarnan (ISL)"
"FMXT0642","Stoke City FC","CONFIRMED","3","","fixture-fingerprint link across sources","Stoke | Stoke City | Stoke City FC"
"FMXT0643","Strasbourg","CONFIRMED","4","95","api-football provider team id 95 + fixture-fingerprint link across sources","RC Strasbourg | RC Strasbourg (FRA) | RC Strasbourg Alsace | Strasbourg"
"FMXT0644","Struga","CONFIRMED","2","4346","api-football provider team id 4346 + all spellings normalise to one name, guard-checked","FC Struga (MKD) | Struga"
"FMXT0645","Stumbras","CONFIRMED","1","2272","api-football provider team id 2272 + single spelling in the whole corpus","Stumbras"
"FMXT0646","Suduva Marijampole","CONFIRMED","1","612","api-football provider team id 612 + single spelling in the whole corpus","Suduva Marijampole"
"FMXT0647","Sumgayıt FK","CONFIRMED","1","","single spelling in the whole corpus","Sumgayıt FK (AZE)"
"FMXT0648","Sumqayıt","CONFIRMED","1","5503","api-football provider team id 5503 + single spelling in the whole corpus","Sumqayıt"
"FMXT0649","Sunderland AFC","CONFIRMED","2","","fixture-fingerprint link across sources + all spellings normalise to one name, guard-checked","Sunderland | Sunderland AFC"
"FMXT0650","Sutjeska","CONFIRMED","2","673","api-football provider team id 673 + all spellings normalise to one name, guard-checked","FK Sutjeska (MNE) | Sutjeska"
"FMXT0651","Swansea City AFC","CONFIRMED","3","","fixture-fingerprint link across sources","Swansea | Swansea City | Swansea City AFC"
"FMXT0652","Swift Hesperange","CONFIRMED","1","11907","api-football provider team id 11907 + single spelling in the whole corpus","Swift Hesperange"
"FMXT0653","Şamaxı FK","CONFIRMED","1","666","api-football provider team id 666 + single spelling in the whole corpus","Şamaxı FK"
"FMXT0654","Telstar 1963","CONFIRMED","1","","fixture-fingerprint link across sources + single spelling in the whole corpus","Telstar 1963"
"FMXT0655","Teuta Durrës","CONFIRMED","1","3320","api-football provider team id 3320 + single spelling in the whole corpus","Teuta Durrës"
"FMXT0656","The New Saints","CONFIRMED","2","354","api-football provider team id 354 + all spellings normalise to one name, guard-checked","The New Saints | The New Saints (WAL)"
"FMXT0657","Tirana","CONFIRMED","1","694","api-football provider team id 694 + single spelling in the whole corpus","Tirana"
"FMXT0658","Tobyl Kostanay","CONFIRMED","1","","single spelling in the whole corpus","Tobyl Kostanay (KAZ)"
"FMXT0659","Torino","CONFIRMED","2","503","api-football provider team id 503 + fixture-fingerprint link across sources + all spellings normalise to one name, guard-checked","Torino | Torino FC"
"FMXT0660","Torpedo Kutaisi","CONFIRMED","2","685","api-football provider team id 685 + all spellings normalise to one name, guard-checked","Torpedo Kutaisi | Torpedo Kutaisi (GEO)"
"FMXT0662","Torpedo Zhodino","CONFIRMED","2","385","api-football provider team id 385","Torpedo Zhodino | Torpedo-BelAZ Zhodino (BLR)"
"FMXT0663","Tottenham","CONFIRMED","5","47","api-football provider team id 47 + fixture-fingerprint link across sources","Tottenham | Tottenham Hotspur | Tottenham Hotspur (ENG) | Tottenham Hotspur FC | Tottenham Hotspur FC (ENG)"
"FMXT0664","Toulouse","CONFIRMED","3","96","api-football provider team id 96 + fixture-fingerprint link across sources + all spellings normalise to one name, guard-checked","Toulouse | Toulouse FC | Toulouse FC (FRA)"
"FMXT0665","Trabzonspor","CONFIRMED","2","998","api-football provider team id 998 + fixture-fingerprint link across sources + all spellings normalise to one name, guard-checked","Trabzonspor | Trabzonspor (TUR)"
"FMXT0666","Trans Narva","CONFIRMED","1","2274","api-football provider team id 2274 + single spelling in the whole corpus","Trans Narva"
"FMXT0667","Tre Fiori","CONFIRMED","2","2260","api-football provider team id 2260","SP Tre Fiori (SMR) | Tre Fiori"
"FMXT0668","Tre Penne","CONFIRMED","2","700","api-football provider team id 700","SP Tre Penne (SMR) | Tre Penne"
"FMXT0669","Trepça'89","CONFIRMED","1","3885","api-football provider team id 3885 + single spelling in the whole corpus","Trepça'89"
"FMXT0670","Tromsø IL","CONFIRMED","1","","single spelling in the whole corpus","Tromsø IL (NOR)"
"FMXT0671","ESTAC Troyes","CONFIRMED","2","","fixture-fingerprint link across sources","ESTAC Troyes | Troyes"
"FMXT0672","TSC Backa Topola","CONFIRMED","2","2646","api-football provider team id 2646 + fixture-fingerprint link across sources + all spellings normalise to one name, guard-checked","TSC Backa Topola | TSC Bačka Topola (SRB)"
"FMXT0673","TSV Hartberg","CONFIRMED","1","1072","api-football provider team id 1072 + single spelling in the whole corpus","TSV Hartberg"
"FMXT0674","Tuzla City","CONFIRMED","1","3361","api-football provider team id 3361 + single spelling in the whole corpus","Tuzla City"
"FMXT0675","Twente","CONFIRMED","4","415","api-football provider team id 415 + fixture-fingerprint link across sources","FC Twente | FC Twente (NED) | FC Twente '65 | Twente"
"FMXT0676","Universitatea Craiova","CONFIRMED","2","632","api-football provider team id 632","U. Craiova | Universitatea Craiova"
"FMXT0677","Udinese Calcio","CONFIRMED","2","","fixture-fingerprint link across sources","Udinese | Udinese Calcio"
"FMXT0678","UE Engordany","CONFIRMED","1","2268","api-football provider team id 2268 + single spelling in the whole corpus","UE Engordany"
"FMXT0679","UE Sant Julia","CONFIRMED","1","674","api-football provider team id 674 + single spelling in the whole corpus","UE Sant Julia"
"FMXT0680","FC Santa Coloma","CONFIRMED","4","591","api-football provider team id 591 + all spellings normalise to one name, guard-checked","FC Santa Coloma | FC Santa Coloma (AND) | UE Santa Coloma | UE Santa Coloma (AND)"
"FMXT0681","Ujpest","CONFIRMED","1","2255","api-football provider team id 2255 + single spelling in the whole corpus","Ujpest"
"FMXT0683","Ümraniyespor","CONFIRMED","2","","fixture-fingerprint link across sources + all spellings normalise to one name, guard-checked","Umraniyespor | Ümraniyespor"
"FMXT0684","UNA Strassen","CONFIRMED","1","","single spelling in the whole corpus","UNA Strassen (LUX)"
"FMXT0685","Union Berlin","CONFIRMED","3","182","api-football provider team id 182 + fixture-fingerprint link across sources + all spellings normalise to one name, guard-checked","1. FC Union Berlin | 1. FC Union Berlin (GER) | Union Berlin"
"FMXT0686","Union St. Gilloise","CONFIRMED","2","1393","api-football provider team id 1393 + fixture-fingerprint link across sources","Union Saint-Gilloise (BEL) | Union St. Gilloise"
"FMXT0687","Union Titus Petange","CONFIRMED","1","2032","api-football provider team id 2032 + single spelling in the whole corpus","Union Titus Petange"
"FMXT0688","Universitatea Cluj","CONFIRMED","1","","single spelling in the whole corpus","Universitatea Cluj (ROU)"
"FMXT0690","Utrecht","CONFIRMED","3","207","api-football provider team id 207 + fixture-fingerprint link across sources + all spellings normalise to one name, guard-checked","FC Utrecht | FC Utrecht (NED) | Utrecht"
"FMXT0691","Vaasan PS","CONFIRMED","1","","single spelling in the whole corpus","Vaasan PS (FIN)"
"FMXT0692","Valencia","CONFIRMED","3","532","api-football provider team id 532 + fixture-fingerprint link across sources + all spellings normalise to one name, guard-checked","Valencia | Valencia CF | Valencia CF (ESP)"
"FMXT0693","Valerenga","CONFIRMED","1","326","api-football provider team id 326 + single spelling in the whole corpus","Valerenga"
"FMXT0694","Real Valladolid CF","CONFIRMED","3","","fixture-fingerprint link across sources","Real Valladolid | Real Valladolid CF | Valladolid"
"FMXT0695","Rayo Vallecano de Madrid","CONFIRMED","4","","fixture-fingerprint link across sources","Rayo Vallecano | Rayo Vallecano (ESP) | Rayo Vallecano de Madrid | Vallecano"
"FMXT0696","Valletta FC","CONFIRMED","1","659","api-football provider team id 659 + single spelling in the whole corpus","Valletta FC"
"FMXT0697","Valmiera / BSS","CONFIRMED","1","4153","api-football provider team id 4153 + single spelling in the whole corpus","Valmiera / BSS"
"FMXT0698","Valur Reykjavik","CONFIRMED","2","274","api-football provider team id 274 + all spellings normalise to one name, guard-checked","Valur Reykjavik | Valur Reykjavík (ISL)"
"FMXT0699","Vardar Skopje","CONFIRMED","2","574","api-football provider team id 574 + all spellings normalise to one name, guard-checked","Vardar Skopje | Vardar Skopje (MKD)"
"FMXT0700","Vasas","CONFIRMED","1","675","api-football provider team id 675 + single spelling in the whole corpus","Vasas"
"FMXT0701","Velež","CONFIRMED","2","3381","api-football provider team id 3381","Velež | Velež Mostar (BIH)"
"FMXT0703","Venezia FC","CONFIRMED","2","","fixture-fingerprint link across sources + all spellings normalise to one name, guard-checked","Venezia | Venezia FC"
"FMXT0704","Hellas Verona FC","CONFIRMED","3","","fixture-fingerprint link across sources","Hellas Verona | Hellas Verona FC | Verona"
"FMXT0705","VfB Stuttgart","CONFIRMED","3","","fixture-fingerprint link across sources","Stuttgart | VfB Stuttgart | VfB Stuttgart (GER)"
"FMXT0706","Viborg","CONFIRMED","1","2070","api-football provider team id 2070 + single spelling in the whole corpus","Viborg"
"FMXT0707","Viitorul Constanta","CONFIRMED","1","570","api-football provider team id 570 + single spelling in the whole corpus","Viitorul Constanta"
"FMXT0708","Viking","CONFIRMED","2","759","api-football provider team id 759 + all spellings normalise to one name, guard-checked","Viking | Viking FK (NOR)"
"FMXT0710","Vikingur Gota","CONFIRMED","2","580","api-football provider team id 580","Víkingur (FRO) | Vikingur Gota"
"FMXT0711","Vikingur Reykjavik","CONFIRMED","2","278","api-football provider team id 278 + all spellings normalise to one name, guard-checked","Vikingur Reykjavik | Víkingur Reykjavík (ISL)"
"FMXT0712","Villarreal","CONFIRMED","3","533","api-football provider team id 533 + fixture-fingerprint link across sources + all spellings normalise to one name, guard-checked","Villarreal | Villarreal CF | Villarreal CF (ESP)"
"FMXT0713","Vitesse","CONFIRMED","3","200","api-football provider team id 200 + fixture-fingerprint link across sources","SBV Vitesse | Vitesse | Vitesse (NED)"
"FMXT0715","Vitória SC","CONFIRMED","2","224","api-football provider team id 224 + fixture-fingerprint link across sources","Vitória Guimarães (POR) | Vitória SC"
"FMXT0716","Vllaznia Shkodër","CONFIRMED","2","3339","api-football provider team id 3339","FK Vllaznia (ALB) | Vllaznia Shkodër"
"FMXT0717","Vojvodina","CONFIRMED","2","702","api-football provider team id 702 + all spellings normalise to one name, guard-checked","Vojvodina | Vojvodina (SRB)"
"FMXT0718","FC Volendam","CONFIRMED","2","","fixture-fingerprint link across sources + all spellings normalise to one name, guard-checked","FC Volendam | Volendam"
"FMXT0719","Vorskla Poltava","CONFIRMED","1","1121","api-football provider team id 1121 + single spelling in the whole corpus","Vorskla Poltava"
"FMXT0720","VPS","CONFIRMED","1","650","api-football provider team id 650 + single spelling in the whole corpus","VPS"
"FMXT0721","VVV-Venlo","CONFIRMED","2","","fixture-fingerprint link across sources + all spellings normalise to one name, guard-checked","VVV Venlo | VVV-Venlo"
"FMXT0722","RKC Waalwijk","CONFIRMED","2","","fixture-fingerprint link across sources","RKC Waalwijk | Waalwijk"
"FMXT0723","Watford FC","CONFIRMED","2","","fixture-fingerprint link across sources + all spellings normalise to one name, guard-checked","Watford | Watford FC"
"FMXT0724","SV Werder Bremen","CONFIRMED","2","","fixture-fingerprint link across sources + all spellings normalise to one name, guard-checked","SV Werder Bremen | Werder Bremen"
"FMXT0725","West Bromwich Albion FC","CONFIRMED","3","","fixture-fingerprint link across sources","West Brom | West Bromwich Albion | West Bromwich Albion FC"
"FMXT0726","West Ham","CONFIRMED","4","48","api-football provider team id 48 + fixture-fingerprint link across sources","West Ham | West Ham United | West Ham United (ENG) | West Ham United FC"
"FMXT0727","Wigan Athletic FC","CONFIRMED","3","","fixture-fingerprint link across sources","Wigan | Wigan Athletic | Wigan Athletic FC"
"FMXT0728","Willem II","CONFIRMED","2","195","api-football provider team id 195 + fixture-fingerprint link across sources","Willem II | Willem II Tilburg"
"FMXT0729","Wisła Kraków","CONFIRMED","1","","single spelling in the whole corpus","Wisła Kraków (POL)"
"FMXT0730","Wolfsberger AC","CONFIRMED","3","1025","api-football provider team id 1025 + fixture-fingerprint link across sources","Wolfsberg | Wolfsberger AC | Wolfsberger AC (AUT)"
"FMXT0731","VfL Wolfsburg","CONFIRMED","3","161","api-football provider team id 161 + fixture-fingerprint link across sources","VfL Wolfsburg | VfL Wolfsburg (GER) | Wolfsburg"
"FMXT0732","Wolves","CONFIRMED","3","39","api-football provider team id 39 + fixture-fingerprint link across sources","Wolverhampton Wanderers | Wolverhampton Wanderers FC | Wolves"
"FMXT0733","Wrexham AFC","CONFIRMED","1","","single spelling in the whole corpus","Wrexham AFC"
"FMXT0734","Wycombe Wanderers FC","CONFIRMED","2","","fixture-fingerprint link across sources","Wycombe | Wycombe Wanderers FC"
"FMXT0735","Yeni Malatyaspor","CONFIRMED","1","999","api-football provider team id 999 + fixture-fingerprint link across sources + single spelling in the whole corpus","Yeni Malatyaspor"
"FMXT0736","Zalaegerszegi TE","CONFIRMED","1","2414","api-football provider team id 2414 + single spelling in the whole corpus","Zalaegerszegi TE"
"FMXT0737","Zaria Balti","CONFIRMED","1","647","api-football provider team id 647 + single spelling in the whole corpus","Zaria Balti"
"FMXT0738","Zeljeznicar Sarajevo","CONFIRMED","2","654","api-football provider team id 654 + all spellings normalise to one name, guard-checked","Zeljeznicar Sarajevo | Željezničar Sarajevo (BIH)"
"FMXT0739","Zenit Saint Petersburg","CONFIRMED","2","596","api-football provider team id 596 + fixture-fingerprint link across sources","Zenit Saint Petersburg | Zenit St. Petersburg (RUS)"
"FMXT0740","Zeta","CONFIRMED","1","676","api-football provider team id 676 + single spelling in the whole corpus","Zeta"
"FMXT0741","Žilina","CONFIRMED","2","3554","api-football provider team id 3554","MŠK Žilina (SVK) | Žilina"
"FMXT0742","Zira","CONFIRMED","2","648","api-football provider team id 648 + all spellings normalise to one name, guard-checked","Zira | Zira FK (AZE)"
"FMXT0743","Zlin","CONFIRMED","1","603","api-football provider team id 603 + single spelling in the whole corpus","Zlin"
"FMXT0744","Zorya Luhansk","CONFIRMED","2","599","api-football provider team id 599 + fixture-fingerprint link across sources","Zorya Lugansk (UKR) | Zorya Luhansk"
"FMXT0745","Zrinjski","CONFIRMED","2","588","api-football provider team id 588 + fixture-fingerprint link across sources","Zrinjski | Zrinjski Mostar (BIH)"
"FMXT0746","Zulte Waregem","CONFIRMED","1","600","api-football provider team id 600 + single spelling in the whole corpus","Zulte Waregem"
"FMXT0747","PEC Zwolle","CONFIRMED","2","","fixture-fingerprint link across sources","PEC Zwolle | Zwolle"
